y_true,y_pred
64.0,67.50876251138327
21.0,30.24201271711051
70.0,57.37442300381752
61.0,56.29464071968472
59.0,59.59329407168661
32.0,25.557372598942187
55.0,50.132236279043546
39.0,51.93673600281456
18.0,13.298204869285742
62.0,72.26714986339255
45.0,29.04669815290317
49.0,32.56140879272011
64.0,70.66715267409776
28.0,35.205505090296086
38.0,30.983743847440117
66.0,62.34117436846683
28.0,32.839345647344004
70.0,54.85084785161506
42.0,29.518540776536156
77.0,66.43020011611632
62.0,56.07059389490278
43.0,40.89372147329615
58.0,49.467179185628346
80.0,68.65766425078172
22.0,25.770704262219056
63.0,71.04489824798995
61.0,57.434543413424414
31.0,36.34660145794619
40.0,29.574137743344323
75.0,76.12564068710849
21.0,25.531899525406065
22.0,21.67089497820001
58.0,54.722124248318785
65.0,65.87657695568078
66.0,64.70555514521767
71.0,60.81948685741404
46.0,44.184440938680126
28.0,41.247315682444686
46.0,52.63664978375149
64.0,68.17902051365117
59.0,51.05640632773796
33.0,28.842213112738435
25.0,24.615823678332852
68.0,65.37263771892083
40.0,39.186694790220805
80.0,66.8381962825561
31.0,35.41584405432214
36.0,29.010397686542657
52.0,54.598546293458156
79.0,71.84823367996145
64.0,47.76548581081574
25.0,33.082707873192035
22.0,27.772712219093194
65.0,67.53367811052014
66.0,60.46265841452096
44.0,39.999243779359595
71.0,49.921601780007514
74.0,67.11147938022775
41.0,34.60008326818979
67.0,63.97829593147534
31.0,36.347365782980425
80.0,76.34943729090796
67.0,76.19868032039258
42.0,53.483027645873726
22.0,25.366033679403312
41.0,39.805371987916566
30.0,26.113065362058975
19.0,28.612003431282044
31.0,22.689291752421777
66.0,67.4688950336886
50.0,53.98690688794184
36.0,34.75652278655802
72.0,75.4279917809542
66.0,69.99797621997753
49.0,34.98875876456652
20.0,30.892601800655417
48.0,44.69686620851094
64.0,69.56049062728222
78.0,75.69881273456124
46.0,45.15843574844029
60.0,71.2056235453162
47.0,59.170725973139795
28.0,25.914840628920636
23.0,26.989751797525084
20.0,23.269947102505082
80.0,59.71078424197375
23.0,26.83338273018834
63.0,60.47012024968136
47.0,51.27816322545894
19.0,28.340727016284376
27.0,34.41844552663231
41.0,35.05289481873673
19.0,28.665982494420653
60.0,65.92561087274514
80.0,54.09861123426672
49.0,32.59478835730123
67.0,70.54283996910816
28.0,18.27340822165531
19.0,28.953395920713156
43.0,48.85902204986698
80.0,68.99873399741738
27.0,36.19909659129874
50.0,51.22513975687922
30.0,31.15676801177857
77.0,71.13919649143716
27.0,35.470260380258054
71.0,69.99897142313365
69.0,71.43055841388653
54.0,45.35294761290509
80.0,58.9605213779652
80.0,83.11045158941708
61.0,65.0735546853722
44.0,36.33150142893245
57.0,63.411540575027274
63.0,63.26911840387303
25.0,29.070753462466676
32.0,28.44358339428115
74.0,61.190444204172785
42.0,48.16984105307061
63.0,53.193094048723786
48.0,38.79899242572093
44.0,37.736816740592296
61.0,60.3229694171699
29.0,29.47598169504025
58.0,66.27942434073191
80.0,82.016036092775
66.0,55.609791293939125
71.0,50.476631472430576
37.0,42.75051673738739
59.0,62.32693947946565
61.0,63.21461728309388
61.0,56.58253337545902
52.0,36.93545390111545
54.0,42.146084224895546
62.0,58.917266218682634
18.0,21.24420004575721
80.0,78.72487771884276
37.0,32.477188902900394
38.0,43.1161793350255
42.0,38.56034238695553
44.0,58.67853377334775
18.0,27.367012151533995
68.0,59.17261628300486
42.0,35.82337531523303
61.0,61.654468526070104
57.0,64.03524665337001
78.0,69.55078638226627
61.0,69.99847893601049
27.0,42.602034169942556
43.0,41.730523553526034
18.0,16.522933156247078
30.0,29.995432151037285
48.0,44.892930572667765
31.0,47.360951944503526
72.0,68.41369019264623
37.0,32.47039988422763
51.0,49.569056623595294
40.0,37.22467829917052
32.0,37.266123864815825
26.0,22.954623727783222
34.0,26.408228523522347
70.0,66.66986452065778
31.0,26.657658812371746
61.0,59.751017439763864
23.0,25.217200745960678
29.0,32.51191518051674
31.0,26.797792821869947
77.0,65.70262905244041
66.0,65.97444508653275
50.0,54.61086919370342
28.0,26.555757189741247
27.0,45.314047689242756
23.0,40.74485887783593
24.0,38.686947296322295
38.0,48.79638408198811
40.0,34.798730430091446
69.0,50.82546327972922
18.0,29.38984744465343
36.0,32.286584003780156
55.0,66.52784598311332
66.0,51.80601063058973
43.0,45.53862419825586
74.0,72.17416228625753
34.0,33.708427180482566
28.0,31.981837853501183
72.0,71.46985300387767
18.0,25.32243813833999
80.0,77.95637896424498
18.0,27.84655973055246
25.0,19.646018576172004
65.0,53.94037758846062
80.0,68.48075572647869
62.0,69.26064958979386
72.0,59.11791087649367
33.0,35.72284358339092
52.0,41.62170496472372
30.0,31.557370859382818
39.0,49.92356866383602
41.0,32.0660236058133
27.0,35.262193676081395
80.0,71.50518466945658
61.0,36.10420168117105
78.0,66.33081876794839
75.0,73.31641628794347
71.0,69.34868426333752
61.0,64.38158174582277
42.0,51.516111713262475
80.0,73.15270826019571
44.0,57.85925496651238
52.0,52.287068350430346
29.0,26.484066882593744
29.0,29.26342033942464
47.0,37.4803390130458
31.0,25.735084225999316
62.0,68.57160291849276
40.0,31.600546548600157
38.0,40.35342599495012
80.0,75.39388770548318
36.0,32.60284295067499
18.0,29.449623176615173
37.0,34.21247597572311
26.0,24.46492356767288
47.0,41.26326802855751
65.0,62.76322909027231
53.0,55.3903909484835
65.0,65.4451750682235
65.0,64.98456969244818
39.0,39.098578843297815
25.0,29.282667931752243
31.0,34.36927308156191
23.0,20.84799240052505
60.0,58.987796174926345
33.0,27.884367272038446
39.0,28.1879699598824
29.0,24.922325062551522
32.0,25.727945558994037
38.0,47.83393847446839
47.0,43.48986508561057
36.0,28.454801148319838
61.0,66.9111580554366
61.0,58.265433565312804
26.0,25.539457847839714
31.0,25.791351006320568
19.0,30.983527803472082
50.0,43.52620163071987
66.0,62.69778853735678
63.0,63.153668992289894
69.0,67.88668937248553
38.0,31.92604975768085
80.0,74.95779897646977
80.0,68.38211171052797
24.0,21.538806991501698
80.0,81.22449465619714
80.0,72.13418941906711
56.0,47.44736597473643
53.0,61.17585091150454
80.0,78.61010800602604
58.0,57.40943362357028
50.0,61.40492019572878
45.0,31.28640191280913
40.0,48.49911043037445
80.0,70.488254338775
44.0,33.52913871522625
21.0,24.58888013255057
30.0,28.685209802883282
33.0,33.48100918077357
45.0,52.04227870754033
58.0,71.71193409640226
40.0,30.203647100378625
61.0,61.301365764658016
23.0,31.53330995166001
76.0,74.79813893217266
27.0,40.063459894560985
79.0,76.7582146440295
48.0,34.08552116074483
30.0,19.377570299702253
61.0,52.68521033902102
58.0,66.75458535090432
32.0,44.94816581155256
66.0,65.96764156934643
48.0,59.43974262441346
68.0,64.1640239606755
53.0,62.914635707782075
74.0,47.3872517452903
71.0,63.510982629343395
55.0,52.147034014213396
59.0,56.805571300979054
69.0,58.36946003272217
47.0,37.22237869465913
18.0,42.49090065113002
45.0,59.85233191486673
64.0,54.899716750388045
33.0,43.19971677735128
70.0,61.90975122412316
54.0,52.15002454457113
55.0,51.84515531022467
41.0,35.841099061882154
44.0,40.53084980529553
57.0,54.74889171939156
66.0,64.67651068652688
42.0,43.981215760782675
63.0,59.133921763535
78.0,79.4430653988265
20.0,23.321532254678214
57.0,51.774877539522954
54.0,56.9564288297958
46.0,52.029767444382415
70.0,66.87810546470197
77.0,77.42033007777503
58.0,40.36470076993981
39.0,29.374557258574693
68.0,51.10377469281592
80.0,71.95150289529869
42.0,48.37596681881638
71.0,54.90642925256572
61.0,64.62675566941216
80.0,79.87379333132967
74.0,68.63345092913055
57.0,51.54118196903229
21.0,24.80871003158234
26.0,29.694042104435404
22.0,20.60176624816041
33.0,40.57149931039033
56.0,50.22490887980121
42.0,55.056722744472665
47.0,52.07864111860524
20.0,31.23994759918243
60.0,51.741976503281805
23.0,25.359904697612684
29.0,36.13608246696383
54.0,61.50230861780144
43.0,40.28652084164669
72.0,67.55172055618728
59.0,64.08224549886026
40.0,34.59756228276312
25.0,31.168331565578388
20.0,38.99656728831111
58.0,62.79248332906782
60.0,50.814069746744
74.0,68.1284434545706
26.0,29.252835770213036
39.0,39.4338146205268
80.0,82.5351445117754
26.0,29.247007950717045
37.0,27.556317840594886
22.0,23.56575431540687
65.0,65.41907403243606
22.0,30.302986164073154
36.0,31.27070191399029
37.0,40.05182733591594
74.0,72.22840248231239
69.0,59.969141774266646
31.0,28.361038528319657
64.0,70.81295069951788
28.0,26.741710765344454
76.0,70.12740990335156
60.0,63.44411466173092
56.0,50.140004545352625
53.0,55.87992430527075
55.0,56.37190003943968
31.0,27.48731747715872
33.0,42.98850688414229
54.0,60.15005852489692
80.0,61.64809576243138
53.0,63.93478642122781
38.0,31.44622628371533
54.0,59.053772855234456
47.0,23.373544162523334
44.0,51.610811660956095
36.0,20.992095115639913
76.0,71.35062139232978
24.0,29.457857300396817
80.0,75.48773930406938
51.0,74.79597165431966
18.0,33.81814161676303
22.0,24.979409524083838
25.0,27.17149573034939
80.0,78.43906019135842
26.0,25.085730598777726
50.0,58.048112078960585
57.0,29.705323385146524
36.0,38.1895643441728
70.0,67.53034457452247
25.0,28.572505188706888
58.0,42.64216335860329
57.0,55.40790312067037
33.0,52.7515441087259
63.0,46.574589497348796
70.0,60.039764007066495
74.0,68.52883357507478
21.0,24.041059967116773
63.0,72.1294593492859
72.0,67.39011039936341
65.0,44.06489662603107
29.0,38.90264958653506
33.0,41.99291431246036
29.0,43.286350357853
52.0,43.55429516835497
72.0,74.75525036487487
58.0,53.36246462655089
37.0,30.491662757355623
80.0,77.22378207816591
21.0,27.173885045572394
41.0,33.342849865924
30.0,37.08115492736659
64.0,54.63228452341308
50.0,61.01448078722147
50.0,66.49282212116914
67.0,60.26050905285205
20.0,34.367689133312126
52.0,47.161833537417756
38.0,30.839933712001564
20.0,18.403376048672833
53.0,51.82831317022233
25.0,41.383116881597545
30.0,28.521252145338636
22.0,21.01708905641539
80.0,75.35775700275529
30.0,37.07121581544688
65.0,58.367589016377096
54.0,61.70166108891943
31.0,35.34834215976034
56.0,51.68481207453244
36.0,26.44886712130049
69.0,67.8520413460263
32.0,33.65196724551432
67.0,57.14407873570656
67.0,72.84497672133291
59.0,68.37461925993556
34.0,28.452240076422356
21.0,28.58469506660917
80.0,76.11934580687104
37.0,28.69467858208851
50.0,39.70139764283457
66.0,71.1971261287027
24.0,30.23185843574188
29.0,37.69674980373719
38.0,40.876033957993215
64.0,65.19677013310188
45.0,34.531489295440075
66.0,64.50200405631914
71.0,60.30162917312525
43.0,45.69951373026906
68.0,56.18873556268588
69.0,50.06905374928935
41.0,41.99622061732817
73.0,64.91870091237469
36.0,29.77728785842373
65.0,53.470961436659266
60.0,41.09103133122521
19.0,21.491529227575164
80.0,79.41111974246057
62.0,65.51912063249031
44.0,26.556141714634002
45.0,45.4658305142884
80.0,73.2371512831491
73.0,72.19648591850523
19.0,25.787003821452306
25.0,24.07329907576809
58.0,51.28447618828133
26.0,30.14394502341616
55.0,35.213957256890446
78.0,67.71224301383748
64.0,64.76166703386949
31.0,42.311383250104875
49.0,50.08990960646752
59.0,63.70648717736463
24.0,22.16284576925748
80.0,76.38379913832209
60.0,52.90228321363182
64.0,69.1254682517535
28.0,30.51218142363815
21.0,27.45882691575517
20.0,34.50732760556632
53.0,42.08422323752505
72.0,63.3149583849709
34.0,31.122284400364464
69.0,65.42519052459588
18.0,22.279646644611976
64.0,59.29213836332359
41.0,53.23868637006681
66.0,54.04223798900632
22.0,34.13814431295906
80.0,78.67050271727342
69.0,45.635297770407945
30.0,35.13374430517942
80.0,65.60609633136986
42.0,53.49802205877527
58.0,58.70508133751309
20.0,20.320553781799408
80.0,71.2206944779106
19.0,23.798205231483642
32.0,32.6968271385431
37.0,32.67800022421232
38.0,39.206772040663346
80.0,72.79858589398513
22.0,33.571105480520046
32.0,48.78545695616845
47.0,61.74660649708273
65.0,58.16043604527193
42.0,37.46357290038301
62.0,69.82258534479027
74.0,51.98366292884427
48.0,45.39662618386723
50.0,36.83135479174893
25.0,33.67369982230689
61.0,47.68269466233567
55.0,65.0574821514126
21.0,21.633803003850257
19.0,28.0148894180773
19.0,17.64690358365034
51.0,59.08003281304986
57.0,56.902180953548
24.0,21.748186266373164
21.0,32.30648722116568
76.0,67.37987693929117
53.0,43.862589567276245
80.0,75.78401882965865
61.0,63.382552562576535
76.0,68.35895018734625
62.0,48.99157664068177
41.0,41.28184962095463
78.0,62.47156769445985
23.0,22.222288611723993
19.0,21.814403188511587
31.0,32.165037601066516
27.0,25.75499026478662
35.0,35.05598149871013
23.0,46.550098660738605
18.0,20.998702310053172
80.0,69.42931764586939
57.0,52.96123285558345
61.0,43.10636534816133
44.0,61.24963861648084
53.0,59.21272789015064
33.0,25.473338773343684
24.0,21.151219841379174
27.0,19.18776373671076
32.0,32.92483231494907
27.0,26.81658712710463
75.0,68.50981037225863
62.0,64.17567330824957
37.0,43.199155164896204
29.0,35.59371843287698
80.0,73.97575360347382
66.0,53.44317831828618
67.0,62.497221020349286
80.0,75.08772159307074
21.0,43.62177921220326
25.0,28.338278602111075
44.0,55.94108237491306
32.0,32.514122933215496
21.0,35.88019697002712
56.0,58.17488875431791
80.0,77.40160097571145
51.0,34.32669254051165
68.0,69.79152888040645
68.0,62.658852601542364
58.0,70.98544495301921
26.0,41.71290896994216
28.0,41.821333873347214
28.0,39.204118767006186
79.0,70.11891982879385
34.0,40.85181358624814
62.0,53.447957238573466
29.0,27.50431597471237
63.0,52.18238840357476
75.0,74.37117433706912
41.0,48.09954207492658
30.0,29.463390789121185
44.0,40.70458625271447
32.0,58.90527374502241
80.0,66.61685319423933
66.0,67.74179697916287
76.0,66.96041246879157
79.0,75.48386338255
80.0,65.39826861005716
18.0,16.194733132677687
33.0,30.327298489843674
80.0,68.73183411806811
26.0,27.850883199690525
30.0,36.02509658726374
26.0,33.230509459895
48.0,50.29159665770676
63.0,46.427140344986654
38.0,37.294899992720694
18.0,21.897057260525973
59.0,60.9333528784706
69.0,65.84687497156504
31.0,36.99319027093733
22.0,23.272678306494647
80.0,75.29857126079601
65.0,69.58734935160832
60.0,57.399254232272675
51.0,42.32870520791006
34.0,51.18294432146338
28.0,39.667575048158355
60.0,47.39559048715338
73.0,77.66443485268802
67.0,61.93270088189293
59.0,36.862346560177116
27.0,41.473740347083314
40.0,34.60563694049845
27.0,23.84170355690428
80.0,71.74541181696262
80.0,77.49104202997668
67.0,57.790158434099936
46.0,62.7497647170312
18.0,17.294955200205923
67.0,53.36543676332567
33.0,42.95718004990537
67.0,68.26810359659291
42.0,51.18951198454949
80.0,73.37254257024412
54.0,51.81998577871705
80.0,68.44112045422742
61.0,71.33799900107401
23.0,35.42645114818272
73.0,52.33866053527161
41.0,33.25049516054933
38.0,30.93281882574827
70.0,66.20176812670465
48.0,38.093862641821005
42.0,36.83158973653153
45.0,37.57806218426764
46.0,41.48537723034332
62.0,59.50484932466646
33.0,33.0313998376978
35.0,40.61446749315254
80.0,70.13929118968717
54.0,44.33942042424151
54.0,53.344999020813965
54.0,44.27340180115377
48.0,64.15553192114909
23.0,39.826093593028055
43.0,51.89415379210851
18.0,27.556468173049705
61.0,56.68880060123102
44.0,44.63702003205041
29.0,33.60179564088153
18.0,15.842342844035118
75.0,69.73489136471427
74.0,73.24931382285686
64.0,73.35095091304215
22.0,33.8030259054226
29.0,26.464985512945912
18.0,26.119610980483383
58.0,47.44772799748422
72.0,64.28348999669741
80.0,76.63938232693882
28.0,37.06346933822309
53.0,50.84195118394598
35.0,27.597386467592983
40.0,35.95571475547794
79.0,69.80543498946483
53.0,55.285635439321354
53.0,51.726839962863366
23.0,24.005236058167743
29.0,29.105685313901112
69.0,64.59955648079674
22.0,26.512828546155248
35.0,43.57911907473194
79.0,72.76825721999637
69.0,66.37449877219017
31.0,35.900766799531965
38.0,41.05309233846054
50.0,30.90335622800704
20.0,26.84783348141951
41.0,34.12636142377888
48.0,53.039423691860286
33.0,41.35732781549625
47.0,45.217874226571276
31.0,28.463050414799653
39.0,27.399884422712063
67.0,60.536951437738566
57.0,50.746247325412185
62.0,57.47162698675895
42.0,53.226352467753834
67.0,69.80735110860496
23.0,22.683757500130287
33.0,28.93584868087133
79.0,70.8572375315796
71.0,76.53204698592843
49.0,54.45609995721382
60.0,58.185458266781765
60.0,57.63646524011608
41.0,46.94808119264819
20.0,19.45549877944822
71.0,66.25121108720032
19.0,29.37088621271305
80.0,78.40069524109774
46.0,41.702565287701546
29.0,35.70731593033241
33.0,44.478306473071555
73.0,69.96929769702265
35.0,26.949645690900734
18.0,20.590714416673674
49.0,48.887904188246644
46.0,41.1780978346695
35.0,42.64371262725091
33.0,25.11641538039298
80.0,72.8925834085314
42.0,39.12728111619846
80.0,69.60798144573424
48.0,38.77867058397678
46.0,43.9097265626194
69.0,67.92145443693582
80.0,73.63384588913898
30.0,24.21755646406145
71.0,59.54553146344029
58.0,45.67665164778052
30.0,25.948620313957875
62.0,71.66135246947961
46.0,38.03951592959536
38.0,34.04163354847809
75.0,73.99627232063405
23.0,25.23321380945964
60.0,52.171324535061714
79.0,68.11508601528246
43.0,34.481230623649765
58.0,50.44585210547587
53.0,47.766644865884025
45.0,37.404943361070885
50.0,51.91535195224234
80.0,71.66081800595774
58.0,55.20497894865574
31.0,30.222755826199553
49.0,48.87607546884877
57.0,72.30241198481214
80.0,77.68979563776834
23.0,31.004053264843286
51.0,49.91570348196825
57.0,50.21927816325727
58.0,56.38335174105062
39.0,39.523473972773964
80.0,73.10133116966502
32.0,42.23990105319517
62.0,56.25797578090466
67.0,57.65436576958073
33.0,31.66723783941664
54.0,59.019409043613976
54.0,55.09060763985171
50.0,68.08608488574939
39.0,43.462331773811854
21.0,30.52643738470756
64.0,70.47405966663204
80.0,74.39749459380826
24.0,28.70236562804243
41.0,46.40116770480821
74.0,69.41257414386504
37.0,37.85591279811238
65.0,71.39258290086377
41.0,48.6978381869042
66.0,59.72018139320397
36.0,39.2859481786782
57.0,50.72634952997517
35.0,37.204596487323045
62.0,57.71432071485259
75.0,70.35182153036492
80.0,75.07812431397859
65.0,66.81290446694987
59.0,50.96538562302836
24.0,22.853212233458198
42.0,49.89807665391428
64.0,56.98941661996008
56.0,47.89052687117887
50.0,36.09634711018314
72.0,57.159687829724426
56.0,57.09066345840388
68.0,69.34626687159108
37.0,33.299160926509124
55.0,58.62810623428184
39.0,47.5579351069479
21.0,25.148704652134153
24.0,25.86875001589788
48.0,38.087712619667236
59.0,59.973067861473346
61.0,48.719948695358404
57.0,62.805958126054975
73.0,62.45546169029857
52.0,33.57247940842693
80.0,71.21502705752474
35.0,37.96040215310273
39.0,35.784759888922025
75.0,69.42875964610835
19.0,32.315901849779806
39.0,36.60172907187436
68.0,62.12804835873113
70.0,51.0107132585774
36.0,55.08976867536029
54.0,62.17347532371401
73.0,69.39771913177881
80.0,76.29105594449024
59.0,40.53013395025834
18.0,26.240695417679028
20.0,25.10011083726314
64.0,63.54258587193108
26.0,27.730016246623087
70.0,74.05889046940338
20.0,18.286093227165022
18.0,21.623973476052278
48.0,51.41386881678665
55.0,58.86968795528308
51.0,60.83698472449585
22.0,22.007672273589776
21.0,37.75813049253026
48.0,65.25060767106518
60.0,65.38726556189943
70.0,77.0418607446221
54.0,59.376613057436366
18.0,21.355416021461767
61.0,68.88220213569355
47.0,40.32117933851682
44.0,37.81147631206007
30.0,39.814056375145555
31.0,39.74104127220469
42.0,51.212497726408984
30.0,40.42886918249135
63.0,54.743071779531824
20.0,28.13121169723432
48.0,44.175043719181716
24.0,48.51121075604618
25.0,28.209565534331432
29.0,39.40638535427734
52.0,57.560395010328115
72.0,69.83914113632261
44.0,35.027005211210124
80.0,70.55416452160952
37.0,58.895501392517694
53.0,53.88480223123972
56.0,61.71854520514646
37.0,37.55646291662274
38.0,47.037220946963224
39.0,40.29580584139419
50.0,47.2893248554837
60.0,50.13947973180158
41.0,43.42908736465145
37.0,41.40816709054398
60.0,51.361912418619085
35.0,39.02772540283935
19.0,31.947302380790855
35.0,27.996930398686878
63.0,55.119624136478286
35.0,54.26647036208269
76.0,76.29509694641052
31.0,39.97944774891551
66.0,63.6983287354071
55.0,63.12990750047597
45.0,43.35978612090629
38.0,39.65630923528477
71.0,61.36645845421329
40.0,44.92348386889148
76.0,77.85857770898835
22.0,28.667999823621514
62.0,57.10455091496818
28.0,34.39115964450091
42.0,43.07083586506027
32.0,42.80020491589928
54.0,47.36293782114072
51.0,65.4899634767774
39.0,50.29655753525367
20.0,27.30091103163263
60.0,57.67123650314886
58.0,54.14284708258111
74.0,70.57121765117398
80.0,73.36214247954075
23.0,34.74642978737455
69.0,64.88805237185852
80.0,71.20235650213779
23.0,23.296121996733394
54.0,59.07172671972606
42.0,46.53594969670906
80.0,75.49446266478465
80.0,75.49507396969564
73.0,61.594402398678625
41.0,33.66810343890899
44.0,32.78284274085805
20.0,21.26298995812739
80.0,76.42004788277707
31.0,27.682121868236983
22.0,23.684483962416635
45.0,41.45849409135866
27.0,34.58570292284569
54.0,48.05303906546058
25.0,36.34795095887747
41.0,51.34543210603176
78.0,47.697194718507696
66.0,63.772269224104626
62.0,57.531320430664394
49.0,61.446330752607786
48.0,56.41946503847704
69.0,66.04089297764318
77.0,71.10738125196656
39.0,47.43020071926753
23.0,20.34390378750439
29.0,28.646409119688247
56.0,40.19486213612705
40.0,48.484757531402366
42.0,44.129480683240544
54.0,48.70600622630944
70.0,41.51230257510285
51.0,41.38763653329335
22.0,33.052933363635674
26.0,30.699981692790082
32.0,31.430071171224796
55.0,55.69607360756806
66.0,63.30265958178071
45.0,45.23542474702844
59.0,49.35870201280192
19.0,27.671260723185505
32.0,35.890187907935086
74.0,74.73429852172369
20.0,33.0382502571558
34.0,34.67684687056949
80.0,66.55110760238227
44.0,46.00348434390545
37.0,35.103817190719035
72.0,71.09247829058658
19.0,22.65507129232098
27.0,22.79046529029867
53.0,46.64106338979412
80.0,72.69023089223104
57.0,52.36705299827132
19.0,29.763395257886973
70.0,64.87232176855838
79.0,79.8593660555738
28.0,24.009049937972332
39.0,22.510729679193368
61.0,62.40356963258892
48.0,51.514913320699655
75.0,64.01886719290543
52.0,62.62347491575756
60.0,59.801757846926265
61.0,65.5675833044332
32.0,25.410412344258717
19.0,25.926663126114622
41.0,40.946962556724344
68.0,67.019723512804
75.0,78.37517515759573
80.0,71.88465400020833
73.0,67.15940193459508
69.0,61.88899444449037
23.0,27.93276931130819
71.0,71.36730690356013
36.0,45.2106764705522
20.0,29.541212952702313
71.0,64.69029609060799
72.0,61.90365172101267
30.0,29.498144843266218
74.0,76.06213929652695
76.0,82.5445267822263
54.0,52.85075112038788
20.0,30.17436407295525
19.0,22.085536640383527
58.0,56.796026609277085
55.0,54.887118967158024
42.0,26.99873770519404
62.0,59.986521327793206
72.0,50.250795641851965
71.0,82.24832218702964
66.0,58.06179456797987
41.0,45.15889069488179
22.0,24.39340727736422
44.0,41.43258794850596
30.0,26.561218177249867
24.0,26.74518536969816
59.0,62.87815499892256
47.0,40.52718889747916
24.0,34.16626238147941
43.0,44.088075688545864
33.0,49.613991315167176
35.0,36.90702307115762
23.0,25.96221679794699
26.0,26.15463994731764
74.0,78.27061828616476
61.0,69.18900875800975
18.0,18.00304823860974
45.0,43.34700623718875
61.0,70.03401480172403
45.0,44.17939397548139
33.0,25.865515355050672
63.0,67.80393363976842
41.0,54.705721713680894
80.0,68.22518777660655
80.0,72.41598832939398
27.0,45.15976298439854
19.0,20.64924151141593
45.0,54.04345505185406
66.0,49.551526864505064
75.0,50.666699965611166
26.0,36.71154788624201
29.0,22.879056603441455
37.0,35.74344054256592
44.0,40.40913893673391
46.0,55.310101745590536
32.0,23.27253097176128
40.0,41.85501237493746
51.0,43.129754946641576
68.0,68.52507486734825
63.0,52.2413651618352
23.0,26.348709643288576
78.0,73.44463065301883
80.0,63.059070429039004
31.0,39.940500932580356
68.0,64.98674622040862
27.0,25.434685382613647
50.0,70.09143129308431
28.0,30.993162784478134
33.0,23.994519443325014
79.0,63.978389596938385
77.0,71.49002507184
56.0,51.479743227617476
56.0,55.691515191026106
34.0,39.42251380211375
22.0,23.394779228785175
54.0,44.82358636061696
51.0,60.76304086505703
21.0,31.652689866714528
31.0,40.49943297532204
73.0,65.7539290507289
69.0,71.46646062236846
51.0,40.14810568001288
66.0,56.63825132643366
19.0,41.60794789164955
23.0,29.908639391262025
69.0,64.3244561559349
68.0,55.71308154543956
57.0,56.48449194745473
74.0,67.79612913653071
70.0,65.24472934045401
19.0,19.61311763397657
51.0,68.1620640545129
69.0,61.31101488615189
43.0,45.356957789049694
73.0,59.43994475165446
35.0,39.36402854747556
43.0,52.999060753452014
30.0,31.932729323549367
60.0,44.177035280983915
56.0,58.89281555683453
80.0,73.51601769958368
65.0,65.42329663178779
62.0,64.46244608464235
31.0,22.714232424873362
20.0,24.639088415523805
52.0,56.43528427893746
44.0,24.64954552158383
64.0,67.42728324590243
18.0,33.02812145464649
80.0,75.4560998696395
65.0,45.94218629960501
43.0,43.08456908719496
58.0,56.97912730684663
78.0,63.31128337188141
32.0,31.555968471608388
49.0,35.36747822543598
40.0,34.72091864209638
23.0,46.934905296926665
45.0,41.32515037853512
18.0,32.42892416255061
52.0,51.51753828237601
79.0,76.5958241476529
23.0,39.46726209116687
19.0,42.20293739845672
38.0,40.18678828048876
62.0,65.63202956743424
38.0,28.098170714749195
23.0,29.563947171717285
54.0,45.88037716502915
30.0,36.99871285374137
27.0,26.242369166124494
48.0,44.846327374243444
54.0,52.43864910542402
72.0,67.12169643846892
80.0,55.71567505723653
80.0,75.93441339564357
80.0,67.39420729943441
58.0,51.769665196799416
53.0,48.093053757486864
29.0,22.96908521922741
56.0,44.62962043345964
39.0,39.443068077330814
51.0,55.162721391328766
70.0,64.6260043100942
27.0,26.598582838284397
67.0,71.23242833402095
19.0,38.590680111225936
40.0,36.20977362686275
65.0,55.18503037237189
71.0,56.50664902288309
55.0,51.737132960245155
34.0,41.74515366958932
39.0,47.28868572692545
59.0,54.889187147506156
54.0,49.62878115123853
40.0,38.63002074283998
71.0,73.63613220025262
41.0,36.51263654111357
50.0,42.85116108165401
41.0,53.29405658471724
44.0,48.52122039748654
48.0,54.95667977587236
69.0,66.82727864297162
25.0,26.65019781883876
66.0,73.12816664120574
73.0,58.51557750241959
55.0,37.73668371003483
43.0,62.803073945238005
50.0,39.07210538597765
70.0,70.22976990734537
25.0,33.28447271855366
41.0,35.22096205837498
44.0,46.635851165667795
31.0,33.69971057639558
55.0,53.35307578522978
64.0,58.50699233549589
60.0,55.60587779655682
39.0,34.26180104904326
50.0,38.827700926595504
53.0,35.739383921329136
27.0,27.06754580109723
54.0,58.04520119121346
64.0,62.12321540333213
67.0,63.67029149740595
78.0,53.66180277242064
72.0,60.06523721129412
20.0,28.203266365110586
50.0,50.977987407061754
80.0,71.87819961537839
30.0,38.005880494318085
78.0,72.55720925159793
61.0,66.01118415023163
68.0,66.83481830500902
52.0,55.76902565283944
53.0,53.49720882613391
72.0,66.19180528160025
77.0,63.03267252655993
34.0,47.21534775034126
43.0,49.42352086680437
40.0,36.143035090342984
47.0,47.1035553139259
67.0,74.00646975501357
49.0,46.937929713480884
60.0,54.32718242789391
61.0,60.777353519971435
39.0,44.84266133323333
75.0,71.84971303867698
60.0,69.05810613793787
34.0,42.57079889222525
34.0,43.93812729126915
64.0,62.82963708395955
23.0,37.72183342252134
79.0,76.89169701553324
21.0,21.703896615584974
65.0,62.640600329407164
52.0,52.059378988751156
80.0,72.95028637042387
19.0,21.817464579452597
73.0,69.37826372743145
37.0,37.52055302854264
73.0,69.11627682785549
58.0,71.95846153263578
53.0,53.47705267860292
34.0,42.530379477959364
23.0,33.789073584541434
35.0,49.18024080489435
25.0,34.288802610686645
66.0,49.02498046697168
80.0,72.4033936082246
74.0,64.75221299787724
43.0,40.477397650922114
56.0,54.062637355674156
20.0,21.97330491885935
40.0,51.92056115538527
67.0,53.60923965434523
51.0,51.25012042467651
52.0,42.50621572660211
22.0,32.19212547032834
36.0,41.97964334563506
73.0,74.80935908966329
45.0,40.57644743211103
18.0,29.90450059412563
80.0,68.47079849085071
80.0,73.10564379122128
52.0,35.91484055959894
50.0,48.014203260602386
33.0,39.07047747707863
28.0,35.26088314406738
18.0,17.667686460251044
70.0,67.87216335858547
40.0,45.01089102843367
45.0,35.504101934629645
53.0,58.66324543148292
53.0,51.53287489228722
60.0,69.362820178783
46.0,57.64870166954815
55.0,50.19524477403497
32.0,35.82690724720578
76.0,60.54427506022191
72.0,71.24287815533351
67.0,63.03684118562587
63.0,59.67247295986425
29.0,23.92665317480173
57.0,65.11634977980557
51.0,44.296898239008264
36.0,37.63104465322992
22.0,24.19419785422805
49.0,48.75388485298377
63.0,51.30940231989098
41.0,33.40358029259322
66.0,64.38963436493209
80.0,73.29491473168834
26.0,55.32440484770565
67.0,64.4209077937166
51.0,30.39345162728124
39.0,53.5589099685483
21.0,19.05305873140981
32.0,27.28656691807953
32.0,34.997869447186034
25.0,50.12559111599459
71.0,74.20820983593906
46.0,44.13417273603006
72.0,54.599252985081634
33.0,29.532950430896314
52.0,55.64211651410024
31.0,27.10350201882751
46.0,60.911434778280025
31.0,29.153083021807642
33.0,40.39318465531368
30.0,36.443945646742364
39.0,43.570412376361226
30.0,32.296849976111744
45.0,48.38292686599373
57.0,64.28928313277947
60.0,48.62052072902337
24.0,36.05874898629594
80.0,77.65913176269247
70.0,62.46005942195969
39.0,48.26460854656202
30.0,48.689915846113244
54.0,50.97042721206074
80.0,66.14081016956598
43.0,34.54130309111796
71.0,66.41975898326623
52.0,46.082461987499535
72.0,52.03121923418459
73.0,74.66829821654262
59.0,57.27086380666364
24.0,25.869603870467152
42.0,57.19590275410443
49.0,53.78940767706919
68.0,74.32632452685499
37.0,37.37231981665201
79.0,73.56122029752285
34.0,22.710679342668815
80.0,80.68822326068893
27.0,27.42396219135234
47.0,70.9423099522567
63.0,69.90760966255746
33.0,39.239356815873805
29.0,33.05103801252991
64.0,62.35530469805124
29.0,34.40865247469684
25.0,22.85768108388674
42.0,57.04936515302494
67.0,65.12886513227284
33.0,48.626023284156844
57.0,37.17616275613022
20.0,21.216155338450196
54.0,57.364368959650136
80.0,74.56053474873084
69.0,68.93872996463404
20.0,26.843226331615742
65.0,60.768647890274
64.0,50.9405947256548
80.0,80.79613595537302
25.0,22.06742817465465
37.0,39.23405956938201
40.0,62.06199765098276
45.0,68.55786617981923
52.0,51.79473231057488
56.0,50.724815104595606
20.0,26.51805603404664
29.0,23.09623306314743
53.0,52.52957387517403
57.0,56.318467738356524
42.0,37.081154606899226
28.0,27.204806781313476
66.0,57.38704969524796
46.0,48.20996390525815
58.0,59.98224379951485
80.0,65.25860036426921
60.0,58.0768891598554
45.0,59.856419132756585
25.0,31.20807628346994
58.0,49.29587619484543
18.0,18.672834225728096
38.0,22.406627045912494
32.0,21.865305299285634
33.0,25.941967922232724
44.0,43.422116616013255
18.0,21.29507381464885
61.0,54.06285506461126
41.0,35.56884355143531
42.0,21.94345074303551
80.0,69.52266307855062
27.0,37.12058636703145
24.0,29.335226887627368
35.0,40.11010446169891
65.0,65.4876118650971
54.0,54.79211482089016
69.0,70.7124874328873
36.0,28.1987398454998
61.0,55.911982024472486
63.0,59.562793454241486
58.0,62.622820250652325
35.0,34.33376841613595
45.0,43.42565102231511
59.0,58.484983329932206
36.0,33.20758061086183
53.0,51.90925453297664
25.0,22.280424008625303
69.0,63.47103977513988
54.0,42.28942107608763
42.0,38.85819404429045
70.0,67.89470879911255
45.0,27.604489240140396
80.0,73.92466076138845
22.0,22.497124253892895
28.0,26.419053566072616
61.0,69.69085064986254
31.0,39.59768821315091
44.0,34.82922510533596
61.0,62.08387851103264
39.0,32.68592842864487
47.0,50.27545900074044
61.0,67.26832216723523
25.0,26.09683715913601
66.0,57.38452599387223
31.0,24.402388881335174
60.0,52.6412096870921
80.0,70.35056536433434
30.0,24.725958950952787
44.0,50.56307872511131
25.0,36.427219823008436
36.0,28.951698301456886
65.0,61.018197620911224
62.0,54.55241672623163
26.0,36.79257531423764
23.0,36.72241347386966
80.0,76.85955353818937
21.0,32.87081691668678
40.0,38.85089925831822
41.0,52.63417510164612
50.0,49.888644060840555
21.0,37.08982404421228
68.0,51.60701912850793
57.0,61.22772312372317
59.0,45.81022115546323
47.0,55.28880426964074
18.0,30.29143579676515
45.0,45.532891425971386
76.0,73.13509943936664
51.0,54.38853694954667
36.0,23.32904992496873
67.0,66.5052705314716
61.0,45.300522506112756
80.0,73.13990461713843
34.0,37.6369146692048
30.0,28.87569117106186
23.0,29.073134802895193
80.0,80.22123833895445
31.0,43.644667766287355
74.0,72.44251530574996
74.0,75.96254331380804
31.0,31.025589043224826
29.0,22.85634923322996
79.0,72.06769291344625
47.0,38.75549908405733
23.0,28.547960616201603
34.0,34.458950088732756
79.0,76.07101351157327
55.0,54.2299905638705
26.0,31.023234192570378
60.0,48.411576094803465
26.0,26.969135216912008
44.0,49.254206163370526
80.0,68.2995295590235
66.0,70.15449925691152
33.0,36.01990524286297
28.0,42.28400152692977
30.0,24.496876195820764
48.0,45.341520785385846
56.0,49.03675043022219
21.0,21.12831293552399
69.0,72.46907171939027
32.0,30.904270167199858
69.0,61.604510457154205
60.0,55.30680300769327
70.0,78.99798797332932
61.0,62.54875516264934
80.0,65.57766704119582
25.0,29.96833023202326
71.0,73.67671011182978
79.0,81.57088166753775
19.0,29.056653565080993
79.0,49.06646832325704
21.0,41.99366900582832
68.0,45.29974309838552
57.0,43.49069401315723
43.0,61.73718815111154
57.0,52.552448743849865
72.0,58.89869689298725
60.0,58.4277826517566
46.0,48.99926377484465
74.0,75.6659386581111
34.0,36.808841692274804
20.0,29.41757365242584
66.0,67.02846475835528
55.0,59.310097287712765
80.0,71.18812865477778
63.0,67.90756950116561
72.0,61.096843959589094
51.0,46.11796821541579
57.0,52.71888953548915
55.0,63.9257216143274
60.0,52.579126625913055
56.0,52.383268434862984
19.0,22.813155561385067
46.0,38.30025342612301
39.0,41.88321512749455
64.0,65.82060556083094
19.0,23.6076454028195
52.0,46.11757580526459
38.0,49.744461766590824
66.0,61.55768973339164
41.0,35.44309350621928
34.0,45.25237754380848
62.0,61.80718821554596
35.0,42.06908002307568
68.0,68.35117904527138
33.0,18.84180633214428
39.0,32.382580340875506
63.0,66.621249635932
61.0,63.14420082690506
47.0,44.1416723570214
18.0,25.599420038937044
38.0,36.36039430794172
80.0,83.40692603622007
57.0,64.76149110310129
41.0,48.818908550367205
58.0,60.031575571771015
33.0,32.72245998018532
78.0,67.66264678458575
34.0,50.50919298912035
41.0,33.8226188049798
48.0,40.7177108282313
28.0,34.43750199615779
62.0,57.78131422056521
56.0,55.33532002061856
20.0,37.801733624468284
57.0,70.58530597563775
40.0,29.394890015903268
27.0,37.509763388105846
66.0,64.53330994863634
53.0,56.222851885858795
57.0,58.98102283915783
58.0,50.791476025309166
80.0,74.47207884089524
40.0,35.99389440887219
35.0,41.222192552924255
27.0,34.99051222118544
80.0,61.54491816233126
66.0,68.8641841921197
42.0,32.765703656499376
68.0,79.46566227395063
19.0,23.113530216507698
59.0,51.31085807582749
62.0,54.86409261402177
32.0,20.59141204246556
21.0,32.22034923946147
22.0,23.600388436593956
56.0,52.07880503071401
22.0,32.34786387535138
35.0,55.64102898339755
80.0,70.22285203217784
47.0,42.90394087487252
35.0,34.96407062163972
41.0,51.37222364584273
57.0,59.210304404821834
61.0,68.7411746871963
43.0,43.483922667764226
59.0,66.2267318471433
33.0,35.26521639537275
30.0,25.933325884497258
22.0,26.79673420965021
80.0,75.21673756486162
34.0,41.45696051110236
59.0,60.40245041238901
28.0,38.36614700672743
80.0,68.88419655169227
25.0,29.74260102633281
48.0,54.16792503536118
60.0,56.13251061693355
72.0,71.99411379537703
20.0,23.242336708245393
57.0,65.65792239670743
74.0,62.78499872717381
61.0,49.173463692768635
63.0,65.87186617927388
19.0,25.26857454666137
22.0,29.656932218312104
80.0,67.93079935042024
65.0,67.51449798141607
19.0,22.415861500967612
19.0,32.439547352056636
22.0,25.555056693707897
43.0,47.421417349951184
49.0,60.71773596872262
36.0,29.746424834022413
70.0,64.50531134798811
43.0,46.24913397846989
80.0,72.62199559697667
25.0,27.449478302920454
75.0,45.30819639447917
64.0,39.84191668904077
30.0,29.768501976535767
80.0,82.61862611168077
47.0,54.27533852672724
59.0,68.90715538623378
50.0,39.88593792386472
48.0,46.22886256678345
40.0,33.218581996823225
52.0,53.30026537047592
69.0,71.03341563135676
36.0,49.724223889695814
43.0,44.43214049958069
31.0,42.39326572615896
28.0,25.114119170530795
80.0,79.82458161137737
64.0,74.15817104782482
80.0,71.9987470716579
60.0,65.73659645830679
46.0,39.336475686655675
58.0,66.70729336909153
38.0,58.046136033490235
22.0,25.89549480743255
80.0,72.62821636486039
27.0,22.48084301026997
64.0,62.02594970606705
42.0,43.72061463696153
19.0,38.608434913971784
69.0,63.522972743972836
42.0,45.639178749270506
35.0,29.639710726564136
29.0,22.547545248919143
62.0,49.2610507372504
56.0,58.38088410184746
20.0,25.80094524365893
28.0,38.86393849737821
55.0,55.28841730402742
51.0,57.70269168792514
57.0,61.3152032952586
38.0,34.675288633652
73.0,61.479634420697955
49.0,49.08110431072464
34.0,39.21708537291633
71.0,72.978118006149
72.0,69.01416995267878
48.0,44.466432379890826
48.0,51.15535085855784
67.0,50.46965967186945
31.0,28.29326127391057
73.0,65.68338011443136
56.0,38.202050147388306
27.0,27.493837022847465
21.0,23.622801348772864
57.0,60.56660899356256
19.0,24.35968345274642
78.0,70.98163301605614
19.0,19.565659425789736
38.0,33.4643430364631
35.0,42.20343498832033
26.0,33.30858197347835
76.0,84.09668294188228
25.0,33.20474588341903
29.0,24.538676598917153
50.0,56.044937931414424
32.0,43.016486483384725
33.0,25.947472513463296
45.0,55.555550176169675
34.0,33.71478755505647
51.0,53.23574592487929
40.0,46.67563523890996
60.0,54.78849405196749
61.0,66.99892602207896
48.0,44.910363863608374
44.0,53.52905411179774
46.0,31.180023226789093
65.0,50.0827507794894
24.0,24.20820290668648
21.0,25.77439878901428
59.0,47.563918226429365
50.0,48.09043831179419
55.0,66.09812837615564
76.0,73.35771951730702
30.0,44.33345495538653
56.0,61.77890057452635
68.0,61.92054826822354
50.0,56.0900703300539
70.0,68.54530010758711
23.0,38.7191979628143
49.0,40.7541978294746
53.0,60.9034711529334
24.0,35.8114377319944
51.0,61.73473252425547
46.0,38.85821484944546
57.0,47.68946112546738
61.0,56.92553307456302
61.0,60.714582330329165
52.0,58.01889958034014
68.0,56.38365644392812
40.0,31.718748455064098
60.0,60.829539296743675
54.0,53.615853986023446
73.0,59.23942906504056
35.0,46.50530921413567
43.0,31.92210456136867
34.0,32.08768359509984
66.0,59.48761856873433
65.0,70.83225800371312
22.0,48.050389411549865
71.0,64.61833656699706
73.0,72.71217406689148
74.0,71.5757503657608
30.0,44.42610359619912
20.0,34.41484469368899
68.0,68.35503577133763
40.0,32.64195138057262
33.0,35.90190164894572
66.0,62.179549301013466
65.0,63.49114121521688
44.0,42.87366622547084
72.0,72.35957596060535
30.0,40.70824137523074
33.0,45.8705786861544
80.0,77.57454424750986
53.0,47.789129135169944
58.0,29.735118106267883
27.0,26.99157687917747
23.0,27.801747226127826
27.0,38.294306969735274
80.0,76.41028380527119
25.0,26.36652973559969
63.0,65.093927907353
62.0,57.25841806913943
40.0,39.71750034982255
47.0,41.505437627909664
49.0,44.572329535499584
44.0,57.42066090989157
63.0,68.302587368159
33.0,28.78885248269113
28.0,26.161487899313904
35.0,36.57378358110594
56.0,64.76740386522269
41.0,30.661350804823606
19.0,32.288259891724984
47.0,59.5318613173189
70.0,56.1262172505958
65.0,60.294950344745935
50.0,57.92643229481642
63.0,60.101055882811224
34.0,33.54710156873398
58.0,62.07899516103065
35.0,25.81138990872416
72.0,77.63555683766127
69.0,70.74414808789419
44.0,45.00534871077058
45.0,44.83024207455042
27.0,31.856598651072964
57.0,38.52992308866829
31.0,41.65992469359012
49.0,59.13424871010158
35.0,21.573281884875826
61.0,56.396896173150495
64.0,66.03047410395013
46.0,63.01212872112186
27.0,39.533518498955324
63.0,62.56573851040961
57.0,60.54360849437345
41.0,37.49361809784233
19.0,24.622564962048482
56.0,46.99161467473996
59.0,74.78873218364619
73.0,67.87026184694443
18.0,29.255881109430835
60.0,66.77135089321682
49.0,50.92109632427882
63.0,73.62451578475276
59.0,56.50459596728422
52.0,53.669564960330774
58.0,46.70173672548229
23.0,41.82870531777015
52.0,52.71947214663407
52.0,59.1898016578464
23.0,31.90199254259039
34.0,33.03225582258026
79.0,74.4118134518957
56.0,59.312643109648306
41.0,32.569991796429925
35.0,37.042775812512836
54.0,60.34353548291828
43.0,42.37674983302842
60.0,58.97910029894642
79.0,71.16262289379203
35.0,34.80731116981406
39.0,36.20817132085981
61.0,72.45359376550586
80.0,70.08744555180321
52.0,37.04581654696931
20.0,23.59401738550493
74.0,67.16475491732739
30.0,30.10284418166449
21.0,26.06737731740139
31.0,36.86396750700205
60.0,63.719727766181485
61.0,71.42343130548933
50.0,56.89706798926397
57.0,53.87381448473255
18.0,32.45185990243778
75.0,67.24792404961931
51.0,45.589916495705275
80.0,81.65169966467062
62.0,75.87239155853833
59.0,51.05704570697448
47.0,35.60517459946062
80.0,79.3372555703096
67.0,60.666549988234166
74.0,70.27616236861607
27.0,32.41856971326409
62.0,60.412855092314636
80.0,73.35881589429177
20.0,24.911549660042027
39.0,36.66524769089185
78.0,78.19315096235854
80.0,78.88057696989425
47.0,66.62856005040504
41.0,31.65166058181194
80.0,73.18218115593626
44.0,37.40846250902428
18.0,29.74674741596868
32.0,34.17645064036836
43.0,44.47870680952593
34.0,30.299386522178775
30.0,25.547543787202947
28.0,33.70483688768016
18.0,22.456165112334833
52.0,55.923220476385225
80.0,74.2172748450109
49.0,43.13785836478724
34.0,43.859007974681646
74.0,65.65304457098408
80.0,55.60378002957825
33.0,40.10621537768318
80.0,75.7730040951384
54.0,58.0086118522733
44.0,49.17465823684901
34.0,34.88838654305639
60.0,59.08618954885624
35.0,32.022715696314854
70.0,71.11582766356712
29.0,38.35646103323828
73.0,75.58171719733197
50.0,60.75370239911949
25.0,23.35661541595972
55.0,49.86032509715899
19.0,17.263577264719583
29.0,28.389747315027922
55.0,53.29461425817392
61.0,54.831813915991724
62.0,68.89409062398778
78.0,63.234658648499966
31.0,40.034660112584106
29.0,35.8771181173028
41.0,44.16462746877444
70.0,66.09649046795086
66.0,49.80566042870198
34.0,27.172274994383063
68.0,60.999280939354
18.0,28.962852800783157
23.0,21.808899333753633
25.0,27.865584909237963
61.0,62.82173543145671
18.0,24.906695630792637
41.0,36.35301816431941
22.0,27.468995094513584
34.0,33.50711387013035
31.0,39.25552592817146
56.0,55.63701454160618
43.0,43.57958837364131
54.0,67.31325760529575
38.0,47.1419059578699
28.0,38.91356388800655
73.0,72.67428634823911
24.0,29.266285264650342
30.0,31.350397511098333
80.0,72.75021791756286
20.0,32.22701176701931
32.0,39.42543330328166
37.0,46.54476039564172
42.0,47.87904970539365
33.0,34.23194349435482
46.0,47.59777023514029
53.0,50.3571444460707
24.0,26.965343687388042
20.0,44.04468617511836
65.0,58.24420283932722
77.0,51.47560514295704
49.0,48.60898940054271
46.0,31.017517046839785
58.0,48.277196169690235
25.0,30.493318438211055
48.0,54.96597996386373
22.0,26.998124822301452
28.0,34.96625975887451
63.0,66.08214083071036
31.0,29.838329418603482
35.0,35.61591880450226
77.0,68.69732929965615
27.0,36.63024581959617
61.0,70.51283792577357
28.0,38.96333969021565
72.0,61.239461739190894
33.0,30.7920698354382
28.0,32.87829270958216
37.0,27.647757895643206
34.0,37.01257199133601
55.0,39.146520700056534
38.0,33.81765195680674
38.0,48.22320395372227
40.0,35.20808052108208
26.0,31.63986365657782
74.0,58.35171094572424
46.0,39.21188498779972
61.0,54.17307184690048
60.0,44.58371436732989
61.0,61.74135908112633
65.0,53.010914667267265
26.0,34.17859676622697
64.0,63.56614999338915
77.0,66.25200614088138
47.0,49.28150583345333
63.0,60.56756018946966
20.0,21.284150305435364
60.0,54.4526893485571
38.0,53.45355739401895
80.0,81.64176374370962
57.0,53.174072762003775
73.0,71.18462208252566
56.0,57.51177701505515
51.0,51.98697472776175
80.0,73.51982363343073
56.0,42.18978403531702
28.0,39.76011414088644
56.0,55.93020754707727
53.0,45.18959513495021
37.0,46.98152253848284
25.0,26.430337568028644
80.0,74.83166663928405
23.0,24.906258116938602
40.0,56.129070435952485
64.0,51.404535825858744
36.0,41.94668969059758
62.0,66.01424012518498
58.0,60.599265430218686
80.0,77.02355663509626
59.0,70.9077911802143
80.0,73.63380736194095
40.0,33.90202980448252
51.0,58.21003002475495
31.0,52.85573884327378
29.0,39.4626061786805
64.0,62.87438024885976
23.0,20.939724428659346
40.0,52.53324180022621
42.0,45.08831832068827
51.0,39.876117382460905
74.0,71.42238370270859
54.0,54.50707251166392
74.0,73.67618557038833
64.0,55.53340494433817
52.0,50.02708377333783
62.0,48.966924262211016
41.0,50.3510296959146
71.0,73.51813956934646
39.0,43.22930202970369
71.0,72.96082253132937
52.0,59.04077087327886
39.0,50.07753547016437
44.0,44.47801938457338
43.0,40.20976098400564
55.0,53.63696094743692
20.0,28.889535183083755
52.0,61.04475967607778
55.0,67.94529995370247
24.0,21.4868141076754
20.0,33.90852681101112
50.0,60.83823959432327
19.0,25.85490386240574
19.0,31.244432421847264
73.0,66.96798337171045
80.0,81.85867396978492
38.0,38.01667107149721
35.0,36.18325065374247
66.0,45.67736680722029
48.0,40.788077424798175
62.0,61.13104968196826
23.0,21.356388541693196
42.0,49.614106689403876
23.0,26.92831973485417
30.0,36.776379769108125
63.0,54.658018784390954
49.0,49.719307709762454
80.0,66.38423653993998
20.0,30.968575091070363
32.0,29.296524421879184
72.0,78.78988053112532
73.0,76.17977781388589
43.0,40.40467931079409
37.0,33.946368090065064
40.0,55.21921595588132
25.0,33.07421915921696
38.0,44.51400078844021
30.0,29.973725275503657
26.0,23.73342279937656
37.0,33.84818595752878
29.0,29.717128342039754
32.0,31.794152003916043
52.0,64.0824984695751
48.0,51.50678215460517
41.0,26.73298246091694
21.0,25.209347526412447
52.0,45.78098188065494
80.0,65.89144645617293
80.0,82.31585688424842
74.0,75.62380287586828
54.0,55.05777549444218
80.0,78.18344433360372
80.0,71.26801894841815
31.0,31.869773750674234
67.0,64.27741160610869
19.0,22.229002831604415
25.0,30.0879813459421
57.0,50.93471477620633
66.0,71.778927859627
65.0,68.62614608896288
73.0,67.97634436520161
54.0,56.75527928517231
61.0,63.21582884969072
47.0,39.19578137538944
53.0,55.71651465043342
45.0,35.35306643346917
73.0,74.01335044405526
45.0,54.49586116443664
21.0,43.49450790511219
22.0,41.37638343961844
47.0,38.44546764361188
59.0,50.27511484635562
61.0,57.18091156137978
27.0,32.37749684936429
18.0,26.238218106552313
32.0,31.697826357853504
24.0,29.87052848149664
25.0,27.048213387478942
53.0,44.15413758304872
24.0,23.396245817834338
23.0,30.277484673748322
70.0,70.52771112066613
37.0,30.241136172522044
19.0,21.157374942872565
39.0,47.11077606671896
43.0,40.487074637730906
61.0,70.85452859498368
22.0,18.823719801038074
41.0,46.7480903248323
22.0,34.36098352430874
28.0,28.095392298216943
53.0,50.83710666378991
30.0,46.899668533823814
41.0,34.03178982706494
47.0,60.93492087109947
47.0,47.05113877270152
80.0,55.55161520261406
23.0,30.316165164437816
45.0,52.76705427186794
26.0,26.234581532252026
80.0,71.25961764400346
62.0,76.81019538576182
23.0,30.371003427465563
41.0,46.07359506918762
35.0,29.242582048713928
24.0,24.288124058668085
67.0,70.65482674225646
30.0,38.473654530644716
80.0,77.4032200042051
37.0,43.16595998803993
19.0,23.083235257345677
80.0,46.488456812547916
80.0,72.22049074722173
33.0,32.88404034266344
68.0,65.63733535114412
18.0,32.263602468329445
49.0,45.42887646290182
75.0,69.78639108651572
18.0,22.18087269512582
42.0,39.02003753262493
80.0,74.28702593156594
19.0,28.954175207796972
36.0,27.680987457605177
55.0,54.4849146761981
43.0,55.064691682762835
76.0,72.18984067764087
41.0,31.793679465150234
51.0,45.255328304459084
63.0,62.15055810832908
29.0,24.799949308340704
32.0,50.879886944465184
27.0,32.33113944059897
19.0,23.62390267730646
59.0,62.20192009129596
41.0,37.501903347926856
68.0,61.963694261263626
42.0,33.50018967399485
20.0,19.09556761112091
79.0,80.0425840933525
42.0,38.43288974621356
63.0,71.62079412860253
59.0,72.15606078023671
74.0,65.6577241949754
25.0,23.33711500629093
37.0,46.63432976016418
19.0,32.00105071306037
65.0,50.79319695550047
59.0,60.969210449032055
69.0,72.45572161791468
80.0,79.03853550643481
18.0,34.64106028784299
75.0,59.8958008216078
39.0,41.404097917867155
30.0,46.69413185522285
54.0,51.09375470842561
44.0,46.757995294790874
61.0,71.01673824041
70.0,70.5016151552028
44.0,29.104925683702216
23.0,28.045333152707975
42.0,36.24898122276227
66.0,62.53863267102345
80.0,73.21402634632662
38.0,42.19766023641225
60.0,65.35855779218413
39.0,37.976020830454544
45.0,43.893620691829845
50.0,52.146532839779894
37.0,41.806977946037016
34.0,30.100517625329605
68.0,73.32229305018286
63.0,42.70066556864155
80.0,77.8105323621523
24.0,26.35822614999859
76.0,68.77483584270877
61.0,59.7937786741494
42.0,44.27658778454119
18.0,28.02979072046658
55.0,55.60329663097653
42.0,37.320574036950106
42.0,34.833008090314934
36.0,25.34291703282511
31.0,52.25153923555537
63.0,44.93136631139429
20.0,23.15504992379892
58.0,43.13664568018572
52.0,48.808379314791914
78.0,59.36660655088812
69.0,65.31638248335018
45.0,40.920544019993535
24.0,31.11271190457378
55.0,62.515190139346515
45.0,45.19330507252515
28.0,27.074716285589044
65.0,66.65445897511339
34.0,42.63976695424965
20.0,20.855815515319566
80.0,73.95262632992669
48.0,35.947655153482934
55.0,54.4457414621374
64.0,69.29760399294044
73.0,62.114364826390876
25.0,32.59226557842805
38.0,41.14319299028767
56.0,45.97317982398682
47.0,31.73931622711416
38.0,35.152577225486915
61.0,54.66775406481667
73.0,77.8803538659858
25.0,38.402027990551666
24.0,30.418856505868217
46.0,54.66389994623543
47.0,63.79605466960863
52.0,54.51190870354359
21.0,26.527175105589258
25.0,24.52564671371863
22.0,19.922453974722693
55.0,37.444754334743706
46.0,40.685608453577046
24.0,28.484679916782447
58.0,51.44996161722915
80.0,72.14923705081236
30.0,39.59842502381453
54.0,46.4040797880844
30.0,25.12712339902048
64.0,70.13963974198835
35.0,31.896042762767
68.0,58.50052252741583
61.0,50.539151884632226
69.0,70.63264313212393
64.0,60.086902939126965
56.0,49.83807951955122
61.0,66.28510899626103
33.0,40.42076563965873
74.0,74.68025837027757
38.0,37.552279230424574
62.0,60.726861440479794
80.0,69.17070389795434
69.0,59.68980487915843
47.0,41.520675127892886
44.0,47.526998287185144
19.0,32.503113765990065
28.0,28.485004115180395
34.0,39.07271754628642
27.0,21.548026532922904
78.0,71.965037556659
18.0,19.562169829594385
38.0,61.610495118023344
66.0,65.63361860150533
34.0,36.531913587085846
63.0,46.2339590390951
51.0,60.20526525099662
41.0,27.219510328588335
38.0,42.26119624044825
67.0,65.31762437528754
61.0,69.69636327260608
45.0,43.0361220227168
53.0,61.42629380480072
77.0,56.63814337840067
60.0,60.37809399859833
71.0,67.88281637334859
73.0,68.87158129790576
80.0,73.4761434075277
71.0,69.59202833395562
52.0,62.13353793049237
46.0,49.73285683554348
31.0,23.99716964246622
66.0,52.29671488943281
40.0,37.82281617061666
80.0,57.786977641251575
54.0,56.256552617246996
18.0,21.18670550596934
63.0,65.61136079941906
30.0,30.100776434012143
20.0,30.696143898219
32.0,43.38858635338042
59.0,55.04745112872775
48.0,53.96382980360065
46.0,40.451817710914746
56.0,65.85696281990076
35.0,52.376618196712755
60.0,61.95140427988378
63.0,58.00288916706101
68.0,65.0319949468864
48.0,43.23213665130213
23.0,30.359200339523504
31.0,52.872967612519744
68.0,68.22173354164367
30.0,31.646459923498533
35.0,37.7379048343912
36.0,24.251858123477923
49.0,42.67844004615029
59.0,61.4379403224919
19.0,17.311718724081427
35.0,28.69895202167202
38.0,28.073635161283857
65.0,63.978249728064384
38.0,50.99083412906786
38.0,39.12488565570445
77.0,71.91749532292255
62.0,72.58276720396928
69.0,63.67115558885236
43.0,57.099981601590386
63.0,68.849586211745
71.0,65.81588917528276
46.0,46.410714006416995
64.0,57.35377043215792
27.0,26.45673224560843
57.0,60.940357190917396
52.0,56.80452100825343
38.0,58.334514023706014
50.0,66.1344404458073
42.0,42.10289903266954
71.0,74.31492554911894
38.0,45.86180552742933
21.0,22.87879288322331
58.0,55.63089280314384
40.0,28.832755966541935
18.0,20.78435965809383
80.0,63.71672214646803
66.0,61.215812636567144
46.0,48.671535441669526
22.0,24.76942772907274
60.0,47.21207528289607
65.0,61.08903130553425
48.0,38.70619386252995
51.0,46.14277236060418
33.0,22.358558316437282
27.0,27.809476639131212
35.0,43.262307374910705
53.0,49.83979947374123
19.0,29.2582409360014
37.0,37.89878889871222
72.0,68.39309662524815
80.0,64.0394437830645
65.0,75.35606379718057
75.0,77.4901832755357
36.0,31.78131530099275
38.0,36.92178188133573
80.0,75.60465903297451
60.0,64.83581756942462
50.0,42.056328854261636
41.0,64.30531616866058
21.0,29.48873178908782
38.0,34.153648620305205
23.0,24.120479622660792
64.0,57.652908023713785
79.0,79.55158158244072
50.0,51.38217944344053
42.0,63.0029915956746
28.0,24.814735157095765
45.0,60.264411153552466
67.0,68.90215731195505
63.0,61.306976457928734
52.0,67.65630316961459
37.0,34.99078795398698
80.0,70.04851169442999
76.0,80.94178234684014
61.0,70.8352104990005
31.0,29.47662877503354
72.0,66.56286750285459
31.0,36.05795913131563
49.0,64.52742392439781
38.0,36.08841023841035
19.0,29.047763391557094
64.0,62.355747742730905
49.0,48.506607652946755
80.0,68.17721045658735
18.0,23.501261888321274
40.0,36.766240458860494
26.0,25.500598981009965
21.0,24.103393404639622
27.0,27.536154877792836
34.0,38.956307230940176
74.0,60.61128154145084
36.0,45.42602019817134
52.0,49.650728057831245
68.0,62.118136612612275
46.0,51.77587226960784
72.0,51.74257090540139
34.0,38.27183454636841
48.0,34.539121915373954
21.0,24.623198357248718
79.0,61.48866722818127
80.0,71.25538325158003
56.0,63.80263560092622
36.0,45.25783706966124
31.0,34.01815321413425
54.0,47.07997904456409
74.0,68.78508395398958
63.0,64.98224359737505
39.0,34.494583809491026
25.0,42.12042165959628
47.0,48.72991304481407
73.0,77.11369794921987
56.0,49.99952340388031
36.0,53.581575092424515
80.0,60.4723775321314
64.0,61.15466474359892
30.0,46.27383694509725
26.0,37.74503640468198
39.0,55.928104587169855
48.0,61.105335228436836
65.0,64.48252825276174
47.0,45.65618546977585
25.0,34.434384959651005
46.0,44.63992117239712
56.0,53.09506373755043
18.0,24.903696682786997
74.0,71.80268624784433
71.0,74.93211322478741
55.0,59.67456111290761
66.0,65.31968526490955
28.0,40.72189765321301
50.0,48.57040138770087
34.0,30.198101217879337
80.0,77.02603578567417
62.0,50.476639946403026
65.0,62.18043046672075
32.0,40.21706959017685
35.0,39.85006769629322
61.0,61.28331641663556
76.0,63.728536531682785
56.0,39.88481309601029
31.0,35.664843595531984
37.0,52.328749301989326
32.0,36.00257831786872
22.0,37.36470843656472
44.0,30.67327650753303
60.0,62.555992056880434
49.0,44.06188736469987
54.0,64.73894618242859
51.0,49.925161829326576
51.0,52.53516355034175
71.0,56.567990415695036
54.0,43.00558173822626
69.0,58.28446417208531
41.0,46.59142909434949
62.0,61.86705153484341
39.0,49.651696916224076
42.0,41.413016143412264
42.0,48.16542011420811
61.0,59.37324368153283
63.0,60.39428927498605
47.0,61.59441128748029
49.0,62.33570644667339
41.0,47.95066763039389
36.0,30.365496510688054
63.0,53.012512200368334
43.0,65.87470271690533
80.0,63.32623016883539
52.0,54.69988602225353
80.0,69.80970875249034
71.0,63.05504485478076
41.0,47.938346487177306
43.0,43.60187991634231
68.0,67.64452965674246
51.0,62.500400978381776
21.0,20.495250091658082
45.0,43.463997608966984
68.0,62.10327207696292
65.0,38.193984937388045
21.0,21.9309152936141
37.0,38.80044537879501
37.0,44.722206437355354
43.0,34.451575303385454
48.0,60.6384481518348
57.0,46.56774962363135
61.0,68.25404013019023
36.0,28.055064819803963
71.0,56.057871568006185
56.0,49.05378265169705
34.0,28.396525530026608
80.0,75.80525224517497
80.0,73.54271054620376
44.0,41.187045925069135
19.0,29.75032941370795
74.0,73.42634884254001
59.0,49.658957731159056
64.0,62.89467337330551
21.0,39.942044745445294
18.0,21.94137769172333
55.0,56.0809051358944
65.0,59.814678995455104
34.0,47.424319577848955
22.0,23.93802539631251
54.0,40.49189418679849
31.0,38.93830585111666
27.0,22.725868750757392
59.0,53.49033159350377
52.0,47.83510907537134
65.0,70.6913952835235
20.0,28.170244417399374
66.0,65.8972347857605
37.0,34.01935263691288
63.0,53.28507167151762
80.0,74.4915791829729
44.0,55.08824010478227
29.0,58.866390882082044
21.0,26.88350346248419
63.0,51.10531518226719
57.0,58.80566805758201
18.0,24.145833863362157
64.0,59.098360176787985
50.0,57.0962774281274
58.0,61.29190846881005
70.0,63.07960124669878
19.0,33.79949097767187
19.0,23.648360737069392
38.0,54.34941393277102
31.0,26.74757443788718
49.0,45.51408847106794
66.0,57.6043827049962
45.0,37.62248900525509
76.0,75.16693317534715
75.0,71.96964467544056
23.0,36.1944443240243
19.0,33.96245552031975
19.0,22.93583803972212
51.0,59.8635303499611
38.0,38.24338633777072
47.0,36.256094398764375
30.0,33.58203802876669
29.0,26.94948013776609
24.0,27.576580925833348
70.0,69.50127311468552
60.0,56.98634484893373
18.0,38.35564391850169
63.0,44.167209982689215
61.0,70.76188787349004
41.0,32.54681942152344
37.0,22.362385654128083
51.0,38.78566485359351
65.0,58.84132947151578
78.0,75.91108555556876
34.0,30.817831341032964
30.0,32.2967063727581
34.0,33.44152264885775
32.0,40.87525887383936
38.0,36.00731579482473
47.0,53.815023996078274
49.0,31.13877371075743
52.0,50.9170841338433
36.0,46.63215927424885
38.0,49.66765552680017
31.0,40.8436454406015
25.0,30.514846248588185
73.0,73.92900643613808
50.0,43.35411497302046
55.0,44.5857715557649
55.0,36.030085469245314
73.0,69.8979884955915
21.0,28.086390805739487
47.0,36.98207946890883
77.0,61.97282302849872
22.0,35.04044591538081
77.0,69.85997314075261
68.0,61.40662241001994
26.0,36.68740466475474
49.0,61.09794395282356
35.0,35.43215091762018
22.0,32.54981448265728
57.0,56.46470234242228
54.0,63.6060704672978
28.0,34.94679746046757
35.0,34.06875040188826
19.0,21.787382051269365
45.0,45.66720265361864
40.0,42.82989595504501
50.0,53.416039802587775
51.0,56.04718591927675
53.0,54.92454875546349
35.0,40.72312105624282
55.0,50.17198303154032
21.0,29.968726654455974
39.0,43.64991923402013
37.0,68.69257138361026
55.0,49.3462670682738
32.0,39.62612211208893
67.0,63.46736561370917
71.0,63.70821509217656
20.0,39.046546346875964
80.0,76.77325853418901
42.0,58.61805214307958
38.0,38.4431771050007
37.0,29.595965131604906
38.0,32.89220781568441
80.0,68.32214919444696
41.0,39.78282549029387
73.0,68.18779183125443
18.0,36.062086386861886
18.0,41.64985184723601
35.0,35.17979206025961
31.0,22.58865273075393
80.0,81.81042309182041
21.0,30.52191319346042
53.0,49.516695418589535
67.0,60.950193029351894
80.0,73.61665716027645
38.0,51.5010046871211
59.0,38.98431193083425
49.0,26.526767202378974
73.0,63.532382907967865
49.0,69.58197089432319
53.0,46.843101747957704
27.0,32.709390125409826
20.0,21.989298947915376
71.0,70.42855882328391
58.0,43.14654909907175
23.0,37.94930782151864
77.0,64.4444915213424
63.0,61.47144337612572
31.0,25.58412625472896
76.0,77.7707043065208
65.0,59.948725544117195
27.0,26.71740550836719
38.0,35.72099917309562
40.0,56.2165981766106
24.0,30.231037138069734
53.0,48.3290231173129
22.0,24.396326223665884
32.0,30.800326287639855
42.0,53.32777433584134
80.0,70.314475961044
56.0,38.32131576638625
80.0,72.18321713668429
22.0,21.898032618054962
18.0,27.225864439418288
48.0,47.68483807938521
39.0,41.309847913699436
33.0,52.99212919210011
41.0,27.117036226384794
47.0,33.06240088914799
78.0,67.13004413022517
71.0,68.16400926234681
69.0,61.92632589440982
68.0,68.91019353303395
19.0,21.456289151231456
51.0,51.11407124879826
25.0,26.536487654633603
23.0,32.292233273908344
19.0,20.228072480970575
45.0,30.527963887241512
20.0,27.763124112792884
80.0,52.411684824521224
61.0,55.533303261937135
48.0,53.51646286958895
34.0,36.58562389450397
26.0,22.88536322446117
33.0,30.455625954731495
27.0,23.539968593617125
64.0,55.37957866017521
24.0,42.42360127823579
27.0,33.43810245929586
48.0,47.16729461277771
54.0,60.156275713381035
80.0,53.857788842609885
53.0,61.90738286398693
36.0,36.68454395212911
58.0,52.60866875892956
30.0,40.99928359645713
59.0,56.864225605329075
37.0,29.429415891898373
68.0,66.99432706746246
44.0,49.973029881676446
66.0,69.56726381464298
53.0,41.0132755054737
52.0,49.5007273717763
28.0,40.825965301749996
26.0,34.12266705796014
40.0,38.035260365722344
64.0,47.3534866465979
76.0,73.94996884159455
47.0,44.236866206869784
18.0,26.636519004511747
41.0,50.49831077978092
33.0,35.89280897480717
59.0,55.46231472938602
70.0,71.08458425204638
67.0,64.07649860649083
39.0,32.59911238214927
18.0,26.982256401302582
65.0,72.84033770517779
80.0,71.38346205478791
73.0,69.81384595317405
72.0,75.19248444958454
18.0,22.326958367466602
59.0,55.54642120600763
60.0,66.97262359118497
70.0,69.66377615766373
44.0,47.1694248910015
18.0,24.710129413629033
42.0,38.3131341007911
80.0,68.51486994991971
78.0,74.61240274397471
66.0,69.85152929269202
57.0,58.61600994139366
80.0,68.80808968834454
67.0,67.64056472169288
43.0,55.95138215641579
27.0,30.370730497439336
43.0,45.05020002093892
76.0,74.2601910225866
51.0,39.37135814170526
59.0,54.420518619851535
51.0,58.33111284729585
25.0,28.06872601964036
45.0,45.04350108862107
63.0,71.73670433735194
79.0,79.83519560501524
31.0,41.94863108668794
39.0,38.254041041763884
38.0,30.808189796074632
26.0,31.770578463303526
65.0,72.65493330995521
29.0,31.603148979261054
20.0,28.024884907918107
79.0,68.83100969340303
20.0,23.459322547551146
19.0,25.86931400658029
26.0,25.993964540231794
19.0,17.881974281542135
74.0,68.00846061316776
42.0,56.787120371860794
59.0,56.858843647632995
64.0,66.50380094044803
56.0,55.82158497275833
80.0,78.05061223645569
22.0,22.597439063431327
80.0,72.04506317169495
53.0,44.5633170109118
66.0,59.76535239733549
62.0,53.20838952384906
33.0,30.6817931403937
32.0,52.38003131338488
61.0,55.25925847000415
63.0,64.50851892219619
28.0,30.157669972264916
80.0,69.70901256162684
55.0,54.13225616719284
64.0,60.274493197831895
61.0,66.37793131893949
68.0,55.540085532503035
32.0,26.643925196116403
60.0,33.826301083630234
54.0,65.39815540021779
49.0,60.75763496206017
31.0,26.29184455208282
71.0,68.36734042274595
34.0,52.14918873838698
53.0,56.206783451590304
80.0,78.26805388371085
19.0,29.080557265677392
26.0,24.214749161475563
23.0,27.746102578921338
33.0,36.28959148488211
55.0,60.407163143210475
39.0,38.34197387075263
55.0,48.203165004588016
19.0,22.42967593405564
65.0,60.29448709423917
68.0,68.79948017741859
64.0,44.372727567521935
40.0,37.771012381048635
77.0,74.36810461234872
37.0,36.57663900907051
43.0,40.16136560418787
24.0,30.342158809877244
64.0,64.03701586044211
53.0,56.69325884305772
58.0,47.90038332213474
53.0,59.952691978012425
70.0,77.07840507154847
27.0,36.34957910506209
29.0,19.13675294544467
75.0,66.7171874602505
38.0,32.50661111759159
22.0,39.13548227130184
25.0,21.676662039107157
49.0,44.541150979360644
20.0,20.61324680481753
38.0,40.52156377103727
68.0,49.52008459680412
42.0,34.2831829888673
79.0,69.99581874474283
52.0,55.21430178594434
42.0,50.56485576772879
52.0,42.21371240249082
57.0,63.342670166796545
19.0,28.885699857043704
76.0,74.72303162370454
22.0,29.176733043775812
21.0,19.88032589423595
19.0,27.055519948123788
65.0,64.36139930437902
59.0,59.53960723837643
54.0,55.48519416585053
18.0,33.45999554232828
49.0,56.72789696540292
19.0,30.549322855809606
49.0,42.44764989423335
37.0,53.282499450430834
50.0,69.3450705875914
30.0,27.21207516632387
32.0,31.316866696630697
32.0,29.535189423717647
31.0,30.10561084934082
18.0,25.144788656970988
72.0,61.758702507364355
42.0,38.69968870650531
47.0,35.64018424401117
65.0,44.23192774952002
66.0,61.67712737125004
67.0,63.059364266877246
33.0,32.826804117981425
70.0,68.58441442358672
43.0,34.73079863260837
42.0,38.45666512795961
49.0,33.86274525161431
52.0,57.70109504045951
54.0,59.22288255707932
54.0,48.383558436765085
49.0,51.80988831374552
78.0,72.79644262867488
72.0,55.308828118174546
33.0,25.628444187277882
29.0,25.309633518376856
59.0,61.78660353148129
70.0,64.81877864257821
68.0,57.92099582800621
23.0,30.864523099097212
40.0,49.03822867289705
21.0,24.59046105813705
30.0,25.354894349177183
40.0,35.29502956527684
60.0,69.11546946696248
53.0,41.91984139864493
78.0,69.48502304944539
31.0,53.46195230987786
56.0,58.22788796418643
31.0,43.05551775787222
70.0,54.649823026330736
78.0,73.72654723331202
61.0,67.4764583249095
63.0,60.309210318972774
60.0,44.098528431293445
28.0,35.58438788903843
51.0,58.70208643313418
39.0,38.99968106492873
24.0,25.690240661333352
22.0,37.09592808864169
48.0,44.696666383580386
80.0,78.32660056389112
53.0,37.16406339683862
63.0,57.47026962067748
80.0,76.33243839443321
46.0,39.66522699047125
32.0,29.86517114512904
31.0,28.915549116657385
21.0,41.306861376484605
21.0,29.700598121609417
44.0,42.66719018042763
20.0,32.40054049657431
67.0,67.3794808646821
38.0,33.427761584859844
52.0,56.92540795776483
33.0,34.65934254703005
70.0,65.50429973182361
54.0,55.697384998573256
57.0,67.50596804868371
58.0,61.486842929205004
44.0,63.3432733825278
26.0,24.749251579852817
62.0,75.91493570884575
37.0,44.94497839634106
77.0,51.645612314256546
47.0,51.24751321146933
36.0,32.575330151320934
41.0,64.17764882031737
52.0,57.46866680113599
34.0,25.225118857697638
58.0,51.57831153527521
75.0,76.45340271791166
29.0,43.30713178896658
20.0,31.676257989283393
55.0,54.30963497313829
57.0,59.73196297946876
61.0,42.95049705521697
51.0,41.51300254750912
33.0,26.9954901023859
52.0,49.72909116391387
67.0,66.30771576504279
49.0,47.222856537636765
42.0,40.95361453632427
63.0,75.2580041519826
18.0,14.968542710563783
74.0,69.15810602074336
29.0,29.084770596582164
31.0,42.53159623820169
69.0,72.6658652377902
78.0,79.61852992753819
50.0,50.47786848725054
48.0,41.30959020123479
29.0,35.839436242823446
27.0,27.574609753366364
25.0,26.827602697528
46.0,54.064853629494905
53.0,52.48233093737546
48.0,51.60636169466085
80.0,72.04116802361827
19.0,23.355590182913254
74.0,65.2460347583267
56.0,62.43734600590606
32.0,45.77152780830594
57.0,55.43703868464945
18.0,29.780956471313004
68.0,57.83483744284215
61.0,68.57522087118112
49.0,56.28405167602408
20.0,26.483553913578973
68.0,69.78989207567798
43.0,52.02134839154358
25.0,35.188838980172385
45.0,33.70184571526454
78.0,71.36264646393897
70.0,71.58580111874122
24.0,24.95575015098083
60.0,56.82463763161845
59.0,51.980467449221706
18.0,23.80051304024419
49.0,45.23809012235312
64.0,58.225045017658886
80.0,76.10432629268091
64.0,64.84148392133969
40.0,46.25805522814883
37.0,40.654010020211
37.0,43.99565780616525
29.0,35.49533560581782
50.0,48.350151111168756
27.0,24.65351923426475
77.0,61.91051985526155
19.0,18.598499679994514
79.0,74.99224445393614
33.0,27.10070352445093
37.0,40.56923516548251
68.0,67.68602524892707
66.0,56.34473678387462
46.0,65.87639272506364
29.0,38.34164702257128
65.0,70.01008840580141
75.0,74.66536904095629
72.0,72.03918502503913
68.0,71.73172348220407
39.0,43.05179302105451
66.0,74.19011988467506
37.0,36.67977388431549
78.0,75.01459431805084
22.0,24.80998145087061
37.0,34.86148065256249
18.0,34.78107048499799
24.0,22.96155490549376
80.0,70.01721869376922
58.0,57.391341485825535
50.0,57.688144426117226
28.0,37.199657661564416
78.0,67.47544663077319
80.0,70.66172134819071
57.0,73.87158935497355
56.0,60.711385109160574
63.0,73.20834148194959
29.0,30.47450378103282
26.0,28.984924292774945
50.0,55.01959822764528
33.0,32.528737100286506
18.0,29.51069719239109
39.0,42.20981769020723
52.0,56.699504679291856
52.0,52.06384599085033
60.0,69.27025911136732
19.0,31.93695798189286
62.0,61.24200780567009
42.0,42.03269462198806
28.0,33.85846981630815
20.0,22.554947989482883
38.0,36.98310853436365
31.0,25.077683968873473
62.0,62.579890619440164
43.0,33.324871884456336
38.0,53.1436587885482
20.0,24.068813970147012
50.0,63.81594562635802
54.0,63.330411567024505
73.0,74.73129250558614
26.0,39.12467515306639
80.0,73.93943098371426
30.0,26.943052400447755
30.0,24.854172675618834
51.0,62.03913102262488
72.0,71.25554817547676
42.0,42.970154017685026
33.0,48.543515513820395
75.0,73.72222037170252
29.0,34.415399274094874
41.0,27.28315708906943
29.0,29.40576246160809
41.0,57.113588009937025
18.0,24.57729577669283
27.0,23.232481047901018
23.0,28.922323071673063
24.0,31.579994643446515
63.0,66.92177375137099
20.0,23.80811259970488
29.0,29.105034743663325
20.0,23.02742929590491
69.0,68.9472583089478
80.0,73.31889808553555
33.0,27.73029676948994
64.0,70.16214394947329
32.0,32.463808489860135
46.0,35.79069058668631
40.0,73.58843433821711
35.0,29.926870445334565
51.0,46.038195544304884
24.0,31.478990246432286
50.0,41.55234982473121
33.0,32.36730656039426
73.0,72.82303392727947
68.0,67.08865706178426
39.0,22.672511817090147
22.0,24.172042619568003
18.0,28.059912528284013
44.0,25.137793161361827
80.0,47.43525549512057
50.0,42.447572870680474
71.0,74.26143229963871
23.0,24.776687378642816
22.0,36.42091679341427
60.0,73.71226380830102
63.0,51.85657719360372
63.0,54.31320309787771
41.0,33.077347594980765
60.0,58.51093698357117
58.0,53.97879265062663
56.0,53.254628284647225
24.0,32.79930137293739
78.0,70.77101740862908
19.0,28.541623610643683
25.0,36.72698910256175
40.0,37.426560689592336
39.0,42.13264387050723
64.0,56.17153250053357
21.0,27.170983918792093
37.0,37.2562130715537
63.0,65.90693295822273
41.0,50.263214954118965
29.0,21.644472480050087
18.0,21.552565755353815
26.0,57.13560664408828
59.0,62.53457063607377
51.0,57.69454057837783
72.0,65.67839360326377
74.0,66.72775861418668
38.0,31.169578444805314
60.0,55.20813161090574
34.0,41.18622712023062
46.0,27.812946914773864
42.0,56.6958989908823
74.0,68.5559460866709
50.0,47.54449553855656
64.0,59.968527926600835
29.0,42.00467467889038
52.0,54.428775800048854
67.0,68.15636991189271
51.0,49.94602824923952
57.0,64.13793480419648
62.0,48.88377640072145
69.0,66.76566360445187
59.0,33.86853784713876
80.0,72.91517087796997
38.0,37.107849548997756
25.0,38.21741611019001
37.0,33.92138655895949
19.0,27.281114792922345
70.0,62.122800552377214
41.0,40.39062896077468
29.0,32.02519332655032
53.0,68.92741727047323
25.0,28.313319716550826
33.0,35.354821960231504
55.0,56.31147356975783
78.0,70.74540597384919
57.0,67.9821521484078
26.0,31.00908489271805
80.0,73.72747236527536
55.0,42.15290806708054
49.0,37.68228474516761
18.0,19.32501074745275
79.0,79.03379732220286
22.0,31.407934320139237
50.0,45.27691252623275
72.0,63.48666570888755
65.0,69.93499237268544
62.0,44.594341722033015
34.0,41.03686087583149
58.0,47.855810130965764
38.0,49.12244355415376
24.0,29.381806860031258
54.0,48.05904810654031
22.0,17.126367420950224
55.0,61.16851345975168
18.0,22.753051880798864
54.0,56.12303849690078
63.0,56.42733717820391
44.0,28.544376073211172
21.0,34.10512811299069
80.0,80.87431915280845
80.0,73.52684579203701
31.0,38.5500282225584
42.0,27.62339552495124
78.0,74.50586825566035
40.0,27.74829657018488
33.0,26.447776514802396
58.0,46.20946353667925
67.0,72.60485107466185
71.0,63.0942363234999
25.0,21.58072701784941
21.0,25.596919606539096
47.0,49.24625464974673
77.0,57.373113980227295
64.0,48.365676569960144
70.0,70.04236442558282
51.0,44.50031688573978
51.0,40.17074953297246
59.0,62.23833736492301
27.0,27.198114835716602
25.0,29.562426514468672
22.0,48.71362549068877
51.0,62.72108059446457
23.0,28.051369704525666
30.0,26.373323272580585
80.0,76.22585792561874
30.0,37.185190667606655
62.0,62.99080657586215
46.0,41.62025184708704
54.0,66.46515097455236
80.0,73.19042606947349
73.0,56.314414948317705
26.0,29.285059958983105
64.0,60.205332632932624
68.0,60.13423917704042
74.0,73.5782789206887
38.0,37.889428980385546
25.0,47.544867738719695
59.0,49.02623933383997
52.0,54.35348389881928
41.0,46.93688003737562
72.0,76.29893867778625
71.0,69.86775884320099
51.0,53.52782293686915
57.0,47.80118246248564
27.0,34.349586322009955
22.0,21.48593272304998
40.0,37.96470857570127
74.0,59.49782514753538
80.0,80.8260615737468
39.0,27.27311925079041
70.0,69.38619684617672
25.0,23.640240517055798
68.0,45.520943955849944
80.0,72.22122479642888
55.0,41.26385342228074
47.0,41.3359134470033
29.0,32.38152402471985
45.0,46.955628972916465
27.0,25.46554509900456
32.0,37.11139162894939
53.0,46.06235987895343
80.0,75.12191090110613
38.0,31.80072491392149
32.0,45.07750529934885
59.0,59.44508319277891
53.0,42.670557823170846
66.0,66.79108470634057
34.0,44.76206567519682
48.0,45.73829625320255
73.0,67.90375009172595
45.0,51.751199321728954
40.0,35.431037645521826
23.0,27.253018613627514
33.0,34.797360692748065
57.0,52.73913574761506
41.0,35.55698137615594
47.0,34.597828588263894
54.0,53.844045794831516
54.0,50.79188189247508
80.0,75.69867197775375
36.0,54.30581302680921
80.0,73.99231916449381
79.0,68.298503441205
33.0,24.4035219899381
27.0,22.923740442908915
28.0,28.25295650944715
32.0,35.758844879232804
73.0,64.3041834354338
23.0,34.73858499928087
66.0,68.35148675699152
33.0,43.696647948654835
50.0,57.51952797829118
30.0,29.557353746476807
19.0,28.31543079287245
76.0,67.14912449977304
23.0,33.76602723018333
51.0,68.66375951638807
30.0,24.4230896443871
18.0,23.3647886338841
36.0,48.03167285620757
39.0,50.932689810843605
80.0,72.54751270286181
26.0,37.19896296654937
33.0,30.86508590142198
36.0,40.091225727983364
22.0,21.61404178338178
73.0,60.10722339178052
80.0,74.0231618185558
73.0,67.10164590876587
44.0,49.356036222275954
55.0,33.29444819290869
36.0,32.56432815216854
23.0,25.589631884181326
47.0,46.98807979318395
45.0,60.76307988666703
56.0,57.487785392197054
71.0,70.05256715486391
44.0,48.12273538910289
27.0,39.00716667689336
62.0,35.065797026451676
60.0,57.95078218399123
27.0,16.07250823820517
48.0,43.48392528836814
54.0,56.73099142312356
24.0,31.693430334442212
27.0,39.85481463924753
78.0,75.7091723303357
57.0,55.82453926387554
36.0,44.689672468203405
21.0,20.30154143471104
80.0,62.46201441320194
27.0,51.2321636848412
65.0,42.58963127342944
61.0,65.74192685501274
80.0,76.84852700944474
26.0,37.53179907119797
32.0,25.76946530596439
33.0,27.473382612483995
56.0,44.580612218379876
57.0,39.722611940861135
40.0,43.090103729966856
30.0,30.047029415615985
50.0,55.80684046623144
55.0,60.93895854368341
28.0,31.6373934081746
60.0,54.121499280038826
67.0,67.43907502122983
28.0,26.245986551062366
22.0,36.44633231460654
32.0,37.83668690378979
62.0,59.17516573306157
74.0,67.50442817122344
31.0,35.799951309262674
34.0,48.299599114324934
49.0,51.514887286523106
55.0,58.397869740148884
25.0,33.22705415813218
52.0,42.674891546038744
62.0,68.84514545935522
59.0,63.257559873143855
72.0,77.56260882027689
56.0,47.974315745705184
64.0,54.11675724550046
31.0,40.76223891612802
21.0,37.955655020679906
51.0,43.15811134729401
77.0,67.76274154097332
56.0,54.35040169475709
45.0,46.312042715549154
63.0,58.30481160959409
66.0,72.34877170435672
44.0,44.42781104265412
21.0,34.531616163286884
33.0,39.02136282819848
36.0,44.563551817476494
60.0,62.12834857136869
54.0,39.833371342042746
43.0,50.928276607703296
36.0,46.00350665281863
19.0,23.26919721719913
29.0,27.077191012451014
24.0,22.97484151569394
25.0,28.121450407830054
34.0,36.3186306187263
37.0,31.491609527627897
67.0,62.82099707616929
49.0,36.11170864175371
46.0,45.45414517682047
18.0,24.705709816732472
51.0,51.786097428298994
60.0,53.21165047781237
80.0,74.5159036221924
61.0,59.57814735949381
39.0,35.887489192310824
67.0,64.53682646850133
44.0,55.35613704720853
59.0,37.446824815108876
50.0,58.423844842977495
51.0,51.5282327711987
63.0,53.69847444553578
35.0,33.87478524232731
71.0,74.73830028093346
58.0,54.756371859018465
41.0,43.504094246122875
52.0,51.39365948879214
24.0,24.800846287224495
21.0,19.123372457066626
33.0,34.83768800332831
38.0,32.751445701936696
59.0,63.062834571931575
54.0,37.50021539978187
80.0,79.03014294772707
56.0,57.1488766818415
80.0,82.64489188570107
30.0,31.533198596453193
57.0,47.39751433332216
61.0,49.76271791120272
73.0,69.31091742435564
50.0,35.941401568902606
70.0,68.1461511459653
31.0,35.82290588556008
24.0,36.5478680528718
73.0,72.63197894479268
30.0,26.82921008258409
80.0,79.27130017960614
51.0,58.24081199734088
47.0,53.078316377756764
46.0,41.67782688648991
72.0,68.41867048677484
78.0,74.86249068869783
73.0,76.37567727919291
22.0,15.534048500128279
34.0,27.619044828094797
80.0,67.42560509474279
32.0,23.0068877218637
56.0,51.88543484957237
45.0,45.77242064369057
80.0,76.6623752074807
71.0,63.03373820363478
76.0,64.35945609138311
24.0,40.655406909870166
67.0,58.35533443181325
45.0,42.310246114675905
52.0,72.33799515129925
31.0,39.815674448630055
75.0,66.81041733734166
23.0,22.98137695372514
43.0,46.6049778366016
44.0,41.021303596711576
74.0,68.78252601136604
48.0,48.161632455004685
24.0,18.28788885164628
19.0,37.48962638444044
34.0,28.99811508211573
58.0,44.75519387011846
53.0,41.11549815512462
49.0,51.45277885078765
47.0,26.933944205617475
34.0,33.051046408695406
41.0,52.14378788207674
39.0,42.90382040585411
22.0,23.010968041824608
38.0,50.34926169071402
80.0,73.72964742220034
47.0,51.2931150681913
49.0,53.852134226477645
75.0,67.09289571777894
68.0,74.40328353949498
46.0,50.53376220139649
51.0,44.43765556411803
26.0,31.72746373450686
62.0,63.659544498556414
36.0,29.225205073928
76.0,73.06884502366549
54.0,49.17104694676536
25.0,22.207951575061724
36.0,39.66624625747927
32.0,25.48385112099133
56.0,58.08866642431393
60.0,68.36338540673083
24.0,28.488636037532824
19.0,21.423603114021663
61.0,63.65328454966391
31.0,38.74882634786295
30.0,24.26125117880789
60.0,65.59549841867495
51.0,66.36050392148852
66.0,62.96204653523779
30.0,22.965394730395282
29.0,24.869663584015193
24.0,26.951443252404292
40.0,49.61314969470438
21.0,27.391635889824492
38.0,51.96352830638918
51.0,41.02521670249453
41.0,40.6003984728736
36.0,31.415681204844244
73.0,70.328084446501
26.0,25.060948100909513
26.0,27.277317162405417
40.0,40.06570400701179
79.0,55.51044574897603
57.0,58.27783549780415
27.0,29.97492789120051
71.0,74.25001317413023
18.0,32.417136883769025
18.0,28.530765691461525
77.0,69.18432405736107
80.0,76.65736351492122
58.0,65.33205969932595
51.0,51.87286144269489
54.0,67.83408513911102
80.0,78.31502509360553
72.0,61.396777160957164
52.0,56.773061893914374
60.0,43.50603005207685
54.0,61.572137996080976
58.0,52.63474554291942
70.0,56.76764592991669
63.0,73.29637764931226
41.0,34.26367454810463
19.0,21.36889723192424
44.0,42.96247808547305
18.0,19.438524537980058
38.0,41.97027955628244
38.0,50.28089959100294
43.0,45.386994891655725
57.0,57.80203526237779
48.0,60.01525174222815
23.0,26.218392317388016
66.0,61.75261696792328
41.0,37.88379994844067
59.0,70.00546513951677
79.0,61.94398459531828
46.0,51.859341633121666
45.0,40.22534814227221
56.0,64.71100626398785
39.0,33.507526644874666
76.0,72.10502304125193
60.0,49.58103573711798
53.0,59.676999068181686
28.0,33.980143960216324
48.0,37.142101682212385
70.0,59.20058029987475
78.0,69.75497421765323
49.0,47.63388121326994
33.0,30.09549340136427
44.0,46.54545764153211
66.0,60.94732210579981
74.0,74.9131457036381
56.0,54.40724773715529
73.0,55.72987574605622
18.0,25.13219654165818
29.0,42.60148898295328
19.0,24.19422542283748
71.0,74.20532978473858
21.0,30.99766824333784
80.0,61.08473287632105
49.0,59.09323374805655
69.0,63.46094823994573
80.0,75.59987152588873
80.0,75.6867965174415
65.0,58.90891677106427
80.0,73.14297528655295
64.0,66.67140979094049
31.0,55.960516517290536
46.0,27.19245848496493
68.0,66.3978939187781
65.0,45.84356228413774
62.0,56.130496335469445
76.0,68.56668351116488
69.0,59.417131594857345
44.0,40.69870984345449
53.0,38.00793132239719
80.0,82.75875239198969
60.0,58.25341824185318
44.0,36.16703429806021
26.0,26.403318213873696
47.0,43.3817838833878
42.0,41.448132457422744
58.0,55.502554855345394
30.0,24.796390418831148
70.0,75.97328894740022
79.0,78.50180470966002
28.0,29.89405076508552
45.0,31.261339910472206
62.0,68.05866837555882
43.0,53.92684876355235
80.0,85.32481268697019
23.0,31.009421637119093
69.0,69.37114666252327
39.0,41.470531361112286
19.0,22.932307651626544
48.0,49.67226344203866
72.0,71.53532771164303
31.0,22.132900200405118
70.0,63.46440655729877
18.0,26.25508299854506
46.0,67.86031782738209
62.0,63.645727014414895
68.0,69.43959936667112
76.0,71.03304898918911
48.0,58.88181532048114
28.0,25.229569566799686
24.0,27.387272888399167
18.0,23.744705398718974
67.0,69.19339947969914
48.0,42.36949657974205
55.0,45.42837584645284
44.0,52.963431951697025
19.0,17.07283276724751
21.0,27.50646610424963
80.0,79.36179952156503
39.0,38.08596217184628
51.0,49.616192424096575
75.0,72.71027126498691
52.0,52.48194479937971
18.0,21.72865761607834
42.0,47.0522779590005
27.0,32.5441431645513
43.0,41.02907273417898
28.0,33.354645114608495
45.0,43.3192347732897
52.0,40.035448582270575
80.0,74.6739300867616
26.0,33.37090820136434
26.0,33.454607306700254
25.0,28.611145280791156
36.0,50.150150776324885
54.0,60.74014759531184
43.0,47.24958152059977
67.0,64.02361234133627
25.0,34.24140156448654
43.0,32.721733746502196
49.0,36.76908885755302
26.0,45.61032019711171
60.0,59.03827231769932
54.0,51.93755370788691
47.0,36.86968266975598
80.0,74.30560143012477
62.0,65.2845966054497
42.0,39.927051415150515
80.0,60.829618216661736
80.0,63.030974918741855
36.0,27.704883112072473
19.0,29.44020267400273
60.0,66.09750991205074
60.0,62.92889452877447
32.0,31.786362790030164
63.0,73.07647020466331
62.0,65.26924060196379
68.0,64.82802297347541
41.0,42.023532112111866
29.0,27.608969433802013
18.0,26.45709660748924
42.0,30.00079830426137
67.0,65.25161534248628
41.0,39.63918814464561
56.0,50.07478255460988
49.0,40.042324266113454
73.0,68.27880542703967
36.0,33.43971502116981
73.0,56.52211182928436
67.0,65.30042383614497
43.0,63.203279894463826
57.0,40.32121719613784
75.0,72.85679549800022
24.0,21.629556992208556
78.0,78.68428017895386
77.0,74.9915856393598
60.0,54.45752525288545
44.0,55.43623702935362
80.0,72.4415886331146
35.0,44.758001254408036
80.0,74.37037146015236
24.0,22.04294425641669
24.0,34.99473978498844
78.0,66.59386935202892
42.0,28.309804463670748
63.0,70.95636151851622
76.0,67.08403366315893
24.0,24.85146623586096
71.0,70.116871281182
80.0,74.44080702747274
43.0,37.55851029936977
77.0,75.96301501983876
19.0,21.050352493852714
19.0,24.032158169644394
37.0,44.83151324279805
75.0,59.76961224118625
55.0,58.82317218194417
53.0,47.75214114318258
52.0,50.163080585145075
80.0,72.71614043494453
43.0,42.600186126259125
51.0,41.9706613708406
61.0,48.666675991498565
63.0,52.65246241494079
31.0,37.02798842154404
22.0,23.42600742305848
70.0,66.13901681681577
78.0,72.90575435760711
25.0,31.664969740129397
61.0,62.1099424346573
23.0,28.682494944738593
55.0,49.8665797058503
22.0,25.33712029656232
74.0,60.09460901131369
27.0,23.55119204860096
21.0,39.703269377068004
53.0,55.1713770257052
63.0,57.2891886279853
57.0,59.56097300837978
24.0,35.78855305623779
26.0,28.907388843396742
66.0,71.36568380018693
72.0,61.930453276441355
80.0,59.297320301639054
72.0,68.30272040673054
61.0,71.36363244612605
39.0,40.77552511590343
30.0,37.76725917731972
35.0,28.44342319493324
63.0,64.34733856472322
57.0,63.034312799734096
20.0,27.4874461016937
49.0,52.86881112947787
61.0,43.624042274220976
50.0,48.71854750758478
62.0,59.60492397239974
56.0,71.97674627077124
32.0,31.478829694234452
60.0,54.83673368104253
75.0,72.54523282447775
21.0,26.311901959961883
57.0,71.23846797422974
36.0,33.830249543718736
30.0,36.41947383563086
18.0,35.10996189648071
19.0,18.091759126894143
45.0,59.05309467908308
57.0,62.98289229521246
44.0,57.14109601756576
37.0,27.000147336794473
62.0,67.3630983486754
37.0,33.66183655168034
69.0,66.31410936452203
27.0,18.375316365557033
24.0,30.55880870870102
25.0,28.034450240369697
44.0,45.692708636593984
39.0,30.629148963181443
71.0,69.9977542664396
26.0,43.62480330302769
63.0,48.26350547251765
42.0,43.86231601275196
65.0,59.27753374488606
24.0,27.456294932958546
73.0,39.466841516708186
53.0,63.819678294059415
57.0,55.892302541238806
62.0,54.7934465256009
18.0,20.209049016956378
42.0,41.29406597726516
43.0,66.96062898211913
37.0,44.033341322599064
49.0,55.38520209865317
39.0,45.97514124823776
53.0,43.715523247061114
18.0,21.139986705836726
33.0,43.08767624453407
80.0,71.20991133657657
34.0,38.86549216180293
38.0,36.34407116204259
68.0,65.01262317657836
61.0,65.98672575209635
58.0,45.388689368929256
23.0,28.032621617704226
41.0,26.855539498998123
80.0,73.89812220396527
60.0,67.40796603483184
33.0,36.73195324453089
30.0,40.433896953272736
23.0,36.98309754030853
73.0,83.85976090429497
80.0,77.02604625453233
61.0,58.00660408330484
57.0,55.864034377463796
33.0,26.59242204590101
28.0,31.89096828434091
68.0,50.726036344988955
78.0,73.97995318704609
54.0,56.94327920751975
53.0,68.68241090861929
62.0,67.93098579755797
49.0,60.126204309419855
32.0,34.59310257146065
26.0,30.917154127316795
53.0,69.49222443445584
39.0,31.36253381556458
46.0,56.94663675078579
52.0,46.72446285797206
80.0,72.7250290352188
43.0,47.504290794948
37.0,46.570966900906534
33.0,38.244434265048966
49.0,40.900464041980506
46.0,50.81869199332555
61.0,49.73796573435866
45.0,45.981584231979845
31.0,55.87766080820498
80.0,80.28986502678357
70.0,65.83082959906469
50.0,45.09172772068119
62.0,58.92304797472335
73.0,71.1054559288634
64.0,62.13802803425647
66.0,62.972881633197886
55.0,37.26364586410619
44.0,38.86689129268879
68.0,69.74103873647903
19.0,21.60854381813453
42.0,49.503305342348646
68.0,70.63745967996536
80.0,74.58982993356729
74.0,73.43501148899533
46.0,31.230740891859718
73.0,72.00812433405495
72.0,73.57135817003166
31.0,54.60895045471356
24.0,36.04528578978791
63.0,61.224561060572974
49.0,58.79773441249684
37.0,40.37055922782289
38.0,44.798649733840506
66.0,54.09245266959633
54.0,56.879090659745636
63.0,68.702869643274
48.0,42.82392038090526
24.0,40.90279876661077
53.0,53.205139608332864
80.0,73.22503751921185
67.0,63.508192851653696
23.0,20.571235609960276
33.0,28.906261323865856
18.0,23.63197522798272
31.0,22.962652092987458
52.0,41.22295044672113
42.0,40.49401508985713
63.0,58.66576656202485
30.0,38.71252540973704
55.0,70.90511747753249
18.0,29.839490534897973
40.0,40.657398722518565
26.0,54.779564062867166
67.0,66.60675274405801
62.0,57.95647806766163
42.0,33.73475114196433
28.0,30.79970677177734
31.0,34.402455310935785
18.0,22.213871631206185
53.0,60.77853803127192
76.0,75.36971680799219
65.0,48.41705428895961
20.0,25.233575456718523
49.0,58.37742232772059
45.0,45.56837741583635
68.0,50.36394103841738
28.0,26.473417514946515
45.0,39.611399061657735
70.0,63.53490603292365
20.0,35.80636616305875
39.0,22.96395753014231
80.0,77.27605521359759
36.0,34.267018119360685
60.0,74.08962139383429
73.0,77.47115324850176
29.0,43.649788595955215
80.0,78.58278426077105
33.0,34.40712769315671
18.0,22.235833576778372
18.0,30.684449948023634
27.0,27.779289520770856
41.0,52.41362136607942
56.0,50.7507285282513
64.0,55.1959561259571
28.0,39.30072446206133
80.0,71.38413222771023
45.0,42.860109971977835
55.0,50.95685267838634
37.0,43.39143746650666
80.0,74.38643429394399
62.0,67.39888931346613
66.0,40.552800982731505
45.0,64.70025006245719
78.0,67.25261869813293
38.0,41.689822086747746
20.0,29.89972506133085
41.0,35.84039202584603
49.0,36.81476812037256
80.0,72.83858187430916
29.0,35.11655043291042
45.0,39.28824313254236
30.0,35.00244123737775
34.0,37.114006143432675
73.0,66.47399697694856
60.0,64.35864808104174
45.0,45.88136272473508
19.0,28.568652504264634
66.0,61.71587830398469
49.0,50.21191041956903
41.0,43.02132727424869
36.0,28.68138558655933
51.0,64.03012700514279
64.0,55.929650928467616
40.0,34.56838865456415
34.0,34.71553196088378
55.0,51.381877258727016
76.0,67.19474968007538
22.0,32.06633849384896
64.0,50.31742317086591
29.0,34.33425519154729
19.0,17.33789427764827
32.0,37.159637826877045
78.0,71.97382312845959
45.0,58.782694813091645
27.0,26.20448782544484
80.0,74.42646063761522
45.0,48.84797581041236
37.0,39.59704881995109
52.0,49.80026701158339
52.0,74.57030129901243
34.0,36.77129893874907
72.0,61.06321202325153
41.0,53.284023174191276
51.0,62.325452710349346
71.0,63.92978342584566
22.0,29.77891152962925
27.0,24.28447348339349
61.0,53.030480201981575
28.0,35.003660608168225
43.0,41.2992216413299
43.0,39.95710557418621
44.0,51.30502751530322
30.0,38.80422285753956
70.0,62.28259917988328
53.0,49.244594253594784
46.0,44.517641625612434
37.0,35.73708564613375
64.0,67.83368778579776
25.0,29.362289039930413
51.0,47.31516294403977
63.0,71.8914353952935
22.0,27.10618845697733
61.0,61.71955521459961
42.0,37.37003880804953
39.0,37.017703354300835
21.0,26.421819506914968
41.0,53.261738064819994
68.0,64.64667031979289
29.0,40.96276606513636
56.0,63.84306638422897
21.0,26.318681432551823
49.0,50.4440300596359
28.0,37.99593426276114
80.0,75.21550906834634
40.0,38.847677171421786
31.0,29.928311975621263
50.0,65.39243883390635
80.0,72.30067503230514
56.0,41.38378042808596
50.0,53.395467273815214
29.0,29.154195411731173
36.0,50.51998723656475
80.0,75.74050345718699
80.0,80.93939809886113
32.0,24.958601247520072
64.0,69.88868692063207
71.0,70.16572115064363
57.0,51.98751747793017
80.0,77.82699082755518
72.0,73.38820153220188
80.0,81.77200227635798
48.0,45.82303677098151
20.0,31.813508946164898
30.0,26.086203015542573
43.0,39.98855169879215
48.0,26.831067955764567
60.0,67.4391369642553
43.0,51.98796604291296
20.0,32.90160436013889
80.0,78.44830427360216
62.0,69.27697583892325
50.0,54.850719552014866
35.0,46.32800804770868
36.0,36.157154441451496
25.0,32.375719839762205
71.0,71.77005191266792
54.0,48.42627284454379
56.0,52.2493104003584
80.0,69.82825301439163
22.0,23.521774388617803
59.0,57.76737815537773
21.0,32.43116378502832
31.0,34.266525273924216
68.0,73.61633641806348
80.0,72.03445785779124
36.0,24.418216775600758
50.0,49.82950980182138
39.0,39.08731636967121
59.0,54.950941118359175
26.0,37.108107438658884
47.0,53.726989625814014
66.0,67.44654476337121
60.0,69.99880149605174
55.0,73.63085702673303
56.0,50.896304448142075
22.0,23.85018284472133
22.0,34.424225610097096
69.0,58.5481259007525
80.0,76.11505496959488
50.0,58.94259449401414
42.0,48.07208961912529
37.0,37.920034703352805
67.0,64.19779262047567
21.0,27.44496978512532
19.0,24.764359735589647
34.0,27.706431109220553
24.0,28.730750178677226
61.0,62.85630188827391
74.0,69.54307854416348
39.0,36.10276506881845
29.0,26.06054871734238
26.0,25.516115511971073
43.0,42.837980938677404
75.0,72.73051824888323
31.0,23.23400793881206
74.0,71.99563876867589
47.0,45.81866360067155
40.0,38.5429742727676
31.0,38.92262702776493
19.0,31.29416991178996
30.0,35.10351823702535
40.0,42.4368482118988
31.0,46.61524742003739
37.0,35.744777463673465
57.0,45.71327158163805
19.0,20.70357509908181
78.0,79.52695005912669
80.0,72.70961172673677
55.0,49.321619090102544
72.0,77.09109855739841
19.0,27.27955582232465
51.0,65.12600056633651
80.0,83.68431929959152
80.0,80.26811141105803
73.0,75.58156880507175
41.0,42.62702940218207
44.0,48.875401492087754
32.0,46.06332333479155
80.0,72.54552487657166
75.0,61.78594471899307
26.0,26.509180654962805
53.0,31.64333554901932
80.0,77.92079289936095
80.0,65.5136931404502
69.0,58.69109437769576
68.0,51.7824900186747
55.0,49.77762967817555
54.0,60.38846841765375
71.0,65.76848453233998
46.0,53.250655192925954
62.0,63.24253978981468
35.0,35.465046434770784
19.0,29.010217398902164
20.0,16.04895782366296
37.0,40.17274539031219
18.0,23.884133422237348
51.0,37.90156069076652
60.0,63.18410215582813
18.0,31.71945408912575
31.0,32.08418236474048
70.0,61.72857161462827
62.0,63.05743133955159
23.0,31.27077690498663
60.0,55.74639759204847
77.0,74.05271200744002
23.0,27.214055564948538
73.0,60.707832850248565
47.0,39.05555130249608
25.0,17.969307867883188
43.0,36.015322282441645
18.0,28.726870848641457
80.0,77.76234889799284
73.0,60.96140061556505
53.0,58.87235812829792
67.0,53.85681148103717
46.0,42.04519822721045
40.0,41.98694522131717
63.0,61.74883729844783
71.0,75.53241603233086
58.0,58.23546583445126
36.0,49.19898750795128
32.0,37.6052553399937
57.0,57.26284321431239
65.0,64.39684843421132
51.0,49.78620584359574
27.0,27.026976258927167
20.0,22.307697832001566
18.0,19.553059035108358
44.0,30.66104639423739
69.0,63.28795309206602
27.0,26.47844719005057
28.0,26.087872858390334
54.0,47.88128430487434
49.0,40.050693792554426
36.0,62.54143391393904
68.0,70.02649946162495
73.0,58.02814541598554
20.0,32.59251543067428
64.0,50.51714143446667
36.0,51.961331576938214
19.0,25.09537909584043
22.0,21.964600358778327
54.0,64.70676025963265
18.0,23.393781441670484
64.0,66.12776200253943
27.0,29.798802000204162
64.0,53.11194343380602
63.0,57.68605181280526
66.0,51.16186240763954
25.0,20.693898338500293
34.0,24.523359398364526
36.0,50.039921288905454
62.0,56.56709790900804
76.0,70.39089680491868
25.0,25.459352052158142
19.0,18.49440719946553
49.0,43.73005003239225
25.0,26.141100502541367
19.0,23.162517143911383
38.0,28.974965710385842
80.0,67.74033921937824
42.0,52.51535929401974
38.0,33.27108342582502
71.0,69.04335802882461
31.0,29.14655067625868
19.0,22.661950376633822
20.0,28.448759719475476
68.0,55.46581318787423
80.0,73.90842980306523
32.0,46.50701450919732
72.0,67.79029592561417
24.0,21.42483945601804
28.0,24.561415450362286
20.0,25.788255848581287
80.0,67.99852074648052
80.0,61.084101594760064
37.0,35.97380742855494
28.0,29.203432575961955
73.0,71.50914107141271
31.0,45.41272033065244
64.0,69.38227690255404
28.0,22.77602664298579
33.0,31.071285707381335
39.0,41.09899666417046
70.0,52.94818489122515
50.0,34.2834676817966
21.0,26.079936704142142
74.0,66.24907957883798
79.0,75.84632953210794
38.0,42.172757901021036
38.0,37.22361060631203
39.0,44.042920484293866
76.0,76.58862839307498
44.0,47.19256657377843
39.0,48.474713620898456
71.0,69.2145830587632
26.0,29.132330124235025
50.0,64.81918900326899
44.0,33.69136419602894
36.0,37.39461568102294
34.0,58.04044847955367
53.0,59.651508539012454
21.0,29.59291373750005
32.0,40.80007949564986
41.0,36.94911887233874
24.0,26.13919195752383
59.0,66.40632425730686
50.0,42.12836541071836
28.0,32.790905568496385
57.0,59.55593156267565
43.0,38.76183963649698
23.0,32.4093966188154
67.0,62.53966819552318
24.0,19.60180239695834
80.0,74.36377749050736
57.0,65.50090217839912
65.0,52.988128829989556
70.0,66.86363831624345
80.0,81.78128874724901
49.0,47.00320636129546
74.0,53.577378997270706
35.0,36.42252219877536
45.0,37.335851892840346
35.0,31.469682193777636
57.0,59.24015640108997
59.0,60.949484166631
20.0,29.723404976370066
25.0,48.31437261099942
80.0,67.1981681342721
19.0,28.665693634503736
54.0,40.93678332999264
23.0,18.071195140110195
50.0,48.07530570208352
24.0,21.184872530582005
75.0,76.01027152806822
24.0,37.138233009718874
60.0,48.55057363397549
65.0,63.33065215997262
42.0,57.74999849021137
33.0,34.14083273684362
18.0,33.288341654693646
30.0,35.30760790038803
22.0,31.44218020535324
29.0,46.08821355338714
62.0,57.23589774906685
80.0,76.67910837240407
80.0,70.24600882708192
31.0,42.087740551679
47.0,51.6763254413512
51.0,48.750322260958825
20.0,24.17049741594053
80.0,78.37962273633427
35.0,47.60500511892372
23.0,19.09760215038068
65.0,76.06648066606036
60.0,51.42922431782937
78.0,75.67467102471889
66.0,63.60196715928932
61.0,52.46490561610435
52.0,59.93220355162194
49.0,35.266509146987296
30.0,33.260351875698774
29.0,35.74872904376913
28.0,31.04105174271056
53.0,46.381724262201054
22.0,33.89356989088477
18.0,30.794465320590074
51.0,57.21986768737838
72.0,58.49803130750369
41.0,54.44346904557964
37.0,38.825936473453694
44.0,36.56081315672599
23.0,27.836749181875355
19.0,23.054820015586138
60.0,63.462512551859696
69.0,55.20915637924132
20.0,31.779637746330145
59.0,59.72720434184746
80.0,71.38726156025373
26.0,34.33488304217728
18.0,15.795402401417869
77.0,66.7027929571144
55.0,50.27848250832498
39.0,41.53449754131504
45.0,58.83112538527438
25.0,31.80122221207931
37.0,43.995490470129354
80.0,76.28978991737563
43.0,37.39006340416078
53.0,57.18237209049416
26.0,34.518281447549285
80.0,77.42709745885001
22.0,28.370334471510695
52.0,62.689763549412895
60.0,58.33941245070471
51.0,52.75796326423302
32.0,47.922994491053984
63.0,50.00113546667825
64.0,55.95000273404608
19.0,29.611441508864452
47.0,28.39684568732486
28.0,44.09744993006625
22.0,30.627429260485755
61.0,48.94272538882274
53.0,32.83385488916972
30.0,27.71717274899875
59.0,63.13017040783843
62.0,52.8698545903683
20.0,26.791636690682214
23.0,32.9092345650333
34.0,35.148229367716546
28.0,32.61476611199453
58.0,68.12603362295475
80.0,76.42831863967405
59.0,57.315215891526556
25.0,23.92718962039306
63.0,65.14801516174506
30.0,42.238031580212194
73.0,54.51355248829488
73.0,67.96226949007959
43.0,52.843736583956634
63.0,57.900322296844635
43.0,50.541486339333574
69.0,64.37094482065356
63.0,58.51776811083374
27.0,26.61639343643026
27.0,32.03217070374849
75.0,77.861628945647
26.0,32.549705122570415
33.0,34.71551602054205
24.0,32.2631867735682
42.0,41.204953263200665
74.0,63.7915859259917
77.0,70.41809925926954
58.0,61.46331079870818
20.0,31.297246991615378
29.0,40.84048488250335
68.0,67.18823300158544
29.0,45.68013587750748
60.0,60.665013916878266
48.0,49.24947421096268
70.0,74.30012652942766
46.0,35.93125568301654
19.0,22.637614559821444
73.0,65.91369892217595
22.0,32.53780840574739
29.0,45.92564213128847
25.0,21.600301106890765
51.0,61.31643460648302
22.0,27.234266772726123
47.0,56.153748315706586
58.0,64.10145836584384
64.0,66.06188815293807
63.0,64.29152458470942
18.0,45.586122085496626
19.0,29.200117057030525
32.0,39.10011400955018
48.0,45.587181350435166
33.0,43.488201546000546
36.0,40.11157280838058
56.0,62.57227811044847
51.0,72.26055658333829
41.0,37.42638681275212
71.0,68.57353748919968
46.0,40.8784883694761
75.0,74.12980623950108
80.0,79.11280077940692
35.0,30.744934824426746
80.0,77.93225767472279
29.0,24.7832231751366
26.0,31.195477828738024
62.0,56.73580549847518
36.0,34.91905852744006
27.0,33.364649100258916
76.0,69.07018155139927
46.0,44.40214946899874
61.0,76.53485550165738
62.0,64.86946239454267
63.0,50.36992448963063
78.0,82.49896484462694
57.0,44.60790422309811
60.0,59.91047905831662
49.0,43.52503974296968
31.0,38.236907132215194
47.0,42.341077302996936
51.0,38.087720120122064
80.0,75.59621628875914
27.0,42.38729423717728
64.0,57.9498779518231
41.0,31.948884926042155
51.0,57.53077204808488
24.0,27.1824085418169
49.0,46.38917422568593
67.0,67.09975925405386
66.0,61.43178898311504
40.0,30.41542234025645
58.0,57.07342735642406
32.0,40.425463520384405
54.0,63.04613606332958
80.0,70.1077133005213
26.0,28.499335267542435
50.0,43.21903807042123
31.0,47.47925686997649
72.0,73.03785782156768
31.0,35.20128191432967
55.0,59.94983658135445
19.0,21.854235406830732
80.0,72.54284457570282
60.0,58.909649361783615
42.0,43.854214392689876
18.0,26.510685713514057
54.0,34.252432201877276
30.0,30.98774766056973
52.0,48.726901920573994
55.0,62.46751677949111
62.0,58.07329412722749
18.0,32.21173889497402
78.0,73.37719547093653
29.0,31.441922877785665
20.0,26.907029670437094
46.0,40.722066810233464
65.0,63.384490686219515
79.0,58.67705887263373
51.0,55.14620735914523
28.0,30.508706306172858
73.0,66.43902275030031
32.0,44.656630172586986
47.0,50.01878201520851
67.0,36.6079733377248
63.0,45.890544809194495
26.0,28.671286505054486
23.0,27.975787780279358
71.0,74.3114516467851
64.0,55.89455506942081
58.0,44.661179862193734
51.0,49.10796895279307
52.0,58.08302807175789
64.0,63.22218891780775
18.0,26.495035982960555
34.0,38.521104833894995
19.0,25.627278691779306
32.0,25.94367818264912
71.0,62.92093169118459
80.0,76.83834022421529
38.0,50.22484743793341
58.0,58.85687168163047
37.0,50.122415110399416
36.0,51.03673513145147
32.0,30.235433628902676
46.0,34.18830639878391
80.0,70.946026588135
22.0,37.451249198201744
19.0,34.12602512198761
42.0,54.19735605793594
75.0,65.04706857164845
30.0,30.326380747377264
49.0,46.71026079247206
51.0,53.65056329749384
26.0,26.60175180274596
80.0,75.14287477595828
29.0,33.53226266614846
74.0,81.54185257546781
66.0,69.33755139281318
38.0,42.76952312530233
26.0,30.98466125573909
52.0,55.040154130291185
37.0,35.593272717998275
27.0,40.820249453731925
43.0,37.166751281229004
62.0,53.10509802516186
55.0,54.66617117129151
41.0,38.72371148139984
29.0,40.74996554224087
22.0,32.34070677952017
61.0,62.47633277041386
21.0,29.851291828527557
61.0,72.22022792606464
70.0,71.77637777203275
64.0,72.60392657029513
62.0,63.26277404585663
57.0,37.08238933868508
74.0,63.97550591080161
77.0,67.00278326472707
36.0,45.75677005874442
18.0,21.218036872790577
71.0,73.57468408110081
21.0,26.881213259873178
19.0,27.809970993393407
33.0,29.472315737366994
30.0,27.03258485778667
40.0,41.60688996725884
35.0,46.19930466402753
54.0,57.84654168866747
24.0,32.04008314241853
22.0,20.016510569902106
78.0,76.9256852031616
52.0,61.069198265809824
61.0,70.3813350307199
70.0,75.33873743037813
62.0,62.80724709365746
71.0,66.2174161640454
50.0,50.46074331972861
46.0,32.87922194110016
33.0,35.55763201170406
55.0,39.23298133073946
77.0,72.68016009288452
47.0,53.85611450383753
80.0,76.51194190701509
50.0,46.163604149441504
29.0,38.687571975492155
78.0,83.17181763015735
61.0,73.96754191349126
39.0,28.698117546020395
18.0,25.691232193678733
60.0,45.56404657833148
63.0,51.085339835052295
65.0,42.130020149106564
62.0,64.86663059677977
35.0,47.767242427127634
75.0,68.7250556604785
40.0,29.50055073344101
24.0,32.687440067274466
26.0,27.110323523855214
28.0,29.0909476698415
41.0,56.93889321714066
52.0,67.52568386451152
33.0,41.542696736600234
39.0,36.15366130491321
62.0,66.60750215628461
77.0,73.96669345267067
61.0,58.56659937015052
18.0,37.08755379134014
51.0,31.6413358478442
33.0,30.80427103921679
41.0,61.145744006264955
45.0,46.699763458105735
19.0,26.940165610028046
44.0,40.01845929107357
52.0,74.47188682879187
30.0,29.091541579053878
50.0,45.24304492235313
80.0,77.94556276278173
48.0,62.39317075146775
61.0,50.99456596260452
69.0,68.6081232882902
52.0,58.71542780110612
39.0,57.19429975357947
69.0,60.85404676852398
53.0,46.050134232969086
44.0,31.16420596919848
25.0,26.363215609090094
77.0,76.62077491195198
54.0,53.01585282390734
55.0,54.31845794723518
62.0,54.69360641548218
61.0,60.816450564617305
32.0,47.643480008473155
52.0,72.70007005985833
55.0,40.623594306362854
80.0,66.28676966988134
68.0,63.518513039867386
68.0,60.47684917724588
54.0,49.37340913771331
63.0,51.04800298901267
43.0,44.92589429810388
45.0,49.641762342486494
33.0,36.73341033997711
64.0,63.34281482031125
80.0,74.69059128698771
29.0,32.052760264932886
43.0,32.40209289837776
20.0,17.63611772621017
74.0,68.85997942518263
68.0,71.78461949715027
22.0,28.43629690611841
29.0,23.76199304876009
45.0,44.59772136249895
38.0,39.53449042499594
54.0,45.10454177351265
28.0,36.89548745841235
48.0,35.63661245571152
74.0,72.4334490588591
56.0,46.27395339240951
35.0,39.17488928300004
60.0,65.7173921237401
63.0,50.929218395559616
52.0,39.89056700547769
75.0,77.42140478373858
61.0,52.693503427833704
62.0,66.79344510560416
26.0,30.982541928819476
80.0,76.9296612526314
67.0,63.396337982356016
59.0,58.912861635364465
60.0,60.782386693219124
56.0,43.01073720189218
40.0,38.894253841230565
48.0,41.20889036660795
58.0,67.95072690384319
36.0,28.07677963361292
31.0,38.87386507724134
62.0,73.203538123362
22.0,28.04203427045153
51.0,52.789660470038406
80.0,53.59742894384337
80.0,77.91643509542945
61.0,66.77042171623374
70.0,53.51755072004071
18.0,18.707470355662235
72.0,77.1042108654986
69.0,63.810668425606714
18.0,18.254818018184213
32.0,57.87426986068372
27.0,34.783099522343264
80.0,72.34830786718604
37.0,47.56878439434494
37.0,41.75342852845564
20.0,22.083236791051238
55.0,51.27649776233856
26.0,34.033938216272176
34.0,46.31064109323508
23.0,25.423865416529654
23.0,25.6413907787825
39.0,33.26206729817418
73.0,55.78477153679574
61.0,57.4352041402427
66.0,67.47086555965811
72.0,69.58239806802433
56.0,40.09840247253086
74.0,74.91998513043731
46.0,41.55922364314547
65.0,64.64956045813696
58.0,68.6878456634095
44.0,29.168296771014877
21.0,24.48258926204535
69.0,65.29879202303941
19.0,38.59863302039046
48.0,30.091441338045566
73.0,47.11975989878815
60.0,64.46049061878698
23.0,27.492505398047864
18.0,29.23434475522913
32.0,36.17604513213236
66.0,66.63078579236384
58.0,54.76622397031506
41.0,43.89388729662425
80.0,70.57699023486234
61.0,64.92690463649039
72.0,63.795271725161506
63.0,56.034874135226225
23.0,36.18444079859371
23.0,34.48326910845004
79.0,70.6920194378713
80.0,82.02236996133723
77.0,74.02146668352577
80.0,71.8188083745127
62.0,63.51417420052027
25.0,31.22688789797275
45.0,48.45058216216992
57.0,57.205510046282534
76.0,67.49923182790205
80.0,77.25399546841602
37.0,31.875012095931588
27.0,24.16958975981824
43.0,47.81619653855216
53.0,51.41007299309344
69.0,69.03154563122023
32.0,47.2162724206476
18.0,24.34653757185718
26.0,26.625312812718352
55.0,59.95465986804579
34.0,31.766421534070734
24.0,39.706600742690156
80.0,66.75215793213016
65.0,64.73597843780728
80.0,71.35072482515449
79.0,63.516577667594625
55.0,50.056368723300906
19.0,25.681352492823745
44.0,39.48147382606498
68.0,63.66940262190188
46.0,46.82771723977687
53.0,58.63595670252683
22.0,16.67000854335993
80.0,75.77720437487257
68.0,69.86881189275036
22.0,29.618583406693165
34.0,26.777873200527242
32.0,48.78372102709899
27.0,33.54648986348211
60.0,55.83639432828616
22.0,24.751444763627266
24.0,36.05502411363156
34.0,47.56113612037585
57.0,46.97435431644204
18.0,33.044824821866385
26.0,34.58800953977239
60.0,56.30138937682379
38.0,29.75429300485464
25.0,32.78531824001271
43.0,45.48007510870798
18.0,22.063396693230363
58.0,66.37479183301495
32.0,33.17765966780564
21.0,31.109601929949587
43.0,50.188620657003824
80.0,78.71964488284634
32.0,39.755447049281734
30.0,24.670525683191656
20.0,28.803335285645222
61.0,53.686092801022575
35.0,34.729389817887956
32.0,46.75185287663898
62.0,62.33429363506532
28.0,32.76898202688227
60.0,57.74217836157219
55.0,54.462749993600575
61.0,75.89918979466817
53.0,48.31635664133914
74.0,59.703166235043255
62.0,73.30630931555807
59.0,57.41141691292121
71.0,68.20753916516661
39.0,33.17061776611244
46.0,38.518023034406696
32.0,35.19667202433259
59.0,58.499143151243075
80.0,81.04257488771843
33.0,28.496102876615677
80.0,76.69048422550446
51.0,58.58690724295657
62.0,65.07996693564125
67.0,61.86986113650121
66.0,70.182583513277
35.0,38.50351387177618
57.0,57.44734001905997
55.0,59.5356422149056
28.0,27.533023624175513
60.0,59.351258644613985
63.0,54.71965052611851
73.0,71.1046924026485
25.0,49.64564502061008
22.0,21.587090972714584
56.0,56.81933077383894
19.0,34.803324752519075
43.0,43.75446173019092
60.0,56.6363104372281
29.0,34.21864995298444
57.0,54.12104769713078
80.0,74.5532094826283
36.0,26.881001628010402
57.0,54.0682219962161
64.0,68.77083089322612
31.0,38.49041482817944
56.0,67.57782488232178
73.0,52.17584265353937
71.0,64.62222912688901
51.0,61.41310251279168
47.0,49.40442539698311
27.0,32.417690513967926
21.0,17.349263342070387
80.0,79.2731273377745
42.0,39.44953638253497
34.0,42.95699204263053
76.0,69.62693988324394
56.0,52.75876197435918
33.0,36.459536832938724
52.0,46.94506025876074
63.0,60.81279496222395
70.0,56.489894982094576
80.0,78.14762657175358
63.0,46.64208598449196
40.0,47.51220856616568
78.0,71.03930803335425
25.0,24.247915599127236
80.0,76.60030199215902
19.0,22.88884187982914
27.0,20.424574821302535
54.0,58.33040559552097
51.0,45.71290254720722
44.0,30.61087334708592
72.0,69.23700760386984
54.0,65.21463445470101
44.0,48.3402537693595
29.0,33.94384650105526
47.0,57.08492107247277
41.0,55.35933060248144
71.0,65.43324633390527
29.0,27.349819320180696
19.0,15.726491509830023
78.0,77.96473602379842
66.0,63.68963148940418
63.0,66.63543308736914
57.0,58.69157352162028
67.0,66.7110113045836
52.0,52.511231081334444
66.0,63.8822408596962
19.0,26.331934859019025
54.0,54.290651076983465
72.0,72.04542994018904
38.0,42.61069810929235
64.0,63.639239018547805
71.0,64.45648696698245
65.0,72.98558209350317
28.0,31.137445979614668
52.0,63.3594309988989
56.0,35.40199151813773
19.0,31.238245073379677
63.0,54.39997711531801
24.0,35.037650882845405
70.0,52.30083250160142
69.0,65.15370837159989
27.0,23.154357109107643
35.0,53.81732701026722
73.0,76.32390126214094
19.0,26.722803502684133
67.0,59.500021685566374
79.0,68.54760720334859
32.0,41.16204661697702
19.0,22.269419556324973
59.0,45.769995270134544
50.0,27.963704764723236
22.0,38.2950263765487
35.0,29.287146736660013
77.0,68.1337684203255
50.0,55.901627368168775
73.0,66.20056314853099
34.0,43.17566878009209
18.0,21.02583474331651
80.0,72.35046129660782
26.0,39.80489757971815
72.0,70.78995098584721
42.0,34.0203900426089
80.0,80.15369447052404
80.0,73.38074374868785
44.0,50.614108718305935
30.0,25.117480933802376
38.0,53.95093781875624
62.0,61.79318958479469
77.0,74.05952825871486
74.0,72.27471742313229
61.0,65.53197557912458
19.0,19.098239718934163
80.0,70.76274645356412
45.0,41.558453224087465
56.0,69.4798992152992
69.0,62.804836540083016
60.0,55.80214050716839
23.0,21.62108563352959
55.0,53.53751323544868
60.0,71.9676628486796
20.0,29.410608128604192
33.0,29.85056407220404
62.0,73.11367484306727
49.0,57.56489725533761
18.0,30.668676316309107
47.0,38.72668166911366
47.0,52.45764413113103
18.0,22.185265293164434
46.0,41.41505127869622
45.0,25.744631073886875
80.0,75.0621129071344
44.0,41.825898894245114
80.0,70.97204698036056
41.0,51.689706911431344
56.0,66.92016589438558
51.0,60.89442185817689
38.0,28.32142548635053
38.0,30.51361658554148
56.0,60.09932188342906
59.0,63.374553054395
65.0,63.07365460758477
64.0,61.53547036505405
23.0,33.989219435481104
19.0,30.234214558971104
63.0,65.60710595442407
65.0,66.01059851737003
45.0,39.14264482197327
22.0,32.73473986077409
18.0,28.0161049603858
64.0,62.918797713163144
28.0,36.32000052704611
23.0,24.965016822958642
66.0,57.28502923631379
31.0,42.69589716297364
18.0,23.285989338907743
53.0,60.00671491084526
50.0,60.23631358495279
18.0,25.231285983466112
64.0,60.79213803912542
65.0,53.68476489397909
74.0,66.74858107099503
19.0,26.043297052474497
31.0,21.616685642266262
75.0,75.32318722491024
33.0,41.40756091578816
73.0,70.94710171052081
64.0,65.90419259444948
50.0,42.79186293898953
31.0,30.306564790724366
52.0,46.254139653297486
64.0,64.67911585878035
57.0,60.80817505505054
73.0,67.32719744545248
49.0,41.34354638615153
39.0,29.98738729170675
29.0,33.99314865482167
70.0,72.13845258909356
60.0,51.70608798526491
64.0,49.94032097574822
59.0,66.48923816720419
64.0,60.38505047609177
73.0,65.3730953080316
80.0,79.25185217197486
59.0,54.026686633556814
35.0,32.22257120044654
45.0,45.584996303804616
45.0,56.56855577858134
23.0,33.15659632219229
65.0,70.18147202167627
21.0,27.24081402919036
63.0,62.92517283828097
69.0,60.01712751124801
70.0,67.91156112154135
20.0,29.12513071180111
45.0,44.111280960553266
80.0,80.15444189499878
72.0,63.97175487733274
80.0,66.8699863809305
37.0,42.08487848768475
36.0,39.74288477489037
60.0,60.70884812654843
58.0,53.221833759100164
67.0,73.51502085697369
68.0,70.567719367852
18.0,21.301394327740095
43.0,43.14744871487016
69.0,63.48562264592791
74.0,59.74320921919
25.0,33.30825253897351
77.0,72.62782502207762
80.0,64.2297761170094
56.0,56.568055033495384
59.0,60.62287652443473
80.0,77.56945221967803
26.0,34.31837637786401
73.0,61.096066179858205
19.0,19.217599819389115
23.0,21.540929003638528
53.0,42.13789900361179
21.0,22.32245353355995
56.0,55.26990886667068
43.0,42.49058037650435
70.0,65.21055918776956
67.0,60.27741215151212
27.0,28.885255947394146
29.0,27.466755032426097
74.0,55.18707471745561
48.0,41.95220932703748
20.0,42.71582872068047
74.0,75.09232801060672
38.0,39.590467374678184
41.0,39.39501798494651
39.0,29.161793277315716
57.0,69.24661678922133
29.0,29.309219231772005
18.0,23.045159022902723
72.0,78.1291170103945
62.0,62.96120683587677
18.0,19.3878919543762
69.0,47.737376117506464
57.0,52.81765521564899
44.0,44.0373759157882
57.0,60.052962658650465
50.0,44.445264189073214
67.0,40.77009055633569
66.0,73.08186454023745
33.0,27.94047356248162
65.0,72.09247481084122
51.0,57.824452523040094
18.0,18.12607827501911
76.0,54.56180909212664
57.0,58.91117907064926
22.0,22.822876978349854
19.0,29.500128386385008
73.0,65.96106120647369
80.0,79.55826228949988
67.0,56.138997226555574
47.0,33.757587718669875
25.0,40.89222251821961
64.0,65.12289362689107
20.0,27.05445916200584
46.0,48.357071624936104
77.0,73.04672109585458
70.0,58.46854702314692
58.0,66.40659389745379
57.0,63.79452817441011
35.0,34.93095961614201
66.0,57.61334768711421
21.0,31.069621370356153
56.0,51.45686065696768
45.0,38.17992851255686
36.0,24.399477085974855
28.0,22.302272848890528
36.0,41.25542685398481
59.0,67.32882161191358
42.0,49.374659400825124
32.0,40.411935934747724
39.0,36.18168718082862
60.0,58.858686888711766
36.0,35.64534119531146
34.0,37.10973993885534
28.0,37.63616370843784
61.0,54.97553030098371
18.0,29.264349529213064
36.0,44.26470839844524
47.0,60.2670940981715
65.0,67.64112825629883
63.0,57.006289906635466
80.0,77.88952991126366
24.0,26.195169287419276
59.0,42.31697940301034
26.0,28.756161023607863
36.0,41.83454541821219
41.0,52.38620249187736
38.0,43.71494543530981
33.0,34.73112210089054
67.0,55.41303055098105
42.0,43.35225982126264
59.0,49.125455799749574
20.0,37.841961514937026
23.0,50.060074608507996
75.0,77.76867166964313
46.0,41.92889035954208
80.0,63.36870001692995
54.0,51.60576200361973
45.0,62.48194401519566
49.0,37.147179425915425
48.0,38.67581624355414
66.0,72.56137259046011
31.0,31.992069805279833
20.0,25.267783125918466
60.0,59.18300834714825
27.0,38.17198794269852
23.0,22.85274045107652
28.0,29.62023603410632
80.0,81.44794866352842
43.0,43.267703344719834
21.0,34.657220046041004
79.0,76.3737376910463
25.0,26.144837963646978
34.0,34.45626713879752
65.0,71.02908365535853
76.0,75.39686433835384
80.0,79.88288540141562
55.0,53.37585104479564
57.0,65.79037611343354
19.0,28.064644466588145
43.0,63.44297159866236
53.0,57.4225687586781
31.0,38.163370250096584
50.0,48.08018111372522
75.0,56.85490243599996
63.0,58.690593631875636
58.0,49.95556037815467
73.0,57.463168509047705
64.0,65.99266034629272
59.0,43.83619718615727
70.0,61.102008352527434
76.0,76.41104041738315
63.0,71.21048158287857
56.0,50.81314998123001
41.0,39.43933878115046
78.0,61.27683398157814
53.0,58.538279881794956
51.0,55.922495368898794
45.0,38.01937899199505
37.0,29.971880159229578
40.0,33.563086563249584
80.0,78.80016816324525
61.0,62.553207133418205
28.0,33.974612493140285
80.0,74.5622273281846
37.0,41.26052258911476
49.0,54.666313591045615
18.0,25.344713539108007
64.0,60.19943108799715
28.0,31.623169191632904
54.0,60.06000443637501
22.0,16.35163704078773
21.0,27.671374132341544
66.0,54.16528489451656
36.0,54.68557411099102
65.0,52.503239896045734
37.0,24.943789457613992
25.0,23.278650847406965
70.0,72.17791626065352
53.0,56.660259454864196
36.0,39.68780633883269
66.0,48.87806415779396
54.0,47.25550906160839
34.0,49.20000600990184
71.0,47.61757215294255
76.0,66.48926567726379
80.0,76.2429071814735
62.0,58.74934891000897
38.0,38.68299486895699
67.0,59.922882193042476
48.0,46.78465160792951
38.0,38.42810449718161
51.0,49.43441738573611
59.0,63.35558311311552
18.0,25.030399078345514
30.0,33.47016818713094
37.0,35.9713750056698
34.0,41.98765566410984
23.0,23.68103349933628
44.0,37.33478546489887
23.0,21.039557195846943
66.0,53.20677838645701
58.0,53.22101796315876
67.0,68.65518370037871
31.0,24.779661287627142
69.0,64.87772232244683
73.0,70.14804382774582
70.0,69.24034909839557
56.0,58.528190638833856
64.0,61.770170014426064
51.0,54.01704910534169
64.0,72.94945140610486
30.0,30.863256548616384
33.0,47.37521471160779
71.0,65.81800660661801
28.0,34.9596627169491
80.0,60.60774428420244
51.0,49.991204058230025
27.0,49.79679475165274
62.0,63.54161749299193
24.0,24.195081560711508
19.0,21.223032159191217
28.0,29.372439260320984
46.0,47.9090941643004
77.0,70.56173859699294
49.0,44.68055778018765
50.0,36.995756336061056
45.0,44.887496100708226
32.0,26.321908585569304
74.0,50.98881669161219
59.0,56.14216102490218
57.0,57.14516306586599
63.0,60.00642274274679
70.0,74.82555653431015
47.0,53.03845050302798
21.0,33.47105575114829
74.0,72.169662146172
54.0,44.729318478421746
70.0,76.50906836668896
50.0,39.2105526935694
18.0,18.08056527170589
50.0,66.11805833210417
28.0,37.072771375844376
66.0,61.36458377111832
54.0,69.7199546477056
28.0,22.49257783433324
51.0,39.94897503301569
39.0,22.282842984365942
54.0,60.1377366843662
22.0,25.5412835471238
38.0,33.75157570524445
67.0,55.45283347789569
18.0,30.61476008132696
53.0,48.30878714697822
31.0,35.8965104105628
53.0,48.3715151399585
27.0,31.255331585197624
65.0,61.101846879890765
25.0,24.591250056561538
45.0,48.00239841731472
71.0,63.80799833082679
74.0,42.774591007690745
47.0,57.50143736656364
78.0,74.61506473841517
80.0,74.64230803996004
22.0,22.221471057313376
40.0,26.459779201159428
21.0,25.400355596213775
48.0,52.91160263675758
66.0,62.19400595874732
32.0,38.48626537726256
80.0,73.68734065562873
52.0,37.596922696395616
78.0,78.69816853765894
55.0,49.63934381582178
56.0,59.120539468157865
45.0,64.02279357183605
64.0,49.20659465006991
38.0,31.8388625184207
68.0,65.53057494514265
21.0,39.313270743065466
44.0,33.15283019329603
28.0,26.5994282153653
22.0,15.721326955674122
51.0,40.41727714712273
58.0,60.80900801537559
64.0,73.05243614650333
65.0,54.888999318311754
18.0,19.656928412350616
27.0,36.257902772802275
73.0,64.9720088362495
28.0,29.012808163996326
54.0,44.634168520868535
67.0,59.09977081513687
59.0,33.121849538638486
56.0,45.56682774470835
28.0,37.07099021197605
30.0,38.324968227195704
72.0,65.01048564064943
28.0,27.37097691515192
21.0,27.824165691802015
34.0,36.72890306402574
80.0,76.4790109333265
20.0,27.913051675309436
80.0,71.72232390010194
31.0,45.55990251736384
35.0,40.62483065988302
35.0,42.9247816649332
53.0,46.92096758082512
56.0,31.038370801817376
59.0,52.93157709755622
62.0,72.81732905092066
30.0,46.372343051421524
56.0,53.59111269156072
35.0,42.126311761639
61.0,57.21475137139933
19.0,36.26239979296829
42.0,38.29094728105647
44.0,58.55398729740496
51.0,45.68217676369599
54.0,45.13630863649768
66.0,65.84886925040196
47.0,56.60436639139886
63.0,65.18578158357981
28.0,24.823381752881406
49.0,57.306642228787894
40.0,38.2576212220107
62.0,60.49544337178746
66.0,80.51610609333007
20.0,23.756979379981782
64.0,74.67910720264759
43.0,49.87762477790236
27.0,35.18022064851348
26.0,47.358075750332816
55.0,55.01814802342643
53.0,42.369762650330784
23.0,33.88376254721863
22.0,25.766404385435962
26.0,25.842037931207702
31.0,22.053669757435223
19.0,19.187313337765584
19.0,32.042240730907686
34.0,17.986748991548588
32.0,36.15116321107783
19.0,30.090676115348558
75.0,69.79332442682643
25.0,38.4640593813287
41.0,43.68851558476704
23.0,31.6754616530319
49.0,46.43229667140446
42.0,44.63351054477074
62.0,61.5615603922146
61.0,58.72387303420554
62.0,49.871287856802084
53.0,55.20938757037414
38.0,45.23808266185263
45.0,46.589590578246195
39.0,36.31060009798505
33.0,53.59405033664143
20.0,29.092041993823738
70.0,64.3778537332364
55.0,51.327117549677205
21.0,26.87884078773107
20.0,23.99763247895824
39.0,55.04355953664913
34.0,30.17037069263717
69.0,71.3801229987208
59.0,45.62288952913615
55.0,57.4049587913667
50.0,56.81579343163581
66.0,60.546145913862
53.0,62.38716005159649
44.0,41.53833545962794
20.0,38.0134915070987
49.0,43.79918837522061
20.0,26.011587771517135
66.0,48.90212843856966
53.0,55.06368736687524
44.0,27.817918215060324
58.0,44.46910053249709
41.0,30.452358850079182
68.0,74.09334208812119
44.0,53.08250700743628
64.0,67.9461073064332
73.0,53.53622173487318
72.0,73.48946364868168
72.0,74.28194420612617
48.0,55.599920660043
80.0,67.24346869437353
19.0,17.086056003727485
18.0,28.611493434896403
31.0,26.46281906160946
68.0,67.07534695484841
26.0,35.950822516154915
63.0,65.20970268228336
71.0,70.60277715087034
49.0,47.90797808668859
68.0,58.7770139889544
78.0,72.5100424662282
23.0,29.41918654776237
30.0,32.95739848353652
39.0,35.96167782098529
72.0,71.5423665054199
25.0,27.988948157870094
23.0,22.205734514424048
51.0,36.900735561532755
37.0,32.06691592870218
30.0,26.60516546389911
30.0,28.040497555377726
80.0,72.9614703637569
36.0,46.345925581186165
63.0,53.660183436240814
67.0,80.37196628824086
19.0,27.044764353044865
75.0,74.4300863056847
73.0,75.29356687840185
36.0,31.807578584402073
80.0,78.40894108139727
42.0,38.679838737875706
59.0,61.858246764784
71.0,70.94562499936345
58.0,62.81617934352687
72.0,67.07040834723094
18.0,18.36462128926528
46.0,47.417417663630715
38.0,41.16236917194024
19.0,24.843491467708294
56.0,48.85280914946484
23.0,24.36479455806747
30.0,28.559802287272593
49.0,45.68322265337081
23.0,39.66792368477111
38.0,32.20736395812127
24.0,28.462509338635147
27.0,23.09806739074934
75.0,79.02186096462687
58.0,64.34003542681756
54.0,67.68955290944832
32.0,38.7246152170087
75.0,79.07330156218349
50.0,32.787116299008424
22.0,24.744854673648224
32.0,31.120155947174013
65.0,47.897922494597005
70.0,67.68819447727182
52.0,64.05183669077816
70.0,44.15451343014012
53.0,54.523128476690786
25.0,24.257839091564144
80.0,81.13771254037233
56.0,48.40963583261697
40.0,25.045049334094394
45.0,36.354323384128946
64.0,62.05727216661863
58.0,55.89047020908029
69.0,61.97189655956314
80.0,70.30116078218128
18.0,31.147965830885447
53.0,48.229954479359535
49.0,32.70008627593796
51.0,71.43740073319205
46.0,49.01166427367454
58.0,57.145128831522406
32.0,34.68279551016567
80.0,73.41295380760685
63.0,64.86362423465775
59.0,52.99108266507997
19.0,25.165923954189328
49.0,41.92746583013788
45.0,48.957289199838414
30.0,40.22340324328886
62.0,60.44349551595414
67.0,71.14086256634012
20.0,21.58813951908751
38.0,47.00647119682254
46.0,42.69464922470626
23.0,34.97799897403658
25.0,27.173152915241886
62.0,74.49351523611942
59.0,57.17723589766688
38.0,50.929054779776145
36.0,43.45902114727587
26.0,41.004070190475765
18.0,27.299590010454004
22.0,29.50491619155476
62.0,55.37741760757903
80.0,76.48935146696915
43.0,31.211471360331917
21.0,32.62520867919603
28.0,26.014240742202364
61.0,31.52468893225092
22.0,44.24774266354432
61.0,53.54479611783864
38.0,35.38038383216145
71.0,49.716722207288996
47.0,53.69031729820677
23.0,20.01692003381473
31.0,24.627253439756657
60.0,61.473375587187014
49.0,35.11689627195962
26.0,21.43377625465969
26.0,34.702659914347464
21.0,31.088352375808803
23.0,22.322133705895325
28.0,29.164428040598853
45.0,47.3758940493151
68.0,65.48303854812974
59.0,53.724012749922565
18.0,34.29624320634456
32.0,40.086536542171125
62.0,66.94168198713054
79.0,70.91977695806226
42.0,30.64731898502136
53.0,46.785322231333424
18.0,29.014052065647324
80.0,70.78291120159518
60.0,73.29709564792341
77.0,69.69393481711637
71.0,67.09599749612075
46.0,61.88903187210531
80.0,79.30303654576254
62.0,64.08590602081563
54.0,38.418366388427025
70.0,65.69034127914624
32.0,32.02121303333624
71.0,63.21729522135645
74.0,65.1299999169715
33.0,34.3057990687753
37.0,35.18135036680469
70.0,58.80257943091599
50.0,61.465664308920466
40.0,36.32511402829451
73.0,65.97075897620967
55.0,50.379294957414224
36.0,32.36075162493494
26.0,31.103980039680774
64.0,66.31975929356231
36.0,25.23593263914982
63.0,62.016766265926826
55.0,58.03451534231599
66.0,63.50341901126881
32.0,38.61770797603305
58.0,39.26557215288821
60.0,47.39512661829192
27.0,25.54498674327086
28.0,38.6667942124408
64.0,68.00712061138111
32.0,29.2526650752703
67.0,67.07389160083162
65.0,60.84519716952602
76.0,77.74298792030096
26.0,21.86798052125808
22.0,39.456716731067125
26.0,40.16259338869692
42.0,25.740409394852684
66.0,67.41477570278346
64.0,65.48002497480451
36.0,38.84708053694884
55.0,52.75136289441422
60.0,55.44803725291946
53.0,53.766102800684784
50.0,43.283436887763045
41.0,36.25264447935414
39.0,44.16278632492294
45.0,29.351664208854338
52.0,46.40968796556275
71.0,70.98841395303627
25.0,35.132431087379075
18.0,36.19442636146777
46.0,52.762089552883175
35.0,38.68373940433008
37.0,29.58773468557962
34.0,36.50925630388922
24.0,38.571854559168
63.0,61.8209552171384
33.0,32.21822516118131
38.0,42.23888373461699
69.0,60.937016790306096
48.0,54.26299693669831
25.0,24.377379129739598
69.0,59.539954826530284
46.0,48.96289020244757
46.0,56.92757818230382
77.0,75.03661584589115
59.0,49.370948131704
29.0,24.599558126886528
67.0,60.01008853161084
33.0,31.700341177558027
52.0,60.92165420698806
78.0,79.1348289829359
71.0,61.204293374249964
40.0,53.34880725184796
30.0,33.702926568317395
80.0,60.84088249246531
37.0,31.541128904715176
80.0,56.429358369451094
36.0,39.97214597700834
28.0,21.516776064560315
24.0,24.980923404778174
63.0,63.10319952894344
78.0,57.89805658581127
45.0,51.0688054535714
33.0,25.708739562942316
38.0,48.50469683815131
48.0,54.15716568495185
33.0,50.59192694995906
24.0,37.98521616125438
69.0,72.06528946479277
76.0,71.75485247335611
30.0,37.56522454953607
45.0,48.23491721964776
29.0,30.590719971444866
27.0,31.099766641366887
38.0,36.650042244486734
63.0,60.75942949978983
55.0,52.87097014214693
56.0,70.01756068485415
42.0,35.66160267268652
35.0,57.463432967649766
40.0,42.80475516064158
62.0,64.70554544001413
35.0,35.22930134061829
20.0,24.203345638137936
54.0,42.79313219590754
71.0,75.37527695655817
36.0,45.54631422971634
67.0,52.15411847985873
31.0,43.85340964180697
30.0,37.40608024136278
56.0,57.068429132944125
30.0,37.148848436881956
62.0,54.390584038713705
48.0,37.17661106313317
57.0,47.32884187536775
31.0,45.209416353097744
51.0,55.90692895985825
51.0,40.20364526255999
65.0,52.19438061672269
68.0,73.41852006490427
66.0,69.26967582238233
29.0,36.58954191538004
24.0,40.06333941279475
50.0,36.30101251194019
43.0,42.21860919309287
67.0,43.05866372596087
78.0,76.29256669988528
74.0,51.70674070846438
76.0,62.047789724583595
53.0,51.570377753909774
67.0,74.51457292841468
54.0,43.20156047688498
67.0,56.17014868393189
70.0,72.5630149962303
20.0,23.358521933618707
66.0,68.29727189729488
37.0,39.382978494511995
72.0,71.514907380502
49.0,35.480940674996944
50.0,56.251770562935434
80.0,81.73343747169429
21.0,20.884185953864193
71.0,70.02536020872449
62.0,67.63706413187143
49.0,41.7805991829648
57.0,50.467670989628374
80.0,80.32341882221492
62.0,72.31174144988786
80.0,65.01339164667644
37.0,39.358063100885246
43.0,48.84358148921194
75.0,64.27360062322343
56.0,47.97924603904506
30.0,30.222592189077535
79.0,71.1371204160705
34.0,38.593285334714196
54.0,54.78070020419315
19.0,26.757345683506713
40.0,46.97609036722539
59.0,62.435806101680576
41.0,30.62926007991824
61.0,65.63934216178613
36.0,45.46758814703566
36.0,26.610659505386728
60.0,67.51702747230075
66.0,66.26476835069626
52.0,54.66400338959897
45.0,34.67511857255094
66.0,52.97146103834951
50.0,56.393561009350414
43.0,57.010747482436194
55.0,60.6562388000275
80.0,72.98251838675061
41.0,48.923154305495274
61.0,64.0825602123958
45.0,60.894826665058105
30.0,23.918699998655956
71.0,72.6957582892488
26.0,24.986981462358674
38.0,42.61602158410307
80.0,76.57686425659115
40.0,44.184527205613904
79.0,70.27548613413703
59.0,38.001090038252585
24.0,22.985462018031193
66.0,62.2238748376243
80.0,74.64025431976356
51.0,43.874119240128046
65.0,74.15345887647885
37.0,30.168139934875907
75.0,71.40460561248162
80.0,68.17308553367808
43.0,34.64968279118669
74.0,76.08003698797509
22.0,28.694961446592835
56.0,58.40383506203272
52.0,44.68091362639973
78.0,66.9706496788261
64.0,68.4975469168039
80.0,79.6231723708725
54.0,60.22745339397434
42.0,46.82214633963008
66.0,64.39853658661688
35.0,30.285059305914995
54.0,49.55506747788255
55.0,72.53222009201926
44.0,30.79544594507696
27.0,33.29009686413287
27.0,37.39960252059648
47.0,58.82756710068778
79.0,71.20578438986749
41.0,30.72139811830472
67.0,63.45026835403753
44.0,45.39335230626811
37.0,29.115133932964863
43.0,35.87581159329591
60.0,55.51291275272769
68.0,58.76254524159064
36.0,37.21656476577197
31.0,29.48835164298918
26.0,52.096249596790514
28.0,28.135900611978276
79.0,71.90925908189602
70.0,57.51331389256323
61.0,47.54750443121714
70.0,68.10856820780742
42.0,38.49074820181675
55.0,52.45365380026582
26.0,22.843377542782385
80.0,77.26696536753197
19.0,29.42102854217846
22.0,63.69774392086986
63.0,63.64050702838371
24.0,21.310485281705084
35.0,26.403579482469734
33.0,33.56936274636885
19.0,23.172234848961818
24.0,58.59428171420986
50.0,64.47614568177922
18.0,25.958836686712726
45.0,50.0430731018667
38.0,31.00078361185666
70.0,69.18796913684439
73.0,67.92053583773264
69.0,59.79753722361796
61.0,49.706103561674105
53.0,64.84365742996583
61.0,59.849359953259786
43.0,49.57584256315467
68.0,72.56259814032008
25.0,48.97675858651371
46.0,39.03844704748175
52.0,52.9621477106025
41.0,42.11892035825105
33.0,59.921240665357494
74.0,66.9714065680032
42.0,53.055651416612996
52.0,44.293080595484845
54.0,51.076796954536924
46.0,51.50347830565234
33.0,30.895433327333517
38.0,67.09369313062939
42.0,47.50015699029244
30.0,22.667381669186465
27.0,32.704173653606894
73.0,71.84827808899875
54.0,59.2464551080104
62.0,56.057758107800275
29.0,29.97472285931284
43.0,48.461693657609324
31.0,23.950042538728272
65.0,66.4941575228584
28.0,28.629242022623927
45.0,43.44606568611996
48.0,61.16746553875508
35.0,44.369610605931456
80.0,73.16782755570985
25.0,23.899113421420665
49.0,47.19957741608803
27.0,27.914020450566333
55.0,59.80381491356806
80.0,73.9170620159315
23.0,19.895047642603796
27.0,35.327670179258874
53.0,47.56764244989726
43.0,39.19771646855382
54.0,49.50398901832619
66.0,66.98658589568113
60.0,61.216654294064725
74.0,53.43995085958449
74.0,55.66909889309157
34.0,36.65583228924838
51.0,58.52221377647695
80.0,66.98570247847496
37.0,36.99096112466047
54.0,35.67645263842012
24.0,28.252821201948468
47.0,50.19173082834869
39.0,39.61595173240336
19.0,23.065018870741778
30.0,54.47307255446805
42.0,34.04358321458458
52.0,64.4741345161582
66.0,60.45063722435147
68.0,68.43148937904765
34.0,33.152293609338194
36.0,33.53219925542418
20.0,27.461682843563565
19.0,25.958540298677274
37.0,38.96601859738078
54.0,54.603811127669545
80.0,81.63591037923274
24.0,47.938100419924055
28.0,23.95248908048617
22.0,27.678024041932748
79.0,77.75179806257701
49.0,25.813847874310703
45.0,36.32023439846752
41.0,44.08019813688677
30.0,31.707233269347586
63.0,74.84417484106092
21.0,31.000186015109666
52.0,53.78168806982824
22.0,22.193166401720166
69.0,70.703989186099
36.0,46.52493250907428
60.0,53.416245713412536
45.0,45.57269556825549
60.0,64.63323085978341
43.0,41.69901376625183
60.0,58.56665655997923
74.0,59.816533402629645
67.0,61.95399302373747
62.0,53.41430214231649
31.0,32.02247975424486
22.0,24.131976098494587
50.0,53.52798860756103
38.0,40.91850231928212
68.0,68.14755828268103
44.0,41.745505864770706
36.0,49.580062261816266
49.0,52.23661542996256
28.0,23.275288942104986
18.0,15.043494518586304
34.0,39.62276484833317
37.0,30.059125823619496
78.0,72.54257282060954
72.0,70.55857113745746
51.0,42.75259909753414
47.0,47.415555435993646
28.0,34.830858980155256
72.0,61.835947923005264
70.0,63.88427307075208
19.0,17.946601078453472
26.0,35.83618234294751
71.0,65.39367034530005
55.0,56.56380589988576
21.0,31.417396494716748
41.0,45.892400220855436
44.0,31.069457225395553
46.0,49.55613835291746
53.0,56.59792500623437
57.0,60.812097188130686
51.0,65.06890317011522
46.0,41.97714930133903
46.0,40.171095823486475
62.0,64.3225721524729
62.0,55.73501901442466
45.0,37.97168649816402
33.0,38.85227134836763
64.0,59.081970254527874
61.0,64.83877618468814
58.0,61.6144195676061
50.0,64.67048492652214
50.0,51.312989954187984
18.0,20.997647496729698
48.0,50.82329935842015
33.0,42.06777133701795
18.0,25.926934697194373
61.0,53.27254248276087
80.0,67.70133628255897
51.0,42.74735696594516
35.0,43.297859861227145
31.0,28.544803635612983
62.0,57.88408778823222
51.0,45.62033830570828
80.0,69.97088496573642
32.0,33.5292188077172
67.0,60.702953453130704
67.0,64.54536081240715
44.0,47.236595427463115
80.0,70.03922048958692
74.0,80.0022827890601
62.0,53.26046083715276
54.0,60.542331102695215
22.0,31.462480980517377
60.0,60.128352564429555
68.0,74.69610878864188
23.0,19.455982950048426
80.0,72.58243227578808
42.0,60.673858213422385
46.0,41.25293745907139
71.0,73.85776750836396
70.0,36.25898304119735
45.0,42.13636533399644
33.0,40.41580520357302
66.0,62.42319635068609
19.0,24.38601738418999
80.0,73.61864166827365
26.0,26.765086627579986
67.0,74.41716848053322
37.0,36.519139245293054
56.0,41.535239670639605
80.0,81.6065027628959
31.0,45.123566698786526
50.0,55.78210514735021
48.0,43.04947292468586
41.0,45.010831667806535
42.0,37.97023040390129
29.0,37.8783694092112
40.0,34.850315240933305
29.0,47.048849568358904
18.0,31.593279498242936
55.0,60.03535798157418
50.0,56.40437198933768
29.0,34.25376179184277
42.0,43.8899879267468
46.0,46.28644795498581
62.0,61.069268187714236
52.0,37.56577128262324
66.0,75.09786292849414
18.0,18.093584367660764
57.0,43.278788456130606
80.0,78.85977263528267
42.0,35.2020389332272
43.0,38.868119766001804
20.0,24.701621702610932
67.0,61.10135431884721
75.0,50.68349408894528
62.0,67.9622932820787
75.0,58.44961133122596
43.0,35.273992031173535
24.0,36.475386299556156
54.0,64.25703501969133
49.0,47.442666844890255
58.0,51.775238502873485
66.0,69.80429346976551
22.0,24.678470259634853
36.0,36.55950998488204
61.0,57.87935967292444
59.0,59.537605775812544
51.0,59.64660932611709
50.0,59.75168206243837
76.0,43.9203584613312
32.0,33.72065998195265
44.0,56.19237842488737
20.0,28.066251139960865
69.0,58.60801853664508
20.0,26.067048546265493
53.0,58.28923476217125
62.0,68.6334924572552
29.0,40.32472553043391
47.0,52.506833398239785
55.0,46.69816582397779
59.0,63.47898278473401
32.0,51.392288325535944
32.0,45.38028264514102
20.0,25.76668287816732
39.0,40.081553384792926
80.0,69.23680174054313
34.0,39.67944007493883
34.0,38.32572630924681
77.0,75.35590276865929
34.0,29.019469026668524
35.0,23.98973055734147
69.0,68.33666532203216
38.0,35.720582856861654
42.0,37.77201680204956
29.0,35.16229665097563
48.0,41.87905221927889
22.0,29.356631979943902
22.0,19.284961487342148
72.0,62.4867730950075
57.0,55.812879777991704
36.0,46.65781225647037
70.0,67.24074906965788
53.0,54.40534604594062
29.0,29.78347136911561
61.0,69.44178898098103
76.0,77.19526424513295
34.0,43.55487549370863
53.0,62.549522427161946
50.0,51.176359980756445
45.0,52.989871175058745
21.0,32.78405942554083
38.0,49.02774025980414
57.0,44.54705584974533
40.0,50.701736933029075
40.0,36.59118056674216
21.0,21.90136605027886
70.0,59.534528517962826
28.0,30.681165312736262
34.0,26.77778968393181
54.0,58.62847582549346
42.0,24.95459317125647
34.0,36.525679322441356
57.0,74.80456600435922
26.0,34.46512309440031
75.0,61.77275337669746
18.0,23.124423222839077
36.0,32.75046677018182
52.0,52.11387391656946
66.0,69.1987655462209
19.0,21.220599752016113
18.0,23.877132118159672
66.0,61.51428873406453
50.0,47.208644706445156
80.0,70.93527385235535
41.0,47.71947607174115
64.0,60.02465518875034
55.0,50.983728278602776
76.0,67.95918665049496
29.0,38.95684719645425
41.0,31.003219795664222
32.0,32.98116610120677
76.0,60.659028518401236
48.0,57.463159173527316
67.0,58.69792407744702
80.0,76.93561323506927
41.0,46.02997618464247
37.0,40.48859419295738
59.0,55.77480500544734
26.0,28.940875611263323
34.0,36.49652419058253
47.0,44.96291633673
65.0,71.55286190179062
26.0,34.48883380872135
70.0,64.40648793935581
65.0,69.1860552653218
37.0,35.072808110990806
80.0,68.93890321691057
69.0,73.4784247996981
73.0,77.5220549438403
66.0,58.40038044024801
56.0,71.89723683166343
77.0,67.72041700959365
80.0,69.19085757944163
48.0,53.56281046809421
55.0,57.56722431290961
24.0,30.948711504705706
43.0,46.024551081045715
63.0,71.5460821656337
19.0,17.31062919430393
23.0,28.474394500671398
21.0,49.83447244538012
49.0,37.86819870166441
48.0,59.30815364480305
29.0,27.661348970672147
62.0,58.60848837345084
28.0,30.768150756035947
77.0,72.78760573308344
18.0,27.669808865106333
75.0,55.550986796350436
37.0,32.40130040639268
60.0,63.171788082583966
34.0,37.58990928035312
19.0,19.677977973759578
35.0,31.88793584571464
18.0,22.399298990435245
21.0,32.30348019898984
39.0,37.715514632292454
37.0,24.203615725433902
54.0,48.0285401228778
39.0,45.716084770025084
40.0,35.59132054163522
80.0,70.20175346355002
38.0,41.648480416357245
70.0,61.62696648005655
66.0,55.28681407852761
57.0,58.64213965100732
19.0,22.462983820352857
73.0,74.5372440599236
71.0,64.47713622696372
44.0,43.96129633828273
63.0,60.926373797107026
61.0,57.1686615656791
47.0,42.986480561339185
26.0,39.87048967023897
34.0,28.57137502214616
31.0,21.91342392791032
80.0,75.04773012291074
24.0,33.69799516595983
61.0,69.28752113513485
80.0,75.11569842175919
21.0,20.013140776573113
39.0,54.69712388992992
60.0,54.9397598063402
46.0,37.21959439928131
62.0,58.074448744840474
43.0,40.83065525572028
35.0,31.574636677740134
24.0,26.32312163060051
72.0,67.03922708103046
55.0,65.0588320557675
68.0,49.30879720207813
33.0,32.10955951270937
48.0,64.24848110007821
28.0,28.665990732588895
64.0,62.680387261469164
62.0,66.9412371304839
80.0,78.9285316580278
70.0,64.92037636876023
80.0,72.82661075970749
64.0,53.05489356575412
36.0,28.61917753885811
47.0,48.91593308843403
80.0,69.98995077037515
58.0,54.817554685654684
19.0,23.065480779957
28.0,32.736560745239004
76.0,68.74423197272594
50.0,44.72876256076607
69.0,57.09672611344569
50.0,36.68781327822544
80.0,71.4140455508171
57.0,62.327176234214065
45.0,43.84172255147659
40.0,43.05108121653693
31.0,30.301075255054826
79.0,72.56305877713125
46.0,40.54864439408241
56.0,55.51332393113959
18.0,23.722072037217437
53.0,50.43508760882693
52.0,64.83292197959037
34.0,32.04726241149927
28.0,30.36603083484456
28.0,26.078406381891956
33.0,38.493376410960266
26.0,41.299054174698654
33.0,31.674370855096605
18.0,23.272619835709865
50.0,45.80752547957228
69.0,43.1588089724744
24.0,29.874176599782036
80.0,74.61626240773877
26.0,29.45525322904964
19.0,18.31276082564111
28.0,29.984282319518098
62.0,54.390306218350275
43.0,56.31028835749115
19.0,26.640742734230347
70.0,69.62883972523474
41.0,37.60442403184713
34.0,34.99248409669758
70.0,71.26795569085209
40.0,37.584422431579206
80.0,74.32292374056641
37.0,50.239766203154204
51.0,41.02663135790282
80.0,64.94174208582429
43.0,58.733749627892266
73.0,66.1800508952648
53.0,48.797400454378774
39.0,45.18905448514933
35.0,36.44891795390141
34.0,40.55548872508272
71.0,66.05956329041099
53.0,60.004855865871455
62.0,72.86697118887828
30.0,23.779610541923986
56.0,39.93061512109267
48.0,47.9066168877901
54.0,57.66578697800822
48.0,39.93911875788285
72.0,77.1948218482266
62.0,45.741743711453864
45.0,42.05916360731978
47.0,36.904863871683254
61.0,62.13495770284263
19.0,24.843636308222266
32.0,30.853367656993047
18.0,42.19965726067009
65.0,62.597147566710305
37.0,26.61189776966377
31.0,32.351821115000455
36.0,42.65422257077668
56.0,46.123281399914745
69.0,60.44130080617823
72.0,63.27290805447978
19.0,24.291126449490623
59.0,64.7076506321556
42.0,28.666939410169046
76.0,65.06693929444278
62.0,51.7448029981557
44.0,44.21728635397013
74.0,55.3983746395144
22.0,26.80691619512744
43.0,54.75467970112994
44.0,46.10764603643008
79.0,76.79068947471237
46.0,40.63878459289442
42.0,39.188835922640436
53.0,60.961974725340994
48.0,48.42276832050763
68.0,65.89095718188439
67.0,62.080746293970265
18.0,24.752810843655837
49.0,61.63335083982327
60.0,53.7927965053682
80.0,58.23081275828153
46.0,49.66113058428908
52.0,57.926683976414836
70.0,45.68901210299376
42.0,55.50544207684399
55.0,54.18465388763307
79.0,77.92155253730557
21.0,26.678870141582795
26.0,34.22266666457911
44.0,50.594969928113905
80.0,70.2117417021703
65.0,67.77714267252588
76.0,61.28567694446336
21.0,39.89253402805843
36.0,31.42140195137864
45.0,32.69334871780799
33.0,43.21205949220704
65.0,49.955128682506334
21.0,22.926131567095318
41.0,43.754277339076914
51.0,33.98236320451401
22.0,26.934763193404347
60.0,69.30416810575807
45.0,34.75982171746117
70.0,66.68535116570237
31.0,33.78032871303288
44.0,43.220906363218866
44.0,44.28247795992226
29.0,29.850047142886808
18.0,28.942188276706684
28.0,22.003819247197203
48.0,58.368363974165405
55.0,47.56039221441371
43.0,62.981050969079675
52.0,58.62607004655548
26.0,31.291403574670827
29.0,24.78188440489037
34.0,36.85369041591241
59.0,49.35939329377067
21.0,27.717958816895354
76.0,60.021236538643855
25.0,26.8971076480588
68.0,71.21002132327132
72.0,60.08094760259097
71.0,73.34674559239926
58.0,57.50040821432266
36.0,55.63267440789205
19.0,28.374943293460234
28.0,28.24725340686085
61.0,54.37919509473623
42.0,42.83649412995088
43.0,46.23094207080608
60.0,71.87797762652916
27.0,37.6977167375375
51.0,44.32416213751734
74.0,74.49171732574995
65.0,63.94359870491291
62.0,65.58516347418245
55.0,50.02465943795438
73.0,76.10759966636351
24.0,21.924783459696148
80.0,76.61627477873783
49.0,49.612917727207744
44.0,42.72740930995494
21.0,27.760337751339385
68.0,65.31544548407223
80.0,79.38552609404911
79.0,61.56598218673932
21.0,38.564075324292034
25.0,28.436224137042323
80.0,72.27403147641846
37.0,43.94305061229519
31.0,33.14092321508668
62.0,45.67318378556506
50.0,52.03297466208348
59.0,49.54590257093806
74.0,63.06508193489345
40.0,45.81142293882836
67.0,62.221332252516355
69.0,61.202811338632415
43.0,55.099223437086685
69.0,62.67931820844266
55.0,48.59335428878697
52.0,54.5597680080692
60.0,52.31863719825956
73.0,66.2989353765492
28.0,38.68902651922401
75.0,66.67224947176459
41.0,43.89507552474363
55.0,50.16263283471083
47.0,44.870321095763146
43.0,34.360896881392264
78.0,76.43958323147761
75.0,69.79064727711365
62.0,68.49958325627958
60.0,40.98928297406306
29.0,23.905260268129705
27.0,29.443911514501337
72.0,64.91405719822285
18.0,21.697149760070705
78.0,67.49009325806642
23.0,22.38965544969818
21.0,25.711507070447173
80.0,71.7808458239319
47.0,38.907573532300454
69.0,68.31591751243094
38.0,31.140692664693557
49.0,51.832918437725816
34.0,50.41978231865861
26.0,24.453693177925533
77.0,73.10793016845045
42.0,44.513116032571595
76.0,69.73372815308515
49.0,50.28133305029339
48.0,55.40142464483661
53.0,43.63805585531445
45.0,36.05001463670662
32.0,34.08504406512605
52.0,50.13896012285095
46.0,42.07804721338549
59.0,48.84596954590031
34.0,26.411979402122103
60.0,63.517026987889636
76.0,74.1846134475521
18.0,26.70805524710825
67.0,66.44608154140407
33.0,28.44768190053087
45.0,51.10106667733821
18.0,22.4580129038147
30.0,51.87756770558225
64.0,64.87089561328021
73.0,46.84710176183164
24.0,31.717492773415294
49.0,66.35853177490597
60.0,55.50732095277535
63.0,58.3044611449483
19.0,18.924870611180456
61.0,58.01722305983604
60.0,65.22420778366897
32.0,33.931509615627235
45.0,41.736029077996726
74.0,75.90709047526312
70.0,70.77417894233513
73.0,70.05334792084855
37.0,61.09874846094112
74.0,68.52370122094212
53.0,44.050940839496576
63.0,63.543925874201136
63.0,42.298121302364486
61.0,53.79520621489493
68.0,63.50711051855379
61.0,52.03116934628811
50.0,52.85721215667918
26.0,19.725314975486263
63.0,70.40458881331259
56.0,61.76933245680965
20.0,31.082197439538138
80.0,72.91736569213043
27.0,33.46199737751238
59.0,65.85749457549137
62.0,62.87012976000978
25.0,20.22607116019305
34.0,46.05276282862613
52.0,40.811776930691124
55.0,64.4399011143455
39.0,36.13425819858099
80.0,76.98306843507252
70.0,61.63409574632779
31.0,31.337607387062608
46.0,43.601232139637396
37.0,38.48208124679818
52.0,58.12131390730087
65.0,67.69468958434032
42.0,47.17921898106208
77.0,55.75683794442937
18.0,16.884113945726593
60.0,62.298139110609085
50.0,50.5347580939999
52.0,52.763319017843585
76.0,77.60390571396675
46.0,47.83155295062943
80.0,77.3675793976092
70.0,56.50026402281874
80.0,74.53578722439646
64.0,71.31163621009253
53.0,48.53026185371694
64.0,48.03254777628789
55.0,66.33696452616522
59.0,62.69988904134239
59.0,46.57768305638897
20.0,26.937160675033805
50.0,58.80380286086707
29.0,41.78071516751736
37.0,26.93202250823287
54.0,46.50117735746262
38.0,28.876667136258245
40.0,35.41262082811271
51.0,40.57893659274379
59.0,52.42525217203763
66.0,67.97741581338389
55.0,55.519939979691266
60.0,47.79093297191007
56.0,54.4728837570585
25.0,26.390378002038666
46.0,50.571807708267265
56.0,54.84140528331566
63.0,61.41134573627665
56.0,48.74013430282692
43.0,48.65055353657471
45.0,58.78304656177048
23.0,29.06064855109277
52.0,65.56564693600967
46.0,32.63282154831498
80.0,75.2729074291523
35.0,31.936867089597566
33.0,31.675747096137187
63.0,58.330117752057134
80.0,62.18213858388334
47.0,58.704907343831636
50.0,49.311582887404626
48.0,63.03572474481021
80.0,59.313609429787
19.0,21.26069695920895
56.0,60.58631630526564
23.0,31.592416107972408
32.0,28.585959556716954
57.0,45.07986107309259
80.0,77.36890192642409
76.0,62.98835638329974
64.0,46.97499677110695
66.0,59.17972279182276
18.0,29.384970155430803
60.0,53.78524701261645
56.0,57.17685093661646
29.0,46.109052957148386
21.0,29.534514231883264
49.0,48.229579462206985
79.0,74.34224314325141
44.0,45.80415251896261
71.0,59.20450838880068
73.0,57.76548127526527
19.0,29.03969799830673
29.0,50.66676952153144
37.0,28.33427096966925
80.0,69.47048580940879
45.0,41.377275279761825
28.0,27.242556585126195
30.0,33.91501174160635
50.0,58.95808863589418
26.0,33.04480746126921
52.0,41.09929653845728
80.0,79.35729385004525
61.0,64.41460766761463
29.0,38.01273752415134
57.0,60.82214062657929
63.0,60.95806596150173
40.0,44.25032205470382
61.0,56.975460275608484
24.0,43.95957976972937
52.0,26.780192960641244
19.0,26.484297551527643
44.0,41.787330624580115
60.0,51.62442942794336
49.0,43.014142422287975
50.0,60.596686630798914
64.0,69.08713576667466
80.0,72.33464083807192
36.0,60.63142973700133
29.0,44.9258335709639
63.0,61.13759933391598
61.0,59.28277395774021
80.0,70.4609056010669
76.0,64.03252792515836
46.0,52.4117805730211
71.0,64.99416481928353
56.0,54.18134047460734
32.0,28.183044052475225
27.0,25.142930711157955
32.0,37.15959501497848
61.0,66.15847239933295
26.0,21.13993048661411
62.0,52.489833618400404
19.0,31.27297235802372
20.0,21.070696839567248
39.0,39.280607455712556
18.0,23.750893728573907
59.0,54.34832366669206
78.0,51.03512450699251
80.0,72.87105098599433
42.0,42.345706702129945
37.0,50.49415037244324
72.0,51.69231248003303
75.0,60.24534285126216
77.0,71.2750356093615
40.0,40.26509933097807
43.0,53.94888188087008
44.0,33.92133255492563
56.0,55.383929642604286
73.0,76.27956139549461
55.0,47.450145079277576
46.0,41.72165095664313
73.0,60.98234390878409
51.0,58.13588065482839
44.0,58.45576827874185
28.0,26.768154904034684
22.0,18.311716016833195
60.0,46.22208897362664
60.0,58.409241524616874
57.0,50.279343881327534
69.0,57.91460153276245
59.0,61.3958937640173
22.0,31.98483782071161
52.0,69.11929336434967
49.0,48.526486120942586
66.0,59.93647844649399
80.0,71.7742315198456
30.0,25.839834002357712
27.0,26.513606854507394
75.0,68.73077154952293
70.0,68.92853049680538
28.0,22.313703794250518
29.0,37.877433980280735
77.0,76.8523666442202
64.0,63.37013343063801
26.0,23.09034056182478
49.0,48.087515921019936
66.0,68.69520675548185
23.0,26.608359938125773
42.0,44.874009796164984
50.0,56.71853264134989
72.0,59.40552419904657
66.0,63.64938326713225
49.0,52.874115449974575
22.0,34.985953555025
27.0,23.629061244710275
50.0,52.07039450049595
47.0,59.72552793406204
68.0,75.32031923455598
37.0,37.91641653908599
34.0,48.9048140158612
36.0,27.758975502273167
52.0,57.270315430134254
27.0,25.223579897451636
22.0,19.984118202978035
35.0,42.193196075444874
26.0,40.54661772625008
59.0,61.00763825002051
62.0,48.248608596923866
45.0,52.82716114844917
68.0,70.15030957799686
36.0,52.601604667417
64.0,59.75675664499738
72.0,70.69967514573831
28.0,29.51906480402454
64.0,61.7552491468265
34.0,27.903127459392774
37.0,34.32001283577185
68.0,48.82841649018243
69.0,62.76298188538434
61.0,58.62853111278458
77.0,73.64045220665459
23.0,34.046599132895835
31.0,43.326166952753816
43.0,41.452047741841014
18.0,27.344128313125076
80.0,80.99695420130168
75.0,71.89753445707849
80.0,78.8052835103894
21.0,36.70180695119831
74.0,63.878762870759665
21.0,27.896115828688778
45.0,39.14127101450505
20.0,19.704884975534345
77.0,69.92360882843322
60.0,59.28041669857265
58.0,69.13353277646192
80.0,71.78281909396583
62.0,69.29565935524616
45.0,57.23504334021282
18.0,20.16951288513644
69.0,67.76779812995439
28.0,31.481333657823054
72.0,69.31908651832809
57.0,59.2951251250132
66.0,67.68410368984983
69.0,70.02077014979845
24.0,21.571687689883603
27.0,35.89158375240364
62.0,69.19624148962978
78.0,70.15275344978703
19.0,18.128004010915845
40.0,28.876512853883632
73.0,74.03718544403971
63.0,56.13924478951895
52.0,52.75149200217322
44.0,31.265248037189235
76.0,67.18926511872708
80.0,75.94623798936446
27.0,29.184101951143408
42.0,42.65436933947231
22.0,30.47775120283567
69.0,60.59036118004227
21.0,31.887301703465276
23.0,32.33679118472934
45.0,35.11873753549246
36.0,36.39404024722058
25.0,40.56015768084628
41.0,56.14896529081438
72.0,64.45172112542143
38.0,39.99678096921883
46.0,39.33780923164966
37.0,33.84429452060788
59.0,68.65503593342945
23.0,31.418053725694648
40.0,41.691401719237774
51.0,52.042334691717315
25.0,30.49985140934855
59.0,51.491530504227306
46.0,36.84982612487635
34.0,24.691577668365756
45.0,33.100577270071575
32.0,30.01682486312195
27.0,35.54887414871006
29.0,27.2968125116952
60.0,64.47504928972727
80.0,69.83365377265812
56.0,54.96116672723267
56.0,48.80332137539054
61.0,59.77107915706411
36.0,46.137098493230816
64.0,60.01389229396914
18.0,23.02314982163151
61.0,46.3375999145863
41.0,43.08140107528026
34.0,26.54158238071294
49.0,41.23565778213863
50.0,46.95694607823923
60.0,49.289695132945376
27.0,33.786209945294786
80.0,77.43148786530043
80.0,67.12542063415117
62.0,47.290966545921385
22.0,25.01224173071582
80.0,75.91789358325943
54.0,51.59180261775423
30.0,48.84010043539738
50.0,44.4490081819616
50.0,45.357837075083715
63.0,71.31812982489417
18.0,24.89410350007537
39.0,40.14738785736832
54.0,58.9115231969408
32.0,32.70380103836027
46.0,67.64390226138686
18.0,23.175504941906325
20.0,23.61907773534246
34.0,36.5879534687086
22.0,31.50955972719842
22.0,28.766933905736085
25.0,37.43410017064181
52.0,50.07386178156639
68.0,67.47321184670295
35.0,28.262269906409166
43.0,48.667821785249245
42.0,53.27784793948081
61.0,71.56643726476119
43.0,58.629030558690395
56.0,56.03015145421594
19.0,21.080899361546557
63.0,47.280576603398785
61.0,56.53698052990083
37.0,37.11231541643865
33.0,43.788964252963076
78.0,68.77731023672446
69.0,69.13821669407477
74.0,65.12443415621372
36.0,42.074873490638225
37.0,22.759669330764027
50.0,31.50710581664361
49.0,53.1723273714544
30.0,29.644359917069117
68.0,63.14844758196788
35.0,25.63723266579709
80.0,65.92234254156105
18.0,22.323270689442232
34.0,33.04276369960167
56.0,61.20511092107712
57.0,58.22314082228565
65.0,60.71926788234921
75.0,65.93027444608921
20.0,25.993066253120567
66.0,51.59132821967352
36.0,38.21428620011924
25.0,37.757998080687905
26.0,30.156463804600342
68.0,59.83118005093726
18.0,29.584640596105515
42.0,28.026152046618236
55.0,66.2817133028425
47.0,55.06107878873841
33.0,33.60989620160124
18.0,27.911095048555033
20.0,31.21182379468808
21.0,23.80031461933547
30.0,29.24272899885466
22.0,35.28144281818896
69.0,68.09873681155551
46.0,48.68567067312095
28.0,31.18777556947357
57.0,52.75500591847849
37.0,41.78406068325658
27.0,21.467827446423644
62.0,62.794502089564375
33.0,37.37057568609029
67.0,48.237794803739504
26.0,30.726718053476834
63.0,58.158211735742945
45.0,39.717066671277394
20.0,23.587525554899713
44.0,37.39891741934737
58.0,69.45104930043956
79.0,63.10119680209495
40.0,43.06937324389862
74.0,59.523250036753076
44.0,45.70783502388818
64.0,64.77474493816737
34.0,41.54792008353345
37.0,53.94353211264434
66.0,68.6503438320853
48.0,51.12079780814165
19.0,27.656639039919302
32.0,30.660044839673954
68.0,56.64868666177669
44.0,42.52365044359867
43.0,60.33739031070551
19.0,28.91347096285707
23.0,21.324175443222764
63.0,59.853299290020416
23.0,35.74578459083846
58.0,50.6102777415235
28.0,30.66994064904052
18.0,21.901565314217645
27.0,25.98828726482437
75.0,75.08277032416302
22.0,33.29088911027439
34.0,41.87875584467086
21.0,28.39076417445433
73.0,65.10890354830802
51.0,55.39299667383653
49.0,33.16627600240429
65.0,61.313285604133476
65.0,67.2625524752503
69.0,64.145815952496
60.0,43.39883184138838
55.0,50.8492405302355
20.0,40.23552033745524
50.0,51.6312836135653
80.0,75.72384546544042
58.0,52.62848821954923
51.0,45.56311459448458
43.0,43.31106600425823
30.0,36.12794442221549
48.0,34.59978699431128
58.0,63.430475420959915
45.0,49.98968403835847
24.0,31.688177631390353
47.0,63.07415177009262
29.0,35.03077974539523
68.0,70.3225770736602
54.0,42.87720853037223
40.0,40.96594959192661
69.0,64.21307184737455
62.0,51.506626014114666
68.0,69.5550361578843
50.0,46.67285501981643
52.0,69.19943557577888
63.0,64.95720865166757
60.0,70.32138775234235
76.0,54.88827887935833
45.0,56.0796019416321
36.0,30.540590780935243
29.0,32.70798373338414
32.0,28.494436039208534
54.0,51.13110177251481
70.0,66.92917708125843
80.0,61.695109168466736
67.0,70.33476104464425
48.0,48.353961114386195
34.0,27.339232359088342
40.0,36.43132192719281
23.0,29.900263413962854
50.0,42.42098644618758
39.0,47.590314085987885
47.0,58.67688317356448
28.0,27.65914542560356
19.0,21.360284732724388
69.0,61.10027814179678
80.0,70.71293232681228
36.0,46.626759232841984
33.0,42.594633609480425
18.0,28.58640699767322
44.0,42.6469689740955
55.0,59.85065654896228
38.0,34.21387492948373
37.0,30.828738487017688
34.0,36.65535931163527
77.0,60.56062086372153
18.0,34.799997951760915
18.0,27.403905782405367
73.0,60.35025404602115
65.0,56.04867602737456
69.0,54.48425328847153
57.0,57.03045564480888
40.0,38.0028496015185
74.0,59.072354528808205
66.0,67.72256347974094
80.0,73.51680046273833
80.0,78.06027652844867
52.0,57.14257309257987
48.0,55.4805818036395
60.0,60.52516955707498
24.0,31.124621440989994
66.0,67.65387558640842
19.0,32.38511769828979
54.0,48.242125479741475
74.0,72.75239576386822
58.0,56.87373033557933
76.0,63.87295101479894
29.0,28.257764669188546
75.0,74.6713632602451
26.0,31.092922067659302
26.0,41.90942971517793
22.0,23.091861092808998
51.0,57.271181728883434
24.0,23.056554640302863
32.0,35.6415359625867
23.0,36.815045912085935
33.0,26.35710222171125
67.0,72.31132198807647
36.0,38.08040997521966
62.0,50.77094644228008
45.0,62.7220715124126
39.0,44.18424263200298
24.0,26.306937638449437
19.0,25.526557763066805
80.0,68.67888077129633
19.0,23.181360350590886
31.0,44.685684644838005
22.0,26.92833835765534
58.0,59.62352085661729
24.0,31.03320355446451
42.0,59.78327105384576
66.0,57.426494997241
54.0,46.77420281673561
36.0,40.388161851423426
56.0,62.42020348631398
73.0,76.18646487602562
71.0,58.620145237367936
36.0,33.957854710961115
42.0,34.93396134777186
63.0,59.02084322288096
56.0,62.40317113596797
48.0,40.30031023874942
68.0,66.61731224422877
73.0,61.14180923514313
80.0,72.72729784070837
47.0,45.03282801057413
42.0,50.86584211818481
80.0,71.02154248548429
59.0,44.901509544874315
69.0,67.77630790314791
53.0,60.62255453157428
39.0,35.76365075328076
47.0,44.32246732608076
75.0,80.88267172197232
75.0,76.74231764626632
48.0,54.636706144728265
59.0,53.46424238620674
30.0,29.632021606387102
19.0,26.316402950971753
19.0,24.44251581621409
61.0,52.70806894280658
24.0,25.175283805275363
29.0,34.24931577850762
41.0,45.741635684103834
60.0,52.93031949299177
26.0,23.527847444779066
20.0,27.359317884248277
25.0,49.08568323603033
61.0,52.10609643942187
65.0,56.29260283465242
80.0,68.71721991092929
61.0,63.51560391293579
39.0,35.44145286234891
57.0,53.49683771566824
71.0,50.18207798112184
25.0,30.361924046664036
80.0,73.36107347318165
60.0,58.386920864501505
41.0,34.31162383320694
79.0,74.69443011470693
75.0,61.959656226850775
30.0,25.37334849555796
40.0,32.26693734456931
34.0,36.13861725291244
41.0,39.99206613073528
20.0,22.867184174506054
24.0,29.28811283202297
44.0,34.42342681961029
37.0,34.81378632141693
21.0,34.815258406070676
58.0,55.474573265816296
54.0,64.55518510495314
45.0,38.76131674512264
27.0,37.36045847188113
80.0,65.82506614147528
18.0,26.505370660957944
39.0,24.662507589907268
66.0,64.65679148443105
60.0,41.05537166455125
54.0,45.012372390882526
56.0,53.84334861978792
80.0,73.40994503851248
23.0,24.670281290947752
33.0,37.463458559304435
28.0,29.60040645013489
27.0,23.04451485491255
80.0,70.67861681551427
30.0,27.31193767117834
43.0,36.82262431522057
69.0,63.29423300879702
38.0,46.43713912532269
74.0,67.4787032073401
35.0,38.84666626262241
72.0,73.47581667396915
75.0,59.17195649038282
70.0,64.59925368477212
43.0,39.41969496647557
48.0,46.072277496162535
52.0,62.195922848841
70.0,64.61718206551183
69.0,61.240815036770364
53.0,48.52461439070188
54.0,56.693853586100225
55.0,51.21707197387352
34.0,42.65785419311439
18.0,23.304934413848034
42.0,39.03605029330503
62.0,60.624538318293055
40.0,51.742177596637696
49.0,54.158383123321386
28.0,36.3157628795268
39.0,55.01997381358258
19.0,23.614515477666888
52.0,50.099107183497246
80.0,75.51383644665583
44.0,44.96513879077096
56.0,66.48755851742874
69.0,58.652057080726735
24.0,29.84976174016512
44.0,48.009494201048156
31.0,27.25269488564554
62.0,64.39171600045533
26.0,33.0349085461084
47.0,44.26250121771977
60.0,61.25308593191335
31.0,31.331890076886967
56.0,59.694849598917266
50.0,59.30497733601535
23.0,36.224920903162705
53.0,41.857825693864655
54.0,39.89482394625443
58.0,44.712975416992506
19.0,26.877223151785454
80.0,73.74422155169879
29.0,31.700690238174396
51.0,54.79558805603372
60.0,59.50117462528889
62.0,50.29428173573651
31.0,34.083168490387976
52.0,51.29951260011974
37.0,34.36067960020178
22.0,25.54156107447651
27.0,32.51132184073389
68.0,57.40091325038929
36.0,34.37827502200765
22.0,33.50901846772747
56.0,53.90967473603766
66.0,67.8513924569062
40.0,30.71200095872736
59.0,49.19363629614505
18.0,21.809795412065796
54.0,55.23298273200201
40.0,35.46837122855418
55.0,61.861113053182365
75.0,74.57657720117227
80.0,60.36003169050374
60.0,57.16098672497923
51.0,41.9340574615534
36.0,27.998476255800217
45.0,49.439313227513125
80.0,66.03578950299826
71.0,59.18081107563927
29.0,28.066122851844995
80.0,79.46043557766905
76.0,74.69483142734896
57.0,38.20623363818179
66.0,62.26274500759429
40.0,38.22078111732574
26.0,42.738181503089386
64.0,49.604887165842925
43.0,42.468493434781124
29.0,25.708214248719074
80.0,72.45416139548132
68.0,74.2245352422596
80.0,81.62009658017323
21.0,33.54343367433645
36.0,30.21038131694011
24.0,21.030572692702542
18.0,28.26765294841327
65.0,62.762177260304654
52.0,57.13211820191633
78.0,77.0151766733388
28.0,36.640484921778366
19.0,22.988339770554706
60.0,68.06184670445616
57.0,55.265167735368465
64.0,65.34080564099294
73.0,45.22376779599822
23.0,30.94577539993857
24.0,25.403910359520616
65.0,65.86162047196444
20.0,20.53373592543919
79.0,78.90094888628491
19.0,16.96382238438121
52.0,58.06140219038948
69.0,64.05730044990807
65.0,50.0336491084508
72.0,78.47094383849948
40.0,27.933238028056035
62.0,35.34113254762114
42.0,36.45438933741238
54.0,60.28864254962458
22.0,24.53794634789591
55.0,44.187305500282456
47.0,40.49645872307302
70.0,65.51340953713805
26.0,31.395237725365092
22.0,29.97385090811875
37.0,38.72424798495846
31.0,41.672521616565454
80.0,80.12032764682549
30.0,33.64751197506673
67.0,62.68751337958468
60.0,60.455510791633735
22.0,19.565557571755924
62.0,56.477212301074665
73.0,70.01869055480773
37.0,32.48224183491812
41.0,37.34844091011733
80.0,78.28658116657984
28.0,35.265231439484175
75.0,72.14703067207905
39.0,43.75323280027244
68.0,67.1814292482726
50.0,49.313225390084476
44.0,43.29769145127261
19.0,16.858172896301973
80.0,76.65691554487499
64.0,60.770655594071144
39.0,24.77769073194609
18.0,29.776301931200962
41.0,40.45835688650645
70.0,67.48818719660223
66.0,60.282135790227116
55.0,35.59022864769017
59.0,67.65511326499765
18.0,28.35621611999425
29.0,36.32639415525791
78.0,77.31952584068735
71.0,47.443897429420616
63.0,62.986244663637095
52.0,70.42492950650603
47.0,43.551872303095955
42.0,42.810249248755824
76.0,65.05776172027451
50.0,40.09507302231676
18.0,30.59227421817987
18.0,23.53346748613131
70.0,72.27715589699375
63.0,51.18102409678928
66.0,69.13210677293654
75.0,67.45440241101727
26.0,40.1993225246848
24.0,31.609092709497492
54.0,52.79376408596041
60.0,54.1028010403717
18.0,29.900316420842433
60.0,49.694844458136444
38.0,28.254264271015483
61.0,71.75296354869946
57.0,59.99581169455539
69.0,71.56006377159784
41.0,49.09868798923883
80.0,63.795122181910294
60.0,51.82428946460938
18.0,21.678896923857604
35.0,39.09384466229753
49.0,46.86149260077381
70.0,66.16421929655428
77.0,68.05998453011946
66.0,54.090724763026
18.0,25.200521453361233
42.0,61.96474449867297
61.0,64.04171554877213
43.0,34.24007822488761
80.0,70.50668258140364
63.0,41.968004248077996
63.0,48.18861740845691
43.0,41.25014990748309
53.0,59.30071078544997
42.0,36.857860988481626
60.0,32.40621674587892
68.0,71.6830647786935
35.0,41.21479568265894
50.0,45.898107763929545
18.0,21.713460859248567
37.0,47.62271757768189
20.0,22.90284368046016
18.0,21.891091229445006
41.0,40.0057626353898
45.0,43.369084104770266
74.0,77.32686923813681
35.0,33.885016514196096
29.0,25.06106843780099
39.0,48.298381490082434
43.0,40.71349735174904
19.0,23.088310243819315
78.0,72.88480011889294
27.0,31.921709349422812
75.0,70.84937318485862
41.0,26.531424115459995
42.0,35.9164991366919
34.0,36.16175894646619
54.0,67.11136880437236
74.0,66.22107215833732
73.0,70.09672484819116
75.0,69.03442305285313
51.0,54.524363248415405
53.0,66.50256996725345
73.0,60.84373756385121
45.0,39.949686627140295
58.0,60.6286583918055
25.0,36.80278066485603
80.0,76.84623267284579
80.0,75.13446173546974
42.0,57.33790360430094
74.0,69.93882933478442
32.0,31.8815239457026
55.0,58.47720411544396
66.0,71.9976575746749
19.0,21.21827193037394
22.0,19.38737288045915
20.0,22.71577098415019
66.0,53.822326897263665
18.0,20.13029613391251
53.0,59.28639175025156
56.0,63.70668726924404
50.0,37.033612276847435
22.0,34.429430383698744
66.0,59.96168522706678
23.0,25.077676078917246
42.0,53.10911438759668
62.0,33.46919748948484
49.0,57.781083165669024
80.0,80.59494485201874
32.0,31.81968232149574
27.0,37.957844828571005
38.0,43.8684654131949
66.0,60.258867922853995
65.0,58.292605896399145
80.0,69.46647475002712
28.0,29.416832125171123
64.0,59.50888502953147
80.0,77.4888362452987
20.0,24.5281792452234
64.0,54.0359391288553
40.0,41.33158985624739
60.0,40.14019746569179
51.0,54.38436589303542
75.0,76.86367005086953
29.0,39.79637429738631
50.0,49.02021009832148
29.0,39.692148009670746
62.0,64.1939209837818
53.0,46.16247900670282
69.0,60.04243095404559
36.0,32.38047501149835
45.0,46.94216265875043
80.0,72.23656751148346
18.0,39.97641673611542
22.0,27.683366602882742
48.0,57.73091409788275
33.0,29.144334988084427
77.0,64.68479622544467
68.0,80.20807002000231
55.0,55.8119693208585
51.0,41.85441662228351
71.0,61.39657585722472
41.0,65.6101129057018
61.0,68.71442378839964
23.0,27.449998158935127
33.0,30.122258696080216
78.0,73.83521500674365
33.0,26.26483375067059
32.0,29.467209272217545
43.0,39.316176638782906
37.0,31.67910717781213
18.0,27.506417177421923
25.0,31.240056731603335
48.0,42.640253666454186
59.0,53.20603406627189
54.0,56.60046475840348
33.0,30.240431337473026
32.0,37.73089016379887
29.0,35.609878707655454
33.0,35.25977809832754
58.0,50.84867515222627
50.0,41.30482809074427
19.0,31.1696064829271
64.0,59.6414848903371
45.0,46.79199499927476
39.0,42.50868684721416
43.0,28.569917746955454
26.0,39.185554076143944
52.0,45.411419559551945
49.0,52.808442547631415
70.0,73.07511780992598
64.0,52.94278374792991
26.0,30.35430164615661
78.0,68.25671333782485
41.0,39.711737356493025
31.0,29.575975096374087
55.0,53.882653171595784
56.0,57.59386125073776
51.0,56.90030233948067
18.0,27.75422773606466
52.0,59.03772991262364
19.0,23.860658072944336
62.0,65.56156861502959
59.0,52.55393832114116
32.0,28.96129103580558
31.0,45.636283029682126
31.0,35.77853756332043
44.0,45.211730435892186
58.0,66.45451130042002
19.0,39.17121983532291
32.0,46.54853626420501
50.0,42.465682297955006
42.0,53.28142827321405
18.0,15.85461662125775
33.0,39.01487028542825
20.0,28.947941287147657
73.0,59.12970220416004
80.0,71.80937915573249
76.0,72.07897101401045
53.0,59.088667791195675
73.0,67.87847935159459
64.0,66.9768644814563
56.0,57.91479539387143
58.0,68.63387641910003
56.0,59.602317950585046
80.0,73.64373559998644
80.0,79.16799177178714
19.0,24.970819877461338
28.0,26.48807191781589
47.0,60.60464829119618
66.0,56.65068253113376
68.0,38.022596611253164
29.0,31.089848340033914
64.0,67.10868597233153
52.0,36.16846328896876
23.0,32.721582966942776
67.0,48.57748615312478
20.0,31.070833862428465
74.0,68.74005324599489
62.0,56.48264463018352
70.0,54.269144672930445
34.0,30.867439422164527
33.0,35.74103926036547
65.0,61.217020654960805
74.0,62.50804455782276
55.0,59.19721025191351
42.0,38.17167243955898
44.0,51.29015793451784
54.0,36.345691350287055
63.0,64.01066636188891
30.0,29.65280633017756
56.0,42.319698764335534
80.0,80.87312893321514
74.0,70.96832743717422
67.0,73.23704003149393
30.0,25.583422076016625
29.0,40.98789598516054
62.0,69.58220721613527
41.0,47.25355948761615
56.0,59.66686523405505
70.0,71.66342332552982
63.0,59.00676873910653
52.0,54.06709354869929
21.0,26.348848271206425
67.0,71.6032430935965
61.0,57.08786574309538
64.0,60.03796639867581
78.0,72.94440924550402
35.0,48.30913528888989
55.0,58.41028496241515
18.0,23.66611304682271
55.0,71.15352777362583
37.0,46.51018934530735
28.0,23.68344532382791
43.0,44.731964912217215
19.0,27.61548915370613
19.0,24.5796528569902
18.0,35.37802845936623
35.0,34.60682328095793
62.0,61.37513120657646
45.0,44.27026783369015
44.0,40.832228685103296
61.0,49.326013619687046
59.0,60.19219063385377
30.0,27.01873213031704
51.0,40.66374830985086
75.0,61.990860010107795
36.0,24.44483057428857
79.0,67.07383180334969
46.0,50.404756553760706
41.0,40.5074732570026
39.0,39.897877816184035
77.0,71.79236938930535
20.0,33.13696962044381
57.0,54.29189401075453
22.0,34.839352737680684
58.0,58.26815230012197
62.0,61.00707604907145
80.0,57.50532178052219
30.0,22.05669656002738
75.0,66.36910895076963
69.0,65.12610779577659
47.0,43.043286180996105
68.0,60.26968742852203
23.0,45.420980041313705
78.0,73.28805204100063
56.0,62.243809253275025
43.0,43.56816586187007
78.0,77.37540397331995
42.0,53.753710274678824
38.0,28.392447366945184
37.0,39.441712726166955
32.0,47.06150121704129
28.0,31.60054350844896
47.0,58.55127454912008
32.0,32.514630001643894
23.0,25.247739540164034
77.0,62.89182109971337
77.0,66.33356713439854
32.0,32.38288857213657
27.0,27.38676991147789
63.0,64.41513367546155
34.0,47.42475584266211
22.0,24.63437284556611
43.0,36.04017541556308
42.0,34.383321425928195
62.0,44.89207797270341
24.0,29.11280054625531
80.0,69.7201382545296
68.0,78.10820381372582
77.0,66.06104190794423
64.0,63.814417313394316
71.0,65.03252321259504
18.0,32.10377673468971
64.0,64.42632511336204
50.0,54.31184813051797
67.0,61.06296138748932
69.0,69.65095816527895
47.0,41.4146062031954
25.0,32.12306171279678
68.0,51.44325269563925
38.0,34.202891592451856
26.0,24.98797925475356
21.0,22.091980575041383
66.0,59.16567704268596
45.0,22.362757884277507
23.0,26.219619200863853
69.0,65.98104841427111
31.0,37.97421624248078
25.0,28.937631310980233
66.0,77.2952901430805
34.0,41.69247332476769
76.0,71.70052020586334
80.0,60.145850608847745
38.0,43.2298365026732
66.0,70.62491620209963
39.0,37.263732641633844
26.0,18.839415455755656
22.0,37.64222307873707
25.0,31.323148104035266
43.0,41.00747606202918
65.0,72.74994353492336
55.0,40.485678947301665
29.0,57.87685170193785
66.0,48.64901710558397
34.0,34.136258545375185
26.0,26.719873810638962
54.0,38.692643449721245
69.0,73.01118820393111
32.0,29.700383293056362
80.0,79.2842947590294
19.0,22.58469244592609
37.0,43.41070680689587
42.0,52.89853484852764
38.0,45.428953258033076
65.0,62.91791684637631
24.0,29.62930318262387
34.0,41.3724389215849
19.0,21.795484971517908
53.0,58.489946049088935
36.0,41.992732669635025
74.0,63.13183090005929
61.0,63.562993788283315
65.0,68.92362829524437
80.0,71.4951122144924
31.0,25.364637292507
67.0,65.81974906543883
31.0,23.870857340498926
25.0,40.975848493348124
28.0,27.167455620424153
30.0,31.17435872212835
69.0,46.65837872726972
79.0,73.27526980488943
80.0,78.58998236080129
76.0,71.46598234136657
55.0,53.19515086283579
80.0,77.80362109297704
80.0,74.79110870705193
38.0,51.77663664703443
35.0,40.56384953419536
43.0,51.513075153718646
42.0,58.16697394383074
32.0,25.34905045013225
34.0,26.332598902331593
70.0,75.8868817021447
62.0,60.51856339193701
45.0,39.45807878401321
74.0,77.22003939918407
32.0,39.13462955473268
34.0,34.67831426893361
61.0,41.59267543676794
29.0,34.68219996002875
70.0,62.61922804194839
19.0,27.26311721196823
56.0,59.495689716240065
46.0,33.45664392915889
61.0,69.01956355188683
33.0,42.7893598162569
69.0,69.5468296523316
56.0,65.2197695715309
78.0,70.41798774479182
80.0,76.60706117453852
38.0,37.738512189306164
62.0,63.18639915393463
41.0,38.65619899109328
60.0,61.62142075743416
46.0,49.72795461145506
20.0,22.6940994337835
64.0,57.683348596433284
68.0,56.274792631401
62.0,64.70508583210504
60.0,49.999537459385486
79.0,76.74893641886288
61.0,54.5712849856306
65.0,67.14709744330358
72.0,77.71667635176817
79.0,76.11807044085728
38.0,43.636220867101216
49.0,31.189227452593432
59.0,62.974235933964984
42.0,40.728120376373106
46.0,35.93639380244452
24.0,21.816898468186547
25.0,36.94526251190847
30.0,40.093689786615045
80.0,78.0944063249013
41.0,49.379984381799055
18.0,25.730640205209
19.0,22.908523617804722
55.0,46.37753357308093
28.0,33.11675760997073
53.0,53.20851278259016
54.0,53.49032639909197
34.0,41.9258378038504
55.0,48.12941773188554
29.0,39.31070504144474
53.0,37.04231223088218
74.0,65.663667860664
80.0,75.96072988673073
58.0,56.072653507011
74.0,79.01341384824474
24.0,34.28513888703564
55.0,53.14642779944631
26.0,36.088280000486556
71.0,71.27208605215918
80.0,65.0222475283778
55.0,58.95726631627512
25.0,38.92488904786398
27.0,23.127288187411672
72.0,72.77430554461648
41.0,40.87412172659373
79.0,72.16633053435683
29.0,26.498928119814344
24.0,22.489288080025506
60.0,50.73866368566453
65.0,68.86556269895136
53.0,64.42966661334927
45.0,58.26385941026053
62.0,69.94636114604441
60.0,59.022255947457154
23.0,23.149305024100467
32.0,31.990173768634072
48.0,49.83827420934236
29.0,33.50015117457242
27.0,24.947404364479663
78.0,66.95204397074122
72.0,67.65144424430731
73.0,63.82294365308954
48.0,51.783790064273056
19.0,23.116416673182094
49.0,53.94191804270214
45.0,56.965798307290015
21.0,23.04105746534632
69.0,52.44965397276104
47.0,56.76500507599636
60.0,62.53520926052394
23.0,25.481740221219418
33.0,48.38409885789683
71.0,72.73419220474912
18.0,30.208827868627218
51.0,54.27840224930023
54.0,57.24577172603984
72.0,81.7736070775069
40.0,28.34096895479123
68.0,67.19686577503718
37.0,39.34319275335689
48.0,38.093921113784376
41.0,48.48398076268746
63.0,44.07908264303223
67.0,68.35399772545502
20.0,21.909200780570856
46.0,36.42649857591962
73.0,70.80498117117016
58.0,54.088101390536565
52.0,50.97906156722094
80.0,51.998405736414334
75.0,72.86495716274405
34.0,33.03573932390341
42.0,35.74260311813523
76.0,77.68929118821104
53.0,51.7041525785603
39.0,46.32358898597818
78.0,70.61948696388852
80.0,79.38165439832665
27.0,38.26762672232756
80.0,71.2781217511879
35.0,41.19971404218467
34.0,29.749579173490606
22.0,24.96350795101165
58.0,46.936144795047866
80.0,76.73555551744302
24.0,44.05074592035716
36.0,34.80277599227625
30.0,24.011308839404343
47.0,44.01637774342544
60.0,61.984429850195056
65.0,53.70235019513891
77.0,75.14105052340848
30.0,36.28958197075455
77.0,64.77570146796572
76.0,73.2523701975369
61.0,68.02126583396786
60.0,57.845528166308924
80.0,64.47137443111075
45.0,56.15299921103575
26.0,28.46372902555349
46.0,39.46330420413545
69.0,63.84890893847201
49.0,38.84177263869098
64.0,65.54995487936044
37.0,38.53925920418344
66.0,61.204539044661644
19.0,27.50524998635074
55.0,50.01541005702755
32.0,32.69202724195871
21.0,25.467551042649397
80.0,70.77139267305265
60.0,58.603580763045535
75.0,71.76152999621588
19.0,49.52521561885376
79.0,67.56743131195957
45.0,49.27894362592693
56.0,38.903801217301584
63.0,67.52594083264668
71.0,56.93991865971325
24.0,33.204476458140824
60.0,48.62889236787901
70.0,60.34050362421128
50.0,45.192706675331195
37.0,35.62938238489438
32.0,40.24486843187458
18.0,27.407617855035557
33.0,29.39515621640096
60.0,54.76505864641884
19.0,26.371693698076644
36.0,39.9333327123137
24.0,24.121307725447963
34.0,34.265296237767224
19.0,28.346011614086933
57.0,60.64095471875425
41.0,55.48428972211183
27.0,34.00572684568564
39.0,37.218833225705765
55.0,55.02373936851002
50.0,53.66305948866297
24.0,29.972917316029417
21.0,36.11112534981142
60.0,64.08960120164606
36.0,32.72805695072079
48.0,44.688389267463876
52.0,49.837240401081836
58.0,65.02495486290599
46.0,53.35996057858419
53.0,34.66675372771439
31.0,27.110065471599373
26.0,30.39776398328677
22.0,30.408977253936822
66.0,57.67461184093517
38.0,29.65833542137266
36.0,45.872863503384636
80.0,78.60206780503253
70.0,72.7808901845219
28.0,31.730950927633877
31.0,28.887655305625604
50.0,53.6142084318768
58.0,67.66076122780682
63.0,58.77038443773255
45.0,38.1581889850526
21.0,19.411576372999924
33.0,35.17404951242634
23.0,31.796453870390085
62.0,38.6481490103416
49.0,59.02650915051666
47.0,28.030197028515506
19.0,28.199444288369016
31.0,33.13508917936836
66.0,55.35249831041784
21.0,39.55379346141387
51.0,47.14612335322144
37.0,43.15757085205708
57.0,62.76838166719539
36.0,30.804796110157582
36.0,28.694408826977458
53.0,57.15239018589433
20.0,27.725794585463092
45.0,52.869565054655645
18.0,20.571051187538618
59.0,61.05494004924808
49.0,44.831294347596554
51.0,49.61329063622281
58.0,70.11048960473728
47.0,54.19678756668174
44.0,45.69905911900423
55.0,55.93040261080171
75.0,68.71822329037809
63.0,71.19221812447678
21.0,20.695278784037388
75.0,57.74192771216728
21.0,24.994909086390177
23.0,26.670523004109853
59.0,53.2319804314962
32.0,44.84364880851743
60.0,49.65528123881121
42.0,42.35818828260998
27.0,26.16232420396584
69.0,69.7488808720957
80.0,74.07426814773972
19.0,27.249756911917753
54.0,57.59472870450977
80.0,77.47160572736078
43.0,27.48034172139235
45.0,52.571639419827434
24.0,30.88305725721013
43.0,51.710291505591755
21.0,16.175832179461004
23.0,24.046134430161263
80.0,71.66118039676941
77.0,57.17671903637546
61.0,70.15964302663573
21.0,15.735824662325332
37.0,51.908835430343224
31.0,38.73026763086697
19.0,36.565701035955186
33.0,24.9913613291389
28.0,31.67954564143297
55.0,51.48691003603162
75.0,72.30092278971357
54.0,64.26074073495583
19.0,24.131007754486575
70.0,49.95054218781348
76.0,70.35878258943539
60.0,61.549319083523756
40.0,30.00196223039971
28.0,38.54937194099026
80.0,72.83313028508924
31.0,44.00408893109443
39.0,42.16117388431528
51.0,42.2788840660042
18.0,25.75158040028431
50.0,42.50542767670026
62.0,58.61561518701595
39.0,40.10976984985202
66.0,59.41057792269212
23.0,23.730081630066834
36.0,51.37373159187892
35.0,34.628380679691645
45.0,57.03541848507769
29.0,51.467265937164534
22.0,18.639381079271
41.0,40.15314765892891
77.0,60.51839509550445
52.0,51.26271074087114
61.0,59.39543621788825
68.0,66.06724896287245
57.0,46.30074218002809
52.0,54.16267698886388
80.0,68.14912652011336
51.0,59.139746145777835
31.0,34.981977815434014
57.0,65.05409833732004
59.0,59.60823681589222
54.0,53.0120026969937
80.0,72.25714496243593
47.0,49.964162151181746
60.0,48.254527435144915
74.0,60.12855826943238
62.0,50.34180113809711
54.0,67.0083186003736
60.0,45.4533995561445
68.0,72.39889251287465
73.0,66.5337905255105
18.0,20.792415955588293
48.0,54.82106956935849
33.0,36.708087192147346
80.0,76.5694694168015
22.0,27.47860201749335
73.0,72.9587325940388
40.0,23.673038516684233
19.0,30.544188582831033
54.0,45.80739685199024
51.0,38.188758770199705
20.0,31.28508953731942
38.0,33.28089136316048
74.0,73.9369620081411
48.0,36.17482303999372
55.0,67.50679619950873
35.0,41.94532143814017
63.0,73.87440728899169
42.0,46.659827781160416
63.0,46.66079840981218
75.0,73.19085948777192
80.0,71.4231319692816
48.0,54.2040109213627
80.0,73.84165835531135
55.0,64.3343588701026
32.0,28.957155827419896
50.0,50.35449705237948
74.0,64.73943438615945
67.0,67.8165480955155
32.0,39.14365628162855
56.0,49.09326281498988
60.0,62.6944346351197
31.0,43.41675273026697
68.0,53.75481126384626
24.0,28.743779804251684
51.0,60.05993113592238
66.0,63.96689472555426
25.0,25.582218565294568
27.0,35.59868576412945
42.0,34.842945020012536
80.0,69.48949613135363
22.0,22.93706775191103
80.0,70.0052619871832
72.0,62.533337155614625
37.0,41.534488114901954
68.0,72.35369206776477
43.0,57.84349233924549
80.0,78.48683564218769
24.0,31.705676827307062
38.0,48.782097515975735
80.0,73.29370762068508
18.0,25.859438319699922
33.0,36.65785483419327
65.0,75.71477166890203
38.0,40.29196020248554
39.0,30.439183074506936
33.0,27.910819454703798
41.0,56.4910365400534
34.0,48.71833789360535
35.0,39.99158445588028
43.0,48.0826592703698
33.0,31.890780780330036
35.0,23.10973745287088
74.0,71.84767539869273
75.0,72.90141684241068
42.0,45.1171054497168
64.0,66.87263901104501
55.0,47.6944639307611
44.0,40.53688143998271
45.0,38.766740829812555
43.0,36.698212753756245
54.0,63.01473618497158
22.0,30.398937910638423
78.0,73.21670343809745
79.0,71.25844771768327
52.0,61.39819172227554
40.0,44.0158620545008
51.0,53.365394503089426
33.0,31.1771270649928
45.0,42.86815546622311
72.0,68.7080892768371
51.0,47.875394401664046
24.0,38.54416844925739
21.0,24.806106335892462
23.0,41.02971236287874
58.0,56.7782871454601
61.0,59.98555472434471
46.0,45.78991787020557
61.0,57.753063996255825
23.0,27.93078618553801
24.0,33.55523974871208
63.0,64.63337177606003
73.0,76.52539181068474
21.0,28.659563598631294
60.0,68.88217883308073
80.0,74.51008179816544
80.0,66.7904327884245
33.0,45.43919038544538
18.0,29.34428805631909
56.0,39.465987049861596
19.0,26.448823570060547
53.0,60.78433308041125
80.0,80.6600181385484
69.0,76.74155107567996
27.0,29.224561727908462
48.0,57.76780003056876
56.0,62.145635108605404
46.0,42.991543146361124
20.0,29.216122805391542
24.0,28.46610771712199
61.0,65.13086166604975
48.0,45.49642261569835
49.0,38.20773022605608
63.0,65.69207307743004
65.0,68.28603372001503
42.0,56.35272659729246
33.0,39.78123414443047
78.0,73.06337078580596
36.0,59.50729567549395
43.0,43.7034070301594
29.0,30.116380567829793
43.0,29.80273757101688
31.0,33.68934368588254
24.0,23.49803890799667
18.0,27.416104096079064
70.0,75.3141882516574
56.0,43.15773473853464
44.0,49.565132917047706
56.0,60.61760634238831
50.0,43.70938715221625
41.0,34.331190655005706
25.0,25.100891243015507
80.0,78.0745558941947
31.0,44.84060475461121
20.0,37.83575154817129
47.0,56.15177650618229
39.0,35.52178032052123
47.0,57.47508391339103
69.0,69.84717450870144
31.0,25.48377835610444
40.0,48.31220710080687
25.0,23.622885602189747
40.0,52.262659602255695
23.0,25.470953405232265
48.0,51.63674998751075
56.0,57.26288355306894
19.0,21.283413115279995
36.0,39.48892602887709
72.0,63.08891181314502
33.0,25.94087064808513
40.0,38.102980946753185
18.0,28.103376979097103
70.0,69.04054726171377
28.0,24.949536863869767
68.0,67.70023956234299
59.0,47.691209106147994
40.0,42.93219640777139
28.0,27.971935815871515
27.0,32.36998126034802
74.0,63.521700381723534
57.0,47.61984822214292
77.0,65.64341890376888
35.0,28.22228328525162
55.0,44.884637726343456
63.0,58.56819618569657
75.0,77.67371480327036
52.0,53.9538703536485
48.0,41.380341249375675
52.0,39.4085312818481
63.0,69.11733805214698
32.0,29.350780189897897
71.0,60.81647704481445
25.0,27.50043177262776
61.0,52.129285997893255
50.0,65.79491757147458
73.0,68.63350671822728
60.0,62.46867543013466
44.0,46.29000148147357
58.0,55.84904726699339
36.0,42.89585220686746
18.0,34.5590598005779
26.0,36.438311591867105
27.0,26.27872328815605
27.0,43.85181657750496
47.0,37.272011077199416
43.0,42.76005951586309
28.0,34.19284639280523
71.0,72.88451680854314
41.0,41.7259808285751
75.0,70.11264188433532
51.0,61.705889572452136
42.0,52.288210138491436
20.0,34.37654051350723
52.0,53.132835449224906
58.0,50.5145927664376
29.0,28.054071297387978
64.0,60.75864591262407
37.0,28.93973929827118
61.0,49.06969199588636
80.0,81.64654552941015
66.0,67.86396000499694
75.0,67.4578571582166
64.0,64.97116955847805
27.0,43.298901664038134
77.0,73.84363017041123
73.0,75.505575846998
72.0,63.0772104291385
25.0,23.792246033402353
46.0,45.19396574311031
19.0,23.830558854116884
45.0,38.4363373667833
23.0,30.34004465334161
73.0,49.761080343145736
29.0,26.46736561284681
67.0,55.86489072791518
24.0,28.655863333082824
19.0,21.098803802793633
49.0,51.733038793280286
69.0,62.30470219529075
63.0,48.733450272958606
29.0,20.983213351092083
41.0,29.969616925217615
64.0,61.576950852467824
46.0,45.24874115975533
19.0,30.160347577801016
60.0,53.50899011966021
39.0,33.39006124708624
28.0,29.04201445233157
69.0,74.65183954384354
64.0,65.49214322744908
57.0,56.88323545622187
50.0,44.82407957054017
80.0,75.47815125999378
32.0,28.545473381090222
77.0,73.84128307440912
70.0,77.86514281357938
39.0,33.62948131910558
68.0,65.51619553699118
27.0,41.99110938688472
29.0,38.87596440001729
62.0,59.9871378173386
40.0,36.48739326493887
40.0,41.992842121271416
18.0,30.621202113109835
74.0,64.67123179601896
35.0,29.13764304978698
61.0,67.55180765710303
67.0,51.70936484175986
43.0,46.73239141994415
69.0,39.45554856448946
35.0,46.230365773656786
80.0,52.17813427501588
67.0,71.8020549337503
37.0,57.77857988939896
35.0,39.97648949188847
28.0,30.009209883966637
72.0,73.14134224844601
75.0,61.647262220126656
32.0,45.80302612135014
44.0,45.893463050173125
75.0,79.03514927109987
66.0,62.264153031554685
30.0,34.24477202449293
35.0,34.393059010026484
80.0,67.37311686118545
48.0,47.76537507529231
23.0,35.31184660809774
72.0,65.73387865942571
23.0,40.66287123838972
59.0,72.22009958810806
50.0,50.078488622118655
41.0,44.441063056708515
40.0,44.52964802872337
25.0,32.40932080075137
37.0,31.748355092215345
41.0,38.93814228288237
19.0,22.285225739871084
23.0,36.20611998866454
60.0,74.23537030806395
62.0,73.87877670944724
27.0,26.29504899856159
34.0,31.63457987286048
69.0,52.563890203135315
64.0,57.05539988033496
80.0,63.30372508757549
29.0,30.71636599841276
41.0,38.89718812375413
42.0,43.048395180194746
80.0,71.60699802802532
39.0,25.807389491842752
21.0,31.815158966162823
67.0,69.75368996333567
56.0,52.24530633253685
80.0,79.43863656745827
42.0,46.655848979686006
61.0,51.787281906461324
46.0,37.96357839295076
43.0,38.090160659929246
19.0,36.49444518654672
68.0,56.17838795794089
28.0,35.886102427606986
80.0,64.42936307946184
54.0,32.005064788729584
80.0,74.67970629437971
69.0,61.124454678810196
24.0,33.455976134178506
59.0,69.30131909088682
42.0,33.538421063459545
80.0,78.09540419249069
49.0,50.052011239518684
24.0,42.202159381387375
52.0,50.18906816428377
46.0,33.484009463135486
41.0,39.12639299696209
54.0,48.08413683867052
29.0,25.51125856706375
41.0,33.23952380446292
66.0,65.4264683597212
31.0,27.14898895509123
59.0,57.03609278693465
50.0,39.35856579669003
32.0,39.73538699256943
72.0,55.412156213620506
70.0,65.82587552206274
46.0,51.155388995512205
59.0,63.541317911882146
49.0,53.35890100060884
28.0,26.297398996477323
77.0,75.33779189007862
48.0,57.8487585198897
22.0,27.637845879892655
80.0,74.76196813486813
56.0,55.39988359807991
45.0,60.61356782026307
68.0,73.1189013976323
24.0,41.7874450065236
69.0,69.33696734941826
44.0,38.46543173028186
22.0,25.59926053938018
48.0,40.030601192678745
42.0,42.884337261347035
40.0,37.29464513749903
20.0,28.604376522633874
18.0,36.13244295565247
46.0,57.58433945011748
59.0,42.425050973440534
45.0,33.499435776636616
55.0,60.895293689329634
39.0,29.557732998364315
52.0,65.7378550134133
50.0,65.86468828626246
60.0,59.0922775447705
21.0,26.689636949936254
67.0,65.16638182116401
24.0,33.53008703747457
71.0,67.17120404208902
67.0,52.062104731764315
61.0,68.10978400332898
47.0,40.283100501003645
46.0,40.798223620604475
71.0,67.07334166759735
21.0,26.60948987122629
32.0,24.037992443709634
44.0,57.70660835427709
51.0,43.787496341723106
41.0,45.86310047676462
76.0,63.26108963873411
31.0,25.36133017750239
25.0,26.475861071528872
39.0,44.066251077153495
51.0,44.49805839663865
41.0,61.525749200228674
69.0,46.74120743088215
39.0,40.19175634298853
79.0,63.73582770462881
80.0,71.28829565860391
28.0,22.645974677939314
52.0,58.85335501449681
67.0,62.21801537675918
45.0,59.52043051218385
66.0,66.23181172874989
48.0,41.27009603510251
41.0,41.35722679847685
39.0,35.69669080775832
80.0,78.57245564205766
37.0,38.668702824289284
19.0,23.377470821054484
77.0,72.31296155510115
29.0,25.57223798918861
65.0,58.18404921487912
62.0,54.75912462193183
27.0,27.132995106023802
80.0,82.6139923099781
28.0,37.74993426656131
36.0,29.923287343150495
65.0,69.86833369365017
48.0,46.27540373910419
32.0,36.80195991027018
80.0,66.43030629830984
64.0,56.549029543125144
69.0,71.22813879586954
43.0,33.67671458287693
67.0,54.15546828139354
40.0,31.202811876936465
70.0,66.36419507867801
77.0,70.4077325629295
19.0,25.507348776463992
18.0,21.718090500705735
80.0,74.71773971238903
80.0,73.14434452514739
47.0,45.208516420157395
33.0,37.803407192475
44.0,40.85799226156487
62.0,73.92169136543005
29.0,33.994913440129416
50.0,55.01936222773668
44.0,43.80348194790541
80.0,77.1206835608723
58.0,62.08556396466014
61.0,64.48479523687784
45.0,49.89463251412376
58.0,54.48110139249124
69.0,70.33062429430305
39.0,52.915268099099265
29.0,35.05548630909891
78.0,63.53946560721056
71.0,74.7196014646104
40.0,40.99618708491525
59.0,50.292361547228225
33.0,47.55999842240919
24.0,33.31360102060576
46.0,51.78999314065046
44.0,41.28120682698103
53.0,57.47148923629566
40.0,48.31274230361285
60.0,56.12022302914754
29.0,39.66459480579283
72.0,65.89532280134478
63.0,62.84213216327079
77.0,56.13144576552302
19.0,35.431223762381286
73.0,68.66996209647586
41.0,37.78282063462054
46.0,56.56772382228906
34.0,26.694654629866985
61.0,67.81612255133604
39.0,33.09114884869717
50.0,47.666635887832726
38.0,35.068546313001484
19.0,30.786890225091078
19.0,27.403426958851277
47.0,34.41651627859877
45.0,47.1322405245131
52.0,55.91986315008391
54.0,47.07742368806852
30.0,27.454716090027794
65.0,65.85289437753957
64.0,73.0753957699221
60.0,56.60964020527617
24.0,28.642135854449023
21.0,26.158473843137077
52.0,41.24010910812363
54.0,47.69011840771342
29.0,29.950034771986207
80.0,82.33478289049283
19.0,16.39662522131608
18.0,24.231318391728895
63.0,54.37384738054768
42.0,36.975247822035485
51.0,50.29435971237576
66.0,58.314963960705356
28.0,30.750946680288482
69.0,65.25402165078437
33.0,39.10316556077763
62.0,62.375529717871025
70.0,66.80806270566868
61.0,59.62571673228344
80.0,82.32855051233744
32.0,31.492189684309135
48.0,45.083068526328624
21.0,26.980725801346736
52.0,55.39749921007113
32.0,37.12527954369892
44.0,47.704212094496334
22.0,27.119672160197428
33.0,29.571654652122753
46.0,52.663671312691164
59.0,54.91760547435105
79.0,68.04390687000291
49.0,45.65236300911004
27.0,35.818853745057226
19.0,23.17554106282493
25.0,16.63202856885439
59.0,61.8713563330477
41.0,48.679654679965914
36.0,42.98445935703321
61.0,60.0533769593854
79.0,73.89931490136445
80.0,68.61839722206885
44.0,45.03500272513452
18.0,30.10360836622888
58.0,38.20838898098899
49.0,51.13590429593415
44.0,35.12105964764855
58.0,65.00149257841097
60.0,50.166557414721694
62.0,60.06945904174738
62.0,57.53267554675956
80.0,77.7243643705218
53.0,37.8500439934977
23.0,25.617526151173028
59.0,62.11008027604034
75.0,69.14406555898317
40.0,36.54263057886784
78.0,79.36478198317154
65.0,64.55218344059942
76.0,62.476339231662514
23.0,26.509641578684345
62.0,74.95811363010111
68.0,66.00103000939413
77.0,67.13120265717245
75.0,65.71158005104014
69.0,73.11444382002333
24.0,27.384090825759756
69.0,67.5249282520167
52.0,58.37311551045804
73.0,57.28816553530612
60.0,57.48004048482133
53.0,46.87890419962965
70.0,72.9274152327696
80.0,79.68693438267834
68.0,67.40546732367122
66.0,71.68555233932722
19.0,20.317318170088686
42.0,42.43024753520306
37.0,25.869192125405196
60.0,63.4664991010652
48.0,56.68067978872166
54.0,57.69788581477794
48.0,40.09272456379578
45.0,47.44712626586978
67.0,65.61783290334145
70.0,63.191636168814014
47.0,43.588966336286134
60.0,72.09722728405309
80.0,49.43827141523093
80.0,67.0092437282417
42.0,32.290017664079954
57.0,44.3342309346796
43.0,41.64164151028838
48.0,66.91396614988139
55.0,48.26005904555545
45.0,54.356382406241174
69.0,65.68927476635962
80.0,78.02722526777745
33.0,27.84037202478083
69.0,61.65347788542594
31.0,22.608755022058773
34.0,40.46655404672094
22.0,26.17064364252833
37.0,39.56512958727707
67.0,54.05912417463769
18.0,16.238997630189466
31.0,59.74783041419176
34.0,41.722065769070774
79.0,77.38873314718874
32.0,26.552078087465148
62.0,65.50249561347543
18.0,26.959615043524362
22.0,24.529867613353876
42.0,45.69586743826353
49.0,56.70351864114971
25.0,33.107524450969606
40.0,46.0901911387474
18.0,16.412836703647805
59.0,61.594019981120084
38.0,44.88756203329954
55.0,58.408606438377596
23.0,29.51407553809331
64.0,55.68818062824964
39.0,44.36139165874566
67.0,52.42365421929747
73.0,71.240989300773
80.0,82.73618487843784
19.0,41.27878561823501
48.0,58.46630290747354
43.0,48.548443260419305
60.0,52.07950744215152
29.0,30.48071964769228
37.0,40.777903598044304
63.0,73.8345567512153
30.0,32.51630836420127
49.0,57.03759097510024
23.0,39.70212463334335
34.0,34.144535064723755
80.0,75.12243919237024
56.0,44.24475897341313
45.0,35.811346474663196
31.0,31.634707094721524
19.0,21.81737467713461
20.0,22.290794842275144
48.0,48.29902364614768
52.0,65.53726959201283
69.0,61.08786232097191
43.0,42.66190666430032
78.0,64.08701472135171
48.0,49.48562278980636
24.0,24.992550487981337
48.0,49.12721784909383
45.0,52.60412826299594
80.0,72.09632147553906
78.0,81.7289092900997
37.0,45.67037143211383
31.0,32.520460593520134
59.0,62.6022639916706
42.0,35.00373776806319
80.0,78.96965558013086
37.0,42.83740559205057
78.0,69.45103908803657
36.0,27.690274732088348
53.0,55.24093873049088
30.0,29.154550089590565
22.0,22.32889553101506
61.0,60.14175679828157
34.0,35.39970070839251
76.0,74.90860562884625
54.0,67.90100736625632
37.0,43.30242813224314
80.0,68.06032566442184
58.0,51.716638168726654
80.0,78.02737844239337
42.0,53.75495954850397
53.0,66.61551329176238
68.0,59.28203539812109
47.0,52.03426494418614
80.0,76.82823227252078
32.0,34.61691483084859
70.0,58.279770175686224
61.0,57.72399926227365
73.0,69.43464072673827
39.0,41.10691860414348
53.0,42.69960479325547
29.0,28.768328528547805
28.0,60.952047222619605
61.0,51.11442316583153
62.0,53.01963176141061
53.0,33.43574303455514
20.0,26.49267705124486
66.0,75.69471158342677
78.0,68.07137845666018
77.0,76.65610220937327
31.0,33.09928395707869
27.0,25.989483717894075
53.0,52.33194037590763
69.0,74.11244942073989
23.0,35.91796518794063
62.0,61.77745395670375
49.0,52.76336799425443
67.0,64.71726764157867
66.0,63.94193726017812
56.0,47.79902623336733
33.0,46.059984125384645
29.0,32.0008163416945
69.0,61.361369573612016
20.0,27.311691269544045
54.0,50.89882175463807
22.0,30.353945048657202
80.0,67.6047344277262
31.0,37.52279921959061
43.0,43.621231777880205
42.0,46.06857879597223
38.0,49.88171096570414
75.0,71.08741663232189
38.0,37.324424513536954
47.0,33.326507695789765
77.0,70.06931052820477
62.0,66.32520748413584
48.0,55.86732176574668
61.0,47.60952014409617
77.0,70.89300029586695
63.0,57.44048037516644
42.0,32.011454023227245
23.0,36.402660511613654
51.0,66.61517483555576
18.0,29.42029965974313
55.0,64.2081789603535
18.0,20.879332600579684
53.0,54.966606477851116
39.0,35.49596298144103
65.0,74.33485440398343
57.0,45.136526155890216
63.0,59.0608294254936
42.0,43.49693163109921
32.0,53.19442341312453
33.0,29.252873249143846
30.0,32.43426922938743
71.0,69.48273690473154
49.0,45.640008712426976
53.0,48.56274196349275
44.0,47.97637132842866
50.0,51.22868061744895
80.0,70.31624513899767
35.0,35.03012831475522
66.0,76.18054094694678
23.0,19.82263894292722
73.0,71.65528748754964
33.0,34.25453968066251
61.0,68.13194350762436
34.0,47.68342108521339
54.0,78.10352687819034
74.0,73.37153401855245
42.0,42.87310260652183
66.0,61.50529406544407
69.0,59.38165621886264
52.0,49.53098865152688
42.0,48.73305068230336
53.0,59.1424133403468
67.0,63.60729451592955
65.0,59.275591166625816
80.0,70.92749164525456
59.0,66.58696828709076
72.0,75.88526145676735
18.0,31.761207570466393
50.0,62.13576820609025
55.0,48.510694859550384
21.0,24.31843425422233
52.0,37.02112245212906
45.0,36.85948907593197
52.0,62.930169534453235
77.0,73.87948975235143
42.0,41.61614647630601
22.0,40.88599501444193
80.0,65.24152490467213
70.0,61.53355536710684
37.0,46.368671303658104
51.0,44.16229578923082
29.0,20.827539897992466
41.0,47.81109492267969
38.0,56.21338277070825
80.0,71.10333153284658
65.0,66.77266449223596
29.0,35.989971733163515
48.0,38.10185726003731
22.0,26.267733949916117
32.0,33.02324154411176
30.0,33.039888641026934
70.0,76.5091245137506
58.0,60.66838173865754
61.0,41.98959585584853
47.0,39.41285512158049
56.0,55.20805321711383
25.0,50.60855785860365
40.0,33.23548521669483
73.0,55.61600129777009
66.0,68.5647398895535
62.0,64.05340298224358
22.0,37.010452448262335
59.0,41.76301072253376
31.0,33.159588343708805
25.0,23.41926154668058
26.0,23.97842408573755
68.0,64.65518546059639
44.0,44.20293663694003
28.0,32.0377591203791
52.0,59.16760653606784
35.0,32.40133193396958
68.0,65.07279004943072
30.0,35.44431012859297
59.0,63.259697660420315
21.0,23.308314681888707
27.0,32.18328094742272
18.0,26.906384805287342
80.0,76.49192037370288
48.0,63.2736467262642
55.0,51.75801878545929
55.0,58.12749907558697
56.0,69.66992825498116
23.0,19.664194388291452
57.0,49.682630992184244
46.0,39.17406636629767
61.0,59.786151851742346
47.0,39.15073007292259
27.0,44.62293949890215
69.0,49.74194043921651
53.0,60.39562521436691
24.0,23.128869221964298
48.0,45.635727171382385
73.0,58.9675576925454
80.0,66.90924355743448
19.0,23.776345644898615
64.0,61.00294094765203
67.0,56.18069212824928
80.0,66.35995086472529
31.0,27.636842008471273
25.0,31.420228854594402
34.0,34.5143369502475
19.0,31.746641301169127
80.0,69.27220764067262
28.0,53.443591453149764
23.0,36.53790490865733
19.0,24.692228165706066
80.0,78.55502074018553
76.0,73.03208564383407
57.0,50.798436766872925
78.0,75.33398827827713
22.0,29.212801963239805
25.0,46.09945808384531
28.0,27.875721263159686
19.0,23.032075756674725
49.0,43.19122670666664
27.0,27.17351350417242
32.0,31.86923949792932
20.0,29.464264727394013
53.0,51.44342531112488
40.0,41.97522228027523
51.0,47.10993616814198
47.0,40.41516673437247
36.0,35.938808199034455
54.0,71.23222724574325
36.0,45.80458290602962
51.0,53.56807477244617
33.0,31.48004512347073
39.0,37.626798491458
75.0,64.11776235527266
35.0,30.98989408410867
18.0,28.485761105878872
43.0,47.6388100432775
74.0,75.74424070786822
48.0,40.22876758228932
21.0,26.32209911109351
28.0,32.75001813490583
28.0,28.42434600077948
67.0,69.79769306359954
40.0,32.195854243679534
56.0,66.75171059766068
71.0,54.16989880361914
41.0,43.28709536222915
55.0,46.388151563437475
25.0,26.290792531122396
28.0,25.21819542332264
25.0,28.05814398147851
63.0,64.00092063627328
23.0,34.31238457738001
54.0,47.461946033930566
28.0,39.49435174111033
70.0,66.04715636787473
22.0,18.626841468929513
28.0,37.40654613344895
41.0,41.787674417296145
65.0,67.80980954440487
28.0,30.90165842402662
29.0,36.184736019821095
31.0,38.80350677651002
21.0,31.085607264070923
73.0,60.77680504829242
48.0,52.823834093683054
22.0,27.028396209125304
42.0,32.84178783149366
23.0,32.44276622973481
54.0,46.23647269047366
19.0,25.201742822792713
45.0,44.30529399557823
22.0,25.7669910673157
18.0,19.273347817858344
80.0,72.44554358439217
43.0,35.25509540737263
25.0,25.38813742882909
61.0,67.53773297604297
46.0,41.21207136713374
80.0,71.82131129413384
37.0,40.703726302374335
69.0,69.51348467717055
19.0,28.87448917806263
32.0,43.20121346638817
21.0,24.162156695635137
49.0,51.72549185924818
48.0,65.79354082973659
44.0,36.77611181786719
36.0,32.44273664418875
43.0,43.59274048814147
29.0,35.76080056937063
25.0,26.450170889133716
31.0,27.434338448216142
58.0,62.11571617245824
73.0,67.09321218308179
31.0,29.3574643328303
44.0,36.03912367736687
36.0,35.86883759689651
18.0,27.92517126998391
72.0,65.70502188250649
67.0,54.17496938136927
31.0,37.151110310048054
79.0,75.3313713182984
61.0,55.822766774217044
30.0,35.13797840817708
54.0,54.18082293284525
50.0,52.221132957090944
70.0,73.81078771779877
79.0,45.19190932281278
45.0,42.6835535695555
55.0,46.14392350292309
71.0,74.45010502333422
24.0,26.909012898926047
71.0,71.41242055037058
37.0,48.39858568844182
61.0,65.43804087672211
69.0,56.46161783998333
59.0,56.17696393724805
49.0,44.63557894216623
70.0,69.5564375532133
28.0,27.662135676919135
58.0,67.75010043323329
80.0,70.30644774382041
71.0,66.9239577624307
31.0,23.633394068570283
55.0,52.71555090384687
40.0,32.858482503167
79.0,72.58485416505418
58.0,65.60938789863603
47.0,68.09169650458954
44.0,40.70880535426318
22.0,20.67619411721048
80.0,68.87918132762283
51.0,58.40097361013449
43.0,40.91166178008917
60.0,58.71423614295497
54.0,53.22096014681006
33.0,36.44178154912194
59.0,45.84255789025854
51.0,38.25506120869556
44.0,43.08621791899561
33.0,35.22659147344838
46.0,52.13359164049125
65.0,67.22294373735654
25.0,32.14755441714752
21.0,26.4343213520313
38.0,62.6637608068803
19.0,32.673516446901566
75.0,62.2388509621647
49.0,60.7936505031106
18.0,25.64264481977597
64.0,56.71070233183827
77.0,71.9518525076435
78.0,66.79134561824439
34.0,39.75660205564891
19.0,29.466248850957516
46.0,51.65265146723437
35.0,38.324447640477665
40.0,51.09102365153768
35.0,46.01099794300805
75.0,60.09441037724473
71.0,68.79692606414133
34.0,39.581217583180745
55.0,54.917350597709365
51.0,44.15471945704497
20.0,25.11705691705869
31.0,32.88496105993915
21.0,28.29167598802445
52.0,51.18204264314549
19.0,23.771475493558224
37.0,48.26822156300973
19.0,24.623020121805688
60.0,67.34153491336731
26.0,35.234985488916955
58.0,59.41574460132601
57.0,64.26843988742895
20.0,25.469647093767243
62.0,63.651247244378986
35.0,28.030644581199866
44.0,55.46142808430757
40.0,44.34257351327223
53.0,38.523053527930244
33.0,48.1477850297918
80.0,78.7904907131747
68.0,57.07858665730939
80.0,76.11045626655508
44.0,53.46848128915592
34.0,38.17263598200828
80.0,64.70607060017372
56.0,52.69149533237739
26.0,43.669090924087435
40.0,44.41755400459705
80.0,70.71564104589484
38.0,40.00583206531918
66.0,69.3905612621336
19.0,37.58316610946224
25.0,44.39293589642027
27.0,30.999433622032473
43.0,39.2462841706363
33.0,24.313801631677478
31.0,42.470760403568626
36.0,29.329796539751783
50.0,42.89535654346985
25.0,28.71952409357958
60.0,65.42576784920577
80.0,77.62305644393544
47.0,62.181855418170315
22.0,26.04724538786703
57.0,49.745582015330335
56.0,46.19992462083025
80.0,76.6426794883534
20.0,23.502861083308982
44.0,40.33237308979812
50.0,40.56148614917519
80.0,72.65525939823664
35.0,28.570948912705468
71.0,71.70761441396772
49.0,62.726312210924505
67.0,66.18948380868203
50.0,54.280281784948386
40.0,52.68842246927891
59.0,55.16823768081415
32.0,44.15790041828354
24.0,27.50278611160625
19.0,30.62695621694025
40.0,34.969858961146684
62.0,65.07661789385699
69.0,69.25618925531691
46.0,47.25115059641932
62.0,63.653624397142515
32.0,26.3685123310119
25.0,29.641169089631134
55.0,44.20160184181651
23.0,27.315813946339116
71.0,70.4717572776884
21.0,21.381109224926988
33.0,51.97091598959309
67.0,68.44749321485095
20.0,24.801206497220775
26.0,38.92195900386873
60.0,52.49658652834637
76.0,69.90213796582215
19.0,26.684156345284112
55.0,44.88121990324392
54.0,53.966653955815936
45.0,50.57492854222968
61.0,61.86465349859699
80.0,74.28266829042931
75.0,69.88802678643555
48.0,38.39724978514332
78.0,76.21910102067879
80.0,63.93415050763516
74.0,76.92202020125504
68.0,62.40924349397654
66.0,66.31337989846878
63.0,60.98660071721018
65.0,75.50570135877986
18.0,32.83855276640161
25.0,27.873155833435757
24.0,34.000736865662375
74.0,70.15932142396943
46.0,40.021367680201166
22.0,28.4709925505083
40.0,38.79058730049209
57.0,55.20282505249919
29.0,23.657965524462806
39.0,40.7398761752542
22.0,36.857813294691645
30.0,25.25353814589693
42.0,65.1835206164698
18.0,24.330677789521054
24.0,25.168818728441426
46.0,42.40478961384211
57.0,60.32983436906505
53.0,55.750640467064976
38.0,38.134637080776805
67.0,68.00173815090682
32.0,33.979400483060054
33.0,31.430612076963413
54.0,40.66396826721906
29.0,37.19541575031311
36.0,31.075036761252097
36.0,36.14003769027619
58.0,41.54827949962481
18.0,26.143265053911286
52.0,48.503357074031896
18.0,31.588699725889835
64.0,65.22853287798047
64.0,62.04394340774583
36.0,32.78177933652569
65.0,68.52618559728006
44.0,36.30997581656955
42.0,41.22442063591525
77.0,58.549779197679634
22.0,37.67960239007931
80.0,76.06479807552667
54.0,49.61225067265107
19.0,22.22562855279821
37.0,36.016748648276376
24.0,28.0916985865991
76.0,73.81666999739699
63.0,62.60727849240367
51.0,46.5857563285334
39.0,46.73662882050337
65.0,67.85873025551801
65.0,74.27739404503794
77.0,51.97272796361486
61.0,64.77985839499001
50.0,56.85000044777106
46.0,41.03861593564567
53.0,46.16270712767248
57.0,59.704087733766535
48.0,33.422599463514565
27.0,29.894249546746934
51.0,53.97065049682996
47.0,58.67012515763493
42.0,30.918977908451787
31.0,30.657357481625702
19.0,30.824710259612953
46.0,34.73064988368488
23.0,44.94052214668576
49.0,59.232675390411764
33.0,53.83435038759925
38.0,38.620190279984975
77.0,59.4854494607678
28.0,26.288070642910096
56.0,52.30010982075723
41.0,53.5169631626764
46.0,34.3505562196004
63.0,48.832169119921005
65.0,60.15455194509224
27.0,32.415178064470695
65.0,73.44989464148516
18.0,23.503591882733037
23.0,31.653128555326145
22.0,22.522594982528737
47.0,56.2314482300455
78.0,71.87598844468955
71.0,68.15962698202509
50.0,50.69474008204519
42.0,61.69345431696823
38.0,42.410524084361015
56.0,49.10536125418515
28.0,38.598455243565056
48.0,55.96287646006511
45.0,49.778546556083356
46.0,44.602609912710825
50.0,53.00167762305952
70.0,55.83505029256646
33.0,46.50151560405321
19.0,30.65252104704632
44.0,63.53178865444836
54.0,54.170054753766465
50.0,60.09690529634412
32.0,37.528533219832056
42.0,46.52567259636018
54.0,37.633430249749914
34.0,37.903479229508584
57.0,42.87475311520479
49.0,65.92380857985455
80.0,57.44114937277731
67.0,62.05079731694567
31.0,35.352312489600955
63.0,62.89787224101129
38.0,50.88340996087149
66.0,68.13870956785473
29.0,21.006074601504277
80.0,83.35061667604974
26.0,28.16611595773213
49.0,39.984887692971235
36.0,27.554160672992058
39.0,34.169906226603146
57.0,62.501768945339116
79.0,61.77179158470894
18.0,20.71166596444166
40.0,48.538516845110436
47.0,41.71801808229361
69.0,74.01059464312716
30.0,34.50175475067397
20.0,22.67211885060406
44.0,39.089494821851865
33.0,35.82936402728466
21.0,35.226775783268565
64.0,60.26589035965439
70.0,59.118860753977046
40.0,52.57841827850413
22.0,26.82884946175854
80.0,70.12547373279872
28.0,28.60735269381488
63.0,69.2810829681631
56.0,54.1875910505352
42.0,45.445504240226114
64.0,67.49854933773253
79.0,65.3229094877534
23.0,25.761958534987876
80.0,71.93741137014692
77.0,66.59030242082058
36.0,31.72176548360655
18.0,29.22513119955225
58.0,58.87975184981971
49.0,39.81833222657341
59.0,58.836261344366285
52.0,57.883244194189544
32.0,43.1860309274001
25.0,23.37053704184657
24.0,29.15862299234804
28.0,25.500528717871916
64.0,57.914276869377055
70.0,55.890164421431486
34.0,22.663076992236242
29.0,32.34866231758257
65.0,71.8253853323612
40.0,48.14891844612552
58.0,40.49378776239182
37.0,28.612726732890813
23.0,35.03645569744859
21.0,18.892641416533394
39.0,43.26621183106541
57.0,63.35155328566697
30.0,36.46732242388401
66.0,38.66281660019987
60.0,55.454665980163234
41.0,43.760935660589894
57.0,62.61677146321438
64.0,55.68244573647613
42.0,28.67175610451962
62.0,57.35585884757477
41.0,40.08570240375148
27.0,44.928668436814505
60.0,60.57137381709428
18.0,23.146879602331516
45.0,36.2759396858914
67.0,65.53775803478248
29.0,32.931529587126704
34.0,38.65348289883158
76.0,56.345328013193495
68.0,50.733693282325454
62.0,69.25969568494368
73.0,63.34137049369095
47.0,41.96638289542146
54.0,48.563228145448015
71.0,67.12774826865119
45.0,37.921846174238205
54.0,48.550853775063594
25.0,27.951001883841123
45.0,58.07495715094252
56.0,45.778686524351954
18.0,21.821985429768482
29.0,35.937689644736544
41.0,38.69345805687476
25.0,36.46138834811262
49.0,57.45819360004729
80.0,80.6229478561576
21.0,23.562995472259292
70.0,60.02216881104874
71.0,63.53924679243482
54.0,40.17912912316541
57.0,50.32990698999332
39.0,50.980059106970934
80.0,79.21589948696435
26.0,26.4621332005764
78.0,61.28178340644474
80.0,68.31181339945554
44.0,37.191902964945335
19.0,20.25241526385222
42.0,52.15382683075038
19.0,30.522067387223036
46.0,57.62095710166497
45.0,50.63743461076185
49.0,45.17145996286744
23.0,29.077393437911017
45.0,49.83195199386354
39.0,47.26297513685722
24.0,26.959771596586545
39.0,38.703376817186495
62.0,58.12686667693212
61.0,72.88640205819284
38.0,44.974119366877254
65.0,65.01503060640947
62.0,52.68323348312387
53.0,61.253307803733314
35.0,33.00557765704237
32.0,32.0608166458733
32.0,36.779078123631756
80.0,77.01610167649514
18.0,31.91470856709899
67.0,56.03859108826008
54.0,39.720901339257104
55.0,47.95061318178321
63.0,46.464558797505454
60.0,62.04563530913719
56.0,63.709541564889875
44.0,53.15872095996435
76.0,63.74545826430247
31.0,42.124244452762575
52.0,58.34673588398974
29.0,41.92524231940293
59.0,60.78843976032958
80.0,84.28353256230675
67.0,58.42899016762283
67.0,67.33944827685981
80.0,80.38010581465336
61.0,59.68299163806641
36.0,36.245545308563614
46.0,41.89682847145825
56.0,47.75049154942657
62.0,58.65999293885512
54.0,66.98572684419626
19.0,29.809302624216272
19.0,22.062389937688845
27.0,42.844577535849936
72.0,57.560611329303896
46.0,35.40930782582616
59.0,64.37586524463445
63.0,69.03773688499282
67.0,68.29071650861053
67.0,67.92878983999047
69.0,63.39800124974755
66.0,65.75994364753097
29.0,34.20366488008159
80.0,76.84307395022817
19.0,25.725220895894434
38.0,37.46912767314925
23.0,23.18858918026293
36.0,34.367726124436686
43.0,38.508901136420924
58.0,51.8832775743986
44.0,44.09849218387739
60.0,53.9880449978516
27.0,21.504828791917177
24.0,22.63577943436936
41.0,38.73263382630487
30.0,31.671162242495274
21.0,26.707786809251854
49.0,46.72046440592018
68.0,65.68908607808994
63.0,61.48689771289078
61.0,63.771242285706116
58.0,61.114669174257386
18.0,25.860447880017787
19.0,21.101047238571887
59.0,55.52568174718955
61.0,53.99896944309846
51.0,58.62226511772667
78.0,65.42164946005042
18.0,20.064627793880643
34.0,48.90599566773186
45.0,42.86605178448067
31.0,29.43564391678937
45.0,35.754521166725155
72.0,72.87120747297374
35.0,42.84958508145225
39.0,51.31412624559071
29.0,23.78770697334108
80.0,78.32760916090584
54.0,56.33427628178928
24.0,32.441762324893894
32.0,39.98914840864507
59.0,67.69379601243185
47.0,35.09396404358723
61.0,46.65895717840763
31.0,28.742925330353813
67.0,59.5038422945118
34.0,39.887722695606726
51.0,55.46393094216886
24.0,24.200552103424968
80.0,73.49551796269094
74.0,71.13567687708965
39.0,48.02518305220144
53.0,51.7599381563497
41.0,39.68428675432478
61.0,48.491975590860726
43.0,59.023716237976835
56.0,63.92625433985402
26.0,23.412170845351593
28.0,30.40969105641871
64.0,73.80016728696697
31.0,34.736557261563846
72.0,81.09238162892797
59.0,51.522069635463865
31.0,26.326273290925737
36.0,42.56457076240885
38.0,41.36169760329438
36.0,39.71986692488558
23.0,30.97329325425525
64.0,47.55115227054268
63.0,65.04387773300954
75.0,60.43154766984621
68.0,64.86570033128743
65.0,53.65485682248751
72.0,66.32702080523967
54.0,47.25566848769111
18.0,18.51126776700674
42.0,45.23167540765005
55.0,57.930523791491126
61.0,66.34836085325998
80.0,72.65628556068515
64.0,62.12293709561049
54.0,58.18696073361223
51.0,52.36170631977263
19.0,25.509799816088208
71.0,64.42206684335049
32.0,27.36839776467281
54.0,53.20496388535672
80.0,76.43165605215587
79.0,70.71684842309186
23.0,24.337149842542228
31.0,45.66050572199603
36.0,31.243681989769467
31.0,22.015904810227763
61.0,50.34107092642701
39.0,44.413378317444945
80.0,78.72350029661992
80.0,74.13740172136666
68.0,67.96325548913923
54.0,56.28765927359776
48.0,41.60896800966686
30.0,38.20826258575339
58.0,50.43945657842017
18.0,23.66694489169559
52.0,55.78962621195407
68.0,71.82041531153412
74.0,66.74352176217178
71.0,76.64350072309895
39.0,43.98393740186992
39.0,26.104304667424586
59.0,61.47774221214581
49.0,40.66835698186628
19.0,31.48845186332529
41.0,43.075062801789336
41.0,33.259425992127284
25.0,24.668562664531215
71.0,63.46907109852283
31.0,42.68817848480027
20.0,24.270999984092683
52.0,36.377780099155665
78.0,67.64594883877199
80.0,63.26314986775817
35.0,44.312237505802884
34.0,25.063361890223696
22.0,18.467607204776716
47.0,50.30661845495219
27.0,38.88270947140534
24.0,23.84925790637948
42.0,48.601887216691146
76.0,69.86346295821316
35.0,42.33018536691952
70.0,59.49833678501889
56.0,48.98256262552258
45.0,51.96379873655191
55.0,66.97631614040496
31.0,29.57814731267496
45.0,55.88472029593348
57.0,48.92777957405422
66.0,65.0415566581082
71.0,63.26647190458966
62.0,47.2983398969764
61.0,56.38981529737746
67.0,71.13955257117132
31.0,22.155454633038506
22.0,26.41958822705311
66.0,52.045584381306064
70.0,71.92415295006313
38.0,44.57755944049358
50.0,55.89513681805935
54.0,59.61062784604965
67.0,66.9074046808414
18.0,21.34922259118777
71.0,78.62765696141584
71.0,65.71407513200931
80.0,53.18857368377395
80.0,73.4333208257145
52.0,39.38433599447988
70.0,65.67327591165545
51.0,40.83528808300352
49.0,45.79039824763806
66.0,63.10369025405156
74.0,71.6610527526014
37.0,46.11107471674539
59.0,61.270404389814516
19.0,29.99259974897618
56.0,67.25231874815277
27.0,36.58792364769468
60.0,50.543135482925855
56.0,55.794602515611395
75.0,69.55093158686657
58.0,58.91666343841917
60.0,54.91641251369507
65.0,66.5576342464152
25.0,35.07980847944023
58.0,51.16298543446765
59.0,54.522641565795624
35.0,33.39034125337297
57.0,53.935459419511155
61.0,57.30746528223199
61.0,69.46034230783731
80.0,71.20236024771705
72.0,73.30322033750133
80.0,76.69201365271844
61.0,57.07096860838327
22.0,42.53843927661093
27.0,32.64489817469874
24.0,29.328708084727914
57.0,42.19381017002128
64.0,64.45433156789422
30.0,30.897573002813992
42.0,45.17412973556197
28.0,31.08896382244432
42.0,39.40753215133174
48.0,45.641193787693496
21.0,28.36489183327935
55.0,48.964641403094916
71.0,71.84927881121445
71.0,73.61136556455386
41.0,31.03311094415251
36.0,39.955894403659265
56.0,54.22861674878711
74.0,54.248827751848836
45.0,36.66201078858907
38.0,24.24464185341165
44.0,48.7833636717275
19.0,34.78617334594938
80.0,70.9002023992011
57.0,59.761677882333736
19.0,23.11545406901224
22.0,38.32664645542277
66.0,41.409811757691074
69.0,68.66647625819681
34.0,36.23845689288766
31.0,40.00652332302559
48.0,42.51987304219612
66.0,62.393566410354424
36.0,32.944945516554
43.0,35.55924924410343
27.0,21.377926569534445
80.0,72.64184332781949
57.0,67.82062576368646
58.0,67.30831522646123
18.0,29.174139668831117
58.0,72.27458217158605
53.0,55.95417061370214
73.0,63.45123635007415
64.0,61.15678923418836
67.0,69.43356647517707
56.0,72.58859154875775
47.0,46.21219459576473
70.0,62.8628862188029
68.0,66.86415386017131
50.0,51.53045725936048
19.0,27.197221669805167
28.0,29.417803051064595
63.0,63.36968476635333
38.0,54.310457683598585
22.0,29.089164350134133
20.0,24.21492521217632
30.0,42.71636715247885
80.0,54.22438341887865
62.0,73.68696964110222
80.0,76.29009919347199
48.0,45.74915721948101
51.0,44.12516196964433
80.0,77.87086507859352
32.0,28.25729810665695
21.0,19.00194037843876
19.0,17.940454836552146
66.0,64.2554656185331
80.0,72.29979317409199
63.0,75.95922767579134
47.0,43.005330626336104
43.0,26.570285277302265
18.0,35.25274455579797
22.0,25.853476752079438
61.0,57.59509274788382
58.0,51.21070569685846
67.0,55.817961077926455
45.0,35.22671884734362
63.0,50.65982961871491
64.0,61.52704103285072
78.0,73.93795920146879
30.0,34.5599063756415
31.0,26.365945865474064
63.0,69.5946603412466
19.0,22.94606534864501
37.0,43.099775862921206
71.0,64.05428587967812
53.0,51.02088990169997
72.0,73.81911247009778
28.0,29.04379579135034
44.0,27.03615551806338
40.0,50.471690024001575
53.0,55.85350015169046
67.0,63.53255776907336
66.0,53.71734118370271
45.0,51.24398739098934
18.0,31.00305667371623
50.0,44.05417161232409
52.0,55.28325763887215
45.0,38.30542378000636
47.0,47.226493477457545
30.0,34.216190809443134
78.0,77.45831612870451
31.0,33.42957460778642
58.0,53.08713191001941
31.0,30.320984359591225
23.0,37.926800088810396
26.0,29.0644273040382
52.0,58.947770053128224
67.0,73.35580187511722
63.0,55.259043536788425
57.0,52.41085028565097
20.0,19.764067960679068
60.0,77.14048680996862
47.0,39.90760687567891
35.0,25.54417847994353
76.0,77.91086256093054
38.0,34.39580442995197
55.0,60.147281246493904
20.0,32.95746852954952
20.0,23.234519637905496
80.0,57.0350365869239
72.0,62.00376725051857
54.0,34.02746140890733
46.0,45.872039544580346
66.0,70.16683597598346
61.0,73.5991969190182
23.0,24.833608210336614
74.0,54.36837373590535
18.0,30.842489307352725
75.0,53.184603499359774
70.0,65.45361781506712
20.0,19.601496174772407
80.0,74.35333169125127
58.0,56.09941314491071
52.0,54.1627790976015
80.0,81.15300794516716
72.0,72.1941469745215
37.0,45.86378540159755
73.0,67.71213605491953
19.0,25.590543104993703
80.0,76.54895725755907
78.0,72.99326310294875
48.0,50.92310820038189
50.0,46.13750424689296
79.0,77.31845814551362
47.0,46.2755822802767
66.0,61.72289777863095
18.0,22.377699107589287
37.0,36.79553759665451
20.0,21.301859162513274
53.0,41.411587859755834
44.0,47.61390582335772
60.0,67.91100118931342
49.0,49.21153907363267
42.0,42.89647817003112
59.0,48.28033001083131
28.0,46.57160286622808
74.0,71.70963986897266
43.0,37.60672265221383
80.0,74.52279555877527
79.0,64.1004838997853
57.0,50.93991925711586
20.0,23.8252224652995
18.0,33.11813718904043
63.0,63.969553554721784
80.0,51.46099706877065
28.0,29.578985500788566
61.0,49.811582385858195
37.0,35.000298621426104
32.0,43.438602969941414
51.0,48.717276071292446
52.0,49.5799557433128
80.0,77.25634604137541
29.0,31.840957660578553
20.0,22.567323926213017
79.0,64.34683658471452
61.0,48.741354296600406
61.0,53.51701121014467
27.0,38.30062625764855
33.0,40.17132260115737
66.0,67.01243298628674
54.0,57.941967869846145
80.0,76.16058459231222
63.0,60.23202039397465
23.0,21.65143051882507
64.0,49.954025468085064
60.0,54.637253898445245
46.0,41.243106429305854
61.0,66.85261012465715
61.0,65.50778049291586
64.0,64.19043989152495
64.0,49.667850831444554
32.0,27.376925602925002
78.0,64.5787347881647
73.0,70.24123320483186
62.0,57.2759888885219
53.0,50.263144849064865
62.0,62.758660356828955
80.0,69.67829752738284
56.0,67.39548486328798
63.0,60.499257832667325
28.0,25.699728623070037
34.0,45.58266608235575
55.0,61.66078214581626
26.0,22.555109631275553
70.0,61.857341888983875
71.0,67.46173820644066
20.0,27.172896898070825
22.0,22.641842556484516
24.0,23.465128922505833
37.0,30.17272803325494
80.0,73.904308917254
32.0,39.466436737000244
57.0,60.77548205592382
61.0,61.32541668720044
39.0,39.31840973232136
74.0,72.35169342600103
20.0,24.926283420427595
28.0,27.54742109822829
55.0,42.21845969364931
37.0,34.75994403091077
66.0,57.575235056716046
78.0,76.96731661793474
50.0,40.7806167396272
23.0,26.649617301161655
61.0,78.04404247159651
49.0,54.62404501010195
34.0,36.043843707903605
26.0,32.67790485832852
39.0,51.67064949732442
61.0,58.677770395218985
73.0,54.13057910756447
30.0,30.39839184954433
57.0,64.63092897668321
63.0,61.26747674041248
66.0,66.78902760143225
80.0,75.26162924443288
61.0,62.162416140672256
52.0,53.95958381401107
66.0,48.6650685965751
25.0,45.04447755155942
66.0,74.53334171756501
71.0,67.13300336987957
39.0,34.943075859865374
66.0,60.23264924939029
57.0,65.69907085520562
19.0,21.96763719872531
50.0,43.10773654895403
77.0,73.82788691078457
33.0,42.199690570140305
39.0,59.045780437252056
18.0,17.186771712080272
80.0,76.46587118598961
78.0,73.1779602219474
36.0,40.21967973431456
55.0,54.99716121756841
54.0,74.36526057115255
18.0,22.567185874423007
19.0,24.420228329606477
56.0,64.99044857789963
23.0,21.710912088674714
34.0,37.91852025499387
38.0,44.646186245439374
35.0,42.22384144063246
35.0,41.224681158594194
33.0,27.08762449774358
63.0,62.672272918403884
21.0,24.645707394691737
72.0,47.49288480552198
39.0,42.89016169207382
60.0,48.18413888294875
60.0,58.10723154678303
80.0,76.43618923737058
33.0,27.324938128218378
65.0,60.387406782957086
25.0,35.62241502678036
46.0,54.46334726219289
19.0,21.967968379443683
19.0,15.955274165948289
47.0,41.84878229236546
30.0,28.05698906237896
22.0,25.596540380696617
30.0,30.534609344114326
50.0,58.666125887913914
64.0,57.388624858580194
22.0,23.467693883844365
58.0,61.0440400569227
75.0,47.99972023505478
31.0,30.259782581971805
61.0,58.35614970766365
62.0,65.61736180528169
23.0,33.77844299064113
40.0,30.763284335626135
35.0,32.8346972859097
19.0,26.58968008115133
31.0,33.427991922522025
24.0,21.98460741052271
40.0,44.72507805207104
22.0,25.418826105371636
80.0,57.372984833839396
38.0,32.817099059971795
68.0,56.55869054257845
31.0,39.25009667785174
18.0,24.44565854926367
59.0,59.75124461585611
61.0,62.72525807274361
70.0,58.44034573895044
79.0,73.09531318935684
34.0,53.01970417538182
64.0,55.62318476330734
65.0,67.81463185261364
24.0,28.335594305275137
30.0,24.02420920368388
68.0,68.52500736207254
61.0,46.818489840201366
31.0,35.0673405035072
59.0,67.95469325508438
63.0,60.04313888865709
58.0,58.33612766069749
34.0,42.74496008745489
78.0,59.654594095095014
24.0,21.68491433593797
60.0,68.20641438142039
58.0,42.287079573280884
43.0,58.92749333031677
65.0,64.57977094172894
66.0,53.11701949185697
62.0,55.05018581694644
78.0,77.4453860100032
63.0,69.07136857881845
50.0,44.833562382789005
68.0,64.57049268482064
80.0,72.70887554629218
62.0,60.23840362327462
41.0,55.217960201585576
61.0,59.54992032861647
77.0,67.39266579972698
52.0,52.14996085914192
18.0,25.642018998180983
56.0,64.62163615676143
18.0,24.628205300521756
70.0,44.03887033367761
72.0,75.27790854633938
80.0,74.46214707645431
23.0,34.78022623316058
62.0,67.68311251432367
49.0,59.47534300970328
30.0,29.555899499086596
80.0,74.27451058681687
61.0,58.688773355331776
80.0,77.34226121298632
41.0,44.67959357211429
80.0,77.13368753064938
20.0,27.91767037123239
31.0,28.561202835445616
52.0,59.48547054730172
57.0,47.12662193359693
72.0,68.14750621143149
42.0,35.66896154683818
66.0,61.01966585476628
73.0,65.71680771254908
48.0,39.86198944902728
75.0,75.14065233893847
23.0,31.820616196628375
68.0,69.38448157634156
40.0,41.41648941685789
19.0,28.57373840057865
62.0,45.453123023609216
55.0,56.37009152847532
20.0,23.186927500914166
55.0,57.37383425369209
24.0,29.716102164308758
41.0,42.90377772851631
65.0,65.41926390771654
59.0,61.08744829250563
25.0,30.35680253856929
80.0,64.82226718425599
54.0,54.52724770959378
63.0,48.277464652425444
53.0,67.85137062834372
21.0,43.66515857266157
19.0,23.348805557663205
52.0,67.71932483021159
19.0,37.756713053925104
78.0,76.73426417997128
23.0,22.721329595844303
63.0,70.59444227777891
19.0,22.47026459260035
51.0,33.01268610635954
61.0,68.28873905765727
55.0,62.4222352812187
80.0,72.7702458229887
58.0,64.73915940055142
64.0,54.62315299330555
34.0,37.67846081174696
41.0,35.90939944891093
60.0,63.532704112758864
18.0,17.549186825281648
36.0,35.55687906057781
41.0,37.1236835597771
70.0,63.48270736630145
80.0,67.11298868809514
59.0,49.95618267440828
43.0,27.657706152938996
29.0,24.976337582041932
72.0,62.239584455679775
42.0,55.76867661952385
52.0,57.166705271493925
71.0,67.00992343815959
80.0,78.25783083235775
18.0,28.84658766860795
61.0,53.07792394645037
54.0,54.605642848471255
43.0,60.952154761678926
53.0,65.91321126411255
58.0,62.07826946500761
21.0,29.11575169420993
80.0,78.57302382221368
38.0,23.158968030584404
55.0,49.222278052209084
76.0,69.71403640885461
28.0,35.475900006338414
63.0,65.61511184664548
19.0,31.327008907597154
80.0,64.98095691284806
65.0,60.48877079398078
63.0,34.133316110538644
60.0,66.2317777589689
19.0,32.002626724886795
51.0,56.59743429999031
61.0,71.55529348587673
42.0,41.81355536875858
62.0,70.45642752382255
28.0,52.49409861868235
20.0,24.06803638931471
45.0,47.19291180324149
54.0,62.033164564147064
73.0,74.1407625572236
60.0,61.58191422277853
46.0,40.32065267708286
41.0,39.91631877588039
40.0,40.37417266159947
60.0,60.96287535257199
37.0,39.13498380083586
41.0,43.5808894565806
80.0,72.31181242369611
39.0,33.06452380951223
48.0,37.70992212434299
20.0,24.32869582060873
55.0,55.958646922773575
68.0,67.32184982859324
56.0,56.128747947107435
36.0,54.9428869597344
64.0,74.93619555930769
52.0,41.71993630224489
53.0,52.968006975739456
22.0,26.560325489069786
73.0,69.46749063861621
24.0,19.136505384009723
70.0,68.26882420661514
32.0,27.488627298742166
31.0,39.93844780623548
58.0,47.77171707058033
72.0,70.77110663931133
80.0,82.6097548991831
60.0,63.045523990157115
60.0,47.114906011029476
60.0,59.6689594678548
42.0,36.04496686134731
45.0,53.26857922497195
31.0,32.1809921399203
32.0,36.393030827245575
24.0,24.387700358519115
63.0,41.04737800759702
62.0,67.37546803507921
23.0,20.2221814816636
80.0,72.06875982277312
39.0,41.18500938782206
69.0,63.56289501307665
35.0,38.09137954046238
34.0,35.7981757955493
21.0,29.32008542930598
49.0,45.34076474491889
77.0,77.1518736072249
29.0,29.52601700006243
19.0,33.29971876367386
24.0,34.2925338716566
58.0,72.30382328560626
77.0,79.62463675251028
32.0,29.90080982620166
66.0,66.54931738331798
62.0,55.668225025973925
40.0,49.49586863636851
77.0,72.8228340828957
19.0,27.5331521104709
24.0,28.869987250275685
34.0,60.93377727342199
48.0,28.516905502406225
61.0,51.4870966167418
26.0,23.8028609558632
80.0,80.60032944360724
80.0,70.60692258075723
80.0,67.58295217853944
37.0,48.934269617787656
24.0,24.57130365166184
47.0,51.82352896506746
63.0,52.544386337795295
19.0,23.760007129096458
80.0,71.1589625406078
52.0,49.610629731413425
66.0,56.86773082537176
51.0,45.82676458347945
38.0,43.41315918939272
72.0,65.94773267067463
67.0,64.95625557014918
19.0,23.77503136903015
34.0,45.20583949244972
80.0,76.11658152222701
25.0,30.0191262421639
38.0,31.461531224407054
68.0,44.97438747987134
80.0,73.36669818476334
64.0,53.93154251223831
56.0,63.06633148423892
61.0,57.080988871192275
62.0,53.05990467164599
40.0,43.72427908506913
42.0,37.21310760567798
42.0,57.988739152545584
54.0,55.77912421588673
22.0,26.77051466431518
24.0,36.23720456057517
52.0,65.63188754027166
47.0,58.91889665674143
58.0,56.097978127447476
20.0,26.295298853194623
55.0,45.95756164738334
54.0,52.32836366255593
22.0,26.66180092439639
41.0,35.86961705411006
42.0,34.269218694985724
62.0,58.65209200996369
59.0,65.17402650091636
23.0,37.92047698863812
61.0,58.67719262586909
57.0,58.89497576439406
34.0,33.227378776696625
45.0,44.75055477161415
33.0,29.828359674451793
51.0,49.09709495650506
55.0,40.54884635218787
30.0,36.02026620057147
64.0,64.94572286481949
62.0,62.25135066433565
72.0,73.97827795322677
19.0,35.22997996712452
60.0,48.169444006863486
45.0,56.673977707344676
64.0,64.00061152076489
44.0,40.19227575686507
77.0,76.5418922033031
36.0,39.20442185861788
18.0,22.640448254281104
55.0,59.43699445835963
55.0,30.478960984652822
23.0,30.293488073294096
40.0,37.5333508640064
64.0,59.422211055816746
63.0,56.71613542798598
38.0,47.01971654077797
20.0,31.9757065005007
80.0,77.53693559822688
43.0,44.92397374523651
20.0,24.69837720926111
80.0,69.04357913331553
44.0,62.31106159421703
32.0,26.61595482786726
33.0,47.40460255096045
29.0,44.40563154340791
19.0,20.466534545991433
58.0,50.540028587405764
32.0,23.943408512587524
51.0,57.068962010480114
44.0,42.022623909957126
80.0,69.19316601384486
23.0,30.135736674820905
80.0,76.30338467814735
26.0,48.29074468196915
18.0,47.53236720476927
72.0,62.28461428898561
60.0,57.92145249630429
65.0,63.190047471821195
47.0,34.06114578389417
46.0,50.2331197530075
38.0,37.19680956375543
53.0,57.314055840864235
19.0,18.245307677088817
34.0,29.82355220031643
62.0,61.1812393187438
70.0,67.58824850062159
59.0,61.58372913456235
51.0,60.59493152493394
48.0,34.783828453895794
55.0,55.9409049505045
61.0,62.815401063645595
52.0,44.4586651152806
52.0,61.30099889594545
27.0,29.029179395083563
50.0,37.88905830207623
60.0,53.2664461036921
23.0,23.89664208632939
48.0,37.56340358088702
39.0,32.138980779440004
50.0,49.97407546002047
52.0,51.09477068910987
79.0,75.96231110970902
67.0,47.92881811517712
25.0,28.31072843104394
19.0,18.974888376642348
41.0,33.12993199385986
47.0,45.11553468321913
80.0,75.93504407171595
64.0,60.413693459383566
29.0,23.51980666258434
22.0,28.810036770324267
54.0,67.20055377455589
21.0,28.731198382677988
52.0,49.93609786779259
19.0,23.26453494580697
18.0,27.219109044145245
29.0,43.72093529959726
41.0,34.22728330675293
65.0,66.66417176035446
58.0,59.98493684903813
39.0,49.704465814276766
44.0,33.606265105330415
45.0,34.79387100974315
24.0,24.290086971192974
61.0,64.51830005816689
32.0,27.866753256404095
19.0,33.004208852811196
65.0,69.26089521851168
35.0,28.989041165003254
43.0,48.523528853982086
28.0,26.769870843969557
39.0,41.56378580407594
29.0,29.741648114411866
53.0,46.317269970310036
70.0,68.45888129655881
24.0,36.543071685751514
51.0,46.94514660169194
79.0,74.51432493135471
63.0,58.65830331437595
24.0,26.712528333640595
32.0,58.12499040965078
80.0,79.52578443970552
62.0,66.31231599882655
19.0,23.02229084713471
70.0,70.1183573977244
77.0,70.11444128067821
33.0,32.2953111356066
51.0,54.01466181781215
48.0,37.3876983498048
41.0,54.5807324541608
40.0,36.21981292320673
60.0,61.524391165430124
78.0,75.81182965347746
35.0,37.45154917974962
54.0,49.6813758999674
60.0,58.940718466876625
54.0,40.83563530232217
23.0,30.68471483230681
47.0,49.25124448601437
80.0,76.57566040256829
58.0,57.18556307306121
30.0,37.37213074661491
77.0,61.75347167895384
41.0,40.29823442828588
80.0,71.94191908432028
29.0,27.396186312433922
74.0,64.56208376762906
46.0,62.871080000871515
44.0,49.84458910151601
54.0,53.16953159294545
63.0,64.06048305868309
44.0,50.19741592740136
24.0,30.24338367941122
62.0,60.5232768842284
23.0,32.84575326628367
80.0,74.55229076814018
56.0,46.361729748248436
65.0,59.615466679301115
31.0,24.441061684247725
54.0,54.869240753392496
60.0,61.70987980872305
45.0,44.92473931019395
31.0,27.98425996307418
67.0,70.45722336427899
62.0,60.20812142113272
26.0,30.76237051016082
68.0,48.56482586531113
24.0,24.72874044102572
45.0,43.75068363754555
49.0,56.10527290793626
76.0,61.532261804484826
47.0,29.414643717999695
21.0,21.547692423062323
18.0,21.04473854570301
80.0,72.74559810372065
29.0,25.17256754022866
74.0,61.36114714366005
31.0,34.935507737694216
38.0,39.29590972021405
42.0,45.4059942941907
29.0,27.157275630133803
33.0,41.340359575934606
37.0,52.3111207460918
63.0,60.79306883725188
66.0,54.89364223400345
75.0,74.95893031682019
75.0,67.25215564278835
66.0,58.26915599004619
44.0,48.297344346193704
51.0,41.77050730717097
26.0,26.955010138678464
30.0,39.396130381324724
32.0,33.11659118256666
40.0,38.65914683869853
62.0,68.01721934800776
29.0,29.372649450610904
21.0,26.37154112420726
22.0,22.65742997013383
48.0,38.26422924916037
76.0,73.3704990725716
63.0,62.64964625846325
49.0,59.77009763866203
78.0,68.15141669264003
34.0,38.5850749059056
22.0,25.07913899554293
59.0,55.0356164238996
58.0,57.55221131750555
74.0,64.37821891889925
61.0,60.364898464801456
60.0,49.80622670188676
68.0,70.00211560846193
58.0,31.28434084710185
57.0,61.77039815655827
42.0,55.563784002778426
49.0,50.50257211701453
61.0,65.50497953952
22.0,25.459817550738514
27.0,31.171737824024174
32.0,51.29644422180185
58.0,52.3849872385162
19.0,19.612151888984414
54.0,63.112574760765746
63.0,58.05045219336758
46.0,39.115535918139116
32.0,41.13644769307042
19.0,23.367038427776723
59.0,70.85088204278911
54.0,59.91920219772245
36.0,32.00601959233836
80.0,73.52869568686151
80.0,71.6312505625847
50.0,56.066306529885516
30.0,28.158521810991235
66.0,65.66621850740123
18.0,24.71575304420153
39.0,59.306385478638795
41.0,27.031153913327444
25.0,44.548610219515204
59.0,56.98110025053683
77.0,40.56634673939931
21.0,21.208453209335413
39.0,38.29394471402461
80.0,50.31529299027137
50.0,39.643616115571085
50.0,41.235669684300966
51.0,54.89055389114126
60.0,68.63274103405747
55.0,59.78571340524488
59.0,61.153827139563255
20.0,23.415299558836185
69.0,80.1630907010952
28.0,37.819969764454456
57.0,53.63202125572355
74.0,67.09684505050315
65.0,59.29608812733802
19.0,31.090175700749615
76.0,78.24116210765648
24.0,31.25468592374489
67.0,62.91526061932874
56.0,40.97135278380623
76.0,71.34945328129744
80.0,63.19137641872661
73.0,68.67268511824228
49.0,44.72552459234248
23.0,22.41076251138533
61.0,62.72555977251295
37.0,24.150825987050975
62.0,48.51868884994413
41.0,37.79822582085477
27.0,33.29014895186411
51.0,63.265550958116286
46.0,39.40643885486975
64.0,73.5383606140719
61.0,51.628562633759785
45.0,64.85009816962548
36.0,44.983745761359266
20.0,29.191146400937782
18.0,21.247967656017156
50.0,59.14041586182847
42.0,53.96081456713875
27.0,28.15046331218541
66.0,70.7110966536852
37.0,35.631694421787856
56.0,34.9864065088011
24.0,33.92184776902556
51.0,44.23762869129714
64.0,59.77309948579421
31.0,55.789677865699176
35.0,23.003052034851898
38.0,43.97687462529475
42.0,42.09007303625145
41.0,33.356166260258384
64.0,48.99530738835022
21.0,45.67700564221859
65.0,70.23955253059454
26.0,21.584942753034195
18.0,25.408088928245547
80.0,79.9969197895941
73.0,53.502381294398766
75.0,74.4795354391709
55.0,60.16454010989173
60.0,53.42793574438442
18.0,27.620616486675218
41.0,41.34104488048037
78.0,68.6234594198932
42.0,50.95101678030769
64.0,52.54273422540992
80.0,73.56053662017246
80.0,68.01162860245974
59.0,60.518561768329825
28.0,27.844202169266147
33.0,31.855945711595943
72.0,73.96881456081131
80.0,73.60817319610857
42.0,36.329827810458745
21.0,45.861904181921865
46.0,40.65811092301372
53.0,26.983920589587427
71.0,64.98930429881105
39.0,34.54750201084784
80.0,72.11579990271461
54.0,42.830150678876954
52.0,58.74843062418364
62.0,59.60817315563253
56.0,45.118196169716
23.0,28.754434950387697
59.0,50.242284385126744
73.0,76.38303359665711
40.0,55.97456676348551
70.0,41.88000664163211
71.0,83.49848159848518
44.0,54.43497459743808
80.0,72.98598824531224
23.0,20.14204869670287
80.0,73.81786315606281
65.0,65.55080357098865
52.0,66.90977772736068
62.0,61.60157079405822
56.0,61.21218365505362
21.0,24.5563516807606
80.0,67.08729950006834
46.0,50.426093784210146
72.0,73.40034669878925
44.0,64.84445593302702
53.0,44.694177923693125
58.0,45.60594161033979
71.0,76.26882062579837
62.0,52.47286392497584
45.0,43.96575256441406
30.0,28.46088104958791
69.0,67.96846188741208
61.0,60.46203465915617
76.0,73.08836936810538
52.0,54.816030547289365
30.0,24.57140344942015
24.0,43.71638520868194
70.0,59.022943566888074
21.0,23.952836523485914
56.0,55.05354004845519
71.0,69.89002230906273
24.0,28.733798263718676
65.0,63.941020941702824
39.0,38.31402589204394
34.0,23.786610496147492
66.0,57.31826332506263
30.0,52.9762677644757
49.0,46.78739592133956
44.0,43.302366545529004
47.0,51.38245813967989
55.0,55.22269174667903
73.0,62.522870349633514
62.0,42.99901512379568
33.0,32.71893384311548
80.0,66.91847779735538
59.0,56.51598369695115
61.0,50.63476465319019
44.0,41.52106578932606
80.0,73.99768183336637
18.0,19.784096197685628
39.0,40.7694739984227
18.0,18.073266333477484
29.0,37.81103449440678
64.0,59.80409654347307
30.0,24.543670769479434
55.0,57.166661887755225
74.0,66.0909994018498
55.0,49.48146862064445
67.0,65.21416669260736
55.0,41.90863776613573
47.0,52.01786775689331
80.0,77.16553278700057
57.0,57.328179601338356
60.0,53.62580517535662
66.0,65.788520497246
36.0,26.95542273376156
27.0,31.52793479265007
18.0,28.02164514293096
60.0,62.012444966153986
25.0,26.35888332608148
41.0,45.13282546589352
77.0,73.57064055603392
80.0,65.67274950521464
25.0,24.91969119072959
60.0,69.19741178022107
18.0,22.871742668308183
69.0,62.727671300439425
28.0,38.63547702099621
38.0,27.451558339089104
57.0,57.32668236679675
42.0,35.266097844877606
45.0,43.37745405887329
39.0,46.58606953861605
75.0,73.22153121468637
70.0,80.17233418104739
50.0,46.66970310107893
24.0,26.732202075293717
71.0,64.12856552216813
21.0,30.829103875993624
71.0,69.06866356591021
66.0,72.9244959836533
59.0,56.10345105394555
57.0,43.92425345033025
80.0,72.48967433103431
69.0,68.32682372852238
80.0,70.33715389474305
41.0,32.62251429414795
75.0,72.04377108026556
63.0,58.309443190378275
22.0,41.13307679122219
39.0,31.851617294739672
43.0,42.32714802059333
28.0,31.38364603472255
34.0,36.67516575744085
44.0,43.211383037742735
70.0,69.66566506841471
48.0,53.63297860866494
80.0,69.57687652308034
44.0,34.53457805522833
22.0,22.11740491392612
63.0,58.91228241501499
54.0,64.15553275840699
39.0,30.84649809023148
76.0,70.66477600596012
55.0,65.52068233374864
25.0,32.812505624908034
62.0,55.240402451720854
55.0,57.725854555300835
43.0,52.292596339945334
49.0,49.902883741354955
20.0,39.29268584602305
67.0,71.28599048054802
20.0,20.359603395012442
18.0,32.0054829454326
59.0,57.39713172104139
64.0,58.846876736454206
74.0,71.50804603706536
61.0,71.0682758462237
80.0,69.33308902648872
45.0,43.11716179080462
67.0,72.70702993033895
48.0,37.968058623124485
35.0,40.28667793500651
34.0,29.88136806731287
66.0,61.067278404270695
33.0,50.37851715766533
61.0,67.70155251897337
64.0,63.37092360325711
54.0,45.92453638375258
37.0,33.56349441030527
38.0,38.79661864773894
33.0,42.25594063655863
80.0,69.7685402092646
69.0,72.24814687365138
26.0,35.675416799853004
20.0,26.27200464129346
80.0,73.51557789855352
61.0,66.4488452238113
56.0,70.52397985015952
34.0,24.34834035251506
39.0,49.34068936542667
80.0,77.61923552879664
67.0,71.40717398274691
40.0,35.35094542708155
51.0,57.74307807943841
50.0,47.70719880423064
39.0,39.878856267053706
61.0,54.793032612422365
22.0,24.458047754099137
56.0,41.44358447432851
32.0,35.149430749086065
72.0,68.26770351756096
32.0,39.420440532259924
66.0,52.03232740130255
19.0,28.989372992104002
27.0,25.1477653615189
30.0,31.3230437276534
22.0,25.05090907887652
46.0,41.468231139643834
45.0,55.662302100174244
60.0,60.23729752003089
63.0,59.02175639087885
58.0,50.147095388852776
64.0,64.64144127464756
18.0,20.837855316270886
62.0,60.85936091653283
40.0,43.93599953232056
31.0,58.54341394959223
41.0,30.713453857571974
53.0,66.15917114226473
46.0,50.323413391549224
18.0,19.30795404085386
34.0,24.737847598608504
49.0,60.93365475625334
43.0,50.36847703601589
28.0,26.72644118908614
43.0,38.06587498055573
49.0,48.02968423042106
35.0,34.14916069712616
34.0,33.69961038463459
49.0,54.630702758010834
21.0,32.889589337578904
72.0,69.77497588818558
56.0,60.554317386375466
62.0,53.458237714831974
31.0,40.536289131980226
60.0,67.21459725358919
43.0,48.37960013376883
67.0,64.589171243801
51.0,55.73348730485039
80.0,79.09115962814151
39.0,39.097236955209475
70.0,60.025221058010445
67.0,74.94993927121665
80.0,66.11759080818476
64.0,61.6205910153572
68.0,65.3300081579549
57.0,61.22139874982378
70.0,63.06635626671945
47.0,56.80258271069467
73.0,72.19211047231995
31.0,52.09970412724779
64.0,50.039930559753365
80.0,82.62881730929337
26.0,31.758418133513047
49.0,65.09998416959984
80.0,73.72210581765714
65.0,70.54515345911429
67.0,71.95594497095736
44.0,43.33334201423261
23.0,23.628474224336806
57.0,54.39271962948488
38.0,41.064540057141606
30.0,27.319385874031536
75.0,61.563662609169654
21.0,31.590005318458147
60.0,50.28186744575175
25.0,35.01551487426148
80.0,71.60608082886105
49.0,48.63753612785781
49.0,48.94446397170114
38.0,45.05255003765866
26.0,42.12314360496624
18.0,26.836255724652904
18.0,19.539324002768534
27.0,21.598063197810156
80.0,66.85832150738524
68.0,63.358681674564885
50.0,33.267266543162556
73.0,74.24498194138953
40.0,51.169551462220845
60.0,55.95927085612467
80.0,85.7965017862698
80.0,78.02727894884018
61.0,60.00124733856489
38.0,38.352337733189366
31.0,21.64952790840506
23.0,22.54522115538823
51.0,54.42517129355502
45.0,37.63480348980228
46.0,41.24773688907444
21.0,26.021512372625992
60.0,63.87404932316645
51.0,46.54717293487258
51.0,48.55931866040676
42.0,35.58213265433589
63.0,69.08442849999699
50.0,59.53039315083839
55.0,52.08989861545524
80.0,77.95235567370128
52.0,56.42232427906809
25.0,30.07549176691911
80.0,81.64970778135695
71.0,67.9816445580846
74.0,68.55399903264158
50.0,48.313906942026485
51.0,42.04653236241119
52.0,58.89635304532427
75.0,62.757071020312495
64.0,57.40849654302783
39.0,33.23669246180387
55.0,43.13240613948219
34.0,32.597801907439006
80.0,75.32249490018147
38.0,41.93122555904841
64.0,51.3420652791581
50.0,42.789860415716426
20.0,31.537136980324448
28.0,24.85477045560094
60.0,51.53876308792427
24.0,30.398457757107806
80.0,75.0137807740418
31.0,42.624455667820804
24.0,27.93601720236546
69.0,52.353535380925514
57.0,52.41288843385346
29.0,29.53038915112114
19.0,20.76774038442662
19.0,20.662172827821387
26.0,35.81825665229046
79.0,73.73139121406722
66.0,78.30450343487323
73.0,62.199762549264
47.0,40.4749762479399
50.0,57.9517273021029
42.0,36.95209448055625
71.0,68.0013503051147
55.0,49.70847465802756
44.0,36.56665017581898
25.0,24.960144093405486
60.0,58.82134586095883
53.0,53.91763296602284
70.0,65.13624666322771
59.0,50.351364797942686
76.0,76.64993118526442
76.0,73.7404799692109
71.0,71.87276048261549
48.0,57.667683542825586
24.0,23.8544977481378
24.0,29.122211461616892
64.0,66.20292249384022
68.0,64.25986537623007
70.0,53.29369268795552
61.0,57.27754784108891
30.0,37.67994373642733
61.0,73.60263989960985
60.0,58.27545116065042
64.0,56.04345589195031
47.0,50.84313093675714
39.0,39.24610452358121
26.0,42.37526114458941
61.0,61.80243503290356
22.0,24.35567682076613
74.0,63.1522333590076
26.0,34.83909990559547
36.0,36.76616269996076
50.0,52.71126302588475
30.0,30.1382269360676
30.0,37.26923197103926
71.0,71.53870985195051
25.0,30.990736153317865
50.0,54.91040308212847
77.0,71.39822489253687
34.0,40.74551277552623
56.0,57.8844483120532
51.0,55.22561849454969
40.0,33.66701867449767
28.0,30.821743806350447
58.0,50.706852860561185
41.0,40.31569951734264
51.0,43.55581171729996
73.0,75.08371997087282
78.0,70.84098140409748
19.0,25.871716200806713
55.0,47.920674610039356
59.0,54.32499184771696
63.0,69.53396594391637
80.0,73.25676863912143
33.0,28.87838341164821
30.0,29.376889531122057
66.0,65.77313842098516
55.0,51.33584041535938
32.0,35.33117026372705
69.0,67.95432982575565
61.0,55.61034544512148
19.0,19.5368934717081
58.0,60.82564495065359
44.0,51.613141591680844
63.0,68.70522023428308
54.0,59.806545781937544
19.0,14.017563031773316
63.0,76.74275891201742
22.0,40.51994865251379
40.0,40.04876430308666
32.0,34.533033364069276
50.0,53.86769805742904
64.0,61.10144428648159
66.0,59.61998030869097
61.0,52.17724571554422
33.0,40.54859540223073
40.0,54.22340512099242
60.0,43.22429559513024
42.0,49.33015682296143
63.0,49.251218581848896
39.0,34.36214596584793
38.0,41.21744788021636
35.0,36.63568222586663
65.0,70.0262123532922
52.0,51.28923689778223
67.0,54.19398747196518
48.0,49.200215985501764
46.0,32.7303322846493
64.0,68.87087293305085
68.0,55.70909823930414
45.0,44.9161824574282
45.0,41.5313777769965
25.0,31.183821120205675
43.0,53.598934819052424
67.0,60.192361994567975
68.0,68.04157546927304
55.0,33.470563553115745
80.0,66.21707693657632
40.0,31.886153542930316
42.0,30.110128510022072
80.0,73.5382655255102
18.0,28.99753615633105
48.0,51.57464558678752
23.0,30.462176007410406
43.0,44.380736647511995
80.0,78.37381571077589
71.0,57.302978835041365
44.0,42.712802741945595
45.0,50.614272106675045
68.0,58.73377671581824
80.0,78.2428192890952
59.0,45.90373962768994
53.0,50.993421036284374
76.0,79.01579996811175
38.0,47.30084873264963
48.0,62.051190447440376
54.0,39.027924487916245
70.0,68.62906303540086
56.0,49.372849170374245
48.0,44.49052373765292
77.0,61.115062666567354
80.0,70.97442299782527
65.0,59.00816346003346
46.0,30.756139337771437
19.0,25.857473794322736
64.0,60.46258034481597
52.0,50.24730781811185
25.0,33.3431838385988
40.0,45.98302657247149
37.0,44.559683380177646
67.0,59.95475218937557
48.0,47.150254205902755
22.0,28.218107448782252
23.0,29.609171375445396
49.0,40.21500611154077
56.0,66.4545134711065
60.0,55.01011042392583
38.0,40.15601358620234
57.0,68.53776116160951
75.0,50.8607763546386
19.0,35.01566770301377
30.0,35.96727222283688
47.0,54.758817264344295
49.0,42.313817198562795
53.0,63.64240270745012
76.0,64.61859858457863
54.0,58.55224110666907
19.0,30.200379852410233
22.0,25.703494833697917
50.0,33.66258238350356
42.0,45.83579056393765
35.0,42.23074752411096
61.0,44.8595757543029
44.0,48.1000681262466
20.0,26.965279625845056
55.0,54.79816643364604
20.0,28.425970779867338
31.0,31.158205981096714
65.0,59.92933206050486
74.0,69.51388694892965
44.0,52.61449681813423
60.0,65.84325755152958
57.0,64.88340478715828
49.0,45.61874048670557
50.0,48.33818470677475
37.0,21.533841332275593
44.0,45.24578729513227
30.0,26.617735743060912
18.0,25.699574555995717
75.0,81.2839427590965
19.0,19.06046898997712
69.0,63.334540147970394
58.0,52.78813866352627
49.0,62.01388679635458
30.0,24.490188504347504
27.0,31.122407020826703
38.0,21.556378683551902
50.0,38.63895547370655
51.0,39.66913159134203
37.0,30.977146981275943
80.0,71.18031220930548
47.0,51.85428749378792
30.0,27.368649427015967
63.0,63.6387045665843
67.0,64.8968039874395
61.0,52.97272332667306
18.0,24.774602802072362
31.0,26.799315797644653
36.0,29.183071643171083
25.0,27.552933416823336
34.0,32.95585409061416
22.0,24.94567100091966
80.0,79.24667209962743
19.0,27.171199571026857
25.0,19.94941574244135
67.0,52.70597704278234
36.0,28.699517810407634
30.0,41.744363312738976
70.0,74.88226474708569
48.0,44.903245643663446
31.0,28.28245621770335
74.0,70.6549454364408
31.0,38.176927241978234
69.0,73.07032426473629
27.0,26.461899156417317
22.0,29.939192981250166
30.0,29.213977872473105
47.0,52.96031566699391
19.0,20.969120866101207
53.0,58.698457681793556
33.0,23.06591183994136
27.0,26.072959896563113
45.0,22.395626193217627
23.0,21.882923759693533
42.0,39.794522124155584
80.0,83.94014367308876
46.0,50.85637708934051
18.0,19.950858483964417
19.0,34.44071640122028
27.0,45.68159913616169
71.0,66.34524125655827
24.0,27.238608594962358
65.0,74.91877149525503
74.0,78.95066520171274
23.0,27.835820385315756
25.0,24.19121448600468
27.0,30.581936514651307
80.0,71.732306450723
67.0,67.77487287573464
26.0,23.741656226020453
80.0,71.38899007955027
60.0,49.81529754767402
40.0,53.81111883607961
80.0,63.98139205039263
38.0,32.279500411668465
22.0,29.816512602751317
54.0,37.71934358532975
64.0,73.37550563105032
70.0,52.957720445031356
72.0,55.91035765874481
62.0,65.68616560890337
20.0,24.98019902024553
80.0,71.86364670291509
57.0,49.46562237248612
34.0,59.21772306096988
37.0,33.93579190590208
28.0,27.783511368431373
69.0,62.30929334199859
62.0,68.2560204902262
63.0,56.61561901726167
52.0,60.11458128240042
28.0,29.094457234526875
41.0,41.06495682121719
19.0,31.63417231397851
60.0,62.217446088978924
22.0,28.76715888633202
18.0,28.938549012113075
63.0,57.47843315912629
34.0,45.21758855865277
69.0,70.20331151888207
22.0,32.53297846045813
46.0,38.47296554770079
35.0,29.195059297818666
41.0,31.2680904663399
60.0,59.79222033377444
72.0,74.26710150007574
47.0,43.655849944934886
38.0,39.75775701848444
36.0,32.05987975045631
32.0,23.259558217229834
60.0,60.75347957955598
39.0,31.368770969797435
41.0,33.8255236873183
80.0,73.59902833470161
31.0,30.856686497407214
21.0,25.35922666780677
26.0,46.70671865881519
60.0,68.81869083344576
80.0,63.56531286187235
80.0,79.3902370358855
37.0,32.691791430870765
52.0,58.8227681725482
39.0,34.89906865964723
64.0,52.886580097499824
29.0,29.173825435171253
80.0,77.70095169166177
21.0,23.669912929510687
25.0,26.655968723973267
73.0,67.17321345565996
23.0,20.912296111993452
80.0,77.05265900813322
66.0,77.21754421280708
38.0,38.433561459343984
49.0,55.02037085429386
38.0,42.43265965597137
34.0,32.65648201399948
62.0,74.01737157165437
48.0,47.45043717830205
65.0,51.23898478013504
71.0,69.27093867566214
29.0,42.341357213245416
24.0,21.629804321225286
38.0,36.27242704518462
24.0,25.037587628762534
30.0,38.887065299832436
80.0,76.74088643272049
60.0,45.9428972341342
31.0,27.758114988860388
74.0,70.37769644381912
20.0,38.02929308711834
30.0,33.39465307399799
68.0,66.15821957840627
19.0,40.276629682772246
33.0,25.909278897619274
52.0,51.390336306603906
31.0,28.117627487799332
34.0,31.662919373439614
45.0,54.15489501851767
20.0,23.61424763187746
38.0,38.5730376128894
64.0,49.7317615752293
42.0,44.07009603108382
43.0,51.27064391866001
28.0,25.276446085518522
57.0,56.84592739139388
76.0,73.52524817348925
61.0,52.88850742949511
41.0,40.47835382887967
51.0,49.106761031963394
80.0,76.91491649158883
63.0,65.61726069089376
59.0,58.357265128512346
58.0,60.76917652556478
44.0,43.45349508393024
43.0,52.21253207274497
58.0,68.22121559067936
71.0,61.115707817747435
50.0,43.1824282565473
26.0,31.923471760089406
60.0,58.47079804921865
79.0,75.29698662481765
47.0,51.599290570461
65.0,50.06287571475368
49.0,47.41174779774244
76.0,66.77527601686882
33.0,26.595577753367387
40.0,30.978031594637894
69.0,62.26537976069075
74.0,71.06029684078037
20.0,23.542019580095054
80.0,65.00476783365382
75.0,51.44531373235412
53.0,44.54441794289963
74.0,68.26835518379633
56.0,57.15584587913094
34.0,40.58345723995028
80.0,78.74916811171485
70.0,69.8584048506159
72.0,67.18721935767404
53.0,57.598401241538575
54.0,52.04437435952493
33.0,33.88941271545526
31.0,30.37124982183408
18.0,26.546327453227388
64.0,67.12595770134847
53.0,43.2248407165074
76.0,62.84742326209129
30.0,25.535801117187404
80.0,79.1494619837602
27.0,30.385234728910945
19.0,28.098924739219303
59.0,56.53829353513811
36.0,40.32007325802369
43.0,46.225004864334835
60.0,72.51794846021014
77.0,71.43734257003531
80.0,68.92825819213498
62.0,68.74303720011123
35.0,37.44223432265542
54.0,61.180180791850596
24.0,37.93403200960934
56.0,41.390687576603945
77.0,68.32776091537845
42.0,38.83910056982394
68.0,59.107821984462085
78.0,60.57770492243055
63.0,65.20163133765296
31.0,35.517765074054786
63.0,67.10739585669438
46.0,50.7879243588254
48.0,53.19088342251434
20.0,12.352834688746244
63.0,56.458740415965124
22.0,21.90798606385103
27.0,28.450816021230374
66.0,57.027196198378384
74.0,55.870751174989216
23.0,31.411019562624958
29.0,36.71645140855537
30.0,30.436480258408814
46.0,33.79638967132951
40.0,37.48307255359892
46.0,51.12719891627792
45.0,54.92064341747711
47.0,48.97559694688292
70.0,53.04838174322512
46.0,47.95580861487151
60.0,56.87672901562907
53.0,50.44037792377677
19.0,21.52055091618644
36.0,31.88501434336421
70.0,57.73790762107269
40.0,46.415635233395825
63.0,65.44266781045793
25.0,28.45450432074471
40.0,36.98449733382197
59.0,52.51954595114856
29.0,28.76931405797052
53.0,51.634354737058715
39.0,36.761582438947435
61.0,52.0637340907498
65.0,50.51186724954263
77.0,64.34908322642166
43.0,51.77787325205293
79.0,73.9740842038794
67.0,64.19041434788545
66.0,62.19666261509087
66.0,62.37555010152433
56.0,53.7435989153268
71.0,69.6282053691198
45.0,59.18670945979749
28.0,33.638065835710805
71.0,72.67935215134415
21.0,24.417870847926736
27.0,30.50009229948666
53.0,71.14398853873796
26.0,36.49957619263565
33.0,25.558469823974743
20.0,30.125541777568586
65.0,55.47322685382967
19.0,24.855489661357442
67.0,60.82895739102193
42.0,41.253234219964824
65.0,64.26659249035296
70.0,69.72950503277501
23.0,37.45868281956332
37.0,38.043177846613396
65.0,66.32747347074334
23.0,30.54631262615428
27.0,33.09706017118555
43.0,31.746000025994462
25.0,54.86873994016517
19.0,30.67719106954704
27.0,24.143571171803234
59.0,65.8456606836824
37.0,30.847675192863086
53.0,52.31598000006822
40.0,39.180793744262594
18.0,20.743932432612617
24.0,37.35743824249437
46.0,56.06050185807956
21.0,37.9010655655055
39.0,47.58892221236957
27.0,23.803651487980733
80.0,76.74530869838708
65.0,79.11793938613377
80.0,77.3076885265347
27.0,23.050332668863703
22.0,32.965064515016884
36.0,53.28941192473054
25.0,27.538101119783924
72.0,78.91867394476563
20.0,24.08761854052687
30.0,28.091483022469195
51.0,39.57476389437151
20.0,32.7231328749102
61.0,62.604132914904724
26.0,28.040810303190458
80.0,71.55153420151959
31.0,34.66792639184227
48.0,43.65006783070501
80.0,76.618378562662
73.0,77.00731548477111
56.0,48.88558698942394
58.0,53.856169854439166
23.0,28.644629788733084
48.0,44.044122420427605
75.0,68.61254801546234
41.0,49.00649207789556
33.0,24.80226297036474
60.0,70.55740243529564
65.0,63.113778560992685
24.0,26.864365146223488
48.0,61.22959577507531
72.0,66.0634705040686
23.0,30.75413040066083
45.0,46.55329309241068
48.0,43.53077109098957
58.0,60.81652565024938
51.0,61.75353584243779
40.0,53.46456091875903
41.0,32.85348878884005
40.0,46.25869615358342
36.0,34.2780885379507
60.0,53.00261505411087
70.0,61.78993965626971
71.0,72.36318677066389
22.0,26.14839721226428
41.0,33.140561635894
30.0,29.392602518269705
58.0,65.98447589886452
42.0,32.66360526826672
59.0,57.458137196725566
53.0,54.652507217829346
79.0,69.94204556756117
40.0,45.61577721241843
59.0,64.35307986957248
80.0,72.09683449822727
23.0,39.339506307443514
44.0,44.653686094971086
62.0,60.328009647054465
33.0,38.747087308004176
64.0,67.07537825408588
29.0,24.412859894114078
69.0,61.862720143333384
80.0,69.6811260460667
52.0,65.24545247115483
27.0,40.8348122906617
52.0,38.850323823612236
53.0,58.572166788038636
72.0,65.15635955024919
68.0,59.92861434035309
45.0,54.52104403733139
29.0,26.968318418769538
75.0,66.68938608813119
49.0,54.14365163589954
61.0,56.16221488579618
25.0,45.289141807850015
52.0,44.86565860133668
66.0,60.74572759735366
63.0,71.22126536138514
40.0,61.16728955351243
54.0,33.39377969881521
44.0,43.031143777093625
80.0,79.79354097832474
22.0,23.829678174115788
34.0,31.565198795434856
40.0,32.712442070598634
39.0,42.71072075427393
19.0,37.745663158450405
68.0,67.39437607300107
47.0,28.381252819528704
71.0,62.795291978316136
26.0,19.39237602992353
73.0,67.48696892741117
29.0,29.711555059905304
32.0,45.510755976140494
56.0,49.58886855351691
20.0,26.232411551617897
72.0,57.10622989415003
28.0,24.976416761171443
67.0,67.58807567107752
19.0,23.949363687676428
36.0,50.12235014201689
55.0,63.87116764828247
24.0,34.30937819168587
48.0,47.406040256414904
62.0,41.60291042158625
72.0,65.73734550666009
46.0,34.77886647602224
19.0,26.27652602006309
25.0,30.7770135221083
21.0,21.738250799671654
61.0,68.84554600479584
49.0,51.46975837997133
76.0,61.68518000653694
65.0,71.31149797376163
58.0,59.10367585701078
42.0,60.76647008985017
23.0,27.92363848433056
70.0,67.52377442711408
43.0,38.26442477405912
73.0,66.31944744698546
61.0,52.58123976261419
44.0,37.83367074524537
29.0,28.64590054555186
76.0,67.55562957913064
19.0,28.145209671878447
52.0,52.517463915727646
73.0,74.84796791568587
38.0,27.340634959912816
28.0,34.140542961554395
75.0,68.99746645300512
80.0,74.6935347904365
56.0,54.22804821220901
61.0,58.864771536990034
72.0,53.85073038202704
29.0,30.39510160084323
65.0,68.49829691556309
80.0,65.26383532238543
67.0,69.80491175063622
22.0,37.425812916706626
45.0,38.635916929694666
66.0,54.134901007126224
61.0,63.27532387166334
31.0,28.053352997400154
76.0,54.0010280265398
35.0,39.42411007873198
61.0,48.26926195818793
69.0,64.23444836280544
18.0,22.260728406447214
78.0,75.70120984112728
25.0,23.239466511732076
52.0,68.2781942878065
19.0,22.974631141828304
79.0,74.29377462635458
27.0,31.11602990262794
37.0,51.236649949901455
37.0,51.14743951028143
80.0,72.61789166234306
33.0,50.41978817844051
44.0,44.329762914512145
18.0,31.778357995928435
73.0,82.27453685145935
43.0,48.283865671797486
35.0,31.92457348100576
44.0,41.37888284050065
43.0,36.3867421995598
25.0,26.772789966186487
20.0,46.337601657999976
80.0,81.56757279692324
37.0,37.49386681406557
62.0,68.8308329693141
36.0,61.59295419462782
36.0,42.167757842728996
19.0,22.718759648615954
44.0,30.564139969105298
55.0,50.712798319917
38.0,38.73943033107427
34.0,45.203671139892705
57.0,38.831924501597854
36.0,31.456866161122786
48.0,37.19127374189128
19.0,25.283556399620295
41.0,39.803602288536794
49.0,55.45155345739097
70.0,72.34144662111609
55.0,51.518295786349
67.0,59.722207666815926
53.0,44.82924690793526
29.0,33.43053133543264
62.0,54.318573512170175
48.0,46.524188393462886
76.0,56.19744329462049
52.0,55.182648654541346
80.0,71.96436303589873
35.0,38.86636825047277
63.0,50.37814223627121
64.0,55.26103389499553
28.0,36.525663242172456
35.0,40.31472063087008
72.0,57.52469706211547
80.0,78.38744835831565
61.0,65.50559457872919
27.0,15.580166291666124
20.0,27.521242207953392
50.0,56.50199228032806
74.0,62.41248466158452
22.0,36.84168619351579
42.0,51.635225473939194
24.0,28.86287769590587
80.0,50.917439044149305
28.0,41.73987757515918
79.0,68.5211407610969
39.0,42.042239693416604
56.0,57.15355896686648
70.0,70.26888531175763
80.0,66.87033536406013
70.0,76.36098462827925
63.0,65.57113233854001
33.0,36.52275076127341
39.0,55.66506278725791
35.0,30.34505290561498
34.0,29.90524710503877
25.0,24.963949553249503
62.0,58.330620006574094
53.0,53.6462109841209
67.0,57.762020761733666
62.0,78.12752389543044
48.0,56.1505857635689
70.0,65.7406201559118
47.0,51.592752515503605
47.0,36.92372803691048
19.0,30.62360765626487
80.0,74.24637454910875
44.0,53.14599968888625
79.0,70.79201448237151
25.0,25.466685643497872
57.0,58.238600248003664
45.0,58.38239461750128
26.0,44.6712651427566
69.0,63.053287503283066
71.0,56.63905963462004
41.0,34.955014009984744
60.0,77.35181819024055
23.0,36.83695919381581
55.0,52.17000174800064
45.0,36.92944390655737
80.0,79.96642778860269
48.0,46.97457529332548
38.0,38.05798032070993
56.0,61.0585978868954
60.0,66.11909908025942
55.0,62.60740127621573
30.0,37.156266036410855
37.0,31.437856026666296
68.0,71.26790237586738
46.0,48.62092614479826
27.0,28.452882457549553
55.0,39.26725931033621
59.0,59.25571106917772
36.0,31.021564446466048
66.0,68.1879144214141
53.0,49.739219064577405
33.0,39.870580501655795
42.0,33.20534957946821
54.0,52.052531761732936
62.0,61.45586098380425
66.0,73.33426881366776
78.0,71.01837535774635
55.0,31.226188163919264
38.0,32.804556646018575
66.0,71.52808550657913
44.0,57.96958723986018
22.0,25.93260548701089
69.0,65.4311343123871
66.0,60.60335579940727
60.0,36.70780826478094
65.0,59.31005873906828
32.0,27.207749948514866
75.0,73.21426342625978
26.0,30.5542842996823
66.0,59.804096491212306
54.0,62.01051205991733
47.0,38.24687502408008
80.0,70.71940037063001
45.0,31.203909707713795
45.0,40.58606197669088
68.0,70.77750093184498
25.0,30.133909921854823
80.0,76.33701829492702
46.0,40.44946203380876
80.0,66.73531026108216
73.0,64.77416910902603
29.0,30.549720185222963
63.0,66.30300823493123
27.0,33.96305631727381
71.0,67.37288393004842
50.0,52.64469860492552
19.0,26.791554817059286
31.0,31.808281303511087
19.0,21.202860420332367
21.0,33.4703693402821
21.0,33.541047860604564
20.0,24.136176258821518
53.0,54.11475252617411
56.0,56.02509528068917
39.0,51.95255751926114
78.0,78.78194307017341
19.0,23.792749492882688
48.0,34.0432121373849
43.0,49.93112693925395
31.0,26.491163946969696
36.0,42.60932741039746
62.0,62.96660006105597
79.0,74.39808792620003
69.0,61.247465748127226
47.0,56.320221114932565
35.0,27.872490757642115
29.0,29.302941637053216
80.0,71.17692554269105
68.0,68.1466181681556
68.0,61.53687913930401
27.0,36.72350795757294
69.0,63.3802919832251
80.0,81.61253355813993
74.0,70.15507806342578
58.0,43.0407319699736
35.0,33.15314658174709
50.0,57.43301512512264
79.0,69.8194934960053
44.0,29.490257912458702
75.0,73.94685916529193
80.0,72.92340054733349
37.0,28.86551190920251
50.0,39.82416986996451
68.0,57.805686829899344
54.0,61.21282260803805
56.0,47.17055010263198
80.0,76.17021413042092
65.0,51.542844403866894
68.0,76.26964528299573
44.0,52.90235386548637
22.0,28.18744189608832
53.0,47.387464974460265
61.0,61.698546951642356
80.0,75.49076512486526
20.0,25.777498564048162
53.0,61.978193766490605
32.0,28.299902590996446
21.0,26.812699539554888
26.0,31.1690340463652
69.0,65.27526205876805
28.0,37.76143418491692
21.0,19.879432093660814
41.0,43.761941522285476
65.0,67.0439530395993
30.0,30.392370410259463
80.0,69.61103199484299
45.0,48.84576843810812
31.0,38.38084503182431
50.0,40.53699265162651
77.0,58.12738388300055
66.0,65.71289197644613
36.0,24.44228561921684
56.0,53.93491516881255
35.0,46.643718309601134
61.0,48.442365788905924
80.0,66.36281657932024
49.0,56.97351969453471
66.0,64.57582633556126
18.0,24.1957431583239
25.0,25.385978796605748
62.0,74.52705625659374
42.0,36.20644380321808
47.0,40.74347167900443
80.0,71.4206849967154
80.0,75.58108502395775
73.0,64.55900807067349
40.0,39.96477304364933
78.0,70.38581935371045
47.0,50.18609035079403
32.0,27.687588469735648
39.0,38.64940503729584
51.0,58.578052594954094
50.0,45.721561248810836
72.0,47.910942585439265
59.0,62.62732718231232
65.0,57.647084793662955
67.0,79.16943233863479
66.0,57.88812620802793
19.0,16.417683246501156
45.0,53.79874012686296
67.0,72.186191814943
71.0,53.24464063533111
43.0,47.27276556893567
65.0,56.16624486451813
69.0,61.43389513871781
56.0,64.17020865262202
32.0,25.505051260098504
65.0,71.7422256255934
63.0,62.2027408722975
62.0,54.84991112720759
20.0,29.837136944053817
42.0,32.2136086582916
27.0,38.207047761385375
19.0,17.189867115309283
80.0,67.95341045406106
42.0,42.54630177403281
61.0,57.58950779730812
31.0,42.689700294131534
25.0,40.06932718034529
32.0,35.792410230469784
80.0,78.19460420277701
66.0,69.77128112981806
65.0,57.705720493190356
24.0,19.772273834619188
32.0,27.525303077111225
64.0,60.377894860084
40.0,56.33377466875643
30.0,31.05166014285861
56.0,59.002632988618025
37.0,32.60041564184923
80.0,78.30683883931387
58.0,55.913997410292644
19.0,32.195426072428226
41.0,34.761475248313424
58.0,42.987113916651815
80.0,75.39672320821256
46.0,38.16707549396803
53.0,34.07406652943305
57.0,59.31595954126431
80.0,77.45462483429006
48.0,27.352674363810515
54.0,35.96763728397623
36.0,24.09480009434287
21.0,24.65219696278318
55.0,58.38236853074044
28.0,21.801770774169608
58.0,56.050219376128936
55.0,42.15592034152403
59.0,66.05641808655677
53.0,29.7607687550206
40.0,40.95816497105737
30.0,35.20616062177368
52.0,45.14828456228459
38.0,36.94550577533942
80.0,72.64857967964429
53.0,51.59930879021851
78.0,73.29102670734548
25.0,28.017117394760863
38.0,34.24179996865836
62.0,59.071646059530735
76.0,68.97591045965726
46.0,49.88446908495797
33.0,30.5015369927823
46.0,54.16032937885401
52.0,54.390191982663474
20.0,21.512718690477
23.0,23.669243090691776
18.0,25.77290185947526
33.0,18.037298493457314
67.0,61.486152047655786
21.0,27.255579843856534
21.0,21.82544535551837
41.0,48.14157722702712
60.0,48.785969270023344
41.0,51.269492115514794
25.0,24.76691349269884
41.0,42.51977290589801
46.0,39.58733429320481
38.0,41.567145192895254
19.0,28.670033972663727
50.0,56.77766228157337
43.0,45.77689475516871
30.0,31.92512508856557
40.0,31.623659991387576
32.0,34.92618797772481
59.0,53.0366360597195
52.0,49.58964701821621
56.0,52.61879818359648
59.0,60.935808255514665
76.0,72.58308173363623
54.0,51.13219050499792
30.0,26.94546342408724
38.0,33.688472106065454
30.0,32.198732767193086
35.0,36.90762518901404
53.0,40.96555081294898
55.0,55.84875047291301
75.0,71.74255055459639
26.0,40.69974927423109
21.0,19.880084957808528
33.0,25.7738400216432
22.0,38.00084073343379
59.0,59.422211607086695
50.0,55.26963652087395
80.0,73.54432959985242
55.0,45.51210106262899
51.0,46.44490726155439
24.0,42.605912626894295
80.0,68.44451313566377
30.0,28.30167238836913
56.0,52.23632461714322
18.0,22.535856086080248
71.0,66.1163747232063
35.0,37.02587736609886
54.0,57.30826446915297
46.0,41.14736688977248
36.0,28.512593636307166
23.0,25.00667499211187
65.0,67.79769526582463
56.0,46.46583421642283
64.0,71.10548415290198
20.0,24.584792586185973
38.0,31.618766509473645
29.0,35.07350255196622
80.0,70.87649688975631
62.0,64.51270783509997
80.0,81.51563251317208
62.0,44.670111225410146
42.0,43.78304858620559
55.0,57.30497413851406
23.0,33.497488404573616
56.0,64.96473076471027
38.0,32.34470164475465
44.0,44.385105496204034
27.0,40.25177468021286
55.0,47.10041357294239
52.0,55.035800496635034
63.0,56.31269026468146
47.0,41.54771666748293
48.0,50.974655965412815
61.0,58.73535923317797
42.0,30.814637057910595
20.0,24.614935196535903
21.0,22.90023229203271
62.0,54.03998277972584
26.0,17.64259681489382
18.0,24.93848292573026
60.0,48.64162544818868
55.0,63.987377164302885
60.0,59.75833825466918
31.0,39.175190179686204
80.0,71.90163086202465
54.0,51.49236768578882
53.0,57.131798076380804
46.0,38.215539372110086
26.0,23.537650362494638
55.0,36.8975540004374
29.0,34.29197572012332
19.0,25.474934306146746
62.0,41.64716162682801
63.0,63.16882427156776
27.0,26.756328797585518
72.0,67.9972214072933
52.0,61.330213632832
43.0,45.58333688557563
67.0,59.59868987131768
45.0,48.954221277152094
35.0,50.696049941643665
19.0,34.120295525115274
35.0,41.59157314797236
18.0,24.847264358368957
75.0,66.22974575830328
18.0,24.230084738027298
29.0,25.079591302888385
51.0,54.54915358988697
49.0,41.80554880932249
53.0,63.132224754883154
65.0,63.39991508884317
47.0,55.137492152511605
54.0,39.168849376630554
34.0,34.00883793452317
28.0,33.86705648518998
39.0,32.34009215826821
80.0,62.46265934191467
45.0,29.927407242822504
36.0,34.71017100930338
32.0,25.674891387275082
34.0,51.61959055539825
61.0,54.63757747590325
40.0,55.135713150263705
27.0,32.067618994045816
80.0,37.81538149320012
33.0,38.19998626306431
65.0,41.96917379213767
61.0,64.43619496851989
78.0,68.49756204220594
52.0,45.50910477467214
18.0,23.551167824458965
53.0,45.1642989438154
80.0,73.2939413770511
38.0,31.77751629529238
61.0,66.06363077114034
31.0,24.72219102372939
80.0,75.37310872778951
50.0,73.77852901794896
36.0,23.641512813145862
66.0,60.58341534415671
68.0,62.24187626400736
64.0,65.68983020786563
80.0,78.18203709996247
42.0,29.492865271111455
48.0,37.438535740410416
69.0,72.89592291568262
56.0,52.88289081524016
45.0,46.8776000565384
42.0,46.12376277110856
80.0,72.0461775976945
49.0,52.32948708267295
74.0,72.69673314774872
25.0,24.506868137714243
26.0,34.15546978849128
18.0,24.245347365692385
56.0,54.122227017909175
65.0,63.03813950845318
69.0,69.61311626955653
75.0,70.90509851660941
29.0,28.755991951474318
75.0,60.330581935527164
78.0,70.91159772718893
42.0,48.00943920931789
20.0,25.222244343136246
69.0,63.090909986655255
60.0,57.75285366408207
74.0,56.314003032475775
29.0,47.15296036760137
67.0,72.84026742173855
43.0,56.913992418461135
19.0,19.045756785447995
49.0,69.00217264036587
55.0,53.774351851577585
70.0,71.90342810428628
19.0,31.837097729553932
26.0,24.94015225377368
43.0,41.31458003668374
18.0,31.95216306579322
80.0,70.66364125598062
59.0,68.08085696127857
63.0,61.931835032093105
30.0,28.789053099410495
43.0,50.042136431960415
55.0,54.44248651775578
29.0,31.071398986784057
55.0,48.63939807352096
18.0,24.240687408684437
61.0,69.04620626788255
57.0,53.46579614804069
44.0,50.86533433959973
18.0,34.568739375736826
51.0,41.87696955747531
24.0,17.835494078075662
26.0,24.43751698186493
18.0,26.789848609871637
19.0,23.392200166138846
22.0,19.57872039815063
36.0,34.912131088031934
60.0,58.81793293173112
39.0,39.63251249592657
67.0,56.81573739131242
51.0,46.28635558722387
20.0,38.40106626098912
42.0,45.88037348722773
43.0,34.609513809446376
39.0,27.44795378384202
65.0,66.7496285783665
53.0,45.622066397029826
40.0,24.466608386791105
23.0,21.834465055696246
56.0,50.071726657325854
80.0,77.13792457715454
63.0,62.04393339629545
63.0,63.96114652988972
80.0,75.39785841358484
39.0,60.50277516510235
31.0,34.32416047402263
48.0,36.90262907198504
71.0,62.85786897082647
76.0,72.40484907455266
28.0,32.54909153370536
19.0,22.692210553018256
55.0,57.71611794567895
41.0,45.54702444931775
46.0,39.64040009925516
52.0,46.5965330087555
80.0,63.22585806223838
19.0,32.24267520594891
52.0,58.38427904288957
22.0,26.692250259824412
69.0,72.53959058964281
55.0,63.056383793299126
22.0,26.89144329575158
72.0,58.840596136852184
20.0,22.411113421083062
55.0,58.10946856811628
57.0,48.22842646011185
31.0,42.61636579068539
51.0,51.62161375884678
28.0,47.00038331048355
62.0,67.87284075183958
80.0,68.1085902119144
48.0,54.07317663199566
21.0,23.378772922228805
45.0,35.02110642396835
47.0,50.46881902876837
43.0,38.248855285310924
46.0,40.287868680105916
35.0,39.019992757604115
70.0,69.7718600574724
72.0,55.83049989976831
80.0,73.49650273762461
77.0,68.7361310388068
61.0,59.323577501365435
73.0,67.02791485530722
63.0,60.08284402396235
66.0,54.1010918262914
28.0,22.21891593399731
80.0,80.84580698082614
59.0,56.97018419239079
55.0,43.294450903990196
28.0,38.340381103644575
80.0,74.04527222282228
38.0,38.42587999373125
32.0,59.67148789979939
31.0,36.96810721762786
46.0,61.69608108180352
41.0,35.913070893916164
56.0,63.71535938093863
45.0,46.36465811992475
41.0,36.1319046226932
31.0,38.78665633702169
29.0,26.583361272718932
61.0,56.77305422901942
19.0,26.973860309228876
47.0,52.16757092306105
58.0,57.3838296167026
77.0,56.02998778715692
56.0,64.17220205477572
52.0,52.49548710370883
33.0,32.848814911299996
42.0,37.38739933746959
69.0,58.00974924044328
77.0,81.99680357108333
24.0,31.27719886604816
54.0,58.66802921010311
65.0,53.41658890141318
36.0,40.68383098244078
66.0,57.84915688630433
71.0,53.30080756352147
23.0,23.310589508454278
56.0,52.61619231904002
20.0,25.862631037597115
65.0,66.42818739326823
50.0,66.30312797488
54.0,46.00660587540561
62.0,68.4473399310027
40.0,51.54944098305207
21.0,21.37872963463397
70.0,55.27871377428367
80.0,60.06118185567411
54.0,53.25284093191256
60.0,65.01620703244332
80.0,75.69112278177728
69.0,65.93242026761439
23.0,26.563791803223893
70.0,69.18433173578839
36.0,37.24316106305398
80.0,71.64783154637146
62.0,70.85965644218379
22.0,32.57173666010348
41.0,29.69505370101921
75.0,68.88862848001689
38.0,28.058997564988417
60.0,68.09402972160157
19.0,35.25284516209645
23.0,32.52417498492929
80.0,73.67467966715196
39.0,45.271274442117885
45.0,48.63763854719648
32.0,29.234093859681476
38.0,44.44623090773978
66.0,59.53183737406658
74.0,71.83491342913022
19.0,25.3883445672944
54.0,36.90480998434904
50.0,54.394162375896656
21.0,29.522316526244186
35.0,46.24956899308424
24.0,28.40011816056893
67.0,70.15777925769781
31.0,32.28779925684056
20.0,21.45339236311983
80.0,77.9716768910405
53.0,55.83709480132101
62.0,61.86808579049195
64.0,61.05006130933564
31.0,47.89992558773029
70.0,71.29698288131351
56.0,61.65984359306056
51.0,37.551134278346694
19.0,21.88273715655016
57.0,56.39050836038196
53.0,63.02954141337231
28.0,33.65630090715463
24.0,22.610022431749496
72.0,62.06024784723911
55.0,52.6281431612391
67.0,68.3575832679898
37.0,44.34509270812722
40.0,24.212535863096136
77.0,75.32316255491105
28.0,34.47515810655157
34.0,37.454860167778165
65.0,53.65356927256472
80.0,72.11812119873083
25.0,25.464260645306414
77.0,65.27262919643528
23.0,27.964502632687562
22.0,30.429318032447274
49.0,39.767946953485584
45.0,49.52478845815463
47.0,54.45908959461375
47.0,55.89268812759864
67.0,67.61713905464974
51.0,50.504367345197274
24.0,22.93819757604098
63.0,69.86010123651376
43.0,43.33126580313833
77.0,63.47872189968993
72.0,65.14132224049752
74.0,60.13367575517021
64.0,76.96925056477342
47.0,37.23083022136523
31.0,21.336305003636635
58.0,43.45905405317468
18.0,30.668736540141495
59.0,64.1256846599744
39.0,59.90859189073979
18.0,28.3432605580137
61.0,64.73795739977393
41.0,56.194868314793766
63.0,58.666868569719895
54.0,59.99133269632037
55.0,38.23703909478365
22.0,23.76409298118504
39.0,37.69414022277185
53.0,57.47513123007545
29.0,37.17719323022629
28.0,42.426205409112306
55.0,44.10218643666054
64.0,52.213592508192356
19.0,17.49311581403121
44.0,57.722425779035085
53.0,51.63228131515445
48.0,61.80748790177535
77.0,69.67012030769499
68.0,64.46232078035261
23.0,19.816331869453872
52.0,63.05598577055428
56.0,54.398569490720455
39.0,44.105465105821686
54.0,58.622135999933846
60.0,68.01505418804796
66.0,70.99812271697584
44.0,53.94671705802777
72.0,74.97708797289583
46.0,45.53550850150632
60.0,60.93103951742539
65.0,57.66890323653696
31.0,28.423435746277352
48.0,54.5635436636349
72.0,65.92056378664995
39.0,38.74697869297367
69.0,57.87505829758881
31.0,27.591856558580872
32.0,48.66061559810118
48.0,55.02150435620427
57.0,56.93398106062548
47.0,53.0174060425049
63.0,67.47280556218384
19.0,19.434044235920734
76.0,68.53359844995501
46.0,67.86436824027702
79.0,75.00226737441363
62.0,66.83222433894204
73.0,63.98943368968185
27.0,25.039176264596495
33.0,33.96077400633675
47.0,39.048614663484585
33.0,35.42832449791839
50.0,53.91656846008792
53.0,51.6782164840719
26.0,38.538832576166605
80.0,71.56457061837092
59.0,56.74685175259396
65.0,76.3347766696932
48.0,44.30300820386754
63.0,67.08707176651693
80.0,72.61600666325425
80.0,70.67709410565473
21.0,28.254394467332528
38.0,42.78583457013354
60.0,58.0857373685199
33.0,37.02489697483572
29.0,34.7408758201279
66.0,61.186928496955396
50.0,46.868632305291825
55.0,62.93759766838367
22.0,26.8105936535715
24.0,44.81955774516563
34.0,32.412447251185256
67.0,63.15883133500429
65.0,66.05998836950054
42.0,40.443171487641656
18.0,26.320949816673046
65.0,60.55827052742907
43.0,38.14474813930818
61.0,49.90542837436352
22.0,25.424390624046804
37.0,35.12055329798318
73.0,53.479351091127356
70.0,70.3412007898114
67.0,78.24060386438556
67.0,67.76365727738411
36.0,31.8413636451188
71.0,77.87454321614408
43.0,50.26836004080327
76.0,48.79353562320754
73.0,61.26077286831677
30.0,27.319695149815747
19.0,28.315820413566115
30.0,23.907686396024356
66.0,56.73238704971532
39.0,38.39009931138086
42.0,50.73268564075277
23.0,33.787994853097025
57.0,68.90301428774106
49.0,57.29289095271988
70.0,63.322673108443766
41.0,41.84870057044248
63.0,66.38447912431165
27.0,42.64847271158066
20.0,29.656087229863275
31.0,25.311668252641795
24.0,19.84240109625711
62.0,63.5552961340564
76.0,75.50795820340609
52.0,47.916414868541885
68.0,55.91514739390841
35.0,45.69386447388467
20.0,25.743920021990178
19.0,25.49542732889562
49.0,47.199873864999304
69.0,52.53115553680055
62.0,69.55354110268739
28.0,34.196120877293524
63.0,50.44353779068257
80.0,68.6890919145294
59.0,59.85322877992273
48.0,38.060908170942604
80.0,68.25706857269596
27.0,28.10016951122019
43.0,47.35508736910269
39.0,45.12888941670992
36.0,33.115383905016635
44.0,35.49437895768449
39.0,44.27197314755027
20.0,30.653215817253734
33.0,31.518493437079382
47.0,50.84143663735532
19.0,35.06291798102346
44.0,37.90002149033923
56.0,51.82340867004103
24.0,34.30979012033688
46.0,40.870360255845796
63.0,61.622309076928914
74.0,66.77880829337037
62.0,63.13160474805923
18.0,25.106529915568363
35.0,36.42767071622324
68.0,67.63407329127604
49.0,46.274575506153845
41.0,36.143121858857725
44.0,47.53759315156317
19.0,30.473177238554946
23.0,24.17461198210701
76.0,74.51253054721136
30.0,43.12823563823343
55.0,56.53599961443393
34.0,38.72695575153651
70.0,73.83560103826825
51.0,48.75177183923414
45.0,51.703112557265776
31.0,38.53551482286677
71.0,72.30502551953089
18.0,22.409051412603283
66.0,48.493573377055164
54.0,67.37099005760112
31.0,47.16415348716502
72.0,72.73574691258722
22.0,27.176033959862693
50.0,38.29347900476068
21.0,32.14727726746827
80.0,57.286033172256246
36.0,36.12392347450887
53.0,40.964015185929014
21.0,24.692957475055692
37.0,50.832300584511664
23.0,24.978721695692
63.0,65.75887030045831
35.0,36.44299414836848
70.0,61.474425581022565
18.0,28.97064726021987
24.0,32.492185608144794
29.0,48.08657512767287
27.0,27.017808593431887
32.0,41.48211033839592
42.0,37.72676256297925
26.0,22.534189334893597
20.0,15.147054323696587
68.0,73.51325334656299
43.0,31.3044812835974
80.0,71.06763968177084
34.0,33.09825872694985
58.0,59.42578386036473
36.0,40.61269111853263
30.0,44.29250432939381
52.0,55.29355776874242
80.0,72.19406416498103
43.0,57.091880489161575
55.0,65.10365623978726
52.0,45.14666364433778
49.0,47.943087286978646
27.0,39.48174065217226
42.0,54.67490071375024
40.0,46.91857652664446
53.0,33.30490874787478
70.0,73.97327724003968
40.0,31.095469328950184
35.0,43.57301164295016
45.0,40.18562353640163
51.0,51.10349574908757
18.0,28.3140994972096
64.0,59.87208778587997
41.0,42.55609047206417
25.0,27.70069010127266
26.0,28.327599216562298
63.0,64.13851854805989
30.0,31.166665268808448
80.0,75.73481620073481
37.0,30.705344030247076
33.0,36.14221877494931
44.0,54.568662909844704
71.0,66.78913384561235
53.0,62.303493560805435
50.0,64.80261109133505
64.0,44.608332290360366
22.0,29.119407382381976
47.0,45.493100963015046
18.0,24.725919203504855
32.0,35.28416189675626
80.0,78.10942219827257
72.0,58.39433247002499
54.0,58.37779045435686
26.0,26.724669792896535
80.0,69.31156758073469
74.0,61.341508214217605
46.0,35.15628266158397
41.0,34.70721620350116
42.0,51.53382277717981
61.0,67.54873781289552
80.0,78.13711645804402
76.0,78.43066187551139
47.0,41.056612367306315
36.0,32.99092561153063
43.0,41.63022669640623
64.0,74.49988331624411
50.0,59.60592589015236
40.0,48.22679402018897
80.0,70.34995406779889
33.0,31.219405646575673
71.0,66.15184092466745
77.0,76.8618767588099
28.0,40.374031577208065
28.0,30.37861216904604
80.0,77.15849761245094
44.0,50.258968590821134
26.0,26.42203253435853
47.0,44.07244700216044
79.0,64.9132099322377
67.0,61.81733680564591
46.0,49.55152160197479
43.0,42.239289792864355
34.0,25.98184849305147
29.0,27.41067436213054
75.0,69.94595851193812
51.0,53.76703241451018
59.0,55.160686959520056
55.0,53.62688458249549
69.0,58.31357741948881
18.0,18.94499468439648
60.0,59.919397331395075
61.0,64.87760295296962
71.0,68.04435860892261
58.0,58.30991763449459
58.0,64.27994351517009
26.0,39.89927926255995
21.0,39.49235226191344
51.0,40.910419596767966
74.0,64.542160915728
53.0,71.8129120550232
28.0,31.09418699449506
20.0,27.651944156823344
19.0,25.568102195781428
46.0,39.73722227149291
25.0,29.35291893788752
26.0,33.217797784588235
51.0,49.69009198368657
20.0,30.45129350782367
34.0,37.43310893495699
43.0,42.80231264643743
43.0,46.11579186678051
39.0,50.969564421906085
19.0,31.72417815869438
72.0,69.63291428597293
80.0,55.6874728690551
33.0,47.86693396927698
79.0,72.98021803641055
20.0,32.57258105112155
45.0,47.03259280276169
22.0,43.08852190185122
51.0,66.31039808777354
42.0,52.15763657883923
65.0,57.733693917707654
27.0,27.562725500392947
40.0,41.2091311362419
44.0,37.12093395354393
54.0,62.31097472897905
21.0,26.09978807090104
19.0,22.319461062133716
18.0,24.709076393558867
58.0,53.2995669828114
60.0,77.39011197178652
19.0,21.956833891147912
67.0,56.604360610630536
19.0,31.838406300369517
50.0,57.47324453240486
42.0,52.134738996664424
61.0,58.821356085850674
73.0,75.08786026908116
37.0,24.42814827904627
60.0,62.4776073123824
26.0,32.28090578671995
19.0,25.361976119380603
78.0,76.18489841782858
73.0,60.352697481310216
78.0,81.36453834961232
22.0,22.26236274916169
66.0,59.48061688545734
40.0,48.08002431897684
80.0,72.88402092959758
23.0,33.47638201727102
18.0,30.983523162997823
39.0,40.57652354242929
33.0,33.157851920775016
54.0,38.01159970904998
31.0,44.05295174636257
21.0,44.052499067266154
47.0,55.57407851191255
32.0,38.04375388403765
52.0,58.93785703677902
60.0,65.4090023386316
67.0,50.65199924429306
38.0,43.02117635796016
25.0,20.1333537697103
21.0,24.705493062074865
28.0,28.156430722184403
24.0,26.133903505520582
80.0,78.60566084691975
54.0,55.478553396222274
19.0,24.19457050638027
60.0,38.443820672376276
32.0,33.51712831988964
20.0,27.190577365250174
22.0,23.260925150215794
51.0,54.81462635525765
64.0,59.54205940103287
66.0,60.602808580264025
67.0,70.17291775471881
56.0,52.687303563409316
47.0,54.65714880192466
42.0,40.504978079940614
80.0,68.75789590828688
52.0,44.61294588639239
67.0,70.83413712148564
37.0,45.743450060202754
41.0,26.36905266130835
30.0,30.89627759428282
24.0,22.33731985181265
28.0,30.469639162601684
48.0,48.730528189563564
61.0,50.79908436361608
27.0,24.839873965538303
41.0,49.8891079748602
24.0,26.503034392484636
70.0,73.3769911584334
51.0,40.80661125094445
18.0,32.171998463324265
44.0,41.70297063896633
26.0,26.84627917020476
28.0,51.22082707809924
52.0,44.04835070084756
62.0,58.72517091970301
39.0,46.742890627890056
25.0,33.24302820724608
46.0,43.60662510430984
78.0,74.94507864763499
35.0,44.8173106434005
51.0,68.20909092000582
20.0,21.02942305001749
35.0,22.33401305776328
78.0,62.25280068570133
78.0,74.45485800528259
66.0,71.86238172705177
55.0,54.285038236717234
57.0,56.23827873851022
56.0,69.14449713869769
18.0,16.227674931729084
70.0,54.7062514234369
42.0,46.98079237943998
18.0,27.281942860734368
63.0,61.086648703101496
39.0,27.235283319891714
33.0,31.99535668041403
80.0,77.18321369228114
38.0,44.45662126460333
19.0,24.780382682848508
41.0,56.478996003133815
33.0,34.546015984228504
39.0,42.824431455383056
76.0,63.89020384254676
56.0,58.44568107693841
78.0,64.3860874112782
55.0,42.570751484164546
36.0,29.634833316897637
60.0,64.44837588124972
59.0,63.96680572026679
72.0,73.84452790429302
26.0,30.857651336223313
32.0,29.336567627570417
53.0,68.81132734638412
23.0,27.650748685683926
74.0,73.57682761131649
25.0,35.82646619506705
36.0,52.92442912164939
63.0,63.93910128126462
71.0,59.88749673240634
29.0,26.549616115041005
65.0,71.81673505405054
25.0,25.126966547486152
19.0,23.071938877817473
59.0,69.20520317633853
27.0,36.76449981772319
66.0,66.59977311098315
30.0,30.631909273178508
51.0,52.85030611662218
61.0,63.45247589535502
29.0,30.18180162804261
35.0,35.872414963672995
36.0,35.90588563448574
38.0,32.929675365753106
69.0,65.95053890958977
32.0,34.10527797004951
25.0,21.63776733592459
80.0,86.12233360858625
66.0,63.65672386491573
72.0,70.0641189347013
56.0,45.28878720618225
19.0,22.569678271453725
52.0,57.62792905516847
60.0,56.15530662548143
71.0,65.73380100032249
77.0,61.25772548099128
80.0,65.06306576637684
42.0,38.38052091409205
34.0,31.586496428819245
49.0,54.77618647513021
35.0,34.16610806631668
55.0,42.843748841215984
47.0,55.29550834430633
20.0,19.964373001847395
44.0,57.36176134163124
26.0,24.109501303218707
19.0,29.487663585257263
56.0,44.20864478760601
80.0,69.08483202604869
46.0,47.90494108955661
63.0,48.06740698339389
58.0,43.316226861686076
34.0,43.73710589726387
41.0,64.37824492731774
29.0,23.790832981188096
29.0,31.60964274015391
80.0,71.19788974532202
26.0,29.501603670934532
64.0,53.836617512983565
43.0,44.8454497896389
80.0,80.8191585244706
21.0,28.208352595809405
71.0,76.78859560997695
63.0,66.65587568870997
19.0,39.98720125033066
76.0,73.46351045958447
79.0,76.15047811571463
18.0,28.24160709359865
36.0,34.59393098043973
67.0,62.50584002825475
76.0,81.23710730646741
66.0,48.185079341958975
31.0,43.392416943611195
67.0,54.42363376923519
32.0,51.48505560771092
24.0,31.52470879933311
28.0,25.095429024618312
