y_true,y_pred
64.0,64.1689660668937
21.0,27.023857632390346
70.0,59.15923568270831
61.0,56.249964942799586
59.0,57.05861963884309
32.0,25.07566155480905
55.0,51.082923991406176
39.0,49.555683704412886
18.0,21.07768702867699
62.0,70.87994925233083
45.0,30.253295429253637
49.0,30.861396351197037
64.0,70.51264457580636
28.0,48.12268409013045
38.0,33.57093798463269
66.0,58.09547422104197
28.0,35.71910124873605
70.0,46.24333936789015
42.0,31.21940018207626
77.0,69.32133248473738
62.0,58.544608523750696
43.0,41.0174288348434
58.0,43.280690197834616
80.0,63.13564644632889
22.0,25.684707089786926
63.0,69.77109024425812
61.0,56.93303375995009
31.0,36.73897987410768
40.0,35.43079966996641
75.0,71.7642027167003
21.0,28.461793733456076
22.0,24.349372360560174
58.0,53.523629718513504
65.0,63.69062750030334
66.0,61.01987166633975
71.0,69.91991134130345
46.0,37.90792865349831
28.0,38.33914712571936
46.0,54.805724932449465
64.0,68.3188741048896
59.0,53.82998872910518
33.0,32.3792034963772
25.0,27.87700187293905
68.0,66.95847839194674
40.0,50.61409703421247
80.0,58.844235831389796
31.0,32.9739735080966
36.0,30.007184320386827
52.0,50.53274742572199
79.0,71.25258845098276
64.0,47.137288896766975
25.0,36.443955660997624
22.0,22.281877516215626
65.0,67.8743025009923
66.0,61.43617355017496
44.0,46.62012207517753
71.0,52.345273801874875
74.0,71.61312089577429
41.0,26.486539376299998
67.0,62.86834552069865
31.0,37.333337271963444
80.0,73.50057450491958
67.0,71.9498643948138
42.0,52.02464628040028
22.0,24.86123091592952
41.0,39.03030036137561
30.0,29.504850814086918
19.0,28.060698432438627
31.0,24.896192826258314
66.0,71.86790305893726
50.0,52.2164429616745
36.0,36.48198846312582
72.0,74.73725382616162
66.0,64.11237557927669
49.0,34.773934134357944
20.0,29.574620564469726
48.0,52.9241256284982
64.0,66.35456962378545
78.0,72.81368467724572
46.0,40.34662414640272
60.0,68.52020870301352
47.0,56.617150942289385
28.0,29.87817680155175
23.0,36.98963833426417
20.0,28.58530794999829
80.0,58.87339235462542
23.0,30.586563510556612
63.0,55.47949642717191
47.0,43.19384780416453
19.0,26.768438607923148
27.0,33.81500739366749
41.0,37.39637835089565
19.0,29.364709426316836
60.0,63.992180708367044
80.0,49.28846436338643
49.0,35.15400282257608
67.0,62.98719352912709
28.0,20.514707413633673
19.0,29.36836096227943
43.0,58.9635107317226
80.0,63.80818408213157
27.0,39.15508970573823
50.0,51.135357010188436
30.0,32.11837583969796
77.0,67.00059103697936
27.0,40.33950253246016
71.0,69.59588031649874
69.0,72.66096301957407
54.0,46.53241578982356
80.0,57.63701531137634
80.0,76.9983084738246
61.0,62.3831960485747
44.0,35.78806201875098
57.0,57.37525121910685
63.0,59.29774034374755
25.0,30.345780138265624
32.0,29.686996474350458
74.0,54.616579711740684
42.0,44.94226806492072
63.0,48.01953456784244
48.0,41.42412101667069
44.0,44.0137266867081
61.0,55.87736097523222
29.0,32.26496951525516
58.0,68.2469122330679
80.0,76.65771718154122
66.0,56.027329397250526
71.0,51.14343835960962
37.0,45.99938302227327
59.0,58.66433578912935
61.0,62.920824878997735
61.0,57.21412688973802
52.0,34.06235919195222
54.0,38.043505643231775
62.0,54.46386737393327
18.0,22.8447608042476
80.0,75.60065508445192
37.0,36.6590311343961
38.0,44.444652901676776
42.0,43.068503601062446
44.0,63.96102139428902
18.0,33.07814490258177
68.0,61.477644438005235
42.0,31.160657096727494
61.0,61.812943995077696
57.0,65.71542464209207
78.0,61.74354746428132
61.0,68.89339772733814
27.0,44.559908120618154
43.0,45.31625736246619
18.0,21.192938417810424
30.0,32.3922311499005
48.0,45.526896624158745
31.0,50.15616061545328
72.0,68.58086483303447
37.0,30.65178709052892
51.0,51.491369920581434
40.0,40.12715444995503
32.0,37.45427170709745
26.0,22.291975242900644
34.0,30.207745999367912
70.0,62.74062178609538
31.0,27.606044327072045
61.0,59.389314828329695
23.0,25.554787279850032
29.0,30.978273926567677
31.0,36.01780509970347
77.0,67.7290471718887
66.0,61.650281706909794
50.0,55.068667179092266
28.0,32.315242727117585
27.0,43.42085567236274
23.0,40.7499664819403
24.0,44.46612267531091
38.0,54.910253017129506
40.0,31.098030297927505
69.0,54.591508976348315
18.0,27.0658267351699
36.0,31.65255985310315
55.0,61.93302884635905
66.0,48.335307879361665
43.0,46.00854999795411
74.0,61.082084578769496
34.0,35.798745888646025
28.0,33.32312127541124
72.0,61.742623942009715
18.0,25.805578685187733
80.0,74.39670846227182
18.0,28.318294756410268
25.0,21.96329516470051
65.0,54.701347118482914
80.0,66.29124420114543
62.0,66.64152854204757
72.0,59.52773885364769
33.0,35.37423019190449
52.0,40.81845307804207
30.0,36.30958636058176
39.0,51.52475003313957
41.0,29.468037026471098
27.0,44.02634164119402
80.0,68.15883572439178
61.0,34.39525492440257
78.0,69.49651745520238
75.0,70.48428609537444
71.0,65.63305978539573
61.0,62.49046761672844
42.0,53.830932595498595
80.0,68.68661931438129
44.0,51.349031709447175
52.0,53.596530228237334
29.0,28.182625487743135
29.0,33.88312477508661
47.0,39.34263825502379
31.0,26.56648565037938
62.0,65.81363779450959
40.0,30.504204859870832
38.0,43.5692458652096
80.0,69.99267804893223
36.0,37.227522454035615
18.0,38.97810347383415
37.0,42.4638117424343
26.0,23.372020155318552
47.0,39.152604177215274
65.0,60.95839518523906
53.0,50.26040053751291
65.0,67.63800811745615
65.0,68.8761740589567
39.0,44.41186810297923
25.0,29.486389903964024
31.0,37.370635358857136
23.0,23.151434999032475
60.0,56.51338882647236
33.0,30.951013619512867
39.0,30.29064388855099
29.0,29.802863871823337
32.0,26.406781105863317
38.0,48.194778423321196
47.0,44.735766793243364
36.0,24.622456821684803
61.0,63.466253532356426
61.0,55.6075385034364
26.0,29.261352542590462
31.0,22.830610558091784
19.0,31.068270079292393
50.0,47.222971636124115
66.0,59.57893705597895
63.0,64.04634190432654
69.0,67.10602936945878
38.0,35.29076250813584
80.0,70.37073465240069
80.0,57.37441857488184
24.0,25.720980751769144
80.0,74.85130975042905
80.0,71.81506404541055
56.0,46.275568694447486
53.0,59.34352274617833
80.0,73.0240656117306
58.0,56.898288893630976
50.0,60.16518065671155
45.0,32.631676093193256
40.0,62.619538617772044
80.0,68.70337086060013
44.0,29.848629474878543
21.0,27.555067646794292
30.0,26.020151452719027
33.0,35.108286555832144
45.0,53.677788524648115
58.0,64.11167282742932
40.0,29.08727162056076
61.0,60.403032019004925
23.0,33.92970129803651
76.0,69.3488641867216
27.0,37.776888197092276
79.0,74.53466779540115
48.0,30.670985623169337
30.0,24.53225508671359
61.0,46.67991347235933
58.0,68.21107736667061
32.0,45.076830853263694
66.0,64.8127849967511
48.0,53.509403063854236
68.0,68.98516469993591
53.0,66.38399928569896
74.0,51.55057570959561
71.0,60.799966486078446
55.0,50.37778139326485
59.0,58.21223223151876
69.0,57.75547848150528
47.0,37.408612431681625
18.0,40.62387192929974
45.0,64.08454801886522
64.0,58.34295130922849
33.0,41.39203581192695
70.0,61.50293025310014
54.0,47.28247669994884
55.0,49.465275248558626
41.0,35.46023506377676
44.0,38.66829757157511
57.0,55.0529641527307
66.0,65.56770866518823
42.0,43.52398037469518
63.0,65.00470255252726
78.0,75.94578677386947
20.0,27.708116277580157
57.0,50.7796964669613
54.0,57.17355905976111
46.0,53.42515782159475
70.0,65.15107071948296
77.0,74.36176438005407
58.0,39.97478864547935
39.0,30.14365142608364
68.0,48.108778331942624
80.0,66.32054183487638
42.0,54.83717656704803
71.0,52.60126986560771
61.0,62.818144151519455
80.0,77.13436886693808
74.0,69.42764323602819
57.0,60.88739527766401
21.0,25.37421749506646
26.0,28.739037609767248
22.0,27.324086919304527
33.0,45.650454916804165
56.0,41.9218716207945
42.0,48.79669540152749
47.0,51.52227986357922
20.0,30.27550840596738
60.0,60.41559627240845
23.0,31.90804971577929
29.0,39.020144348357576
54.0,64.81270643616496
43.0,37.10744632454711
72.0,71.61947813220249
59.0,68.53869417333985
40.0,32.85178533975984
25.0,32.6382728845677
20.0,35.31162525777903
58.0,63.44142741651468
60.0,47.99148292083892
74.0,69.79527525126156
26.0,29.3501154697001
39.0,37.60506438426834
80.0,76.96956962871258
26.0,31.724396463333424
37.0,27.805739754849807
22.0,24.756111101114488
65.0,68.28843801045332
22.0,32.099403600704015
36.0,32.68358664509475
37.0,32.53793608129591
74.0,67.44289779289382
69.0,60.95520366088495
31.0,30.32867472113601
64.0,70.30595555377288
28.0,32.118605433568916
76.0,73.46168515207737
60.0,59.35450648273348
56.0,46.115714915579275
53.0,57.912165116292634
55.0,59.945448180835264
31.0,32.795510943404004
33.0,41.87437090356336
54.0,54.77403979145717
80.0,61.7341328094603
53.0,64.9968905386133
38.0,32.03366372373964
54.0,60.58420193299174
47.0,22.24743487197361
44.0,54.59491760396626
36.0,22.71163250554543
76.0,70.91260638997625
24.0,28.356591715462308
80.0,73.39773373241866
51.0,73.30276781456035
18.0,39.8638321273954
22.0,24.69719152779312
25.0,31.088917183699035
80.0,76.93510490774948
26.0,24.581685395430096
50.0,56.46371549318633
57.0,31.71270181954924
36.0,35.30675032763858
70.0,70.56407346149392
25.0,28.364106036984712
58.0,45.970705200412624
57.0,55.506718905910375
33.0,52.30995665926166
63.0,47.58607473189951
70.0,60.539799278598295
74.0,62.46656662543575
21.0,26.75164203440253
63.0,66.72474042934593
72.0,67.84687738240581
65.0,38.96637133472149
29.0,38.19479617788672
33.0,45.795809514292266
29.0,35.628825616686456
52.0,39.31647711431259
72.0,74.14214275176215
58.0,55.105618847182434
37.0,29.450928650227638
80.0,76.71699347794637
21.0,27.018391706580363
41.0,37.40814890405998
30.0,39.67699278715561
64.0,58.90570034983514
50.0,60.22377044411899
50.0,67.63409391127907
67.0,58.00358427520432
20.0,32.40748576388352
52.0,49.027214790014895
38.0,34.456252109952715
20.0,21.319398576882232
53.0,54.939174290450886
25.0,41.21793651795597
30.0,29.37686929198547
22.0,23.75588762254873
80.0,75.87673790711803
30.0,38.730462813419486
65.0,55.73400896408127
54.0,56.703158150237506
31.0,37.94422714159121
56.0,51.154623677553985
36.0,27.9330007367461
69.0,69.07965220661613
32.0,35.81236615545814
67.0,54.06964777916632
67.0,67.26994742812572
59.0,69.43316892855287
34.0,26.854239851196088
21.0,28.219768593212528
80.0,77.0352619557534
37.0,30.57133024495823
50.0,36.78367821483343
66.0,69.95470057751464
24.0,32.77504539493245
29.0,37.62342259931865
38.0,43.99892496039328
64.0,60.39102145458447
45.0,35.38669784830902
66.0,56.883654858211386
71.0,62.49994708504823
43.0,48.207441669485696
68.0,57.69503551559005
69.0,49.94214770784308
41.0,48.28478162353866
73.0,67.73302545950897
36.0,32.40452497930969
65.0,48.07466272105078
60.0,37.27935420840038
19.0,27.02032804698789
80.0,75.33394957734576
62.0,66.9499150403014
44.0,28.992774831099982
45.0,46.67995336451106
80.0,72.53981048863066
73.0,71.27542108657426
19.0,24.18521220614214
25.0,25.146737208367103
58.0,51.06300028417059
26.0,28.73932651918662
55.0,35.554996100171216
78.0,69.93598225536135
64.0,65.37166111762399
31.0,44.03486326672676
49.0,56.46497342543349
59.0,61.54702381635785
24.0,25.02891574396484
80.0,75.67842925841848
60.0,57.01562784626601
64.0,66.45542646333698
28.0,22.76177986491747
21.0,26.46110401662949
20.0,37.31814081461691
53.0,36.69351438124372
72.0,62.80166125774125
34.0,30.180272946568742
69.0,68.6836548197412
18.0,22.962782266729224
64.0,61.74507334267721
41.0,55.21764199209045
66.0,49.83185977501722
22.0,36.37946635240705
80.0,75.25920944580716
69.0,47.12074367066023
30.0,34.029324907692235
80.0,66.66883704741007
42.0,54.09277537993308
58.0,53.76685184399108
20.0,21.752373777164777
80.0,64.49726886496494
19.0,25.20627948922937
32.0,34.610153191386175
37.0,31.463313698385285
38.0,44.46616591048837
80.0,73.17915410481463
22.0,32.83107889179409
32.0,55.70150282153779
47.0,61.61439378169488
65.0,61.79775052039521
42.0,37.5038431894096
62.0,70.91439663993998
74.0,45.97199471064827
48.0,46.04866655849929
50.0,36.032352317016496
25.0,26.159956095708335
61.0,46.23546971350824
55.0,68.42498925460755
21.0,23.601688210218384
19.0,25.12770954912191
19.0,21.891256755727778
51.0,56.857990221553024
57.0,57.34068559392264
24.0,24.26638225268055
21.0,33.21687182621814
76.0,61.55673080353205
53.0,49.553807631511006
80.0,76.33541412830097
61.0,60.64563602287708
76.0,68.93698640855234
62.0,53.86853933014442
41.0,39.029805319656006
78.0,63.15524975269923
23.0,26.966540933893853
19.0,20.734241123976425
31.0,35.92988040269934
27.0,23.17252289047549
35.0,31.724262020140703
23.0,43.460800776788865
18.0,21.994444714991893
80.0,66.27250621267721
57.0,53.58738109010948
61.0,45.69560448790909
44.0,61.73205057452964
53.0,64.14249785041932
33.0,28.535189005159012
24.0,21.928360888670507
27.0,24.38709364829989
32.0,35.471303097680945
27.0,27.53127607828631
75.0,69.68588843327791
62.0,68.35334695487445
37.0,45.99256255835306
29.0,38.70013968671758
80.0,72.37933379243667
66.0,52.69083329224578
67.0,67.16995312931387
80.0,74.27473559929794
21.0,48.79538855968277
25.0,30.32863892545606
44.0,55.530233818174466
32.0,31.358491341508266
21.0,31.03859480274666
56.0,61.221117625304686
80.0,73.61118467790588
51.0,37.32072996445881
68.0,68.65900912707798
68.0,66.51922664185601
58.0,71.52438356299557
26.0,40.241821315698026
28.0,44.39185793167631
28.0,38.10461577610741
79.0,71.68380648745685
34.0,37.03807146065635
62.0,52.451355561526526
29.0,26.94706626877313
63.0,46.768354509344654
75.0,68.36027429719923
41.0,46.51581648853559
30.0,27.722223573952533
44.0,35.80296238454462
32.0,65.3121337749963
80.0,64.48430434330008
66.0,66.20858482522702
76.0,66.97513192011509
79.0,72.16146510348077
80.0,67.41670698160885
18.0,20.119653512539127
33.0,36.06572999316716
80.0,70.21156368521052
26.0,32.15235053369461
30.0,37.672050996607815
26.0,35.845405269580326
48.0,53.35040070222647
63.0,39.6835210613406
38.0,34.23890375690729
18.0,24.06872266039425
59.0,59.710139742746534
69.0,67.22555287647016
31.0,30.672947628406227
22.0,24.335176778179694
80.0,75.5154455501597
65.0,67.67204779537789
60.0,59.98529687029172
51.0,41.980733773423424
34.0,51.53978557488942
28.0,44.574675959510195
60.0,52.151050682875706
73.0,77.22629102137817
67.0,61.955734534507464
59.0,30.878897243910618
27.0,41.44629442801331
40.0,32.804431909882794
27.0,28.810732178841747
80.0,74.31882294334123
80.0,74.92492659121375
67.0,57.329176007581026
46.0,65.13550823182344
18.0,20.166151558464
67.0,55.00574185551526
33.0,47.36765002923381
67.0,67.2437066670124
42.0,41.791071515513515
80.0,74.56120567122268
54.0,51.111220450897335
80.0,66.49752156796967
61.0,69.88237496588843
23.0,33.106844562366284
73.0,56.369939229086974
41.0,33.59149887864758
38.0,31.74457648343659
70.0,65.26216251194855
48.0,38.68777064561494
42.0,36.182171554242125
45.0,36.52173068988018
46.0,42.138673387458276
62.0,58.43424123911307
33.0,32.7079416656522
35.0,41.8096309047013
80.0,68.20070928021683
54.0,35.879467399586545
54.0,50.41517962134494
54.0,41.448950712772856
48.0,60.127926712634356
23.0,44.88525794028758
43.0,53.96388116503183
18.0,20.506881957481802
61.0,52.75326368296711
44.0,37.99876557375701
29.0,31.431048413732746
18.0,20.144121496057473
75.0,69.26061831397486
74.0,71.8610921020314
64.0,70.06574318756971
22.0,33.08044472752031
29.0,27.743471653861114
18.0,33.88891627796332
58.0,53.621780611101734
72.0,65.3719588214142
80.0,69.57397200891577
28.0,37.02754823527205
53.0,46.20992770867465
35.0,30.138314623458797
40.0,31.621690292762747
79.0,71.7065867441171
53.0,58.260425186712375
53.0,53.92336083363092
23.0,29.00808213437155
29.0,27.924280322939595
69.0,65.04195358803932
22.0,30.774855224753168
35.0,38.31410636204244
79.0,72.19105779403768
69.0,67.8964323424722
31.0,30.451718334043694
38.0,46.338445958860675
50.0,31.363707691520272
20.0,23.518652421183525
41.0,33.02872722887369
48.0,54.43759878058834
33.0,33.650587588977814
47.0,56.06900453808949
31.0,29.975198238040353
39.0,32.75016916721069
67.0,61.959750847724074
57.0,48.76650602425753
62.0,54.42468074391317
42.0,57.665639494558825
67.0,70.49573188504611
23.0,24.556465109857
33.0,32.73722872067065
79.0,69.29926203788362
71.0,74.53514916284651
49.0,50.45435075458295
60.0,62.136727500234926
60.0,57.46921854683596
41.0,44.899195883617224
20.0,24.008628833705387
71.0,64.19434615108112
19.0,26.72285421313487
80.0,73.83465900342277
46.0,46.969467806425016
29.0,39.1850206401358
33.0,41.16997577365581
73.0,69.73190867563073
35.0,27.982465301112548
18.0,21.166542321666736
49.0,44.84193740202229
46.0,36.352067580289756
35.0,43.17794135934645
33.0,30.810594227738257
80.0,75.24269821318794
42.0,33.75512964494915
80.0,70.5037063246201
48.0,41.594677866353486
46.0,45.49286888004488
69.0,62.359464292281515
80.0,72.24613494967306
30.0,28.22608860318415
71.0,51.333630807323736
58.0,46.55555912193835
30.0,26.932044915278436
62.0,70.33760782909896
46.0,33.831779630014765
38.0,34.705312665026696
75.0,65.91081425074522
23.0,24.514266684272467
60.0,62.38975224676078
79.0,72.24228987215223
43.0,33.29418766979622
58.0,53.54915092805127
53.0,54.250087815464106
45.0,45.32695079947362
50.0,51.82298916988992
80.0,69.64112559619309
58.0,52.91962749841086
31.0,30.559184826677466
49.0,45.32077840318892
57.0,70.25724355443161
80.0,74.51273870893762
23.0,36.273894381585734
51.0,50.262284068842476
57.0,48.27252902461132
58.0,60.218525549722855
39.0,44.069121131168274
80.0,68.39970240367025
32.0,43.68553453940467
62.0,56.208681453250364
67.0,53.3242694609515
33.0,31.673123643679432
54.0,55.789209701617374
54.0,48.34707366486543
50.0,64.78689473156794
39.0,44.19236701859077
21.0,29.485067375821217
64.0,68.90229134676537
80.0,72.5762672377808
24.0,37.332898599582194
41.0,53.650081220406484
74.0,68.34957811472898
37.0,39.0033638095539
65.0,72.45416798676979
41.0,55.31948437428026
66.0,57.23851615599336
36.0,42.29347374060983
57.0,58.10266170064765
35.0,31.546028979831718
62.0,58.828478036080675
75.0,64.66003625118822
80.0,75.09263298912273
65.0,67.68559125073678
59.0,50.39709188970547
24.0,25.455542072133664
42.0,48.53064999595844
64.0,57.70336817495382
56.0,51.20100307398183
50.0,35.95906359625415
72.0,58.26973420336685
56.0,54.354085656319874
68.0,71.88826892719588
37.0,32.77960345636656
55.0,53.23543738789538
39.0,51.34376926240785
21.0,27.617239212033397
24.0,28.812460963612388
48.0,34.84517885070033
59.0,58.630014620391584
61.0,43.89966426842509
57.0,57.41930484228329
73.0,56.25806837179421
52.0,36.56695152010817
80.0,71.82699620178118
35.0,41.22239491561624
39.0,30.29176515254465
75.0,72.24259256957744
19.0,34.39046811172431
39.0,40.13188385052382
68.0,64.437429459431
70.0,45.55362337546883
36.0,54.07603482424802
54.0,63.727161897215225
73.0,66.5833866896158
80.0,74.06221874008715
59.0,38.908544417971626
18.0,32.13052429978532
20.0,22.437390341341924
64.0,62.4674290689633
26.0,31.690303782187907
70.0,71.27414019653524
20.0,20.658514883836986
18.0,31.6873737877804
48.0,51.127517463364526
55.0,55.685874667411426
51.0,56.553989256654305
22.0,24.811391037257394
21.0,31.130622586370848
48.0,62.09161216055061
60.0,63.85414732524236
70.0,75.97110072491029
54.0,55.13911877739144
18.0,24.791025350681966
61.0,64.8556611040406
47.0,36.59989064136902
44.0,36.012501684744244
30.0,50.33559811424648
31.0,44.72513978232947
42.0,51.21009346731043
30.0,39.20943440963482
63.0,53.37373283844032
20.0,30.953231750318373
48.0,47.599517711231236
24.0,40.87981236969653
25.0,31.46334274747619
29.0,40.5688206520151
52.0,60.67408266546194
72.0,68.4183230914268
44.0,39.73008179420777
80.0,64.96191716698985
37.0,64.41438288007696
53.0,48.11297089827424
56.0,61.451176506058125
37.0,37.81878332089962
38.0,48.11956838535236
39.0,38.128749810623795
50.0,39.06109948634572
60.0,50.88463870756736
41.0,37.02424181220461
37.0,44.6290053212439
60.0,52.07780802250048
35.0,51.63452135157697
19.0,35.731634709845586
35.0,29.569352778837114
63.0,55.158410919759156
35.0,49.70725409860765
76.0,72.55963574100718
31.0,40.98677238030749
66.0,67.16463890010704
55.0,62.03147834385898
45.0,52.99973812086256
38.0,42.95220566521004
71.0,52.52821964315897
40.0,47.047296339263546
76.0,71.25031755454872
22.0,29.389958543744022
62.0,58.664916378071545
28.0,34.40995119942167
42.0,35.179313250773596
32.0,50.36870500261928
54.0,49.40206604807068
51.0,63.73500448341231
39.0,50.455754453755844
20.0,28.32249262671737
60.0,56.3330314319
58.0,55.18187215400397
74.0,72.23629244527358
80.0,71.14175044092158
23.0,33.640187699910754
69.0,67.15847297093099
80.0,69.80579882970656
23.0,28.068630787829846
54.0,61.212497194819825
42.0,43.74760472967236
80.0,68.81767365525033
80.0,72.51257746161936
73.0,57.17739483437313
41.0,27.174242316613714
44.0,35.38003787580407
20.0,25.00374508519235
80.0,76.51000095575468
31.0,30.77019444082106
22.0,24.06861551441677
45.0,38.72470467540795
27.0,36.38564269716172
54.0,53.161090437432776
25.0,37.290786660327726
41.0,52.88010586487138
78.0,46.335618218969465
66.0,61.94020626014578
62.0,51.73007610539814
49.0,58.37349298710372
48.0,58.81732155252556
69.0,67.76423758441327
77.0,64.29213056129234
39.0,50.1659770883789
23.0,22.876134436132432
29.0,29.690589759930344
56.0,43.028411636434946
40.0,49.061659672352626
42.0,45.33625133206851
54.0,51.434276427835485
70.0,41.452620228793236
51.0,39.23379628077685
22.0,30.094981294156756
26.0,31.201899957734117
32.0,36.10825375943548
55.0,51.7474454799411
66.0,56.343399469006215
45.0,50.73230210185024
59.0,45.04448684747474
19.0,32.73495717968522
32.0,36.580161426177206
74.0,67.33334113796393
20.0,29.29851831902053
34.0,36.38778803539149
80.0,68.31173791870759
44.0,49.836758781018574
37.0,29.639401231514157
72.0,68.46894390477111
19.0,25.13452104950932
27.0,23.430602847885883
53.0,40.25001058667519
80.0,74.38807914816289
57.0,50.735823252742804
19.0,28.69514689101804
70.0,63.16111159136727
79.0,74.35805911237613
28.0,25.42046901078476
39.0,25.29769638394312
61.0,63.204944568048994
48.0,49.39238905855843
75.0,62.111634019986965
52.0,62.66452538211938
60.0,65.26839443643435
61.0,61.872533129845245
32.0,24.896854372799258
19.0,23.562090754967794
41.0,39.861861977010435
68.0,62.14240262555075
75.0,76.29286635139093
80.0,72.20937449248814
73.0,63.49618448794214
69.0,54.855361450677044
23.0,26.68602341192143
71.0,68.59092913829218
36.0,46.65563114363729
20.0,29.25164809628814
71.0,63.096320994709124
72.0,62.096993472640435
30.0,30.967399214243272
74.0,71.99096276043284
76.0,76.14036260010253
54.0,51.681770542860974
20.0,31.851217476205854
19.0,22.697191570501836
58.0,61.75924043039891
55.0,49.82189134498999
42.0,29.67106521411542
62.0,59.24841595431671
72.0,45.752828144107724
71.0,75.26703543368508
66.0,52.29960732408531
41.0,43.74676942781203
22.0,30.92485662891068
44.0,41.36938370829977
30.0,29.7761831883366
24.0,26.339317274095915
59.0,65.0936768836401
47.0,41.134997708100464
24.0,32.55063617163219
43.0,48.14319667398236
33.0,51.15720587396953
35.0,37.76800009944477
23.0,27.364540586856073
26.0,28.31489217970778
74.0,76.07317865608232
61.0,72.35695754736658
18.0,22.86705595924479
45.0,46.19765719311913
61.0,65.45428223959583
45.0,41.88742266312534
33.0,29.77036610502942
63.0,67.91423024769439
41.0,54.318281378464405
80.0,68.3201926557575
80.0,73.215082303176
27.0,44.79830283932377
19.0,24.315948208731378
45.0,50.16915114453043
66.0,44.202372873022696
75.0,47.11343213323032
26.0,32.699102493344846
29.0,23.544267798496932
37.0,38.50651415718783
44.0,41.57869821166874
46.0,52.38774791074722
32.0,28.109039558565637
40.0,40.422439516329035
51.0,43.838386299075964
68.0,65.79763226781742
63.0,56.90253710198765
23.0,24.07884916669709
78.0,72.81834384773211
80.0,52.54192341486004
31.0,37.29680772353382
68.0,62.94642325023412
27.0,30.10068654600988
50.0,69.37029994638421
28.0,32.28993779878481
33.0,26.230203642222847
79.0,65.61987652423423
77.0,66.07467181798955
56.0,51.208152179489495
56.0,59.33530846092243
34.0,49.29468551551206
22.0,24.46843109626733
54.0,39.85747872595888
51.0,56.22099155781493
21.0,32.430942776710474
31.0,37.92678112210753
73.0,63.03062730088238
69.0,66.9584006876453
51.0,38.10665962450003
66.0,54.41102280152952
19.0,36.59318264580716
23.0,28.658453275270475
69.0,59.92400387445552
68.0,54.119301647056865
57.0,48.68268178394147
74.0,72.44923077598698
70.0,68.64545116248718
19.0,26.157307646975934
51.0,69.12983144175672
69.0,65.88181642670175
43.0,40.82081955662536
73.0,60.34874676950134
35.0,35.70118011070939
43.0,56.42261641256098
30.0,35.09555244746771
60.0,44.609384578984994
56.0,54.76425497646032
80.0,73.64909190243905
65.0,64.31849098484626
62.0,60.5281623017812
31.0,26.10247711547322
20.0,24.183488666251172
52.0,52.358731164161064
44.0,33.3753063530331
64.0,61.51034688902459
18.0,42.49115877777802
80.0,74.58967762579907
65.0,37.19945711974863
43.0,42.95781940872422
58.0,57.36510328811752
78.0,59.46787397348657
32.0,33.183690353870716
49.0,36.479771963776614
40.0,33.657448631082275
23.0,53.107004570546195
45.0,45.880205177289035
18.0,35.95076021506559
52.0,53.052829802619044
79.0,70.60736689158988
23.0,40.95998401635697
19.0,36.181374178581265
38.0,42.024127701361664
62.0,69.20904333439806
38.0,31.99263255724609
23.0,26.30502149762481
54.0,39.5812797320636
30.0,39.06530434797858
27.0,33.992930193989885
48.0,47.67243023214728
54.0,51.41431933009888
72.0,68.33100698750467
80.0,58.04045711870705
80.0,68.75375983590449
80.0,70.64154185931308
58.0,51.631912654226966
53.0,46.687142137736274
29.0,24.910632971196538
56.0,37.991647931787355
39.0,37.98088243091637
51.0,49.37066203381894
70.0,64.34264494229815
27.0,27.946555810422048
67.0,71.04188136877963
19.0,38.45654618150941
40.0,33.372603140835565
65.0,38.36818256509692
71.0,56.065003267986974
55.0,53.170502475354084
34.0,45.524150743027825
39.0,39.52899973889012
59.0,56.447655090138106
54.0,48.88077149261808
40.0,37.72162898759155
71.0,71.89176324514374
41.0,40.148632753731064
50.0,44.3296185294057
41.0,52.858653979403236
44.0,48.35001122347979
48.0,56.133606520839265
69.0,57.97046520128791
25.0,34.623954957050834
66.0,71.0215872133242
73.0,56.547595878463696
55.0,37.96863345550545
43.0,64.75742350872154
50.0,42.7151526832085
70.0,66.98941890099593
25.0,31.173900313069684
41.0,39.49870229395797
44.0,57.23116947711308
31.0,35.63628673517582
55.0,51.29227231521115
64.0,63.33619364494676
60.0,58.27757270681878
39.0,33.566032986707334
50.0,42.72692184350652
53.0,33.69490114278877
27.0,28.701496599462736
54.0,59.05693212293153
64.0,64.33592901122523
67.0,64.96893056795665
78.0,50.3227042056009
72.0,67.93101815419817
20.0,26.621720069611715
50.0,49.92526776173713
80.0,72.91482004992731
30.0,46.42990353171091
78.0,73.33723986178711
61.0,62.11237891062743
68.0,59.91303237711128
52.0,55.74427094833027
53.0,54.854772012056365
72.0,66.49184750372734
77.0,61.94585804033824
34.0,55.77272387255088
43.0,49.50814530392842
40.0,39.00901631341366
47.0,49.52527738808571
67.0,67.61258646885112
49.0,52.76821317357676
60.0,57.974481994622785
61.0,55.66491692158586
39.0,47.3496507280503
75.0,69.65950132133045
60.0,60.51708727632517
34.0,39.88808156080306
34.0,46.40009884287951
64.0,71.41968023380404
23.0,38.16279574957552
79.0,76.93011442415136
21.0,26.680316389039167
65.0,61.859130242537674
52.0,60.22256114262714
80.0,73.3340939318781
19.0,25.683473777543558
73.0,69.05888820875788
37.0,39.735672780467574
73.0,68.66161946129363
58.0,70.53893635355661
53.0,57.44043709206324
34.0,46.43350401977782
23.0,30.154078436566632
35.0,52.96108834942435
25.0,33.82276083982531
66.0,55.61853752481387
80.0,64.52458552725913
74.0,63.587177011555674
43.0,37.73384164009706
56.0,59.61290257658541
20.0,28.210328545290853
40.0,50.41579175836761
67.0,54.543297375022384
51.0,49.46914836389368
52.0,45.21010983856292
22.0,30.80616412429291
36.0,44.9349290202736
73.0,72.1420140628758
45.0,37.7808842382313
18.0,33.816409029342665
80.0,70.0725881218102
80.0,76.2444782661819
52.0,34.05366942571268
50.0,40.142310417775526
33.0,36.68961251289312
28.0,34.58439466396263
18.0,21.878972338190735
70.0,60.675347290632
40.0,49.42514300430546
45.0,39.59868616406115
53.0,54.52045559544465
53.0,52.711570719485074
60.0,61.37692393153305
46.0,53.89871769167412
55.0,53.83982331230608
32.0,33.60811649010415
76.0,59.588761510509286
72.0,69.59766000241365
67.0,65.7873554613916
63.0,62.5309114140773
29.0,27.604157111184247
57.0,63.65825155191982
51.0,43.06675969839294
36.0,36.18467634660238
22.0,23.05191093628215
49.0,50.32227322168419
63.0,49.60657946270715
41.0,32.77535411983404
66.0,65.04435223461373
80.0,71.27664793138487
26.0,51.844534349892555
67.0,64.55259791024844
51.0,30.678777723708663
39.0,59.84890988778723
21.0,24.707027188211228
32.0,27.7580778733279
32.0,36.681123377588705
25.0,53.99155100311693
71.0,68.29545590362378
46.0,43.764680263265376
72.0,49.077831998013224
33.0,27.491018834744366
52.0,59.50904100837193
31.0,26.93964118173486
46.0,64.0341153610988
31.0,31.282097946394448
33.0,39.84439801293136
30.0,39.719572211827064
39.0,50.52003736802745
30.0,29.01790035137144
45.0,47.26724203593097
57.0,55.84151717542106
60.0,45.66661248743123
24.0,41.706878080359736
80.0,72.20761159587039
70.0,57.71148359133249
39.0,45.49149629254697
30.0,45.22221043588014
54.0,54.99594123945574
80.0,69.81748724748351
43.0,33.46632108180274
71.0,70.34158077747905
52.0,46.22021188811058
72.0,51.01519075242223
73.0,74.13857587325616
59.0,55.85124049077686
24.0,26.851841097156143
42.0,57.44858973114628
49.0,49.169700002563424
68.0,71.10391246424798
37.0,39.29247987428584
79.0,71.52550429740946
34.0,27.822844891871174
80.0,73.6348501898365
27.0,28.403858563558273
47.0,74.21264476968783
63.0,72.02864063865862
33.0,39.97108357083888
29.0,31.698894380619073
64.0,59.904436507567354
29.0,40.24864605487993
25.0,25.52413198588241
42.0,52.07903322331027
67.0,66.81825752761408
33.0,45.32762814488241
57.0,34.138515004601494
20.0,24.911392170958703
54.0,58.32996774991877
80.0,72.51891183494482
69.0,67.49374515086025
20.0,30.106286785470942
65.0,59.84911290782442
64.0,48.224494970727335
80.0,75.28916756018265
25.0,26.456558836071544
37.0,39.590325808152244
40.0,64.16509570146573
45.0,67.77352965466982
52.0,44.30872961711535
56.0,48.662047008132014
20.0,33.40732424711066
29.0,30.88837285119423
53.0,51.29699580735598
57.0,53.73359509969691
42.0,36.88844641716612
28.0,29.954767124748773
66.0,55.93859041435225
46.0,46.116081812178656
58.0,64.5226141537892
80.0,62.37155283574438
60.0,57.04164327129616
45.0,58.21644623672241
25.0,35.254760612980505
58.0,47.39610572195778
18.0,21.740946800502176
38.0,23.39326120536989
32.0,25.78875372306776
33.0,26.98160090992656
44.0,47.57035565542269
18.0,22.113504715039323
61.0,55.97682905544484
41.0,35.40101073647353
42.0,24.898114321492063
80.0,69.48687004490556
27.0,37.96080216968214
24.0,31.054811337430138
35.0,38.98782429332723
65.0,67.1969976660202
54.0,48.74303542741103
69.0,72.03333839663016
36.0,32.75183012297866
61.0,52.693250247574
63.0,58.8114478996456
58.0,64.49082348975088
35.0,35.846050662858836
45.0,45.93344595475268
59.0,57.49600701446721
36.0,33.72859477834382
53.0,56.284780452923805
25.0,28.743167367462334
69.0,60.817659246025386
54.0,44.951843462868865
42.0,33.29321903175392
70.0,68.59333965822464
45.0,27.552771667484407
80.0,65.75499374610621
22.0,22.70379169395556
28.0,31.90560207437812
61.0,69.60950642310131
31.0,29.956142531948203
44.0,36.230798900970555
61.0,55.21224166398131
39.0,30.40017387484068
47.0,52.1079816876716
61.0,70.89203776957011
25.0,24.895923727597182
66.0,54.74995942253522
31.0,27.86327319270777
60.0,53.44753131184306
80.0,67.00084554438861
30.0,26.570738094606995
44.0,54.218718913558384
25.0,38.30229067461507
36.0,30.236980768839175
65.0,60.28570524685382
62.0,54.91212659651913
26.0,37.92127611511392
23.0,38.46498961683174
80.0,74.31254054903279
21.0,36.739384022045925
40.0,39.00966903867567
41.0,47.15748214027349
50.0,52.36002110293338
21.0,36.242039913632645
68.0,52.93070547324936
57.0,59.48262268412299
59.0,40.85408504052172
47.0,52.39874694931691
18.0,32.65557368363729
45.0,51.39724308590845
76.0,73.88366295471576
51.0,56.07009611073068
36.0,22.07590621363041
67.0,62.562142650373616
61.0,39.067912975152296
80.0,69.20813586265999
34.0,35.480323898851225
30.0,32.171628319493195
23.0,26.18850914169496
80.0,76.0223755843555
31.0,45.09061733867906
74.0,65.09459094003218
74.0,73.6564325933489
31.0,28.028489208569496
29.0,27.673094767864608
79.0,76.43230800133578
47.0,45.195435620261954
23.0,29.927622502188168
34.0,33.02376706232075
79.0,71.68085413594501
55.0,55.59064580791278
26.0,31.606487629386564
60.0,55.5806819768832
26.0,30.986612897435336
44.0,52.68498723492151
80.0,67.3983658251131
66.0,73.74018220450294
33.0,36.10799595403742
28.0,46.43994552922601
30.0,25.20671225241938
48.0,45.59069509559146
56.0,46.44402565913642
21.0,28.077649070936776
69.0,70.8196698364566
32.0,28.02596970815184
69.0,60.84015538572546
60.0,58.74188624012802
70.0,76.08472123865266
61.0,58.18118529440048
80.0,64.9746557607286
25.0,27.93501996464192
71.0,72.23681612596522
79.0,76.29567331622181
19.0,30.081851640582812
79.0,49.16738252665812
21.0,39.06407427295472
68.0,47.07538435694782
57.0,40.43787104123172
43.0,61.844464663839084
57.0,53.37741709240581
72.0,56.7725298495407
60.0,58.91130188240621
46.0,54.659639507455196
74.0,74.22442111990958
34.0,36.85506327920006
20.0,28.84709337536948
66.0,70.5355955897065
55.0,59.08227248283269
80.0,71.79404971740475
63.0,64.0121398498507
72.0,60.439162246622864
51.0,45.830259848808765
57.0,51.41400677947241
55.0,63.0600953832474
60.0,55.21325987320489
56.0,55.577739074853426
19.0,24.165860263827426
46.0,41.042079536051205
39.0,41.905242033537235
64.0,67.08878751920294
19.0,22.723876230537577
52.0,48.77731662501311
38.0,50.94749193400127
66.0,63.806680086030795
41.0,37.94190228331419
34.0,48.927919287744636
62.0,61.64343132265586
35.0,39.74282435769313
68.0,62.34047433564693
33.0,21.016825737805902
39.0,33.600487459122675
63.0,63.52423857152825
61.0,58.53059881469655
47.0,49.441217406038206
18.0,26.50610901168648
38.0,37.37069345301494
80.0,76.48002165534362
57.0,63.113898074835895
41.0,52.28904634058128
58.0,57.42272385933685
33.0,35.349676558293595
78.0,68.19017569690963
34.0,51.747935918036426
41.0,35.997918980949905
48.0,34.29600356194148
28.0,33.030934419688876
62.0,59.921218660304675
56.0,62.37947348117706
20.0,36.59737863631659
57.0,72.38379922712444
40.0,32.50842359189081
27.0,36.81493681449802
66.0,64.11703018208806
53.0,53.22015156365521
57.0,58.10133437674013
58.0,52.99803310208999
80.0,73.10163212250559
40.0,42.181942798113305
35.0,43.321344161654224
27.0,34.05674410221805
80.0,60.64013801068364
66.0,71.02146148924353
42.0,32.89682976479166
68.0,72.11003165692031
19.0,23.854766150154283
59.0,46.563962461614956
62.0,54.70265601126983
32.0,24.376710925387556
21.0,30.640659930719675
22.0,26.423703815635967
56.0,52.829128828386565
22.0,32.55613765595187
35.0,57.63490682857994
80.0,72.39434585534738
47.0,53.094569694347285
35.0,36.70626243016512
41.0,50.30427982197061
57.0,58.69697231321304
61.0,63.769667703663465
43.0,45.444648343041926
59.0,58.70655485848123
33.0,35.83513794683586
30.0,33.04179879370844
22.0,25.36344803613862
80.0,74.2405846794695
34.0,41.335867597963045
59.0,60.62742939226001
28.0,40.03562993149865
80.0,64.87526855198448
25.0,34.18796138779517
48.0,54.27315021205185
60.0,54.95986060098867
72.0,66.57287610137115
20.0,21.7338175029832
57.0,67.77565534183002
74.0,58.58668162851846
61.0,45.28704854811232
63.0,64.02715815429114
19.0,23.178176055055214
22.0,32.37164536143071
80.0,68.18671490060572
65.0,71.8527044475922
19.0,25.2774241830572
19.0,37.09038822827386
22.0,27.112994357486006
43.0,47.201890021583665
49.0,64.85591688874266
36.0,29.461099595314085
70.0,70.37183272100071
43.0,52.40880154285336
80.0,70.9234943506158
25.0,28.128307202224306
75.0,44.13715434121007
64.0,37.050964893916436
30.0,34.98731830532413
80.0,76.52486814411095
47.0,56.3886106530403
59.0,64.54077690789008
50.0,40.78768987796182
48.0,45.1073772890622
40.0,31.46008158981156
52.0,47.65070141235087
69.0,68.15219376830986
36.0,45.52666275022161
43.0,42.02213123882087
31.0,47.212601170059564
28.0,29.133325640834265
80.0,75.37561351430946
64.0,73.42438620658162
80.0,70.31528685889585
60.0,61.923631143368745
46.0,35.3777439332965
58.0,59.15847883812641
38.0,58.83436133724258
22.0,29.597588917069075
80.0,75.16975465473826
27.0,24.972317832424814
64.0,64.3946510731484
42.0,45.07131696372696
19.0,42.325146600328296
69.0,62.40176150535989
42.0,51.349653878900035
35.0,28.74823161691631
29.0,33.24565723670495
62.0,50.47070898541117
56.0,56.084799025643086
20.0,24.155224156899525
28.0,35.6428991555609
55.0,58.871576095613854
51.0,53.58683773375651
57.0,57.37791198600651
38.0,33.59412493856605
73.0,62.60646563105366
49.0,42.24901395234852
34.0,34.68319339856091
71.0,69.0919893420958
72.0,69.75124676252139
48.0,50.13109467613592
48.0,53.54830341540999
67.0,50.869626284689275
31.0,30.96294481977424
73.0,65.24551960956676
56.0,41.89399410475465
27.0,25.68880851578816
21.0,27.37480170865061
57.0,64.45530123193704
19.0,29.967969610433233
78.0,72.32576905331162
19.0,24.979717329730775
38.0,34.13414063271391
35.0,39.77830877264416
26.0,31.372699561021342
76.0,76.23055923224587
25.0,36.66353690102005
29.0,24.16727264764712
50.0,65.76914896876269
32.0,40.13610410189576
33.0,25.858253094868022
45.0,56.36639494351438
34.0,38.495322833828574
51.0,56.459372029565536
40.0,42.32595043408247
60.0,53.30986832837515
61.0,68.27172367168792
48.0,44.27821615325863
44.0,51.307218611398746
46.0,31.446777417335262
65.0,63.613623250866304
24.0,25.862947759741086
21.0,26.526864066585887
59.0,50.59266013583988
50.0,47.51407423713127
55.0,62.901360222572485
76.0,72.1641272727759
30.0,47.43865368602093
56.0,60.3538204023424
68.0,60.92571419071202
50.0,54.935867860371935
70.0,70.13780643024229
23.0,48.703205964471934
49.0,43.3466178346192
53.0,62.2984385900952
24.0,36.47123195746895
51.0,62.28492086325613
46.0,40.202721337689525
57.0,45.8173026520672
61.0,57.1497050292837
61.0,62.44789815781229
52.0,61.12274342714947
68.0,58.40859879107174
40.0,28.80669692054672
60.0,53.10486142650692
54.0,54.13683112930494
73.0,62.19652658086411
35.0,50.65524268904557
43.0,34.76890586838877
34.0,29.7858213474076
66.0,62.68535374610081
65.0,68.30923427097693
22.0,52.70024404704594
71.0,70.22608932914964
73.0,71.47477963682887
74.0,68.55031886736627
30.0,46.12474255641457
20.0,34.070293265535
68.0,65.52733177569448
40.0,42.5808637056812
33.0,36.88812945876042
66.0,66.39617611087974
65.0,69.01410738198871
44.0,39.730217344507516
72.0,70.3278426164674
30.0,44.373708620735314
33.0,43.98533851672738
80.0,72.20037783664243
53.0,50.222892369545534
58.0,29.53383142934429
27.0,29.20920784893885
23.0,28.008042278802588
27.0,40.720033789695734
80.0,71.50944737394035
25.0,26.237629323119176
63.0,60.313167999195066
62.0,59.877578972683565
40.0,34.31551151275596
47.0,37.706873746012015
49.0,45.1663347335252
44.0,61.027771133691346
63.0,61.492760799742335
33.0,33.91638560778282
28.0,26.045914814554827
35.0,44.93369968043149
56.0,57.19836960616358
41.0,35.234148310160634
19.0,25.12590431973829
47.0,65.95542632164242
70.0,48.656940534194
65.0,61.61687871810779
50.0,55.31758957058194
63.0,63.92366918893367
34.0,32.590877816699596
58.0,60.450274752167026
35.0,22.914368383887858
72.0,75.82514177442812
69.0,75.19918958182093
44.0,51.71974456200175
45.0,43.28544050054353
27.0,33.97774634886852
57.0,38.234957671055554
31.0,48.47602229089401
49.0,58.43646897349462
35.0,26.374926899321473
61.0,56.314884257032034
64.0,70.71519480863287
46.0,65.70121503797643
27.0,44.96878627865232
63.0,57.75898400652988
57.0,60.13977394485363
41.0,37.536605841247656
19.0,26.666381882204046
56.0,49.2168701414978
59.0,70.61670843583441
73.0,74.8764661632329
18.0,33.65616719232385
60.0,67.03531215554422
49.0,53.342103596393336
63.0,65.17150377550269
59.0,56.575952870910186
52.0,54.2276157019811
58.0,48.843465802753315
23.0,43.637502653406685
52.0,51.147105730302165
52.0,58.71040515210839
23.0,28.676035920939274
34.0,27.89264934397789
79.0,72.53443756508865
56.0,57.100799834211784
41.0,35.48829161847708
35.0,34.35152389450264
54.0,58.11340020018779
43.0,45.12634088784821
60.0,58.54610613768032
79.0,74.86951271510175
35.0,43.765648471990055
39.0,35.33432385510062
61.0,71.05443822832544
80.0,67.77266381154358
52.0,39.66715846783405
20.0,29.979974977127636
74.0,60.931702973947
30.0,36.29739370213977
21.0,23.108119681916328
31.0,36.786338799282795
60.0,64.53271794921123
61.0,66.11754151715985
50.0,55.53985192424563
57.0,53.78177307057854
18.0,27.13185465611439
75.0,68.28922041366135
51.0,43.0307036576767
80.0,76.708414612677
62.0,71.75106361265219
59.0,49.85290392510517
47.0,34.97016789316729
80.0,71.05141239028615
67.0,58.25238316828956
74.0,73.18031127858019
27.0,33.8942469213039
62.0,57.11295808699498
80.0,72.39061769099565
20.0,25.96606812694038
39.0,40.90813559126003
78.0,69.48491719414118
80.0,77.41225651683078
47.0,66.15649698725167
41.0,28.989240379122762
80.0,71.72009745447669
44.0,40.00108418394534
18.0,24.536997648839186
32.0,33.591684305822305
43.0,45.28641557377292
34.0,32.24795904577471
30.0,24.643466140201078
28.0,31.90119463727197
18.0,21.981789505035508
52.0,57.0365552013937
80.0,72.11002228596881
49.0,46.50589861346303
34.0,52.762052549347146
74.0,65.88298791287271
80.0,53.628470356327355
33.0,41.39088726941341
80.0,73.11071835345012
54.0,54.42160404045645
44.0,49.54188822064391
34.0,35.02098252482849
60.0,56.01018219773364
35.0,32.67801559246593
70.0,70.73437404055912
29.0,41.166570088395595
73.0,71.22680537277114
50.0,65.05035041446986
25.0,22.929715027621384
55.0,49.996540375274634
19.0,23.1346945220715
29.0,30.999992244222263
55.0,50.91602920459029
61.0,57.483410613544876
62.0,65.6251428155982
78.0,54.547501761172114
31.0,44.532672886992614
29.0,34.05965114450985
41.0,45.281791590134645
70.0,67.79330151215352
66.0,49.84215257206561
34.0,26.423266513005224
68.0,60.50348224704992
18.0,29.11683978339158
23.0,25.5960165898395
25.0,30.457258852750453
61.0,60.592360933183336
18.0,30.778188507236155
41.0,37.08877174995639
22.0,32.99958538829182
34.0,35.39752287486531
31.0,33.99701621028772
56.0,56.89420598427712
43.0,41.55654422732519
54.0,64.98189206778598
38.0,47.788810185422406
28.0,36.65001365669854
73.0,70.08559088522709
24.0,31.251048883106915
30.0,27.549365472356325
80.0,71.33395028504273
20.0,37.64200968345245
32.0,38.71512755418256
37.0,42.01062971595397
42.0,49.770213652029426
33.0,32.631110646777856
46.0,45.93720052965636
53.0,51.46600479537324
24.0,31.322315026793934
20.0,56.6214970317992
65.0,55.32136253087495
77.0,42.53536709596545
49.0,48.75292748517713
46.0,33.23516096979417
58.0,46.002873138543066
25.0,27.027096551354997
48.0,54.285633453575926
22.0,28.90972940863617
28.0,37.192792948685344
63.0,68.32513012062066
31.0,30.971734966659824
35.0,39.04032173610142
77.0,71.88372805343649
27.0,34.17879283685078
61.0,72.44473857797126
28.0,36.80923701397325
72.0,64.20589075011411
33.0,36.60742216802995
28.0,25.928286115429614
37.0,27.643630477674815
34.0,35.08010320922791
55.0,35.09024842612801
38.0,27.87383203804611
38.0,47.005593818165835
40.0,33.433232179162886
26.0,31.559892741487477
74.0,61.0650756013403
46.0,40.661143427965634
61.0,54.112447808715615
60.0,45.13353196491075
61.0,59.249199468178574
65.0,48.71915614252072
26.0,33.83969480172158
64.0,64.19736670431031
77.0,63.644192415734615
47.0,53.66976310959545
63.0,58.97141584490741
20.0,24.813591504038527
60.0,59.54461634860227
38.0,45.49435323803537
80.0,77.92956242288038
57.0,55.326429474629094
73.0,71.3336969638648
56.0,52.32434838066301
51.0,49.68415421490792
80.0,73.2305754874186
56.0,42.17134194647683
28.0,42.22983045961327
56.0,52.13823625219889
53.0,44.257805368600614
37.0,46.91429011277325
25.0,27.75077698104516
80.0,74.29119387378279
23.0,28.857665971685048
40.0,54.74420169066605
64.0,55.31758839886365
36.0,40.620501143891744
62.0,68.45644676063127
58.0,60.144814256383
80.0,74.95978868953223
59.0,67.62202286405413
80.0,70.11761670306569
40.0,40.505456861693816
51.0,55.61986023001097
31.0,56.001214555932435
29.0,36.63399333863857
64.0,62.73087525202763
23.0,27.00059298551048
40.0,58.82742466377622
42.0,39.56974614205102
51.0,37.62392944106475
74.0,65.27159815913575
54.0,49.401348718933775
74.0,74.02576208607717
64.0,52.6549335175937
52.0,47.71699536116629
62.0,45.22367010853116
41.0,44.81173476038164
71.0,67.92929527698608
39.0,42.344727920363674
71.0,66.979071121292
52.0,56.07826321197819
39.0,48.492070068131916
44.0,50.14514652550602
43.0,38.844933611590484
55.0,47.76912939259886
20.0,30.40679158715095
52.0,58.024315293348025
55.0,61.58289945838942
24.0,24.63448147225764
20.0,31.590572306840723
50.0,63.6491633814623
19.0,24.95909708694511
19.0,28.732652721455466
73.0,53.769999809081455
80.0,75.90304126566348
38.0,40.647760250649846
35.0,35.05157023558022
66.0,45.67300404364203
48.0,39.691667783666745
62.0,63.48975411859925
23.0,22.010513351769646
42.0,51.479925361094814
23.0,28.05736292081938
30.0,32.26179217109454
63.0,47.956900876404134
49.0,56.2395170387947
80.0,67.10454771886977
20.0,32.54009258242048
32.0,32.15015926195734
72.0,75.00019036653148
73.0,76.41007795788627
43.0,33.89441551693477
37.0,37.07823475974183
40.0,54.068255200330604
25.0,30.665778484353122
38.0,48.85992351981746
30.0,29.15245071864253
26.0,26.20412369115484
37.0,33.677319785845334
29.0,28.089539741694217
32.0,30.51191527188502
52.0,61.750835067699015
48.0,47.93372497085684
41.0,26.599622091038928
21.0,23.462016437058182
52.0,42.55030983414044
80.0,64.14653564021123
80.0,76.6239046135451
74.0,70.65220596765101
54.0,58.291175202297644
80.0,74.72010777405829
80.0,65.02931087625844
31.0,35.57046620092398
67.0,63.44051280719852
19.0,26.310994706651204
25.0,30.240288323735363
57.0,53.6556704871187
66.0,68.336862645787
65.0,62.90409418201719
73.0,66.50534994230152
54.0,60.80937950623501
61.0,59.632116631499315
47.0,35.4520292936741
53.0,60.913225999639415
45.0,37.969522009192694
73.0,72.82040391805903
45.0,53.06518819782621
21.0,45.81179922955503
22.0,40.94371318683692
47.0,34.4902593523894
59.0,52.4087701663106
61.0,59.32357559282423
27.0,31.027316750606307
18.0,27.439513128354864
32.0,28.56688313279956
24.0,29.46346520514201
25.0,28.608874517378652
53.0,38.47614574661065
24.0,26.535091804271868
23.0,30.857377409408997
70.0,67.83410540411985
37.0,30.316325084538658
19.0,21.339621361970057
39.0,52.055857226622074
43.0,35.71150975729312
61.0,71.76875654534625
22.0,21.938414297432914
41.0,49.12561739568396
22.0,40.510539666899305
28.0,26.50638396624316
53.0,48.10081251066855
30.0,36.7277755508388
41.0,32.930490900406596
47.0,57.37581655931662
47.0,40.798627338668894
80.0,54.75454604111392
23.0,33.02596913333615
45.0,54.072909965110966
26.0,26.455360614938677
80.0,65.00195514980453
62.0,72.50843800214409
23.0,26.65091715992437
41.0,54.19818290927356
35.0,30.5635945369759
24.0,23.5846817570799
67.0,66.88295880760501
30.0,37.099313930850265
80.0,74.83800753342744
37.0,43.364870555351274
19.0,27.329704716640748
80.0,43.3139183446298
80.0,74.86249191194594
33.0,33.85645468647693
68.0,66.8968040425006
18.0,39.0210844707502
49.0,42.89236409416216
75.0,60.81354114143636
18.0,23.319267193738618
42.0,37.412084286344886
80.0,67.71174815530972
19.0,28.461421160156082
36.0,27.83405852092816
55.0,52.15297359503578
43.0,60.02464490560028
76.0,70.49727810814102
41.0,27.080484055666037
51.0,40.809121667081996
63.0,62.20263730482703
29.0,25.576133245692244
32.0,45.52834159428913
27.0,33.168394120642844
19.0,24.800085183821388
59.0,59.6475413303956
41.0,40.6777870103935
68.0,59.388474488392795
42.0,29.76934819351829
20.0,22.94437652196689
79.0,75.24477229177242
42.0,33.39265067317356
63.0,70.2305467876128
59.0,72.90846669891214
74.0,65.68598266473428
25.0,26.7611516914597
37.0,47.42670146281346
19.0,39.754802074113
65.0,53.342254310457996
59.0,60.169773349231825
69.0,73.06642586458874
80.0,76.42743083105609
18.0,30.917641370172568
75.0,59.00705661635484
39.0,42.89634031889191
30.0,52.4140152232387
54.0,51.27569638285434
44.0,49.72639505922779
61.0,72.59341939422234
70.0,66.56263323970232
44.0,30.130384581676058
23.0,28.99054212117646
42.0,35.465376802575626
66.0,59.89882943622486
80.0,71.25094463328372
38.0,43.547058357565774
60.0,62.85844684877433
39.0,44.22822930106339
45.0,34.366243662105184
50.0,50.47148673856828
37.0,41.88897966790553
34.0,30.755228389768753
68.0,68.24635257630341
63.0,43.551271033113764
80.0,73.78443168749408
24.0,26.106398738697077
76.0,67.7292385315629
61.0,55.63266898044321
42.0,47.52673210407724
18.0,29.44173031720553
55.0,49.562753460033036
42.0,40.23246577849187
42.0,37.076781557621345
36.0,30.396960525891046
31.0,52.553135948527505
63.0,42.021557511622824
20.0,31.207183976973237
58.0,42.89876617908131
52.0,53.750077673442775
78.0,58.05401999524249
69.0,61.23929651726095
45.0,44.85160390947128
24.0,31.776156185713862
55.0,60.8410221554104
45.0,38.35122395303418
28.0,32.3563679481274
65.0,70.24484628880296
34.0,40.15086571185127
20.0,24.07837405643391
80.0,73.39724661426827
48.0,33.278592942592624
55.0,50.73848004326106
64.0,68.88621923683722
73.0,54.00669148891987
25.0,32.85463526512002
38.0,40.39622841598831
56.0,49.265926636824595
47.0,33.475718745157295
38.0,29.76926871905425
61.0,47.86531272592542
73.0,72.61670654983325
25.0,37.816003618615056
24.0,29.130911405161534
46.0,58.162527890690065
47.0,58.436652666263434
52.0,55.44174859845256
21.0,26.04374052504383
25.0,24.531739248952814
22.0,23.258208171563236
55.0,49.2786554835906
46.0,47.520168868381695
24.0,29.831216399135165
58.0,50.87419975919222
80.0,71.87176927439282
30.0,47.70938459714581
54.0,44.82551266132614
30.0,24.893039535682966
64.0,72.63900831340078
35.0,30.091260479048202
68.0,55.28091542738857
61.0,50.32843680506091
69.0,70.96567730014371
64.0,53.58672361114574
56.0,35.21328305732168
61.0,62.54213469564076
33.0,34.948815493477895
74.0,67.78944392880702
38.0,39.88313105001156
62.0,61.47183722719557
80.0,68.81368747334719
69.0,57.77526922043531
47.0,44.08811463022744
44.0,45.12651548102861
19.0,34.24965392779374
28.0,34.382770336844686
34.0,39.6653824569882
27.0,28.907730336106166
78.0,72.19935125044606
18.0,22.228072395267755
38.0,56.11968601888524
66.0,65.35428865582809
34.0,41.363327371205386
63.0,39.24974282311259
51.0,56.3252120442611
41.0,27.261733258602966
38.0,48.404231967658255
67.0,67.96821801869206
61.0,70.39755873127291
45.0,46.28130456903302
53.0,61.22671544048807
77.0,52.568788229857425
60.0,60.479372451106336
71.0,63.0230595954116
73.0,66.9655002056763
80.0,68.51945449537608
71.0,67.92693614763112
52.0,60.83996072916315
46.0,48.27195663248127
31.0,33.01850841947124
66.0,56.36593903976731
40.0,37.363709927466935
80.0,52.81384164629938
54.0,54.27046474320625
18.0,32.05419932226744
63.0,66.21049738269775
30.0,36.499458769558316
20.0,29.893334713517262
32.0,51.870448352805845
59.0,52.18122907162281
48.0,54.75328642317026
46.0,39.0205242533978
56.0,58.27229974004465
35.0,49.491121088772786
60.0,61.37143608698421
63.0,54.458388084420555
68.0,65.16484698823746
48.0,48.61619271661208
23.0,29.2532543635837
31.0,48.796010667355404
68.0,67.57975858210654
30.0,30.03730644394188
35.0,41.190340147687
36.0,23.548979033899865
49.0,41.99182015591796
59.0,62.89534812954266
19.0,20.546086163824015
35.0,28.346427664193946
38.0,30.461005874975328
65.0,62.38218069144621
38.0,51.55161474616064
38.0,41.86338148854032
77.0,72.94489735422455
62.0,67.97713795118757
69.0,63.51683551580023
43.0,65.4675140552984
63.0,66.11268918638383
71.0,60.289948448616116
46.0,41.88155837810572
64.0,55.85062814527139
27.0,26.890349813172506
57.0,59.00890959793836
52.0,60.197654062065766
38.0,65.78202186599736
50.0,66.04863066683487
42.0,40.03374693556084
71.0,71.9813764237594
38.0,50.34482475334907
21.0,24.086936736901396
58.0,56.50618494500029
40.0,27.799428830136453
18.0,26.24115187172516
80.0,59.380226584768614
66.0,63.301027142900594
46.0,55.42515356872743
22.0,24.50387486108761
60.0,47.48759495160384
65.0,65.22608045825427
48.0,37.73524633071836
51.0,45.133165015619646
33.0,22.12139881316492
27.0,28.19948257254434
35.0,49.520646247624676
53.0,53.14518971283755
19.0,22.878240470187393
37.0,37.53893163419778
72.0,68.20410105459277
80.0,70.74744949839871
65.0,75.1650860179706
75.0,76.65321180411091
36.0,34.767815684398485
38.0,35.29117895215306
80.0,76.85313690696916
60.0,64.71238579864175
50.0,40.90088851725626
41.0,64.58843792679447
21.0,32.54744538378252
38.0,33.4675574464971
23.0,24.03654348884412
64.0,53.450512499937794
79.0,74.76313542468495
50.0,50.92670210850135
42.0,61.5252909965316
28.0,26.655068760067863
45.0,68.24084199298446
67.0,63.72644182999892
63.0,65.19308926770269
52.0,69.13295907334002
37.0,31.596306465855616
80.0,72.87809961920968
76.0,75.33813605631583
61.0,70.49639775241997
31.0,27.077067792181843
72.0,65.16198895091597
31.0,37.662683388700536
49.0,62.32817924090301
38.0,36.268945194219
19.0,26.431609567762113
64.0,51.01119885582505
49.0,50.98463013999841
80.0,57.56973590184376
18.0,21.882507445339176
40.0,41.63727066413614
26.0,26.931355878862114
21.0,28.857644999727384
27.0,30.281711659420072
34.0,42.89796496347956
74.0,51.534482282264825
36.0,45.07384088852516
52.0,50.25738589807063
68.0,64.83832019475032
46.0,48.42603033269357
72.0,47.6756376755984
34.0,40.76323619689044
48.0,32.41026911773618
21.0,33.12798381674797
79.0,61.510078678547025
80.0,70.93421786446962
56.0,65.63249102701519
36.0,43.44793249491154
31.0,39.612583579668666
54.0,44.23827538264395
74.0,69.59769887594304
63.0,71.65902796496607
39.0,38.016878073351585
25.0,39.75212082361524
47.0,50.66616157880795
73.0,69.67154329359145
56.0,45.83739780380763
36.0,57.051010371837776
80.0,63.917514118468915
64.0,68.33228875186855
30.0,56.96897720430522
26.0,36.57509573154308
39.0,54.233087594542916
48.0,61.7186006053061
65.0,62.001087733979894
47.0,49.52212749376347
25.0,33.29886065288389
46.0,49.388053778435825
56.0,52.04843893864716
18.0,28.570276550964877
74.0,72.48259531730562
71.0,73.5699424371056
55.0,51.485719470590276
66.0,63.70696895203671
28.0,53.075319251167464
50.0,50.4973185417978
34.0,25.213310450142835
80.0,74.67949300758929
62.0,53.392190942240006
65.0,57.918863337326
32.0,49.27768736238877
35.0,37.6663946321893
61.0,55.926824965987386
76.0,67.09077301595623
56.0,39.222855324556264
31.0,35.60433894914969
37.0,59.1204896708062
32.0,32.70683460429365
22.0,36.99719960082126
44.0,25.988176905700698
60.0,64.22042542924511
49.0,58.928725530248286
54.0,64.56515371098746
51.0,51.14667189994952
51.0,51.71291918604768
71.0,53.49698344357376
54.0,37.15446838938623
69.0,61.307663271646334
41.0,44.93574617155274
62.0,64.08135542082631
39.0,52.553955215028985
42.0,40.165092922933965
42.0,46.10621867644946
61.0,59.57634387029205
63.0,60.18410104641615
47.0,63.87318832822597
49.0,60.2442042747206
41.0,48.81191462540928
36.0,29.115527570027712
63.0,53.305303582256045
43.0,66.74257973464982
80.0,61.41260233964414
52.0,56.536402270217614
80.0,70.77648672833918
71.0,54.90955989362633
41.0,51.79337972094252
43.0,40.103051712611816
68.0,61.92390351878969
51.0,64.3094859145913
21.0,23.72896058407727
45.0,38.096188389918694
68.0,58.450074572050525
65.0,38.50731822068736
21.0,23.78805369564303
37.0,49.798181574766616
37.0,47.0381084169172
43.0,31.39410042113158
48.0,63.858780915637126
57.0,54.44492644361255
61.0,65.15938224637817
36.0,27.721055132382016
71.0,55.44085014960573
56.0,47.151259998400384
34.0,26.06704113087061
80.0,74.56865189691672
80.0,72.14597386083383
44.0,33.562679164742036
19.0,29.181089899496666
74.0,66.4314055830662
59.0,52.813639108864116
64.0,64.85364477284216
21.0,39.02475413647316
18.0,25.194003477320496
55.0,54.912455895461896
65.0,56.04370511636551
34.0,47.79300731789934
22.0,24.77964597199008
54.0,39.316036496141685
31.0,43.762417948261515
27.0,25.351328377731416
59.0,46.124315687437864
52.0,47.50397619125072
65.0,66.60501616298752
20.0,29.887981892586076
66.0,65.85689535060166
37.0,30.649137008440576
63.0,49.79558098367401
80.0,71.92998501068242
44.0,50.95361644305893
29.0,56.55399687378884
21.0,28.16933113529869
63.0,43.302236269676676
57.0,63.011879666714194
18.0,25.546534380467598
64.0,61.03604062024097
50.0,54.448533243386926
58.0,60.71864843809079
70.0,60.82431933896827
19.0,35.640870849867916
19.0,22.748865588692784
38.0,57.767308370441626
31.0,26.07503062341341
49.0,48.719942529607025
66.0,53.474300398506365
45.0,37.12611280108671
76.0,73.14767675929673
75.0,69.05787684457559
23.0,36.64242879143852
19.0,23.87722858278052
19.0,27.755788350441488
51.0,62.08338157165704
38.0,36.080370811938245
47.0,42.538225802835285
30.0,33.39768174825142
29.0,36.66399936979344
24.0,32.49107931519934
70.0,66.66862818827106
60.0,61.19943654734575
18.0,39.28236795012271
63.0,42.08332947671375
61.0,72.72215818658199
41.0,33.89724739329326
37.0,26.030191296266317
51.0,31.61216894059442
65.0,56.61748349131451
78.0,74.76710193125386
34.0,34.35196072508453
30.0,38.087112773206485
34.0,37.44531114601844
32.0,40.491809554720696
38.0,30.708036596121406
47.0,52.23893061730675
49.0,33.24945262950498
52.0,54.679664238974354
36.0,45.515575782008824
38.0,56.19169928992766
31.0,47.967481126826144
25.0,29.838376746801003
73.0,72.31519965247482
50.0,44.647146627902075
55.0,45.68327054096449
55.0,36.98899473353731
73.0,64.54368577673992
21.0,22.893239322861646
47.0,33.84667421792761
77.0,60.34413462046824
22.0,37.54712812398665
77.0,68.13093519319297
68.0,59.45116378627393
26.0,38.36379452919556
49.0,71.4105089132714
35.0,39.03993630490342
22.0,40.86409248047304
57.0,62.35023392103196
54.0,65.63140314952243
28.0,38.17823164052044
35.0,41.23131517636027
19.0,23.77686884563151
45.0,52.938646094653784
40.0,44.190200240523666
50.0,50.00513565953197
51.0,57.632172321911874
53.0,57.93512224449241
35.0,48.976070148860124
55.0,54.25964955895561
21.0,24.972359605046066
39.0,48.1485547021214
37.0,72.1585418306706
55.0,47.11054290967073
32.0,41.93298829275955
67.0,67.40644495564052
71.0,53.00490805456148
20.0,32.604574307662325
80.0,72.84741867656736
42.0,57.533235410879186
38.0,40.47325845796875
37.0,33.33054464256479
38.0,40.31136374496416
80.0,66.97729154289419
41.0,47.97939541013667
73.0,64.79478273940578
18.0,37.4203131946359
18.0,41.891811142524766
35.0,32.56731770503379
31.0,21.249339287219836
80.0,75.13414875277144
21.0,28.1687533048487
53.0,49.4663939797817
67.0,60.580591400282295
80.0,72.13507669669542
38.0,55.47032876388831
59.0,39.60601728089684
49.0,28.208050251063376
73.0,61.65040237425825
49.0,71.14829576504411
53.0,51.631282734469735
27.0,31.35756011970386
20.0,23.93078546222744
71.0,73.46199411531995
58.0,42.04172093063082
23.0,37.119083541776284
77.0,64.53562571873398
63.0,57.54358623432603
31.0,26.241793806500286
76.0,74.9414760006886
65.0,59.44974291128427
27.0,28.578977038881963
38.0,33.155123180643436
40.0,54.54542292526892
24.0,33.68153252880338
53.0,39.8980622503188
22.0,28.35158094954683
32.0,30.665483149309207
42.0,55.26356207198257
80.0,65.89470641731586
56.0,38.48222193819974
80.0,72.47192653261246
22.0,21.815522558549365
18.0,26.577783638451727
48.0,46.62950413974432
39.0,44.65367822506134
33.0,46.37622407213953
41.0,36.59017577009075
47.0,28.746187667037585
78.0,70.59410211913274
71.0,67.46029665163037
69.0,61.36538632989653
68.0,68.87006573095437
19.0,22.707905631089478
51.0,52.163999029849386
25.0,32.22477227495091
23.0,35.649811462526785
19.0,25.917766192544978
45.0,36.416244972518285
20.0,27.140097004052674
80.0,56.40110154246674
61.0,54.65352951719205
48.0,58.243694911343155
34.0,36.981180152107854
26.0,27.444877407095884
33.0,36.61184949053243
27.0,31.243536971344707
64.0,59.87899993390161
24.0,46.293525024426664
27.0,32.072082296906935
48.0,51.524918689685734
54.0,58.32340327188172
80.0,48.61588784299427
53.0,62.04116647013062
36.0,37.65093396065168
58.0,52.0297710716618
30.0,42.75043899439895
59.0,60.576273774448865
37.0,30.203306617977024
68.0,68.61057432897717
44.0,49.96884045925191
66.0,70.67575242909317
53.0,39.99555537983291
52.0,50.37576102607564
28.0,36.64036044320413
26.0,34.32157768354848
40.0,40.36447537816925
64.0,51.68071628613175
76.0,71.37849227716147
47.0,39.16970006448899
18.0,26.571538062724553
41.0,49.02067239123494
33.0,43.94916260031202
59.0,57.49564749817497
70.0,65.24937189331209
67.0,67.74781334722925
39.0,32.49088490468812
18.0,27.491746362256176
65.0,73.76992868105177
80.0,66.28031570178038
73.0,71.50949844207453
72.0,73.1739613355947
18.0,25.66759860923547
59.0,47.17199464406372
60.0,66.5258704303243
70.0,68.46621882636406
44.0,47.46445547392094
18.0,25.163691812249798
42.0,37.941309513009315
80.0,70.79933862128493
78.0,68.87346232760441
66.0,68.06342067613242
57.0,58.952232409802335
80.0,70.00597664465677
67.0,66.16190328583419
43.0,62.16726443003236
27.0,35.46693559709595
43.0,44.22930766652072
76.0,68.81649435607085
51.0,39.15042474868112
59.0,55.6159383270749
51.0,52.87863843806991
25.0,27.92799493863417
45.0,42.30386674978424
63.0,67.75880384040425
79.0,76.53687761841219
31.0,36.23769829438992
39.0,43.66015832548497
38.0,31.69510239857485
26.0,35.162597794500925
65.0,67.60726536310743
29.0,29.391976073591792
20.0,28.808917602734265
79.0,67.42578882086896
20.0,29.24710649674979
19.0,24.81168461204686
26.0,24.11203093870058
19.0,23.256730061777898
74.0,64.44828693029083
42.0,55.53699843685117
59.0,48.585358459466036
64.0,62.22385415505235
56.0,60.078558445630925
80.0,74.67763936218505
22.0,23.82815004598373
80.0,71.43186932955783
53.0,46.34795557681492
66.0,59.95065092588221
62.0,58.57955067800774
33.0,26.810887230361928
32.0,48.236514866193396
61.0,55.43725412201682
63.0,65.67463132417286
28.0,28.329074377655353
80.0,70.9684241742673
55.0,45.48571434677743
64.0,69.35665264556796
61.0,61.37784061990561
68.0,59.71483743205432
32.0,27.67205674436795
60.0,34.5938971425757
54.0,62.13896546277579
49.0,59.66742129741722
31.0,28.53716412494121
71.0,66.26175284313415
34.0,49.83146066656117
53.0,55.61586140469182
80.0,70.70533964135342
19.0,27.84907919340448
26.0,23.84700574656483
23.0,31.109775343458555
33.0,38.399637781778125
55.0,62.66215306764191
39.0,35.39339385512558
55.0,44.97966989670061
19.0,28.3728951400877
65.0,53.905111862319174
68.0,66.69369426453981
64.0,43.391385200069614
40.0,37.72457612844881
77.0,67.31381032405015
37.0,33.41572671187106
43.0,40.862214252603515
24.0,38.7597553642516
64.0,67.0046632871436
53.0,53.87275780686868
58.0,50.54890063297094
53.0,59.672926688674664
70.0,74.73848707998742
27.0,40.33182895164749
29.0,24.618384292480684
75.0,62.8764550907871
38.0,30.793042472054882
22.0,39.77361269191741
25.0,26.14903543278876
49.0,47.02478648680543
20.0,23.174464122715868
38.0,42.97831931108603
68.0,45.149477607832935
42.0,37.249081069279065
79.0,65.73971356721577
52.0,45.51436800960655
42.0,50.19680156372987
52.0,42.41680179756255
57.0,67.64596771663187
19.0,25.908739352892077
76.0,67.93669177236477
22.0,33.504164114198836
21.0,24.38052862216011
19.0,29.683424534591484
65.0,59.18760845257248
59.0,54.48815981574048
54.0,59.9926794651516
18.0,36.264098921580604
49.0,62.33570116684789
19.0,30.12228186467058
49.0,38.99634066813363
37.0,57.34250945860524
50.0,58.137992713323705
30.0,27.392938605336905
32.0,32.326135269261975
32.0,33.57577864288087
31.0,28.41028042880863
18.0,25.66573894158547
72.0,63.53706120222088
42.0,45.70689203866819
47.0,37.46315042420651
65.0,39.22829801949923
66.0,58.85870803177247
67.0,57.579726840787316
33.0,38.13844892948101
70.0,64.76953769193686
43.0,36.23297298910852
42.0,43.59421189366536
49.0,32.62493353017717
52.0,70.0240817487237
54.0,56.60329435079914
54.0,53.57346248594567
49.0,52.54533365929582
78.0,72.50628851348695
72.0,55.94801659719954
33.0,26.356920085644756
29.0,28.920029566850353
59.0,63.55314947568186
70.0,66.86172523683291
68.0,61.44401349927404
23.0,30.14239259507177
40.0,47.474369330322496
21.0,23.08296872044425
30.0,28.142068448820773
40.0,33.00709146668966
60.0,66.38945521230302
53.0,43.74312640695514
78.0,65.00513554352462
31.0,52.10561278553868
56.0,59.65801560404062
31.0,39.08214835690514
70.0,54.486078127386456
78.0,72.07870750148477
61.0,64.13732414445893
63.0,58.56823159337224
60.0,40.881633214228835
28.0,40.180938037403045
51.0,67.13435944136772
39.0,40.840546080803485
24.0,28.657092142675907
22.0,32.814445016884065
48.0,46.1822380487258
80.0,75.89181686569943
53.0,33.64681325037607
63.0,56.15746259033307
80.0,72.35373275617744
46.0,41.0844345815565
32.0,31.837389447889546
31.0,29.104183980518243
21.0,45.374161917410746
21.0,40.18341281408022
44.0,43.6660684158978
20.0,44.19075614312311
67.0,71.9793763930316
38.0,35.69919362552325
52.0,59.35008595081035
33.0,32.812277624269726
70.0,61.55565293585501
54.0,57.594482458824274
57.0,61.95482018396757
58.0,54.48096485330222
44.0,56.87014982658473
26.0,26.560204187659064
62.0,73.7407983674807
37.0,37.771713052025454
77.0,49.95165594767647
47.0,51.964783709587245
36.0,27.4096722185709
41.0,65.09637157881326
52.0,53.13892170438028
34.0,32.85774332685751
58.0,53.87703642839389
75.0,71.70542314073074
29.0,47.795698299794196
20.0,34.746962419546094
55.0,54.32232385058555
57.0,61.29599232295419
61.0,48.100883846553124
51.0,37.83079784395006
33.0,27.398933827091064
52.0,46.75326547841052
67.0,64.3332431982392
49.0,45.505913376762486
42.0,37.598171154373055
63.0,71.83876970486187
18.0,21.7739547624019
74.0,64.63818543572884
29.0,26.250731774510104
31.0,37.101907424390326
69.0,69.70751427680153
78.0,70.65644054858605
50.0,49.101236962716506
48.0,43.881231295884156
29.0,39.19851907698141
27.0,31.447952528685036
25.0,35.036825452828054
46.0,52.75777408624523
53.0,54.554932073324636
48.0,55.319186114836484
80.0,68.6519898323962
19.0,22.635791929025213
74.0,65.67582884196455
56.0,61.00899521720148
32.0,43.567124033760265
57.0,55.1050103015867
18.0,29.253213250369644
68.0,59.233016068228224
61.0,71.62064264564265
49.0,60.5336635717791
20.0,33.98722550371574
68.0,64.04878696125762
43.0,44.91374951064239
25.0,37.088642749256266
45.0,38.880348746128675
78.0,68.00378172715999
70.0,69.83748393927858
24.0,23.772649837035395
60.0,57.16685075311203
59.0,56.79894141501045
18.0,32.22573534542358
49.0,48.99815716237253
64.0,62.72531986531855
80.0,71.12008686166719
64.0,57.70116766487561
40.0,40.73640758477174
37.0,41.52139887758992
37.0,50.26066229973975
29.0,41.41563520414707
50.0,45.61850794979441
27.0,28.812897090426155
77.0,63.497047259501976
19.0,21.195911102198146
79.0,71.90125812828293
33.0,34.8026077905164
37.0,35.630197380078734
68.0,65.94929037529738
66.0,52.56418154138126
46.0,71.23352266201304
29.0,40.20904773862088
65.0,67.63127776488729
75.0,72.92063288961069
72.0,66.80403070589136
68.0,68.56860756477016
39.0,45.82232400312835
66.0,72.91118241550024
37.0,38.10942650982164
78.0,71.19714224593426
22.0,27.485650850096807
37.0,37.48632140606142
18.0,35.92704458697083
24.0,26.612685768413368
80.0,67.28723304622656
58.0,56.16615700544652
50.0,67.70921691364643
28.0,34.68623630380378
78.0,60.87343232525834
80.0,72.50338221868833
57.0,70.44489798631712
56.0,62.2358991812765
63.0,69.12774875684087
29.0,28.781225018798917
26.0,27.435969917429812
50.0,56.020591520935724
33.0,35.167709421473475
18.0,28.128747185750527
39.0,45.23759363313615
52.0,61.41309407251858
52.0,50.46401953915907
60.0,69.254374388933
19.0,31.91999996268796
62.0,54.34287238592442
42.0,45.35963916151371
28.0,33.51414034623912
20.0,25.52631169115526
38.0,37.46206330480853
31.0,29.64015513451743
62.0,61.65329671011741
43.0,34.00657279170321
38.0,57.13036321541034
20.0,25.910754335351584
50.0,57.15164415937904
54.0,62.930090224267545
73.0,73.52770978664982
26.0,39.35883159880377
80.0,74.835783745658
30.0,26.42366948329366
30.0,26.03086493220379
51.0,61.50068270465879
72.0,71.67828854086643
42.0,46.57424100490425
33.0,53.05238227112648
75.0,70.53917687701286
29.0,32.29610592891769
41.0,26.1111739207689
29.0,27.291495253304983
41.0,56.23862135637227
18.0,25.550276372681864
27.0,24.394438106768526
23.0,30.15161973427423
24.0,32.84551151186965
63.0,65.44833584700248
20.0,31.95779468818884
29.0,33.53424022557965
20.0,22.5207003652171
69.0,69.6446335468051
80.0,75.41950451154888
33.0,28.886612596756425
64.0,70.14157749961393
32.0,34.70136794762574
46.0,32.562596269585065
40.0,73.0609906739498
35.0,25.62567107332364
51.0,53.75452675294985
24.0,27.234264461281256
50.0,41.11320476551549
33.0,31.793421381202144
73.0,74.67576976474732
68.0,65.60624651986835
39.0,22.365724097905137
22.0,25.71534952211233
18.0,27.281889780690005
44.0,30.874100544651252
80.0,43.90960218731766
50.0,37.837730108878944
71.0,71.26156911425875
23.0,25.661433623235574
22.0,35.39733175562043
60.0,72.24930462578209
63.0,58.668750023107606
63.0,55.34384458293013
41.0,38.95951192349587
60.0,57.500280595886096
58.0,54.69567125585929
56.0,54.225801463661476
24.0,37.37148386738965
78.0,70.26051863378558
19.0,28.136035662831127
25.0,39.32769558436767
40.0,40.725818370116244
39.0,40.902139090907895
64.0,54.16671973680277
21.0,27.411329997882284
37.0,40.86498767549671
63.0,62.495970755393564
41.0,47.3327178526634
29.0,25.31616034900997
18.0,25.938580634028227
26.0,55.503530189614175
59.0,65.76404666421658
51.0,52.4397993026341
72.0,59.6413480639337
74.0,68.98507023332803
38.0,29.140537058207645
60.0,55.70301105278932
34.0,40.9910707931002
46.0,29.409365939376066
42.0,58.288557693589176
74.0,64.36572392538943
50.0,51.27715729867505
64.0,57.91338265184679
29.0,40.98247327556715
52.0,50.442419416770925
67.0,66.39982393895588
51.0,49.350551554954315
57.0,64.75795745040266
62.0,50.02143414134883
69.0,65.12333545683202
59.0,33.7001331757707
80.0,68.0158478865396
38.0,37.576362286528834
25.0,32.73822891292904
37.0,36.06944514832557
19.0,29.122968318703236
70.0,61.8706295103491
41.0,50.45058264844205
29.0,33.20607237098721
53.0,67.65969779721337
25.0,29.56899313127267
33.0,41.91867554988394
55.0,58.27800008274925
78.0,68.31247677941448
57.0,70.62720902912122
26.0,32.7770436840203
80.0,74.42804013897026
55.0,45.68749744697195
49.0,39.173128125001725
18.0,26.393587171077538
79.0,74.28659328599322
22.0,34.314097720013564
50.0,39.54611248790341
72.0,64.50151399706915
65.0,66.57011959193342
62.0,45.38938978244834
34.0,35.85200095931019
58.0,50.47786247026115
38.0,53.750379285033404
24.0,30.380775928064626
54.0,45.95239434863372
22.0,21.08912948417494
55.0,55.77432142078576
18.0,23.92449895598124
54.0,54.367201905705286
63.0,46.13603400344564
44.0,30.869593048188925
21.0,34.31856698074651
80.0,76.9067746221558
80.0,68.06691532091186
31.0,39.88441168576837
42.0,27.256784378685726
78.0,73.64206449570814
40.0,29.23783615781564
33.0,32.503519609101275
58.0,38.48976441053895
67.0,75.34602247228302
71.0,64.75119925013861
25.0,22.53465554321134
21.0,30.25965562492472
47.0,48.96282816674561
77.0,60.1337232184411
64.0,45.70055825790162
70.0,67.74915392950963
51.0,43.47961132701211
51.0,43.23303789469231
59.0,59.8568548865952
27.0,24.896277865073124
25.0,29.479228465171136
22.0,51.9573521906941
51.0,56.413405045129046
23.0,25.34275166914289
30.0,28.337803820745222
80.0,73.82931351979246
30.0,35.82130610734044
62.0,64.7018781784885
46.0,43.69621173619719
54.0,65.93011931839553
80.0,70.36368771373755
73.0,54.56440254186588
26.0,28.58664397918289
64.0,59.49843112640519
68.0,58.70205308702582
74.0,71.85206309540774
38.0,29.75554037553556
25.0,46.105615963267084
59.0,47.746150534357824
52.0,44.29333812982917
41.0,42.43166241461904
72.0,75.25084423806692
71.0,70.36491780084145
51.0,52.974281591162956
57.0,44.56476377390537
27.0,33.37934951524203
22.0,22.471437111149726
40.0,39.35793423197065
74.0,63.4114241219682
80.0,73.10722560579255
39.0,27.195892039744255
70.0,70.21748269186791
25.0,25.24012298269988
68.0,46.01219216325099
80.0,74.9549773711317
55.0,39.86363118077886
47.0,40.54011178611685
29.0,35.71817869053281
45.0,45.06139820842877
27.0,26.526877070360875
32.0,46.49482800826338
53.0,49.87402775907643
80.0,71.02448500381735
38.0,33.37362715345284
32.0,46.153109799145774
59.0,57.0374938365521
53.0,37.823193228977246
66.0,63.11874485788238
34.0,47.72812638321413
48.0,46.98673662260612
73.0,67.85045061015602
45.0,57.03096232685192
40.0,35.11490371011781
23.0,27.866748875135
33.0,32.254754806175185
57.0,51.3097157815618
41.0,38.12129842096588
47.0,28.147218038587187
54.0,50.90843687439464
54.0,56.33239496584788
80.0,73.40785275347454
36.0,55.37318846380605
80.0,71.14838480694479
79.0,71.90641727541119
33.0,30.309111281291198
27.0,25.035190596711935
28.0,33.51660167384191
32.0,34.762546151996496
73.0,62.477340592414365
23.0,39.46777379916293
66.0,70.57191497866303
33.0,37.11497848110685
50.0,56.53684105153782
30.0,29.72827331662708
19.0,28.506335821097693
76.0,66.59556168578513
23.0,34.83605243920574
51.0,68.18145177061245
30.0,24.364392566479616
18.0,24.89300754607175
36.0,47.88412715731385
39.0,39.41449392906267
80.0,65.61212187027589
26.0,34.85303388736615
33.0,31.793713727720874
36.0,39.73193638489668
22.0,21.75714328458669
73.0,61.44243942866945
80.0,66.55196059020771
73.0,67.45612456951477
44.0,51.18105961389023
55.0,36.614091353780154
36.0,29.766259331398075
23.0,23.889007769110076
47.0,50.19888355861772
45.0,65.19203906783564
56.0,58.05758997681228
71.0,68.24308929075946
44.0,45.577311938781584
27.0,42.08500622782416
62.0,35.09025006878575
60.0,59.12100700056763
27.0,26.37955124482898
48.0,37.59319873855425
54.0,55.449708104825284
24.0,36.21745340596995
27.0,37.128521053946486
78.0,69.98452902471222
57.0,56.980592154709065
36.0,54.46365203237536
21.0,25.995590135776652
80.0,57.27162331719075
27.0,57.84761017743611
65.0,37.67153030032674
61.0,66.67458856186883
80.0,72.3013694218015
26.0,38.76988207456077
32.0,27.556545285268115
33.0,27.61016234880866
56.0,44.58162266222679
57.0,37.75164693455008
40.0,44.07466606583342
30.0,26.51016234132008
50.0,56.10406926350664
55.0,61.95263191879012
28.0,33.69872636292642
60.0,49.04502056868805
67.0,67.31187288867326
28.0,28.4939095112875
22.0,32.829038971318546
32.0,35.87329059425778
62.0,59.970512694703714
74.0,61.26095576825706
31.0,31.955407010834858
34.0,47.973646003446376
49.0,54.486337396942105
55.0,61.15780679116272
25.0,34.69839819708298
52.0,42.38490058054325
62.0,71.31423875745658
59.0,65.64718457219567
72.0,73.55230747483739
56.0,48.18610742841092
64.0,49.00533621136194
31.0,36.45918557170582
21.0,38.72817693546081
51.0,45.036425213956484
77.0,68.49391776294729
56.0,57.7876018058351
45.0,47.25502991641693
63.0,54.08082066808129
66.0,70.84902796867738
44.0,43.4790495998384
21.0,33.7439287347743
33.0,33.797959540383616
36.0,42.078342023057765
60.0,61.29968406149142
54.0,36.271611921880414
43.0,51.338993882767525
36.0,43.48024068745798
19.0,27.095704682880406
29.0,28.18755762223774
24.0,25.374253045958753
25.0,31.244063138148682
34.0,37.860410225383845
37.0,34.33203548215872
67.0,60.87648523469816
49.0,34.443260876147306
46.0,44.56664344484954
18.0,27.95769809917671
51.0,51.50022448697713
60.0,50.70451852425527
80.0,73.52827379546848
61.0,59.8409587230906
39.0,32.590218292200376
67.0,55.50446370671943
44.0,53.75562836306527
59.0,42.6879724011653
50.0,62.62636887763289
51.0,57.86643918391965
63.0,52.57079084310365
35.0,39.24045192187879
71.0,69.48028763570876
58.0,49.29046996819954
41.0,48.076599064552155
52.0,48.92560646976569
24.0,27.239908747067872
21.0,23.381596091706996
33.0,34.18130075401659
38.0,29.02073508120648
59.0,55.679457042793736
54.0,37.20652013832404
80.0,73.2366292890955
56.0,57.323292521530405
80.0,77.66352043402017
30.0,33.69781563315034
57.0,46.09179756558072
61.0,53.902815564000456
73.0,66.96970553711962
50.0,34.353050221639734
70.0,67.03802962215818
31.0,34.723425845771345
24.0,35.074008247261744
73.0,72.3526205191886
30.0,28.1392437818081
80.0,74.23311579431271
51.0,63.97621993173988
47.0,59.58559442310824
46.0,44.34224391412821
72.0,62.37698593411747
78.0,72.70800695551499
73.0,72.23175048119948
22.0,23.951223409425207
34.0,28.46149152548532
80.0,71.7556373241324
32.0,26.06954278433373
56.0,46.36571715487733
45.0,45.31834281008849
80.0,69.53963672948613
71.0,60.59516897364936
76.0,64.46776202736979
24.0,42.16818754645149
67.0,60.19206570184185
45.0,45.63237618206505
52.0,69.98835425761345
31.0,38.75174915554827
75.0,69.17505345299561
23.0,25.309362163019344
43.0,49.872318451016824
44.0,38.47196973996257
74.0,66.96895679792301
48.0,46.83178654649444
24.0,21.812972528715513
19.0,40.81705292335118
34.0,31.01303105042332
58.0,48.300383989256694
53.0,40.939112461790266
49.0,47.73139624103579
47.0,25.570350856997173
34.0,28.48542859092231
41.0,51.6317332278883
39.0,41.4565388572767
22.0,23.247791722685932
38.0,55.93085439873077
80.0,68.26731108926228
47.0,28.97657876445335
49.0,54.02655945164737
75.0,69.8548375325504
68.0,71.33451276225816
46.0,54.517835443955356
51.0,42.867121109510535
26.0,31.5297690393126
62.0,65.90456835286696
36.0,28.210385157253327
76.0,74.45924644147676
54.0,51.03823732050878
25.0,22.94515329325843
36.0,39.35806669635491
32.0,27.48335572713302
56.0,50.70536032396529
60.0,64.24951506759837
24.0,28.248661132156197
19.0,24.31702246500453
61.0,62.77744301519837
31.0,32.73583284667632
30.0,27.449306515012566
60.0,64.8088930800911
51.0,66.41136040294957
66.0,62.09499409346861
30.0,20.23376609380945
29.0,34.06008949645302
24.0,29.234864011103763
40.0,52.34510400803869
21.0,25.170812897775754
38.0,55.4513995281352
51.0,43.54920760535251
41.0,32.776116175738686
36.0,36.519373739893574
73.0,70.06180221462795
26.0,27.702686164186854
26.0,28.970175794376463
40.0,38.344783096119116
79.0,53.51506061281172
57.0,57.08677171512214
27.0,31.105137027146665
71.0,73.99734369427846
18.0,27.286479334033334
18.0,31.986672608715043
77.0,64.00638765872189
80.0,75.15751687600675
58.0,61.08402907178945
51.0,50.805178837699486
54.0,62.83184182794015
80.0,74.76787233565481
72.0,58.210548988984044
52.0,54.966879215307074
60.0,40.78201068058435
54.0,66.1252239379879
58.0,53.263128395606984
70.0,60.22018657504724
63.0,71.27044722028835
41.0,37.92191953985226
19.0,22.470953739338515
44.0,38.3449600282477
18.0,22.593331424903052
38.0,45.158598869434535
38.0,47.52169609251736
43.0,44.86743825114431
57.0,53.744646719425376
48.0,60.962361410511846
23.0,29.21428825826344
66.0,58.58707850559929
41.0,32.09233092413055
59.0,65.8981073510521
79.0,59.94057913355494
46.0,48.152397946044765
45.0,44.3750960121059
56.0,66.86589692143866
39.0,33.20376030582469
76.0,70.80183479536366
60.0,55.78993186131036
53.0,63.79021908380448
28.0,27.961242444993864
48.0,35.25730938788161
70.0,56.98471906845876
78.0,64.65116855494541
49.0,52.60485923266785
33.0,36.94870652144375
44.0,50.075971401799535
66.0,59.593451599240815
74.0,74.31601942192351
56.0,49.57721514434694
73.0,52.093523422034586
18.0,24.931306495183602
29.0,40.517762223039455
19.0,29.965174866998122
71.0,70.8158111018291
21.0,31.756194169581335
80.0,64.46837614195815
49.0,61.32293125727509
69.0,64.52541358526763
80.0,73.6436647327527
80.0,71.16146960479345
65.0,53.32803406255124
80.0,70.99444012475206
64.0,65.07307262458697
31.0,60.97078519278928
46.0,29.422030407744614
68.0,60.877410722960185
65.0,43.509312397637565
62.0,50.93486588675326
76.0,74.36183263392154
69.0,58.26936538445152
44.0,41.92300064755503
53.0,36.66955268952856
80.0,75.5138811624649
60.0,56.5778049159344
44.0,42.950620780034335
26.0,26.15184255766918
47.0,49.01549280849769
42.0,41.8534046513585
58.0,54.33033087205676
30.0,23.804261700347308
70.0,73.62463196138926
79.0,75.1800637427552
28.0,37.03865825448714
45.0,34.13147714064674
62.0,65.58016149369486
43.0,45.789769137456304
80.0,75.61998790322005
23.0,28.804757639600194
69.0,66.7604073638764
39.0,35.36963764347791
19.0,27.515556745867602
48.0,58.5445124662749
72.0,57.16876630441313
31.0,25.42234754935379
70.0,61.60416716592444
18.0,27.227977010983714
46.0,65.69168265608205
62.0,67.23998597445652
68.0,68.70861792486944
76.0,70.67151887265263
48.0,52.55519757674213
28.0,27.093271331473648
24.0,28.46983094186404
18.0,30.47006142050795
67.0,74.09967592838247
48.0,45.16765298362342
55.0,45.3718076591385
44.0,50.133836324961294
19.0,21.14108853084761
21.0,31.993575518581242
80.0,73.96719004251176
39.0,39.034727099415356
51.0,51.068948949243094
75.0,66.04966744885611
52.0,56.2067408034299
18.0,28.494593717958697
42.0,49.85309473382471
27.0,31.77059668467965
43.0,36.92542348022525
28.0,44.806338164671324
45.0,40.7103768531954
52.0,37.51619171144277
80.0,69.44989142411174
26.0,36.870583561696115
26.0,32.366973119138486
25.0,28.373646371093255
36.0,51.058194171468806
54.0,56.423150149217605
43.0,49.138560032130144
67.0,61.57565574462333
25.0,34.93768461699078
43.0,33.67074986176347
49.0,39.15987850251123
26.0,51.60244077936334
60.0,62.637696809961646
54.0,53.58674259915623
47.0,35.67633225973898
80.0,69.56635606829202
62.0,61.37746327748676
42.0,38.48818506640196
80.0,56.76423560091909
80.0,65.10379920396463
36.0,23.590682775696973
19.0,33.47427141546359
60.0,68.09006535322767
60.0,57.11044696815372
32.0,29.695510581107087
63.0,66.47475531430933
62.0,65.4546608926222
68.0,60.37959921975959
41.0,36.31126573085355
29.0,25.604605027587304
18.0,26.744549444593535
42.0,31.422006737321894
67.0,63.132867707796194
41.0,36.88806288360844
56.0,51.10829332108703
49.0,40.206508872640555
73.0,68.66546025159052
36.0,31.533927756027783
73.0,55.677141515407136
67.0,62.33450084536767
43.0,58.2515185584264
57.0,41.69477399817662
75.0,74.19187650197388
24.0,25.490813637591497
78.0,73.63822315006306
77.0,75.12745626544611
60.0,54.13318791949665
44.0,55.75570232931028
80.0,70.85355728436478
35.0,44.52915038857016
80.0,69.29068952209595
24.0,22.473942523526148
24.0,32.10102538812458
78.0,61.86804280583568
42.0,29.0702215882763
63.0,68.7681623068562
76.0,64.89150680054922
24.0,27.10779479873616
71.0,64.53981284394061
80.0,72.77859629885644
43.0,39.88952371904405
77.0,73.67356190215911
19.0,26.28371622527763
19.0,24.705993636158563
37.0,46.27148002813179
75.0,55.12678825551224
55.0,61.84147449630352
53.0,47.322882263682686
52.0,45.75939828771935
80.0,70.36238218170024
43.0,38.097904498592676
51.0,39.334803534852675
61.0,53.77586304758149
63.0,53.792323600537394
31.0,37.08686637333185
22.0,31.00156914983513
70.0,69.94632872426206
78.0,66.75607280366066
25.0,32.04073897676655
61.0,62.867074463821744
23.0,30.739102302233743
55.0,50.159509324447455
22.0,28.423439775676727
74.0,52.42929961390528
27.0,32.15814577598857
21.0,31.141775257572775
53.0,57.02388011697447
63.0,61.16442096286114
57.0,59.66814201827153
24.0,41.6143167194798
26.0,30.5567731096369
66.0,68.55014747338925
72.0,58.951001487626016
80.0,64.47618208177218
72.0,69.09143352784896
61.0,65.38386283012463
39.0,44.06508456258261
30.0,33.64467697724736
35.0,30.951168987951075
63.0,64.59768633546716
57.0,60.486045767974986
20.0,32.108326675458464
49.0,48.079318576496924
61.0,44.2531944721962
50.0,45.477619557776435
62.0,56.794220446982784
56.0,69.01981292896508
32.0,37.33038485958149
60.0,52.571446907483214
75.0,72.11905828721275
21.0,33.05052279685006
57.0,72.23807561592051
36.0,33.92994595507518
30.0,36.96230674231418
18.0,34.56837601006218
19.0,24.680174760261394
45.0,62.954099699691724
57.0,60.87931402847224
44.0,55.98835965187837
37.0,32.11826935206056
62.0,68.22171037635006
37.0,35.82540574796492
69.0,63.84184539696963
27.0,24.54551824798055
24.0,30.21043752088808
25.0,37.09792298116558
44.0,43.48968085592761
39.0,31.173759181255868
71.0,65.77869284051503
26.0,41.95367977514908
63.0,50.06239093888901
42.0,41.4385702716078
65.0,52.71425264907294
24.0,33.810067445934784
73.0,38.75038591928198
53.0,62.92090412191546
57.0,54.957319264917004
62.0,49.48075661123877
18.0,23.974770362783943
42.0,38.35538534620387
43.0,67.89316129708246
37.0,47.150633930661094
49.0,62.20465311534025
39.0,46.54255147512157
53.0,45.90907190912015
18.0,21.80302160385
33.0,44.62369142919404
80.0,66.23612417259497
34.0,36.466038487408866
38.0,34.902828663703666
68.0,62.58166875535683
61.0,62.88005147298245
58.0,44.59361840170712
23.0,25.97345078196192
41.0,27.05316425817349
80.0,69.28473555170511
60.0,72.12535016883645
33.0,40.36429152025021
30.0,40.05675062463115
23.0,40.031222271990735
73.0,76.54828898002395
80.0,73.86880853348005
61.0,57.44062861669032
57.0,54.22319136210457
33.0,24.583419908012033
28.0,32.38951332199425
68.0,60.9861024201838
78.0,73.13310751222714
54.0,56.35163565035756
53.0,68.90023639187723
62.0,65.83520951318074
49.0,57.016785862241285
32.0,32.16501835795333
26.0,32.561070169701054
53.0,70.72211205726607
39.0,33.856502315131756
46.0,55.547123752642456
52.0,47.52570345019887
80.0,67.38203329030812
43.0,52.72456206560157
37.0,49.82323006720902
33.0,39.13878958253184
49.0,37.36305482190766
46.0,54.9717350979827
61.0,46.41589173223699
45.0,44.00370486243775
31.0,53.62929651307614
80.0,74.80206178688414
70.0,63.48462025095977
50.0,47.28847113168906
62.0,59.60281111782962
73.0,70.78951195337348
64.0,61.59245255372669
66.0,68.2955769287466
55.0,27.96760003806874
44.0,33.65379950796529
68.0,64.21033144174565
19.0,24.400913375555824
42.0,52.32662583988982
68.0,67.50598352136565
80.0,75.72369713592144
74.0,71.34473768409003
46.0,28.67955791291677
73.0,67.98757571147132
72.0,69.008655704971
31.0,56.55310585340015
24.0,41.4650639531844
63.0,66.65548526082053
49.0,59.30694635829363
37.0,44.001136229528875
38.0,46.3876142384469
66.0,54.82815437334964
54.0,61.700419699749766
63.0,66.61183335281802
48.0,37.76635470795797
24.0,39.486749066962375
53.0,52.94197806372765
80.0,72.20711181632471
67.0,65.06394398846916
23.0,25.02877986808289
33.0,33.38166135070579
18.0,27.27131768759807
31.0,24.274909997916996
52.0,49.17542546049751
42.0,40.20076155115551
63.0,58.739729872835454
30.0,36.21498813619335
55.0,70.50135481500867
18.0,29.25985844225758
40.0,45.418581538268135
26.0,53.09775017435063
67.0,66.05221979373596
62.0,64.2996331448437
42.0,31.457097693678907
28.0,32.62714954045488
31.0,34.50904664790026
18.0,27.185782094984884
53.0,57.915208243118535
76.0,75.74508559021632
65.0,50.97952097606648
20.0,28.662153908734577
49.0,55.70380653833642
45.0,42.05216334919868
68.0,46.58862798414341
28.0,26.366484784683642
45.0,38.4653595662061
70.0,57.372414465437444
20.0,37.64530617084117
39.0,26.36537430682735
80.0,73.89975372441903
36.0,28.235954195423805
60.0,73.69666377706622
73.0,75.99886235762393
29.0,47.988132604467935
80.0,70.10839996862859
33.0,35.591189563977714
18.0,23.154480544673234
18.0,38.654700283931106
27.0,37.10583963102408
41.0,52.72419139198782
56.0,49.81690510591134
64.0,47.75948215540676
28.0,37.38638588295682
80.0,68.28838287611008
45.0,50.12002461473184
55.0,52.27367754579998
37.0,45.37991669956201
80.0,73.01693224345605
62.0,70.23255907958014
66.0,38.29497854606828
45.0,67.33180941315798
78.0,65.99322643996665
38.0,39.345986496287104
20.0,31.556958946135527
41.0,44.679800713700445
49.0,37.23378156984911
80.0,75.4275056320759
29.0,37.117658824627604
45.0,31.70643617880163
30.0,31.511120260363406
34.0,38.1888661132954
73.0,65.87805448795592
60.0,61.45305553408282
45.0,48.27579525147044
19.0,30.462190314752373
66.0,60.64155422743145
49.0,51.66977088698209
41.0,50.309791530533694
36.0,33.2732668473181
51.0,65.79154774523292
64.0,56.82573550930779
40.0,36.547941547769994
34.0,32.844388695729975
55.0,51.961236723570416
76.0,60.421056501269796
22.0,32.28192645023365
64.0,52.26191720223528
29.0,40.49335318791856
19.0,21.885301343964635
32.0,40.38752244378255
78.0,70.30765747203633
45.0,59.062343176599654
27.0,27.02399593608965
80.0,74.69946644772968
45.0,44.10245309847453
37.0,42.08552944843491
52.0,49.51889766378492
52.0,75.07926288827962
34.0,31.667378466335197
72.0,57.072363351807695
41.0,54.244885717954695
51.0,68.06387330425035
71.0,63.70942458165794
22.0,27.817032611925697
27.0,28.080581300847868
61.0,53.42854391645223
28.0,37.296001862489035
43.0,44.05180002058358
43.0,37.37074766201555
44.0,56.772776419978776
30.0,36.86060607014308
70.0,67.03764091517193
53.0,53.09975813934398
46.0,40.769251559027104
37.0,29.969752535501424
64.0,67.47116856121232
25.0,31.479644010390427
51.0,43.94006460714517
63.0,69.03772582821533
22.0,22.783144120138342
61.0,60.76645479122749
42.0,41.47257905110373
39.0,38.23237097202047
21.0,26.01222988215019
41.0,58.08684885198475
68.0,64.94665969554097
29.0,36.89435454101681
56.0,59.02253650673006
21.0,23.767095533468034
49.0,49.89250239665258
28.0,34.716006645854925
80.0,73.69161366563635
40.0,38.092936056149135
31.0,30.38823128721507
50.0,63.06479536062666
80.0,68.82663034958262
56.0,35.305251078054496
50.0,58.830189777153116
29.0,29.279614891517035
36.0,56.395370330359384
80.0,69.57558642975539
80.0,75.5253000396106
32.0,25.071532913508854
64.0,64.39194268184131
71.0,74.23123374701943
57.0,51.5792972572155
80.0,75.32649532337639
72.0,72.5528764604755
80.0,74.89494003008319
48.0,45.67281767018406
20.0,30.389244152683172
30.0,28.859626118755937
43.0,40.20152119056201
48.0,32.4015321030499
60.0,62.631318105701695
43.0,50.90700041879857
20.0,30.778193447662247
80.0,76.73891749157703
62.0,66.3396208280672
50.0,57.35457019721761
35.0,48.3021292654623
36.0,39.26958915119744
25.0,32.783151917296756
71.0,71.60443873676537
54.0,42.725090385826455
56.0,49.30536349112517
80.0,63.9094085129958
22.0,24.51559764059717
59.0,53.006233443842675
21.0,36.36869792400907
31.0,33.47621037273572
68.0,66.01306964514367
80.0,69.57903349002741
36.0,28.923574541867
50.0,49.723164136506504
39.0,49.51045061145027
59.0,47.16799663656636
26.0,41.47431891358262
47.0,55.95773257158262
66.0,69.6824953860957
60.0,73.38534077032173
55.0,59.92376807518014
56.0,57.24571402732584
22.0,25.19880839613305
22.0,42.86994913710731
69.0,62.687006267240974
80.0,75.92152680281471
50.0,57.617157304021255
42.0,48.557136063453434
37.0,40.05720008740466
67.0,67.44437987491601
21.0,28.735688080488316
19.0,28.892437605731562
34.0,32.616524613656246
24.0,28.563769628352333
61.0,62.258843060606175
74.0,65.05322273938027
39.0,38.653856159719176
29.0,32.670632684727146
26.0,23.868891460960626
43.0,40.113054945336174
75.0,67.8511086013075
31.0,25.135778452426056
74.0,71.37966309662323
47.0,40.778241359187476
40.0,40.36524469129331
31.0,39.20624259867459
19.0,35.613933691080454
30.0,34.89918859154424
40.0,36.64187537738458
31.0,47.393335828752534
37.0,34.259296273768136
57.0,51.671427973657
19.0,24.280757996998013
78.0,75.82117990412655
80.0,69.53329120141298
55.0,43.39088868729657
72.0,74.27298458471459
19.0,26.291537157689053
51.0,68.65330327621298
80.0,78.46226077537519
80.0,75.04217230628409
73.0,73.978145005027
41.0,49.33361050835106
44.0,50.67997865292128
32.0,45.478091066063286
80.0,72.75396989119439
75.0,59.081982635565076
26.0,26.871085482142618
53.0,30.984418728531278
80.0,76.49745494249949
80.0,66.86250340418273
69.0,57.28154289306452
68.0,46.63834980581293
55.0,52.261878381397665
54.0,60.94247635379702
71.0,72.87933548029973
46.0,58.24128529322469
62.0,64.63914420821646
35.0,41.53115908027489
19.0,26.343353404455858
20.0,21.314806184899794
37.0,42.291586959000085
18.0,23.2334647026046
51.0,39.38546099083259
60.0,61.15546057422793
18.0,27.162447009914846
31.0,35.84819920805854
70.0,57.551124052574735
62.0,62.26134441678569
23.0,34.1881711836907
60.0,55.15721219014874
77.0,65.43557342536833
23.0,30.016434328567183
73.0,59.67924240004131
47.0,39.65810729762454
25.0,23.503456809811453
43.0,33.57902288471111
18.0,32.25497100405067
80.0,72.38815760601534
73.0,59.3584311407069
53.0,59.25492957033889
67.0,52.68435702892456
46.0,41.89172022077202
40.0,34.089487013767496
63.0,66.0502547825195
71.0,67.74812220903763
58.0,55.823735470690416
36.0,48.789463383092595
32.0,36.37166733651232
57.0,53.302309483049896
65.0,62.670063014964605
51.0,50.78874133562623
27.0,34.91105795513463
20.0,25.95348459139073
18.0,26.744861999559713
44.0,29.54007462700518
69.0,55.660681334707505
27.0,30.296139054545208
28.0,32.41781080572775
54.0,51.54089652005544
49.0,37.71164133303443
36.0,60.35029021058361
68.0,69.20699682979543
73.0,53.71479171590136
20.0,34.28964821772811
64.0,54.81680681004282
36.0,49.72881233685588
19.0,24.633551647227495
22.0,23.048720798990143
54.0,60.39532370110724
18.0,29.264146145063705
64.0,68.05581300383595
27.0,30.32341673138782
64.0,55.54887662235231
63.0,60.1663390735529
66.0,53.912453552612995
25.0,22.99718694884465
34.0,24.375595818998715
36.0,48.294914837411945
62.0,56.89328581017577
76.0,62.79450314837767
25.0,24.294914310500882
19.0,23.73834275194058
49.0,43.552999130221394
25.0,28.240855460188264
19.0,23.59542693706336
38.0,36.19923810744462
80.0,72.63079322618447
42.0,46.16837121754702
38.0,37.321177937072235
71.0,64.03475254968924
31.0,30.211661569359567
19.0,25.702872756219566
20.0,29.62901422839353
68.0,53.696599204837554
80.0,69.05308821520666
32.0,48.355885822993784
72.0,62.993478711295204
24.0,23.582703245237234
28.0,28.60662733033523
20.0,26.017531117790817
80.0,66.97934377798286
80.0,62.22603583350314
37.0,35.80764285860953
28.0,28.789050644292978
73.0,73.19489312963799
31.0,51.558614095447204
64.0,69.47536273084854
28.0,29.443345303960346
33.0,30.84465919094467
39.0,40.37295440060127
70.0,55.277485222308385
50.0,29.194698168502665
21.0,27.417780112605797
74.0,67.11789809476215
79.0,72.88515600478712
38.0,48.93299482347107
38.0,39.21158739347271
39.0,48.80985806510058
76.0,75.00356187859963
44.0,43.46984072210526
39.0,51.74970369519484
71.0,69.07630247311948
26.0,32.08033434198891
50.0,64.31139348505748
44.0,37.876193413546545
36.0,37.81980762549062
34.0,61.43472692178253
53.0,54.33901050150763
21.0,29.628292426339858
32.0,40.92335148483925
41.0,41.24783390274345
24.0,28.12217450312739
59.0,65.47501168166016
50.0,41.998017692027695
28.0,39.646875289529596
57.0,67.31521362655577
43.0,43.74071561713894
23.0,33.48346033030439
67.0,64.63204775309596
24.0,22.04063506700646
80.0,67.65374703184837
57.0,64.75984777838535
65.0,50.476718433865756
70.0,66.27011537504865
80.0,77.33969565985109
49.0,41.74859811763265
74.0,49.978913232368214
35.0,33.12202715439194
45.0,42.3305068020982
35.0,33.9250471449873
57.0,53.348608913113395
59.0,64.71629598075997
20.0,28.42860088419743
25.0,46.00049956820427
80.0,68.59973466500102
19.0,28.06505073245616
54.0,42.17363955552544
23.0,23.582466130732833
50.0,42.160670990305995
24.0,21.51210349661965
75.0,74.2305808974066
24.0,35.53442433437862
60.0,46.784108591858505
65.0,58.529363333097706
42.0,55.11690671768325
33.0,36.12070175360181
18.0,32.41016014216302
30.0,37.606628106973055
22.0,34.19836060332605
29.0,43.46125515504973
62.0,51.5466629636885
80.0,72.39910432225048
80.0,59.287823887605626
31.0,52.869501783314846
47.0,45.461496178712224
51.0,53.2869839918575
20.0,26.162462563703553
80.0,74.14858991243196
35.0,49.054166626346095
23.0,26.708982164111593
65.0,73.72419393894674
60.0,50.01760292050101
78.0,72.13375866925446
66.0,64.7917743771747
61.0,51.54715247978141
52.0,62.94462567732324
49.0,32.71640849746434
30.0,35.598955504485104
29.0,34.137090143140206
28.0,29.948668320856374
53.0,47.4738130773636
22.0,35.433031379094025
18.0,29.447548019796578
51.0,56.269157200023365
72.0,61.9006714900348
41.0,51.08384865390933
37.0,39.43356810328854
44.0,43.181990222515104
23.0,27.351454992788018
19.0,25.59321500768664
60.0,65.51517825996076
69.0,47.711153901044845
20.0,31.363558735998428
59.0,56.52690950594367
80.0,75.01892919707336
26.0,31.9815266526238
18.0,22.699908251393303
77.0,64.67806584671885
55.0,50.52211222256555
39.0,39.481444073632986
45.0,61.03667444845087
25.0,34.69522722911053
37.0,45.473239054723955
80.0,75.29447533224874
43.0,39.70815067641829
53.0,59.28449465577081
26.0,36.80731200620623
80.0,74.46650931720939
22.0,27.87037220793465
52.0,60.52596329757125
60.0,62.09629190464372
51.0,48.835366657856795
32.0,51.12081731522107
63.0,51.76860254440859
64.0,57.66305153412235
19.0,33.664975106892406
47.0,38.00574004630374
28.0,50.75614107810235
22.0,32.17498474096536
61.0,53.528806628741194
53.0,30.924719652606623
30.0,26.545213601324548
59.0,60.750668603334816
62.0,57.603712563291076
20.0,30.953464147001636
23.0,32.47908048456632
34.0,33.73058224709443
28.0,29.61329504882735
58.0,64.98383874623973
80.0,72.22610737133925
59.0,52.48079303070052
25.0,32.73725118987972
63.0,57.10028625841349
30.0,44.52534771032076
73.0,48.189918751169714
73.0,58.3380194977757
43.0,47.17232725935752
63.0,57.54088394634927
43.0,53.479587765182906
69.0,66.95397095930709
63.0,49.71824840153464
27.0,31.532017682701966
27.0,32.22897253775026
75.0,75.32690641805573
26.0,34.55705761359814
33.0,29.381047400318238
24.0,33.63359471363845
42.0,48.17340290625341
74.0,65.13392624532267
77.0,66.91353803265181
58.0,62.925530869149135
20.0,27.371207408656723
29.0,41.49100387334664
68.0,65.71436610257419
29.0,46.901643627843875
60.0,60.047228910883995
48.0,45.540679086487444
70.0,74.94949085596312
46.0,32.53783768975857
19.0,27.473204240238875
73.0,66.96842959175954
22.0,31.62424840792369
29.0,51.62273500917948
25.0,24.855323683112353
51.0,52.084677764700274
22.0,29.071899210942338
47.0,50.466746640645084
58.0,61.9153081323409
64.0,67.53133887305735
63.0,71.00430030427185
18.0,44.026138757226434
19.0,30.657904985709724
32.0,37.37486543111176
48.0,43.23376133501883
33.0,50.47401232631535
36.0,41.510162392650464
56.0,55.49204636647888
51.0,72.07066397266452
41.0,32.498144807288284
71.0,67.30769118319047
46.0,43.181622394060724
75.0,66.70801839111223
80.0,74.0106157253927
35.0,33.40796381667736
80.0,70.46260241993762
29.0,30.37306832033776
26.0,32.51010464766985
62.0,67.4942251068554
36.0,35.968471027578204
27.0,38.3459699578168
76.0,72.89966153278041
46.0,56.9530515416553
61.0,74.4229289631409
62.0,61.46586948179697
63.0,47.454058355458855
78.0,76.21215809884647
57.0,43.70648380368212
60.0,58.12787490730375
49.0,43.872448234272355
31.0,33.708321695750904
47.0,42.92099034491814
51.0,41.01766869266141
80.0,75.75477505768016
27.0,44.95393260405112
64.0,57.74062145849407
41.0,36.24238258525644
51.0,58.847789704725265
24.0,28.18545209299157
49.0,45.944045529307296
67.0,59.90812074930252
66.0,66.72444462837258
40.0,34.85266832247658
58.0,52.97298336006316
32.0,47.740781914709714
54.0,67.20849019765046
80.0,70.10661768847969
26.0,28.980267884144446
50.0,42.54875420595528
31.0,45.09976129944172
72.0,69.77889196307717
31.0,38.63577709469779
55.0,56.58664667073929
19.0,23.812889844514675
80.0,73.56892323489083
60.0,58.61064849485443
42.0,48.85816786103467
18.0,30.809707452579246
54.0,32.449380633773586
30.0,33.61511206303548
52.0,48.10012652027331
55.0,66.73220793106182
62.0,60.21327825764818
18.0,32.331409394477085
78.0,76.10729002315692
29.0,31.61883786923568
20.0,29.248548015683696
46.0,39.92452928136404
65.0,57.56744751946349
79.0,55.08603729534899
51.0,53.65282008136706
28.0,35.27998417933415
73.0,67.50358794505952
32.0,46.52431220303347
47.0,50.73042390168017
67.0,37.683394405352786
63.0,48.95968801560729
26.0,28.81906869251758
23.0,30.515267579605123
71.0,70.05742900023658
64.0,56.042953423494225
58.0,36.34964495492819
51.0,49.913669505661346
52.0,58.59336353443204
64.0,67.80592824635903
18.0,39.121624804682625
34.0,36.22147500123709
19.0,27.52842662021055
32.0,23.239510748171252
71.0,55.38284697094783
80.0,71.48742147954735
38.0,52.28151066552956
58.0,53.929459955120294
37.0,53.550178690965666
36.0,47.85341844070502
32.0,28.787344110244902
46.0,32.15061973799827
80.0,68.90410674211876
22.0,42.32193398082914
19.0,34.06428354659099
42.0,54.58332131464847
75.0,57.68296736935915
30.0,31.097140350160295
49.0,50.1416874428745
51.0,47.31068104760063
26.0,29.62390218467434
80.0,73.2940955284754
29.0,32.51805617157939
74.0,75.39101373050093
66.0,62.76513116248657
38.0,46.26981609346716
26.0,34.73296094877619
52.0,60.673401658363275
37.0,39.06983959327615
27.0,38.884335054475095
43.0,35.886486199368385
62.0,57.66264013171612
55.0,53.14804075775738
41.0,43.08095679722553
29.0,41.8553674203351
22.0,36.03182606122641
61.0,58.635316622557305
21.0,23.484004093679122
61.0,72.13246231625271
70.0,73.02031229485691
64.0,66.57412304437761
62.0,62.63678500432586
57.0,39.17910120502427
74.0,57.64438224764739
77.0,59.74438772110594
36.0,49.47932973553914
18.0,23.103187243305744
71.0,70.02132638208866
21.0,31.642497062368147
19.0,28.52845233469881
33.0,26.6802898587367
30.0,28.609887938674746
40.0,45.520484846635334
35.0,48.32862388866684
54.0,56.162330685238786
24.0,31.203425346220243
22.0,22.196230351600892
78.0,75.40160175074294
52.0,64.97189391861089
61.0,66.05620712712742
70.0,77.0665136047236
62.0,68.1090510819921
71.0,66.68648348316134
50.0,49.556743046722296
46.0,30.034222974651694
33.0,38.648492175212475
55.0,37.6120747768532
77.0,75.94761567166043
47.0,54.480192288852166
80.0,74.79540718331866
50.0,46.848913175351754
29.0,42.028678190896954
78.0,78.50491497120402
61.0,69.2648485075164
39.0,29.68538160052106
18.0,28.449328927192365
60.0,41.49612326248225
63.0,48.92341469716666
65.0,47.83743054087718
62.0,64.12719491341345
35.0,44.169589725522194
75.0,64.53356852387104
40.0,29.039978762899032
24.0,34.50218075485497
26.0,28.059273536846707
28.0,29.85745631393635
41.0,56.48927836285202
52.0,66.4903438564254
33.0,44.671304853639114
39.0,35.27300488025221
62.0,66.65199074799605
77.0,74.75295803088912
61.0,61.058387700918246
18.0,35.57874041397431
51.0,33.52383370603559
33.0,32.93859783742244
41.0,61.90372746761305
45.0,43.39764576102418
19.0,26.74356107140845
44.0,34.15100355444769
52.0,73.5415882922323
30.0,27.86143330567038
50.0,46.067826770607724
80.0,77.01484234634152
48.0,59.511092459554874
61.0,52.533512990800574
69.0,62.766944254642475
52.0,62.62893497295866
39.0,50.0263644216204
69.0,63.526086454004854
53.0,44.32414426618361
44.0,33.53203575399536
25.0,27.563331562315458
77.0,71.55878521619985
54.0,55.5116857143789
55.0,60.89957650242799
62.0,56.42954290568706
61.0,62.27251973597857
32.0,49.810711034839
52.0,69.80558831800614
55.0,43.885118829508755
80.0,68.87980797332195
68.0,56.539660059013016
68.0,60.47423948522647
54.0,52.46203253386666
63.0,55.3480529671497
43.0,44.17184470948595
45.0,47.57573521500351
33.0,35.24783048484544
64.0,62.98200574380933
80.0,71.98303267578224
29.0,36.104006426305475
43.0,30.43150169125797
20.0,20.89919742873573
74.0,68.73879621446821
68.0,70.98705856638458
22.0,30.653212423338374
29.0,24.273530891843194
45.0,44.32501547044628
38.0,39.78359058299944
54.0,47.78760449475995
28.0,36.241892052209785
48.0,45.31743036076442
74.0,61.780255365347244
56.0,42.408938226818776
35.0,42.35540321818248
60.0,67.28117901572446
63.0,46.39863905724585
52.0,36.82441949070364
75.0,75.6585505099834
61.0,47.890393419596265
62.0,67.37417815972623
26.0,33.18335357068702
80.0,74.01261651143362
67.0,57.16414437179878
59.0,49.20447857772999
60.0,54.539379062855986
56.0,52.80677992467901
40.0,35.39058571059638
48.0,44.006943885675646
58.0,65.15726816202164
36.0,28.122983549010524
31.0,39.687203854505135
62.0,70.85320227490718
22.0,29.019666188028953
51.0,48.48160199636698
80.0,58.54249756407451
80.0,76.91838244535276
61.0,59.528813887901286
70.0,52.531372161690086
18.0,24.136084426515126
72.0,74.04981357600477
69.0,54.16707202080966
18.0,25.19050336922407
32.0,58.97143628481343
27.0,33.818176936752806
80.0,68.70690808982887
37.0,50.60580050110524
37.0,33.30556146834023
20.0,24.56668268368535
55.0,49.35992686323634
26.0,36.77962403401332
34.0,44.98017504339795
23.0,27.037796038831473
23.0,27.634063741429976
39.0,30.782542309296158
73.0,53.5372861621783
61.0,55.53283250656311
66.0,63.81996782748651
72.0,69.60171952712649
56.0,37.96559999360888
74.0,72.3835825410542
46.0,42.34339957837389
65.0,66.67090596324361
58.0,69.01151471250259
44.0,28.67251292880374
21.0,29.798257523045905
69.0,60.90030791501479
19.0,33.06919050434074
48.0,31.134324598292064
73.0,47.519710901173575
60.0,67.21407258324963
23.0,29.329878334486835
18.0,23.95967007477019
32.0,39.7169431398274
66.0,63.981385454977655
58.0,49.82409361794054
41.0,40.13217436801947
80.0,65.20663249401692
61.0,65.01755794495857
72.0,61.577562170783224
63.0,48.435856430211814
23.0,31.398888454642602
23.0,35.64729602917802
79.0,70.86592480204749
80.0,76.3799431585394
77.0,69.76754885726832
80.0,68.97468947092246
62.0,49.246479481893566
25.0,34.04891229632003
45.0,52.14402837566658
57.0,60.90384493934169
76.0,58.52688441005925
80.0,75.02044512889553
37.0,31.364042514129306
27.0,25.752440166781152
43.0,54.079840611278286
53.0,54.25551335098974
69.0,68.76702658625089
32.0,47.83631268912547
18.0,26.501035726045043
26.0,28.73369986061165
55.0,56.30317019877745
34.0,30.228334980245027
24.0,44.758255281885205
80.0,67.50864593070655
65.0,67.89254644649482
80.0,74.49657775530494
79.0,65.17827258472985
55.0,46.589125438397495
19.0,23.98043394477176
44.0,39.13554807454296
68.0,66.14274424335302
46.0,52.435722716629435
53.0,56.40979345079846
22.0,23.94153620669431
80.0,68.20241476139459
68.0,71.74899697443476
22.0,31.059808514500137
34.0,29.431635209001694
32.0,55.16507505307121
27.0,32.56353781884855
60.0,51.84009383195243
22.0,27.632858394553935
24.0,32.07014561696803
34.0,46.659837213594656
57.0,50.463087341002364
18.0,30.96842434673222
26.0,36.038375004556706
60.0,56.54865626173048
38.0,29.605744584452395
25.0,37.20253263465718
43.0,42.305370403035404
18.0,23.48324432067307
58.0,66.32310027059994
32.0,29.53442706559801
21.0,26.21300930585025
43.0,50.094830374332595
80.0,75.61182090307841
32.0,39.498236260548595
30.0,32.200896000566175
20.0,32.9470414916843
61.0,50.51954128607726
35.0,38.90605096228119
32.0,46.10598445910561
62.0,61.08085252946931
28.0,31.261590127605995
60.0,57.46591136149918
55.0,53.03340499597889
61.0,69.14974211772137
53.0,48.696491441789895
74.0,57.39676632833932
62.0,70.26282918167198
59.0,54.411081877310835
71.0,70.85965461116488
39.0,32.47961770777722
46.0,34.65697197207718
32.0,33.27231873056547
59.0,56.74767630356337
80.0,74.97955192272653
33.0,32.00938721764227
80.0,76.25674451568396
51.0,56.2909120789312
62.0,63.90318918791516
67.0,60.35462081180699
66.0,62.382247589302615
35.0,45.177256916910125
57.0,42.372497721077316
55.0,52.344011635437866
28.0,29.75370988174536
60.0,50.21269860418023
63.0,54.83133552091262
73.0,69.37666028089353
25.0,46.03670316380648
22.0,23.780069001287206
56.0,52.76595458389596
19.0,39.69099031327646
43.0,44.145576527866695
60.0,56.710134028705234
29.0,37.32502266067745
57.0,55.952082471276
80.0,72.89966476105894
36.0,28.61491003992393
57.0,47.76168874381952
64.0,67.2970827252608
31.0,45.88127048649847
56.0,68.71939576362695
73.0,48.6130999070177
71.0,57.92270256865666
51.0,58.82035640143894
47.0,52.08005891704486
27.0,37.97133653565727
21.0,23.589201656344645
80.0,77.07283900113687
42.0,41.832151026226654
34.0,36.701223985772955
76.0,72.40497406387178
56.0,50.2228430903086
33.0,38.4767708660307
52.0,43.18083721432391
63.0,58.917336278264536
70.0,53.36090224689515
80.0,76.14620622701105
63.0,47.52328001675079
40.0,48.0920440053865
78.0,70.57731245950035
25.0,27.518939852630705
80.0,72.09143636756089
19.0,26.45712532388291
27.0,24.98785488477823
54.0,57.15325951567615
51.0,40.62180340063044
44.0,29.815922193528568
72.0,63.127240806773116
54.0,64.75849790397812
44.0,51.63873967935012
29.0,29.231159647326578
47.0,53.16627610243959
41.0,51.90597297768226
71.0,65.748212721029
29.0,32.68956895800168
19.0,23.84337374003249
78.0,75.70118631550432
66.0,68.15813168189997
63.0,67.24509084122819
57.0,56.16398202607946
67.0,59.889230701048774
52.0,51.55641664281837
66.0,58.405406411422355
19.0,32.19792630766735
54.0,53.46617789815277
72.0,68.40569895274051
38.0,46.89546674093618
64.0,66.57891586915908
71.0,65.07468465732522
65.0,68.86741673990765
28.0,33.134404031810384
52.0,59.00701902036101
56.0,28.076128156845467
19.0,38.26020162011451
63.0,55.08757541482954
24.0,36.203299626620485
70.0,55.901770613660865
69.0,65.33840405863597
27.0,23.518745912176342
35.0,60.26609647647195
73.0,71.9019779783771
19.0,29.76678637552311
67.0,56.550895462244824
79.0,68.83064393969586
32.0,39.89881273259898
19.0,21.622278862113575
59.0,50.05696569868126
50.0,30.287344942587257
22.0,34.68349853911552
35.0,32.318217302584614
77.0,69.32935708965277
50.0,48.48772108019424
73.0,67.35514246396261
34.0,43.65801335776122
18.0,26.643737992147962
80.0,71.81240674299092
26.0,43.098227453054704
72.0,69.95901697996777
42.0,33.535067663743085
80.0,75.02607266644041
80.0,71.32557538628055
44.0,61.43620203586296
30.0,26.659911777592676
38.0,51.1521771500768
62.0,64.0963824224858
77.0,72.98502214018274
74.0,73.57331651147169
61.0,64.75972853482219
19.0,25.708817326174064
80.0,72.23178651444977
45.0,37.13627576422353
56.0,70.13046070188855
69.0,66.42416900920058
60.0,57.83343686018982
23.0,25.099799830350598
55.0,50.04975312309495
60.0,67.91040839836587
20.0,27.1239476450944
33.0,37.0118708702988
62.0,70.25046008491934
49.0,60.663119458355716
18.0,33.787278618041086
47.0,39.5884593042654
47.0,52.311921507691956
18.0,24.225663565151034
46.0,43.18184029238935
45.0,30.929988589497146
80.0,76.00565578827349
44.0,42.989778817151084
80.0,57.05409698817402
41.0,50.10959773382557
56.0,60.41142396477915
51.0,58.04553367186777
38.0,32.05143273859887
38.0,34.964986401392004
56.0,61.054587708753495
59.0,56.32833719509748
65.0,64.81702145631121
64.0,62.90000220352613
23.0,40.17602125466722
19.0,32.263092963938945
63.0,62.24667588530592
65.0,62.60577625365343
45.0,33.329636155634034
22.0,32.96930770408208
18.0,32.1159660735446
64.0,61.030123136193026
28.0,39.86748853146438
23.0,24.45231383335447
66.0,53.30039965390126
31.0,41.54077080205009
18.0,26.76498636417151
53.0,62.485649097819014
50.0,66.59777229973511
18.0,24.793012194535798
64.0,59.52803709725949
65.0,52.13631188034037
74.0,68.45626923723832
19.0,25.291253064422108
31.0,24.552532004755857
75.0,70.09502441872674
33.0,44.85579790533975
73.0,70.57326016993997
64.0,65.44177746582879
50.0,38.099912300926725
31.0,33.321661932322094
52.0,44.50744840315619
64.0,66.57217101502633
57.0,60.453772309564904
73.0,61.43910054001224
49.0,45.41497837306802
39.0,27.783642870367938
29.0,35.96758852964225
70.0,74.82883739895787
60.0,54.37124122290913
64.0,50.4422937855013
59.0,63.428163919149085
64.0,64.33773434803325
73.0,68.14734369553278
80.0,76.33096360854394
59.0,53.34274961490275
35.0,35.312609803750604
45.0,47.3920102841535
45.0,55.64597076603146
23.0,28.758027995397164
65.0,69.27327397421116
21.0,28.05785989380973
63.0,64.00494059576218
69.0,59.870353350353035
70.0,65.11502456262525
20.0,30.924136118975408
45.0,47.81270052301241
80.0,75.2858044434167
72.0,64.35699334268327
80.0,65.9661167583869
37.0,38.88216869781954
36.0,46.828333425326754
60.0,58.48619342321321
58.0,54.06139919673792
67.0,71.1810492991788
68.0,67.62173288617544
18.0,27.807319674346868
43.0,44.65882162774694
69.0,67.74262772319611
74.0,65.04097950676304
25.0,29.908713951880728
77.0,68.12022335971247
80.0,65.98606914449768
56.0,59.85699394335058
59.0,64.70809441515803
80.0,75.16152782445823
26.0,37.05195650097103
73.0,64.74435947332981
19.0,22.39134811886374
23.0,23.813142188244857
53.0,50.231018362730744
21.0,22.16017058410245
56.0,59.92265777035118
43.0,43.97373997365851
70.0,66.59644413903935
67.0,54.48697815224669
27.0,30.153787784166084
29.0,30.82102344957931
74.0,61.344631282231866
48.0,50.281432379969765
20.0,44.736504611776255
74.0,71.13852729522432
38.0,46.8367966210439
41.0,35.62825208128356
39.0,30.80433926738947
57.0,65.15053449672288
29.0,29.170785635789468
18.0,24.01224238816949
72.0,73.64964911392742
62.0,66.54469396275269
18.0,22.972128545090285
69.0,51.38447205183118
57.0,62.2605259478787
44.0,46.081279827379966
57.0,59.58447411113532
50.0,42.59894355334839
67.0,39.7153545179507
66.0,68.07595007369558
33.0,29.94228523913539
65.0,69.2416858394207
51.0,60.5455415408408
18.0,26.468587018237425
76.0,54.86916183423263
57.0,57.949807113185905
22.0,22.07171703304843
19.0,27.377374834295164
73.0,62.48562108708302
80.0,72.9253415640667
67.0,50.17096602654792
47.0,30.550877667662867
25.0,39.19262438280134
64.0,61.77721604269793
20.0,28.745959082582832
46.0,52.735324925756515
77.0,70.72874713100106
70.0,56.011956458283485
58.0,65.82979594967968
57.0,62.27363465004084
35.0,34.8341164931426
66.0,60.783211235793836
21.0,30.767372937479774
56.0,53.82049794337929
45.0,37.08651509071821
36.0,29.07408482104876
28.0,25.730861084952977
36.0,44.733250103923844
59.0,59.21503853628386
42.0,58.877693890517385
32.0,39.08969159888729
39.0,33.16438274806586
60.0,58.35534393093915
36.0,42.22010848770684
34.0,41.246141220261705
28.0,40.474843767590926
61.0,63.578565023844334
18.0,36.913053082486634
36.0,50.262991889269124
47.0,58.20235979556941
65.0,66.38973260895591
63.0,54.14620440675449
80.0,74.27396351301796
24.0,27.628858314390506
59.0,46.165862195493375
26.0,31.763064630197217
36.0,43.22506045540948
41.0,56.07441124270258
38.0,46.43692941487256
33.0,35.00183607229616
67.0,47.23720321693992
42.0,53.626964398950925
59.0,52.382096237932465
20.0,41.73739560045157
23.0,49.61150097376847
75.0,73.93275252586544
46.0,41.358837422482345
80.0,54.024920684606165
54.0,56.14267956299479
45.0,63.89674535902717
49.0,35.12179124895678
48.0,47.145901726050354
66.0,73.27862333859102
31.0,27.491719754093502
20.0,25.499874877087382
60.0,53.28839167278639
27.0,42.031572848064314
23.0,25.957016584425393
28.0,30.209752995458626
80.0,77.33077626432988
43.0,43.0687952547221
21.0,41.181920256937836
79.0,70.90739053832023
25.0,28.956150323878873
34.0,31.721317283004733
65.0,74.1724769301841
76.0,71.92866378044272
80.0,75.5460099798121
55.0,52.16614807147042
57.0,66.60315197018491
19.0,33.3036993019933
43.0,60.152351832477564
53.0,61.642981687263436
31.0,44.05747404423283
50.0,45.335517883314026
75.0,50.82184209417077
63.0,58.26224388556673
58.0,53.848930617981324
73.0,50.078960981265624
64.0,67.05885981474982
59.0,39.04018303995909
70.0,61.233275630747606
76.0,66.63647858805824
63.0,68.96346040987234
56.0,50.91129012655806
41.0,35.873848997391
78.0,54.683346190521846
53.0,60.69326993041428
51.0,58.61563543228745
45.0,40.83174359576619
37.0,31.16486498575994
40.0,33.893565205640364
80.0,74.75090594873285
61.0,62.75222887750013
28.0,31.076406619016996
80.0,66.00735768403281
37.0,42.08038510063057
49.0,52.11549637253895
18.0,27.732546270667306
64.0,56.321176107390585
28.0,36.63762784345061
54.0,55.59036437481425
22.0,20.831195255226977
21.0,28.37874112791313
66.0,55.36159589321478
36.0,52.51372938903581
65.0,51.89502317884584
37.0,25.93281171763064
25.0,27.760281181276415
70.0,67.65041262435733
53.0,55.28907255215697
36.0,32.433721961391576
66.0,53.702430256522256
54.0,50.076556008142354
34.0,47.43611713920736
71.0,51.31852592091569
76.0,63.5729279568083
80.0,74.72854644560277
62.0,57.735446071716595
38.0,33.26067235864707
67.0,68.84245877708864
48.0,51.41206708586165
38.0,34.07359162517209
51.0,47.46798776224364
59.0,62.9614687993874
18.0,25.25181917069619
30.0,29.608550590467395
37.0,32.17228580020317
34.0,42.24968946529147
23.0,30.802722408699825
44.0,39.18536377981615
23.0,25.039416558989565
66.0,49.54295616117043
58.0,51.82264311400586
67.0,73.45462941493923
31.0,25.5764026480844
69.0,61.637238157539834
73.0,72.3547514835333
70.0,68.88271791976386
56.0,55.38161871177873
64.0,59.25013165295143
51.0,56.57751559564163
64.0,73.38389259682238
30.0,30.950283420569566
33.0,45.880365333298805
71.0,59.98505798368144
28.0,32.31111408566871
80.0,57.90806776714324
51.0,45.9320273953907
27.0,55.517277440264806
62.0,64.31605998981911
24.0,22.89002905908443
19.0,28.57721652215776
28.0,32.334314789323045
46.0,52.11890822321213
77.0,72.2039146742786
49.0,44.2403736464793
50.0,39.0621239802509
45.0,47.26097661124564
32.0,28.929570218995487
74.0,51.11471303358174
59.0,54.25610057803246
57.0,52.57073364148365
63.0,56.1211529069482
70.0,67.8202767937507
47.0,56.32269811216328
21.0,30.673681012068695
74.0,74.18649552939955
54.0,42.3357587644465
70.0,70.36373794261857
50.0,43.46832153573562
18.0,21.914376419359392
50.0,66.63246246590887
28.0,41.41502252069781
66.0,57.911662978406994
54.0,66.95902024894504
28.0,25.118752775721543
51.0,42.95803088790315
39.0,26.215301666400283
54.0,51.428500545131875
22.0,32.068063923391904
38.0,38.00992876387383
67.0,54.698004209014904
18.0,29.010035807455747
53.0,51.968931065325286
31.0,39.341799302771456
53.0,39.60316665085171
27.0,31.33886213892822
65.0,63.73433217678261
25.0,23.413278192905135
45.0,44.55081875686334
71.0,63.73266627111486
74.0,39.41054574348148
47.0,61.44261611580052
78.0,65.3186027933354
80.0,74.29374380462664
22.0,24.461924399844605
40.0,30.306730997746886
21.0,28.705866880621812
48.0,50.49391788663408
66.0,60.51040923105275
32.0,35.756637111906876
80.0,73.92302454610007
52.0,41.50258154845159
78.0,74.90376806605714
55.0,51.768901429486576
56.0,58.48199150355636
45.0,65.97164257710396
64.0,47.33567991067019
38.0,31.047862928289902
68.0,61.41972943241421
21.0,34.091583538782444
44.0,35.52897715228102
28.0,25.303008984522585
22.0,22.804295045653358
51.0,39.37847427641026
58.0,61.55730762475081
64.0,72.21581347415884
65.0,54.25766097889
18.0,27.651032107985525
27.0,27.60684853680282
73.0,60.56691834317028
28.0,34.166587718705735
54.0,47.62344975458096
67.0,61.13293982561977
59.0,31.396803666237478
56.0,39.35609613087185
28.0,36.64913405244486
30.0,35.10351812006825
72.0,66.3575659419726
28.0,30.02969921083816
21.0,32.545574004907955
34.0,38.834149306614165
80.0,72.25818996358613
20.0,29.42833563974373
80.0,69.28104842292811
31.0,43.41563951460203
35.0,38.15424029394703
35.0,45.74342509766312
53.0,48.48315343490181
56.0,33.243206621710236
59.0,54.74113433223849
62.0,72.80540140738219
30.0,51.54073567577175
56.0,53.99205065698584
35.0,48.97378850453057
61.0,62.20394230208406
19.0,38.81845942107196
42.0,42.51349143719089
44.0,57.35859947166498
51.0,39.38835862647918
54.0,36.66764094905686
66.0,66.24290274543435
47.0,63.337742206397486
63.0,65.15207842698388
28.0,28.544706017153622
49.0,56.94676519847967
40.0,41.096340830322426
62.0,64.31515475069973
66.0,77.20805983224582
20.0,25.938069677110366
64.0,68.3939195116956
43.0,46.60124508281346
27.0,39.77395146975189
26.0,58.63835104075971
55.0,55.287344617919864
53.0,45.996742427682186
23.0,30.419518876077646
22.0,24.430306135738316
26.0,26.259592934586134
31.0,27.87128796548701
19.0,21.16579847466538
19.0,27.853282283617705
34.0,24.217303698888692
32.0,32.60236035649271
19.0,32.55479898159818
75.0,62.70100807612741
25.0,42.11372264031007
41.0,44.348094791186185
23.0,30.594473332989846
49.0,49.66450662081361
42.0,46.97495787579248
62.0,57.26838222659878
61.0,60.887637279433974
62.0,48.6560820876011
53.0,59.30356057732628
38.0,42.857457345701825
45.0,45.31857978649621
39.0,31.58381015352997
33.0,50.25514071178396
20.0,29.384014707763363
70.0,61.82651116656705
55.0,50.175945400703775
21.0,30.72856412477839
20.0,22.489883644500754
39.0,51.41718872995901
34.0,29.057952231221282
69.0,64.35620675913144
59.0,33.93380089516015
55.0,59.97582522696257
50.0,57.333031229395566
66.0,65.10555322316922
53.0,62.33295969063131
44.0,40.01089148773315
20.0,31.56797889480484
49.0,50.66209266839097
20.0,22.70851924635417
66.0,45.19840051829272
53.0,53.923899753993965
44.0,26.918505364004428
58.0,46.517946380403785
41.0,30.149863477140364
68.0,68.74998628832238
44.0,51.06319863124575
64.0,66.7511193618982
73.0,53.52938973045773
72.0,68.95022193739126
72.0,68.51726625795803
48.0,55.02068097836835
80.0,68.5626862053594
19.0,21.44084041748147
18.0,26.18024566221689
31.0,27.316576620298427
68.0,64.03475443759027
26.0,36.733271948470644
63.0,64.46954062578001
71.0,70.68115739156718
49.0,46.4229347974788
68.0,54.06589533609922
78.0,74.47464329681625
23.0,30.641657690698768
30.0,28.322351566476115
39.0,38.55294419065265
72.0,63.1183066771498
25.0,29.943835002946056
23.0,21.160508535872072
51.0,37.70658859392052
37.0,36.46413637193817
30.0,27.457672516177396
30.0,32.455770118441976
80.0,72.14130562707226
36.0,41.33115538743745
63.0,53.235326687926566
67.0,75.08211217406483
19.0,32.20036369625151
75.0,71.46592291774645
73.0,69.68291255512757
36.0,28.85853265269238
80.0,77.20053533895953
42.0,38.004301483139045
59.0,65.32597337920664
71.0,65.10395007684781
58.0,55.74441294323066
72.0,64.24382473607848
18.0,24.418903237412472
46.0,45.86402707196031
38.0,37.61284000128029
19.0,26.232044015748002
56.0,49.88553740358872
23.0,26.80578641203605
30.0,25.179208098673424
49.0,43.20745032298446
23.0,39.565330009928154
38.0,31.480231080257273
24.0,31.78552746192752
27.0,27.965260738060525
75.0,72.35239474968381
58.0,65.83304452788506
54.0,70.57097392241393
32.0,42.631660816943516
75.0,72.90373699606616
50.0,34.45244558057309
22.0,27.158417503976935
32.0,30.417322694528956
65.0,47.67366273181967
70.0,63.466747653140445
52.0,62.56165119037847
70.0,43.67470019490237
53.0,48.99549794357213
25.0,30.330243366261367
80.0,76.88535611458444
56.0,53.62815083087922
40.0,26.417162855676857
45.0,39.45707806429249
64.0,59.56249092873467
58.0,58.64507856847961
69.0,64.3818778799794
80.0,69.04504756083348
18.0,30.321004975557166
53.0,52.3871779317085
49.0,30.581854541157977
51.0,72.77486900466678
46.0,52.25959201990154
58.0,57.29539563569172
32.0,34.641988778274964
80.0,67.26097246155781
63.0,61.32945871112913
59.0,52.47784741411727
19.0,27.18273225592408
49.0,39.26350346207214
45.0,52.36196948349396
30.0,36.14337831640632
62.0,58.78021026214875
67.0,69.7216182991794
20.0,26.164431427415142
38.0,47.93747369763424
46.0,50.83636761417071
23.0,29.89981902621605
25.0,29.396911726718145
62.0,71.73339401747741
59.0,49.90722806348878
38.0,50.02344447444925
36.0,38.00800303137779
26.0,45.13551758664084
18.0,28.035627731676605
22.0,30.123537621973377
62.0,47.43663510682319
80.0,76.81801863387689
43.0,30.416041031447165
21.0,34.03732957206931
28.0,28.91646432951885
61.0,33.36125399911914
22.0,40.95913001987677
61.0,49.4942242364551
38.0,41.521876686354354
71.0,48.538353196663174
47.0,54.64240484345262
23.0,21.81792116811014
31.0,23.92657229095191
60.0,57.806468282666
49.0,33.841929871234264
26.0,25.03675152691278
26.0,38.39997424882891
21.0,36.6605237910081
23.0,26.2034488875496
28.0,30.710025445240994
45.0,40.59382021544584
68.0,66.0221125953186
59.0,50.29611626254169
18.0,33.20825730814598
32.0,42.80807873916101
62.0,68.71863695363932
79.0,61.908333963735544
42.0,30.770356835846222
53.0,44.94084794519078
18.0,28.132526858065834
80.0,73.81281651870044
60.0,73.10419833874904
77.0,67.47486314814736
71.0,68.46223842569154
46.0,57.90645766962601
80.0,74.26673336385515
62.0,61.775068185101375
54.0,34.76505647184396
70.0,68.55183840076462
32.0,38.175998547405385
71.0,65.39427727251771
74.0,67.03270273382398
33.0,32.189316811091956
37.0,35.288867282156524
70.0,52.67570412398676
50.0,61.550367830941994
40.0,37.30714219463603
73.0,67.14149023209391
55.0,53.15204598717901
36.0,35.06331117628747
26.0,32.76278719561825
64.0,70.10902190897785
36.0,27.85793940516827
63.0,60.963393788617005
55.0,54.927606381815295
66.0,61.48182516054398
32.0,37.815439892882715
58.0,42.59076967066219
60.0,38.74905347034017
27.0,24.931502711996508
28.0,40.61905493258359
64.0,64.40968621675887
32.0,36.050848118024845
67.0,64.95760720675774
65.0,65.56479352684045
76.0,74.09726000932613
26.0,22.96817558373872
22.0,35.0142460021181
26.0,48.95541288735769
42.0,24.2073773138617
66.0,72.17341073101181
64.0,64.18551588492052
36.0,37.12793193478617
55.0,48.28699076688635
60.0,54.11259451829872
53.0,57.21624784316109
50.0,43.19821802995414
41.0,38.18893016499387
39.0,45.595762631974075
45.0,30.110927472803013
52.0,42.9149767946844
71.0,69.4364109329024
25.0,38.512836393203294
18.0,44.5641120803317
46.0,57.34565357853432
35.0,41.811729328183226
37.0,31.817534346524663
34.0,33.020250421050356
24.0,40.42667279538014
63.0,60.89485748266148
33.0,32.39392915968543
38.0,43.174039657013616
69.0,61.1545554046707
48.0,53.95951487549152
25.0,28.991488040717968
69.0,65.53876798296172
46.0,48.52245270599306
46.0,55.16310789824158
77.0,74.88382047023363
59.0,44.633743434543454
29.0,32.474079776817845
67.0,67.2893207855798
33.0,36.44287418997728
52.0,55.709507902987646
78.0,72.46956988062345
71.0,61.39920546812561
40.0,55.92937037969391
30.0,37.49895345810159
80.0,61.05166589300822
37.0,37.37582200791945
80.0,51.32545358101026
36.0,39.38676365272332
28.0,31.80819694427167
24.0,26.540288637323624
63.0,56.33085062221151
78.0,59.03623756153634
45.0,47.145231013087866
33.0,31.879674069772367
38.0,44.493762036841936
48.0,48.426003398896704
33.0,54.39768687624052
24.0,37.66622495684215
69.0,74.03528676259758
76.0,68.84516820934216
30.0,36.90278876936997
45.0,48.04654185573252
29.0,31.58252742535093
27.0,29.43219634900999
38.0,38.544894895806245
63.0,59.37688504340278
55.0,54.42825481805689
56.0,68.54175037874413
42.0,35.51426726313642
35.0,60.225304495985895
40.0,46.814412078327116
62.0,67.22356349340012
35.0,37.11177944872821
20.0,24.001846860410947
54.0,48.10417476370085
71.0,71.19345426246831
36.0,50.72587812046842
67.0,49.939619561969685
31.0,53.96997288314995
30.0,41.99473695208843
56.0,55.438510735747876
30.0,36.43397292885979
62.0,50.50337080113638
48.0,33.67767560733726
57.0,43.59623637351567
31.0,43.96448785043524
51.0,51.17645925756823
51.0,44.99423098292949
65.0,49.01797769155549
68.0,69.51515566837895
66.0,68.01536923448835
29.0,33.27889905957447
24.0,49.10360898954477
50.0,43.48316860457326
43.0,40.53496096267533
67.0,39.520965443594996
78.0,70.23338189106232
74.0,52.78122943042478
76.0,68.87928341530272
53.0,48.58927852478275
67.0,70.8953665621838
54.0,36.3409654623558
67.0,56.15672899768344
70.0,68.91025366008367
20.0,22.64043797309253
66.0,69.03590827161723
37.0,40.049079827744364
72.0,74.28927721734583
49.0,35.577734959760676
50.0,56.43946378743479
80.0,76.69168109150752
21.0,22.202401415668092
71.0,68.94809685588599
62.0,62.61626669839819
49.0,40.369709992891806
57.0,50.130911135329285
80.0,76.02261124461094
62.0,75.97898873704519
80.0,63.59378150731653
37.0,43.52639737051917
43.0,48.721838375179296
75.0,66.6122400207948
56.0,49.46216152389213
30.0,29.913430224259834
79.0,70.08222103574045
34.0,41.000080970889485
54.0,51.27053363361299
19.0,27.42155169663655
40.0,46.37834412873595
59.0,60.7935022982289
41.0,32.93187373078545
61.0,63.83008669596629
36.0,39.74569833549106
36.0,25.855774233133502
60.0,62.04191882320216
66.0,66.03419589004999
52.0,58.23818925337329
45.0,32.83940644647375
66.0,53.4486575814019
50.0,67.40264767485183
43.0,59.51261998375848
55.0,58.41875839884714
80.0,71.32390970876222
41.0,43.89840177768315
61.0,62.50707358972565
45.0,62.642142152946406
30.0,27.509829606560906
71.0,71.38739552861446
26.0,30.728969114180256
38.0,41.978577942309904
80.0,74.33897875477675
40.0,48.135177384314574
79.0,67.24287804633435
59.0,41.82604503490582
24.0,26.88702157032096
66.0,60.9392172976481
80.0,72.5612657626403
51.0,43.16045098572763
65.0,69.18078896047207
37.0,28.42549155097116
75.0,71.1060831123344
80.0,67.72452033973504
43.0,36.55192469432917
74.0,74.41040367036929
22.0,37.93825974776584
56.0,54.061526995088435
52.0,37.95117449200918
78.0,64.02400545566393
64.0,64.83509499982316
80.0,74.25405188270935
54.0,58.533635239575005
42.0,47.618512322383076
66.0,64.51050574547969
35.0,37.87657377908239
54.0,48.69182525798936
55.0,72.92039001746276
44.0,32.0197988897957
27.0,32.52014689192557
27.0,43.29453249895038
47.0,70.60928699381864
79.0,71.67272882654642
41.0,31.98558796249937
67.0,62.46355718294286
44.0,50.00632540965694
37.0,29.81980698309623
43.0,33.00353202969789
60.0,54.380687436770096
68.0,57.67061790282559
36.0,42.702312433083854
31.0,33.40438282176422
26.0,47.96654381549425
28.0,29.53174352025388
79.0,70.35403156025438
70.0,57.084253735788145
61.0,48.60286215279782
70.0,65.11729715307541
42.0,37.355470682004615
55.0,52.2648061365763
26.0,25.93286027756543
80.0,71.71462219193415
19.0,27.76529673570971
22.0,62.68520635376221
63.0,63.72936740028527
24.0,24.124884466185232
35.0,31.082825618239532
33.0,33.63615790749904
19.0,26.14436549468984
24.0,60.441128147606626
50.0,64.91352391873204
18.0,28.277502401865362
45.0,49.77301671071289
38.0,30.651516809168164
70.0,67.90209087103229
73.0,69.10602358096232
69.0,63.8142813573156
61.0,55.54598616143324
53.0,57.93536783019985
61.0,64.425709604384
43.0,54.33715679848902
68.0,73.254506764516
25.0,56.365061144477956
46.0,34.92267774201044
52.0,54.23662203412187
41.0,44.2674465834579
33.0,65.4394698709138
74.0,64.65698901382365
42.0,62.25157523271294
52.0,44.05224673523034
54.0,49.10772707356513
46.0,47.818197128793685
33.0,34.90247255343904
38.0,67.66353512032934
42.0,44.243125264274575
30.0,24.550047561921648
27.0,36.428700754960346
73.0,72.64185390687476
54.0,60.48333430742949
62.0,54.92499824497476
29.0,30.638502893066924
43.0,49.502660373569334
31.0,24.144613531938752
65.0,67.09636146205406
28.0,30.565000046774717
45.0,44.91821545144744
48.0,57.708334134450816
35.0,42.780077209132315
80.0,68.70181384077276
25.0,26.566512071976035
49.0,46.624085785946846
27.0,28.737986286836673
55.0,57.73852019226541
80.0,71.99322492667281
23.0,23.48850970884403
27.0,34.60476902348695
53.0,43.57303156554793
43.0,49.40608763809727
54.0,43.53998045463971
66.0,66.08581969282291
60.0,70.69032742012571
74.0,49.784214855328585
74.0,60.97701022799401
34.0,40.0658302678313
51.0,53.57335299391511
80.0,67.80140471179234
37.0,43.75740472980435
54.0,41.702831626377574
24.0,25.93875099223328
47.0,55.09826185455556
39.0,40.72836819274389
19.0,24.719717748952203
30.0,52.811150165986454
42.0,36.74179834111454
52.0,64.07820003631296
66.0,63.33660476221878
68.0,68.61290101127476
34.0,38.90797722300778
36.0,32.946886335626246
20.0,27.216548367901147
19.0,28.092892589706995
37.0,39.55652761450654
54.0,52.624242487806015
80.0,74.70321581046522
24.0,49.75176027098229
28.0,24.21173484547866
22.0,27.427250740845853
79.0,73.13566985986915
49.0,29.204048566309808
45.0,34.74621204157337
41.0,44.83813614655459
30.0,33.13698131574558
63.0,75.00955821616148
21.0,29.922952134761047
52.0,57.41365175565023
22.0,24.425296148132762
69.0,69.22934690509324
36.0,44.821626568937326
60.0,53.829450867634044
45.0,44.414431649487994
60.0,68.4083728852242
43.0,37.42631037714905
60.0,58.04611324972223
74.0,52.92605107025407
67.0,61.387165618672356
62.0,48.02121726165131
31.0,30.67106338050162
22.0,27.332858678536518
50.0,53.0467845809865
38.0,41.14075001362607
68.0,62.08964994086224
44.0,40.90299426247021
36.0,45.550960095242836
49.0,50.68187733411891
28.0,23.79660312295966
18.0,20.42891546103566
34.0,43.3419541404785
37.0,31.498474167319554
78.0,69.96390354307597
72.0,68.51714932618381
51.0,43.74975938091293
47.0,46.63502569655793
28.0,35.404618290098036
72.0,59.33943143129591
70.0,61.13843993832882
19.0,22.52006018674954
26.0,46.22557877161758
71.0,66.17312817665739
55.0,51.52334907051508
21.0,25.440261210446792
41.0,53.07960378783485
44.0,33.30703582524173
46.0,54.24302664518863
53.0,59.50244969750716
57.0,59.53751007683897
51.0,64.62439027739998
46.0,47.32702875416819
46.0,44.68722950330514
62.0,66.3686671917189
62.0,44.58905513023029
45.0,42.498591770029634
33.0,43.841751783939465
64.0,57.09218281177062
61.0,68.86287849863696
58.0,60.258060611880474
50.0,60.97768047016712
50.0,50.67759445599972
18.0,20.777592866598344
48.0,49.63395796696954
33.0,38.52512231709996
18.0,25.739988526708245
61.0,56.060099600745936
80.0,71.1780959621357
51.0,46.12207775669671
35.0,36.65411245787978
31.0,32.6478799598952
62.0,53.97127068920976
51.0,42.90381844343094
80.0,75.05878634000912
32.0,35.16428074202712
67.0,59.57629548187225
67.0,64.37075567775246
44.0,48.50728063839193
80.0,74.52606797514737
74.0,76.81224806555844
62.0,51.517878417279164
54.0,63.9921331072966
22.0,34.137385444613486
60.0,59.218962267595344
68.0,75.4014512775016
23.0,26.80397729443501
80.0,73.34311400121189
42.0,62.27536941022169
46.0,42.21822730958404
71.0,67.49874615609667
70.0,34.8104063020588
45.0,41.585254607734925
33.0,39.72407399438999
66.0,59.38107230205024
19.0,25.76645713066568
80.0,67.01960000013051
26.0,27.737419703404097
67.0,73.5796271861289
37.0,37.664336785334676
56.0,36.48438309292535
80.0,76.35583560383809
31.0,43.387010253158714
50.0,57.79534090493021
48.0,41.32611298454565
41.0,43.8383733538658
42.0,40.66285099904465
29.0,40.458516925263076
40.0,30.456675178677465
29.0,51.06067799837311
18.0,29.201998400882964
55.0,65.38656021564165
50.0,51.68808719444903
29.0,34.38569697039226
42.0,43.12829431818744
46.0,46.79910878006444
62.0,61.141216026692135
52.0,34.33108653121124
66.0,75.78676579243586
18.0,23.532152118200116
57.0,38.085492781431924
80.0,70.36899065016023
42.0,36.218299147020666
43.0,39.176040368333
20.0,26.52568982092397
67.0,55.242807011020425
75.0,51.285405376709825
62.0,71.1956624143156
75.0,56.923402282934745
43.0,33.0091510619436
24.0,37.504769869474536
54.0,63.40271074892804
49.0,44.94985319575462
58.0,50.95533952749863
66.0,68.61186145331561
22.0,26.50341570122833
36.0,35.39130522406409
61.0,57.43778377165086
59.0,53.89163469326075
51.0,59.29256292854631
50.0,56.075751693416485
76.0,38.80076422986868
32.0,29.691558571293257
44.0,57.62197354717899
20.0,28.354400634310373
69.0,55.46837219921392
20.0,29.422184530583873
53.0,56.30116835734786
62.0,65.60095310543409
29.0,42.763952589366546
47.0,53.973704450292004
55.0,42.98595339499681
59.0,65.97096687622943
32.0,54.2714639607756
32.0,47.55489489298066
20.0,28.599884251484262
39.0,40.761361607184455
80.0,65.07938390840596
34.0,42.41262240347774
34.0,39.17393011365879
77.0,75.0008116978832
34.0,27.628340699606152
35.0,26.748409919272426
69.0,71.20921001985778
38.0,40.96127304672093
42.0,40.38951963018285
29.0,35.60286896489214
48.0,44.51616192517391
22.0,28.670644706177242
22.0,24.906675184213377
72.0,60.66533343700474
57.0,58.4972334784768
36.0,43.58825532047117
70.0,59.84249791437465
53.0,56.023138256554084
29.0,31.39434193944443
61.0,70.89994655078225
76.0,74.0385537608527
34.0,48.31986914765198
53.0,53.95032343748981
50.0,55.45824909763405
45.0,55.14763629806265
21.0,31.544186143154537
38.0,51.26284595909001
57.0,37.97859691127724
40.0,49.69198141083079
40.0,34.75082808618014
21.0,24.762237263144296
70.0,56.8360295843799
28.0,27.39461395301399
34.0,27.470066246296753
54.0,61.00449420116348
42.0,27.576971096078022
34.0,38.52348264540843
57.0,72.67605869882355
26.0,38.64410376688899
75.0,60.4449311801921
18.0,27.611299541615725
36.0,31.721005657706463
52.0,43.57151888670091
66.0,63.14080690841606
19.0,26.277602077611146
18.0,30.057449741083097
66.0,59.236559809599164
50.0,45.08122794447894
80.0,70.73656370632773
41.0,49.13249869771684
64.0,59.78841502384454
55.0,53.67389348206173
76.0,65.47253036530918
29.0,43.598523204150204
41.0,27.412566667818478
32.0,31.53550531104188
76.0,54.96506686821189
48.0,63.20474466015741
67.0,61.251168874443735
80.0,74.69868257921131
41.0,43.55790016431228
37.0,41.834872129344085
59.0,56.67462944922721
26.0,33.61249532084733
34.0,35.78898618706079
47.0,43.883743638319636
65.0,66.03636431692507
26.0,43.400981633538066
70.0,68.57197322667281
65.0,64.28717827276259
37.0,28.60071868383256
80.0,66.84572251599657
69.0,73.18805435053109
73.0,69.90387874149454
66.0,61.74215079807992
56.0,68.01109957950618
77.0,67.29003526301705
80.0,67.15149366941813
48.0,57.77691440508625
55.0,53.26796627103633
24.0,30.602643719372182
43.0,42.174043380085
63.0,64.90615299196025
19.0,25.41803379867978
23.0,29.78220353881561
21.0,52.80371018075422
49.0,41.564390710852265
48.0,57.72995561034604
29.0,31.23709725854537
62.0,57.65167546734078
28.0,30.281889709761046
77.0,68.76274590841294
18.0,25.68126505396916
75.0,49.06438962231664
37.0,29.243977917185102
60.0,63.68537512247506
34.0,38.780635090139015
19.0,23.634491681437986
35.0,33.22968782677027
18.0,23.94672368654557
21.0,29.58820698893286
39.0,38.95133455899631
37.0,23.980281969373422
54.0,48.73530276573878
39.0,45.61017819074692
40.0,32.80363010345771
80.0,70.69374827921108
38.0,41.95620596076655
70.0,65.91444499547706
66.0,45.52124323740407
57.0,61.108340902939325
19.0,23.032617832434923
73.0,71.07854407697316
71.0,64.42435900447991
44.0,44.88042619543538
63.0,59.967481832578535
61.0,53.677255439638756
47.0,45.76365897437816
26.0,39.768620916356724
34.0,29.044347386617154
31.0,22.584667948406487
80.0,73.07081874213472
24.0,38.687302020698986
61.0,63.15448740426392
80.0,67.24682500406884
21.0,26.666765585493817
39.0,54.395970758367575
60.0,59.06181611302038
46.0,39.719188312327944
62.0,60.64386180420389
43.0,37.03297921022577
35.0,29.33234037855799
24.0,35.17871870788449
72.0,63.72604830669025
55.0,63.97305331408746
68.0,52.34877139618833
33.0,37.158346331328154
48.0,65.2671841522788
28.0,37.95734166439296
64.0,61.859040837536206
62.0,61.868885081402404
80.0,76.10717850793635
70.0,64.09445569702727
80.0,71.25560662131673
64.0,52.63575154884022
36.0,31.72109721268032
47.0,51.87507558222768
80.0,64.30329657210565
58.0,54.53193607078904
19.0,28.431098827970885
28.0,32.25013322728708
76.0,67.5993177206545
50.0,39.12072893529299
69.0,58.262777841067006
50.0,33.427441455820514
80.0,72.25015624056927
57.0,63.2028026452406
45.0,36.535922028768944
40.0,41.104434117678196
31.0,34.375914113987534
79.0,68.777063837287
46.0,29.442991992478046
56.0,48.27032659268352
18.0,23.60230105043813
53.0,45.64003039958607
52.0,60.73234081007949
34.0,39.964541653178706
28.0,36.25799122313157
28.0,25.93225872485577
33.0,40.51185906879452
26.0,39.769367305291745
33.0,32.78545183567287
18.0,29.132986892772454
50.0,45.31588691476753
69.0,41.17251660370814
24.0,30.712368643955916
80.0,72.15610805581467
26.0,37.298561525214616
19.0,22.208389338276856
28.0,33.12321069107802
62.0,53.65052958930469
43.0,50.4007360750227
19.0,27.594855985755544
70.0,66.20116012257147
41.0,35.75210750629295
34.0,31.477931384503037
70.0,69.80300691608376
40.0,35.61319594956857
80.0,69.03679831285865
37.0,49.017334667822325
51.0,39.97960618776791
80.0,61.748654751839965
43.0,63.653912671054016
73.0,66.36717089314043
53.0,49.8931341229761
39.0,41.2517221899769
35.0,45.12821751894401
34.0,42.194743714032654
71.0,66.41330164190519
53.0,57.102524433275306
62.0,69.0690735319618
30.0,24.357673146699344
56.0,45.930056918984576
48.0,46.02790656708579
54.0,60.273612163934395
48.0,34.55777342031212
72.0,72.03178905453419
62.0,48.547337052618104
45.0,46.91174395652791
47.0,34.67711276191534
61.0,59.35147087137532
19.0,32.3891508045929
32.0,32.28871472567764
18.0,41.832775490408615
65.0,62.65929692814886
37.0,26.688574688840355
31.0,32.188708366686775
36.0,41.78145879799174
56.0,47.14195366768843
69.0,59.49483131583695
72.0,67.39694536391723
19.0,28.906286031189936
59.0,55.76348097273024
42.0,31.602604610836316
76.0,62.193274262129826
62.0,50.55188459249906
44.0,42.42758327125816
74.0,55.22434975998691
22.0,29.21077707362044
43.0,54.79051604880283
44.0,60.46641093079822
79.0,73.80943955935429
46.0,41.345678072366844
42.0,40.64956106196192
53.0,55.291544584184805
48.0,54.80615951002458
68.0,60.88030686423163
67.0,57.934062304524716
18.0,29.58325666916867
49.0,67.02912085614408
60.0,52.26393377050141
80.0,61.138074621529334
46.0,51.951487386783995
52.0,65.25718151823648
70.0,44.67015572811371
42.0,60.55827833033745
55.0,59.84078982440825
79.0,71.47494802896621
21.0,28.45815310924508
26.0,33.49824555227054
44.0,42.60240464333794
80.0,64.14565083651539
65.0,62.23226856042331
76.0,59.05472782312085
21.0,39.38597584977009
36.0,28.523367684419128
45.0,36.64393420786466
33.0,46.98669120277739
65.0,52.99629322627422
21.0,29.758478412095297
41.0,44.453150584244575
51.0,38.321991333547714
22.0,25.851379262811136
60.0,66.84094145683251
45.0,35.76091794772862
70.0,69.16619147286758
31.0,32.85265898685066
44.0,41.35982267997965
44.0,48.732969154953814
29.0,32.023786671314944
18.0,29.724136058096356
28.0,23.652377172452542
48.0,52.95547642094481
55.0,45.3022123293388
43.0,66.69626539601957
52.0,57.135519856265766
26.0,33.37069879263204
29.0,26.813648025422893
34.0,39.563884042885476
59.0,48.41460686139813
21.0,27.339446298712918
76.0,56.486676453033645
25.0,28.952669533416582
68.0,71.15795535351407
72.0,56.17758431805176
71.0,67.6635907018698
58.0,56.1101215420135
36.0,62.63958044292413
19.0,27.33271010720218
28.0,28.025187445447827
61.0,59.27073968572512
42.0,48.60649166208652
43.0,46.82204787695186
60.0,69.2237717941417
27.0,40.06304092453088
51.0,46.69131745472575
74.0,71.11882138879498
65.0,67.07333954214188
62.0,69.66059436297748
55.0,55.55545941866643
73.0,76.0260890417364
24.0,25.137053808895693
80.0,74.86345717884913
49.0,48.25764674407202
44.0,44.138893122452764
21.0,28.237601415620023
68.0,61.3242370542558
80.0,74.90977558996359
79.0,60.53866097287509
21.0,40.850228283302464
25.0,24.994903445005818
80.0,73.41604066106477
37.0,41.815731880960186
31.0,27.249029136677468
62.0,42.56734723147062
50.0,55.25244178742095
59.0,49.2231048617492
74.0,56.72890378531517
40.0,41.84569791617694
67.0,63.91102653367882
69.0,58.8676117187642
43.0,58.23213227665298
69.0,61.10005721762696
55.0,46.651714350814984
52.0,55.109979820670354
60.0,51.2089518718235
73.0,66.89945479102103
28.0,34.964926653025174
75.0,69.11111003293445
41.0,45.12017600243205
55.0,46.678432776145236
47.0,46.13358314822261
43.0,32.588504619468814
78.0,66.6970363796326
75.0,66.80644480341797
62.0,66.05108132283998
60.0,41.04257342231735
29.0,23.886503525181755
27.0,33.5090815792801
72.0,63.14682632837617
18.0,21.502493088729253
78.0,67.12920346905558
23.0,29.230583046511686
21.0,23.113552020100254
80.0,70.21608180220247
47.0,36.88261746159962
69.0,64.73051943452208
38.0,34.17192566165445
49.0,53.57411759960105
34.0,53.417270561755
26.0,28.291584206417703
77.0,70.5605987197709
42.0,48.97156177334022
76.0,71.6419494728376
49.0,50.9468607881421
48.0,58.952421616552876
53.0,44.569595597657326
45.0,38.136255230025476
32.0,28.948297642730687
52.0,50.83808675174376
46.0,33.815334796340636
59.0,43.690032003451485
34.0,27.883201465011695
60.0,63.573000116016544
76.0,72.67800699325672
18.0,28.29717704685282
67.0,66.00715472641221
33.0,27.37582518707087
45.0,54.81839788646146
18.0,25.24161156539597
30.0,52.129990803802556
64.0,60.1996533165938
73.0,35.59185417280341
24.0,34.00175521855948
49.0,60.883962042491184
60.0,53.288558229882135
63.0,49.22397942073117
19.0,22.818646161351122
61.0,56.45030009225279
60.0,65.08317475672322
32.0,39.04463077558003
45.0,38.663907407248004
74.0,74.07593235322791
70.0,72.24250354127605
73.0,69.66659614269152
37.0,55.74794926225017
74.0,69.9839071217046
53.0,44.57446521470895
63.0,59.57717019116034
63.0,42.06244460183451
61.0,53.87264188514431
68.0,62.25316409439854
61.0,44.72703357907433
50.0,50.548513711092276
26.0,23.83436360025041
63.0,64.10446442627392
56.0,56.70698577081246
20.0,31.6483709558795
80.0,72.30842523863677
27.0,32.45977788697516
59.0,62.96431381016174
62.0,70.82988965571451
25.0,23.10113741480083
34.0,44.55126417886465
52.0,38.0073496482364
55.0,57.79036513157987
39.0,34.11472992902875
80.0,76.75138228282205
70.0,63.502561843210266
31.0,36.77701567573863
46.0,44.45212100615517
37.0,38.64097067351551
52.0,59.5198420367735
65.0,64.16080513787742
42.0,52.20786682976215
77.0,52.14722727632144
18.0,22.109960137327352
60.0,66.75474341967679
50.0,50.91362897527233
52.0,53.8774675372207
76.0,76.8777618613554
46.0,45.02046581205231
80.0,73.7203487469293
70.0,48.3571762775767
80.0,76.53587502203597
64.0,69.27243085827537
53.0,50.62075324479913
64.0,48.627240176493686
55.0,59.87192669822943
59.0,62.99115625291672
59.0,43.383061704882614
20.0,27.881605983257515
50.0,61.61268673087183
29.0,42.54732446944585
37.0,28.42338195194712
54.0,47.91482551967488
38.0,33.69422570071896
40.0,31.207330287340707
51.0,38.991216997044695
59.0,53.11821481746743
66.0,69.3059746437101
55.0,49.91260579453055
60.0,54.70528346735784
56.0,49.74363229678242
25.0,28.049821512069798
46.0,48.91415688264913
56.0,61.4550940135811
63.0,54.0366322013677
56.0,49.406420361779546
43.0,44.49717545809266
45.0,65.26119376299097
23.0,23.140109355078398
52.0,60.48250044706122
46.0,32.444405220584976
80.0,71.46525354389647
35.0,38.028154194593704
33.0,34.6334817192301
63.0,60.06776368607368
80.0,60.52066240668641
47.0,58.42877895117174
50.0,49.316887834507114
48.0,61.55580545257313
80.0,61.009794420584846
19.0,25.01533632807756
56.0,58.32564106090844
23.0,33.33134566897584
32.0,31.717269258412585
57.0,43.5712160791285
80.0,71.15394279174245
76.0,62.22009392548553
64.0,45.55160060244134
66.0,59.20253991559073
18.0,25.596713416024034
60.0,49.20181030149045
56.0,59.1340266388018
29.0,42.39015928008149
21.0,34.19420395355354
49.0,49.413235541391174
79.0,75.866631677036
44.0,56.14318652628977
71.0,58.25397732016235
73.0,54.39748152819737
19.0,26.97774701207491
29.0,48.61648081852977
37.0,28.825100517556717
80.0,66.51696813057902
45.0,50.11312551893012
28.0,26.941410215852585
30.0,34.78887722865584
50.0,56.75291205486161
26.0,34.65752588940929
52.0,37.69914452030825
80.0,73.61251570654055
61.0,55.76455728022816
29.0,41.96499931490549
57.0,61.59013770860657
63.0,59.78515691939463
40.0,38.41396861031532
61.0,50.24995845005667
24.0,44.313471588929524
52.0,29.13104977364344
19.0,27.474983021923
44.0,38.14660897581078
60.0,58.47100323147066
49.0,41.82737518336221
50.0,66.5114972235967
64.0,61.802692501159726
80.0,70.49679426827822
36.0,54.393577321785834
29.0,43.03068523619891
63.0,63.29333180890419
61.0,63.8286762608239
80.0,73.33231548060792
76.0,64.99026046744109
46.0,51.021930122189424
71.0,59.64141962994238
56.0,49.53332421137688
32.0,27.846519168819945
27.0,28.435039510064982
32.0,38.27568576648077
61.0,63.29637491412574
26.0,24.50662534275554
62.0,57.99200092170485
19.0,29.006946708720953
20.0,23.341926382893934
39.0,37.67081824966201
18.0,25.555061108606086
59.0,53.55865518742229
78.0,50.35902191368545
80.0,69.79037927709271
42.0,44.787710108789746
37.0,46.816533489638815
72.0,55.76550856174143
75.0,58.51856498462922
77.0,65.06990652009907
40.0,40.85911752358788
43.0,55.422251728118205
44.0,32.14893895874582
56.0,55.337017466183454
73.0,73.99354673606615
55.0,40.997153971636344
46.0,38.284189990470296
73.0,63.81753804771723
51.0,52.72365512451569
44.0,52.781311274233396
28.0,25.76697571156946
22.0,24.243370903222402
60.0,48.84017383666768
60.0,58.40707806779009
57.0,45.5121142845669
69.0,65.04703930825725
59.0,58.61753290104888
22.0,33.75162890252507
52.0,67.74567938982982
49.0,47.76461334524281
66.0,60.27754300658503
80.0,65.27532068100783
30.0,38.74350124025234
27.0,27.302620453716084
75.0,63.56752695562628
70.0,67.34116993151174
28.0,28.2960369282348
29.0,32.709686094616465
77.0,69.3468179408689
64.0,59.020169021104074
26.0,22.452233045487034
49.0,45.091866554726636
66.0,61.29633671164817
23.0,28.833624225993386
42.0,37.52327969453603
50.0,58.078018957060856
72.0,59.22771529766772
66.0,60.86434160769552
49.0,52.321039658257796
22.0,34.05954234420128
27.0,25.221436292568132
50.0,53.62874386369672
47.0,54.60595377317327
68.0,74.29474524053781
37.0,37.267132712918325
34.0,45.78588486145954
36.0,33.39431221639009
52.0,53.928669653900585
27.0,26.7304944665065
22.0,25.71732871357175
35.0,43.60142972776932
26.0,35.996926717486794
59.0,59.633514969187225
62.0,43.76656693588045
45.0,47.843772615184534
68.0,69.65606741577344
36.0,49.877634838294945
64.0,54.995416104643716
72.0,69.41077099169442
28.0,30.24277145999793
64.0,68.67618736141462
34.0,27.6458835309088
37.0,34.33124921925664
68.0,46.59491157180521
69.0,54.103943622093
61.0,52.712956112715844
77.0,73.23340914932832
23.0,36.566146756621485
31.0,52.08569621744341
43.0,42.0990562997878
18.0,29.72158165680531
80.0,76.94767604565737
75.0,64.52153433824529
80.0,75.50470955404296
21.0,36.53725282137353
74.0,66.82822969463533
21.0,34.58758977898671
45.0,41.68503928882765
20.0,21.758701105359034
77.0,65.9469976091485
60.0,57.74293773586669
58.0,65.08309467451511
80.0,74.20101954425483
62.0,70.7322649547091
45.0,59.0618987561056
18.0,27.198999402177723
69.0,68.74208627777061
28.0,34.27627532874696
72.0,65.9971387532869
57.0,66.76413599268422
66.0,69.0371615504652
69.0,66.39645168212715
24.0,25.202178349342216
27.0,37.486373236709206
62.0,66.2338437532018
78.0,72.1217544104047
19.0,24.30244693145609
40.0,23.15354099500003
73.0,73.30750618418143
63.0,61.4144909086317
52.0,58.3656044143379
44.0,34.92515071719301
76.0,64.65021245945012
80.0,70.64092804764705
27.0,29.158719787992727
42.0,42.27967129034712
22.0,32.01297557441885
69.0,59.927370334768675
21.0,40.089994040918235
23.0,33.849997997546154
45.0,34.191880696444336
36.0,40.76979282925029
25.0,33.02313263110147
41.0,53.77434277290543
72.0,63.835725069367946
38.0,38.41639034452652
46.0,37.702974973486235
37.0,27.85688605921176
59.0,68.00073693481464
23.0,36.07773437209425
40.0,47.8015245706321
51.0,52.984748440928406
25.0,31.900789617043802
59.0,55.35967107324313
46.0,33.11761223505566
34.0,29.394098580704036
45.0,32.359897239306264
32.0,32.8720282051138
27.0,38.98848392730418
29.0,33.07759703735619
60.0,56.557169197582496
80.0,70.19369858757216
56.0,62.779659214477235
56.0,50.85486496767496
61.0,57.06731741291531
36.0,49.41372315485959
64.0,59.045375047771515
18.0,20.923014728105418
61.0,47.81689082855684
41.0,45.44923047644864
34.0,30.65883817466586
49.0,34.60152722536523
50.0,51.78097997540742
60.0,53.48592834364892
27.0,41.82099263244257
80.0,74.51433421120382
80.0,64.95214828364266
62.0,41.361223512159974
22.0,26.20683587347098
80.0,70.64704140454464
54.0,55.52104501060708
30.0,49.24721084718739
50.0,43.15494417413242
50.0,42.63170690357498
63.0,70.38441441850192
18.0,30.076264757292357
39.0,37.59269594481223
54.0,61.711547542507354
32.0,48.64245247201455
46.0,66.6433077526936
18.0,22.52281963713348
20.0,23.127415442653774
34.0,40.83333684236203
22.0,30.004337770968412
22.0,28.800735689053514
25.0,38.99746455663302
52.0,47.845991813162385
68.0,67.74858183133095
35.0,28.81698514668463
43.0,55.75919991904597
42.0,54.998399249627845
61.0,63.012549936137106
43.0,57.136035220664745
56.0,50.85750553916545
19.0,24.943710995101775
63.0,49.924904789476
61.0,55.899890662871734
37.0,32.663593380384675
33.0,47.78383308267186
78.0,73.27628744541798
69.0,64.82816929988745
74.0,59.72772553048412
36.0,40.33833305222171
37.0,26.51311675107752
50.0,32.05508867452431
49.0,50.03309708427956
30.0,31.665785335355263
68.0,64.72257349103975
35.0,30.110460580244734
80.0,68.72602458290014
18.0,25.83045270726596
34.0,37.951362783790614
56.0,62.90837198608282
57.0,57.2471951979977
65.0,58.69783855761293
75.0,61.27107537190059
20.0,22.9922681625116
66.0,50.45117225451176
36.0,35.245239515407874
25.0,36.565211173468235
26.0,33.01851829050639
68.0,57.310699948961826
18.0,28.88216201088918
42.0,29.755389963932643
55.0,68.46501836719028
47.0,60.525661684343795
33.0,40.10664468954244
18.0,35.268452681003076
20.0,30.95871860571053
21.0,23.22530856619161
30.0,33.94096043973729
22.0,34.74968082967412
69.0,69.96062294285963
46.0,44.73708331852922
28.0,32.2889759838087
57.0,53.50912984571742
37.0,43.36301564669562
27.0,26.597406376324358
62.0,67.5293982509133
33.0,36.012193254307256
67.0,38.72713569236916
26.0,25.399403757111386
63.0,55.88152334195493
45.0,41.90452028313182
20.0,27.248781042189844
44.0,43.03814929657702
58.0,69.07540315263469
79.0,66.17787125116399
40.0,36.30273219180784
74.0,58.95344919402056
44.0,47.07518922983185
64.0,65.251267045847
34.0,43.91542828694166
37.0,54.156364069208564
66.0,65.26152526469916
48.0,51.17666400725728
19.0,28.132534687908045
32.0,31.980390736891948
68.0,57.806868058886124
44.0,44.08572953733024
43.0,59.906290851195564
19.0,30.077368297396905
23.0,24.238422585282798
63.0,54.324148279056196
23.0,33.249143669017826
58.0,47.46762985220735
28.0,33.31673109357598
18.0,24.146266935782595
27.0,29.06312683668556
75.0,75.58987885271472
22.0,36.22592101800992
34.0,44.65085572287213
21.0,27.96621109294816
73.0,70.02243135466647
51.0,46.50218288327781
49.0,30.982092209526478
65.0,59.033874090525735
65.0,69.97385828534571
69.0,66.98589777764906
60.0,43.800705670354446
55.0,59.24296273697077
20.0,47.35716843112417
50.0,53.11985340540527
80.0,76.02079366862489
58.0,55.30106529132171
51.0,43.49108300893227
43.0,48.28449704782972
30.0,37.4834392161468
48.0,34.506983456364594
58.0,65.66634575938606
45.0,56.08978738612368
24.0,31.67533421525293
47.0,62.52805859221812
29.0,38.52953468905491
68.0,68.6966404837699
54.0,50.002917490260586
40.0,43.485908043962546
69.0,64.3694852459816
62.0,50.953955673143945
68.0,67.00025818966346
50.0,47.52943798362645
52.0,65.4153695257603
63.0,64.16238891830996
60.0,70.82106171738462
76.0,54.43231323784198
45.0,59.864216993491446
36.0,36.76419605446549
29.0,33.74017723610044
32.0,31.380628080358065
54.0,49.618039037041044
70.0,65.25075559034883
80.0,66.55963765850527
67.0,70.24351761150426
48.0,41.51197893718606
34.0,29.813178174909858
40.0,33.49314267449202
23.0,34.21184329637373
50.0,38.6319195580166
39.0,40.74815412865292
47.0,55.18456722038141
28.0,30.10942807227233
19.0,22.246705485478195
69.0,66.28500794425703
80.0,59.343993719919936
36.0,41.33325065116566
33.0,45.9473612490715
18.0,26.840267359959576
44.0,48.90354301220901
55.0,58.716111242148266
38.0,35.42921912736037
37.0,26.859794172851643
34.0,35.65400092385779
77.0,64.82511478529051
18.0,28.939858317888575
18.0,31.198541315343093
73.0,59.122459005354294
65.0,58.82974773357836
69.0,47.87808570172695
57.0,57.91330905828727
40.0,41.65726701951176
74.0,57.94439556698013
66.0,63.14910536663141
80.0,73.0371321275471
80.0,76.60315599476321
52.0,53.496107636721725
48.0,58.11823143516472
60.0,68.85331072482168
24.0,40.94143074767418
66.0,69.52728940941844
19.0,36.944331511759756
54.0,50.31366448204777
74.0,66.75832238627957
58.0,54.68608103766674
76.0,62.42384170187798
29.0,26.08038200001276
75.0,72.7813882452487
26.0,37.50222604239971
26.0,47.68645913232908
22.0,26.691361779885618
51.0,54.95583770515015
24.0,23.26658420511088
32.0,35.10731067634659
23.0,37.25277008925314
33.0,31.024721805325395
67.0,68.67763769588112
36.0,42.36564038872917
62.0,45.146301479931836
45.0,65.48750349616328
39.0,48.38554203323958
24.0,31.12814513714383
19.0,22.80750655424978
80.0,68.40591934246278
19.0,22.26710709872817
31.0,54.095061365541525
22.0,34.843291191559
58.0,57.52798396034605
24.0,36.06782348491501
42.0,61.47330685151886
66.0,62.8891040799247
54.0,48.81336516169073
36.0,46.4411553011395
56.0,58.116555141835654
73.0,73.19279321681186
71.0,58.42965221741443
36.0,30.28513114472706
42.0,40.457244962339125
63.0,64.60498309065115
56.0,55.546464766956426
48.0,42.184902397648585
68.0,63.32435016077063
73.0,58.8301357134089
80.0,73.70800972915967
47.0,38.73755354218294
42.0,52.53567820400239
80.0,72.94648403913497
59.0,53.20613951535896
69.0,65.75246830752491
53.0,66.49261060463101
39.0,44.64758404871938
47.0,38.43109114087915
75.0,74.79951719686484
75.0,71.91880024335552
48.0,53.947495222461924
59.0,55.556200016953134
30.0,30.262722302087987
19.0,26.40787162663879
19.0,27.536954340776838
61.0,55.51608345844216
24.0,27.986461144492072
29.0,34.32390674900971
41.0,45.61498304649831
60.0,45.60106539790441
26.0,27.145053398303716
20.0,25.90064265128111
25.0,47.70298598420547
61.0,52.90537980327668
65.0,57.43720098984454
80.0,65.02232182992519
61.0,52.89333775671932
39.0,37.27743454838488
57.0,54.68009457013911
71.0,49.16459294331354
25.0,27.86071341144012
80.0,69.37814114872401
60.0,57.584252770615805
41.0,31.66902271759969
79.0,72.2412595879726
75.0,63.52803368642123
30.0,32.30182180421935
40.0,37.40594671649344
34.0,36.37503500480056
41.0,40.239217840567775
20.0,25.9843706937043
24.0,35.368419920740685
44.0,37.5014422097392
37.0,41.85438324505168
21.0,40.533175428146045
58.0,55.30352477765407
54.0,63.59082213267289
45.0,45.817108200709505
27.0,39.48100777594332
80.0,65.08177666798306
18.0,28.474565942247704
39.0,23.34488720203209
66.0,69.31406026813093
60.0,39.66801633610012
54.0,42.17187068457577
56.0,45.30265785008109
80.0,71.74901682268298
23.0,26.23692537057091
33.0,39.697728282981345
28.0,31.609686459616466
27.0,27.79456420216431
80.0,66.91057197292221
30.0,25.943394265952303
43.0,39.79722879117559
69.0,52.23897604120234
38.0,45.541487062343684
74.0,68.77172643535484
35.0,39.78259087280279
72.0,75.52152109536341
75.0,61.90905340588109
70.0,60.286366607686816
43.0,40.510893141231236
48.0,42.90391083017723
52.0,59.93263621153875
70.0,50.798220431082356
69.0,59.39114362593991
53.0,47.108258666412866
54.0,62.59581489528746
55.0,51.662819476598486
34.0,42.677261351535925
18.0,26.026008399427013
42.0,37.019527002321695
62.0,64.47311645355435
40.0,51.213469128297426
49.0,51.52870509427431
28.0,39.42568285877766
39.0,54.15319962012686
19.0,27.251633474835344
52.0,48.276904457947154
80.0,72.61954962232963
44.0,46.32652295071651
56.0,60.354782523858184
69.0,67.12759726158875
24.0,27.999989357059167
44.0,49.731640520641925
31.0,28.57516648128171
62.0,60.03731622182755
26.0,32.92460917272107
47.0,42.44932765614749
60.0,60.86714505628118
31.0,29.42851435517845
56.0,55.401779145897784
50.0,64.32965698938227
23.0,39.9869187002628
53.0,41.59268144178383
54.0,37.755272598154846
58.0,35.6119517763727
19.0,30.084558817716466
80.0,75.03640826173226
29.0,34.001067055661615
51.0,57.32684552503961
60.0,60.00544162904159
62.0,46.78098984911587
31.0,37.90696284310007
52.0,51.843736078267035
37.0,34.80552658771021
22.0,26.56397744184522
27.0,33.281770410109246
68.0,54.309923652167484
36.0,28.59268022417034
22.0,38.379190161594735
56.0,60.85213693051142
66.0,69.74149692095284
40.0,33.267335923150775
59.0,54.78952562149911
18.0,27.69316750695984
54.0,55.811827451791366
40.0,33.039593798999896
55.0,54.47620303362198
75.0,74.38004368941098
80.0,59.43919651959937
60.0,58.273823461746815
51.0,40.63354739283678
36.0,34.29744912725992
45.0,39.010183316926316
80.0,65.89442107488449
71.0,61.225589787944664
29.0,26.178970060466824
80.0,73.3572950256434
76.0,70.0299217013522
57.0,37.173132443890225
66.0,62.26736001710271
40.0,35.53397555226444
26.0,40.01027824749217
64.0,47.63129519958533
43.0,40.17585172266837
29.0,26.155240375909163
80.0,65.48711660898088
68.0,70.9469291238901
80.0,77.05458230402444
21.0,37.18856610648448
36.0,33.19611713081095
24.0,25.424455239801176
18.0,26.547189785644633
65.0,60.121965551256274
52.0,59.75302775536213
78.0,73.60501641249846
28.0,45.54415847515379
19.0,23.694245029609156
60.0,68.08871363760953
57.0,58.67539419998649
64.0,64.37075506465955
73.0,38.95882005142044
23.0,29.805328612985726
24.0,21.517915589500713
65.0,64.6323383576267
20.0,23.955873508552177
79.0,77.01840383780652
19.0,21.96496325042817
52.0,64.87756444281047
69.0,57.53620070581182
65.0,52.09554374661917
72.0,71.53092972711414
40.0,30.765152062925196
62.0,38.88141486533298
42.0,29.833728476463556
54.0,58.11347951952677
22.0,25.943106274872985
55.0,40.03114069178612
47.0,50.47937499178114
70.0,61.5549801227115
26.0,30.503714859437714
22.0,32.81677218443322
37.0,41.98484541971533
31.0,41.54592967272124
80.0,71.6169659636921
30.0,28.950384276057477
67.0,69.91709955715278
60.0,57.664603491053846
22.0,25.29954714140089
62.0,59.306908447317234
73.0,71.27085254057128
37.0,33.55578077010487
41.0,35.71083723839889
80.0,76.19452107232335
28.0,35.55877275004712
75.0,64.12956766784595
39.0,48.38697370818738
68.0,72.2564236101642
50.0,49.56640325752724
44.0,38.48889704081919
19.0,21.607568213432838
80.0,72.06418504458041
64.0,58.25367665740428
39.0,26.821112400634775
18.0,29.779712553265554
41.0,41.19618993368973
70.0,58.665008357245036
66.0,52.24800181131936
55.0,41.23912487850861
59.0,70.15464652239844
18.0,32.34883630570416
29.0,44.15629478339488
78.0,77.25427051988248
71.0,47.56164967843018
63.0,60.64151847604363
52.0,69.88595661835386
47.0,37.969962154490005
42.0,39.4757293930031
76.0,68.39592895072586
50.0,36.19458024002928
18.0,29.84548066955787
18.0,23.310093523377716
70.0,71.5836149298581
63.0,47.93572321020105
66.0,70.66414127233074
75.0,63.89813820789973
26.0,40.34263573001472
24.0,31.966863974247257
54.0,49.06850535668549
60.0,53.69643815408315
18.0,33.22751819017171
60.0,50.0777186084254
38.0,30.127957079849335
61.0,69.74844009036356
57.0,60.32237936780902
69.0,70.40087683595317
41.0,47.51633073795492
80.0,63.255843175249865
60.0,56.14823195699113
18.0,21.858840388919543
35.0,39.48070553318895
49.0,47.9180423947439
70.0,68.7123123771215
77.0,67.20462826444647
66.0,58.48885294889642
18.0,26.495309166550246
42.0,54.273040238887916
61.0,63.82351533156866
43.0,36.32901529127948
80.0,66.76511783857138
63.0,46.122077016795956
63.0,45.478547081683104
43.0,47.27310374868402
53.0,57.2274324200374
42.0,35.067155160177684
60.0,31.80577384703803
68.0,70.6687752120899
35.0,35.887681728333796
50.0,45.092010269815155
18.0,24.5624107431126
37.0,44.32863859469566
20.0,28.300254640349593
18.0,23.98519518228061
41.0,39.83762852538814
45.0,46.60372508671464
74.0,71.94201456726411
35.0,39.66266670477367
29.0,23.774338670807275
39.0,48.67339338149437
43.0,42.427735694101194
19.0,25.590336396350686
78.0,71.75954091052928
27.0,33.87423208855006
75.0,70.85102782361626
41.0,28.318140008784322
42.0,32.43226081737182
34.0,37.18710211220892
54.0,63.4492092846302
74.0,69.03666115072897
73.0,70.73643309807765
75.0,62.55556943513166
51.0,59.82630583208437
53.0,64.75070846317215
73.0,61.0470179470299
45.0,37.82238744284692
58.0,61.69234810792478
25.0,35.409989290150484
80.0,72.9731752843258
80.0,75.75080420006228
42.0,57.2486535541868
74.0,72.75790345114932
32.0,28.572502128766924
55.0,56.67131350573531
66.0,69.54495063711539
19.0,27.64514364056543
22.0,24.486986818653314
20.0,25.087497628948167
66.0,54.42633988842404
18.0,24.08426070011012
53.0,56.256493409111634
56.0,63.4547664114187
50.0,35.58474292774293
22.0,36.599723784182636
66.0,51.91279472010063
23.0,24.72618609755714
42.0,53.025621470737725
62.0,34.59524628900404
49.0,52.44572349363861
80.0,73.61942659581653
32.0,30.94033422024787
27.0,43.898465895330055
38.0,38.961770477833824
66.0,61.01969085676446
65.0,58.61178770056312
80.0,58.790977186749515
28.0,33.224439056741474
64.0,57.17775307884462
80.0,75.7721745796487
20.0,24.491643277338405
64.0,48.01248516744914
40.0,44.51822783562164
60.0,40.41762920017343
51.0,56.718881101400505
75.0,72.41879246533097
29.0,39.82486248504777
50.0,40.58011020394274
29.0,33.782658842637545
62.0,62.50888216587473
53.0,47.299457064143
69.0,57.60082223926483
36.0,32.758753168837345
45.0,46.4368813654967
80.0,70.36255651064262
18.0,41.24366561031804
22.0,32.453146729952344
48.0,58.863234837906255
33.0,35.06939105818066
77.0,65.97592999572409
68.0,71.4159484889669
55.0,53.20955209911946
51.0,42.85628745066667
71.0,57.19462614638575
41.0,70.16094085249783
61.0,68.20048151709705
23.0,29.968966011835082
33.0,27.56074581181813
78.0,71.47424339890367
33.0,32.10969136962356
32.0,30.889622696030123
43.0,36.600305489357304
37.0,31.984045528556766
18.0,28.502200831682075
25.0,33.30262144007066
48.0,50.3470446467716
59.0,56.41945362366564
54.0,55.70226984096722
33.0,32.116833612220574
32.0,36.58512559437425
29.0,34.213226699947285
33.0,35.49382931893822
58.0,44.973771445066404
50.0,41.030305465057694
19.0,39.673811744620494
64.0,58.66370500556474
45.0,51.510685975260394
39.0,46.681632214695576
43.0,30.26097000589657
26.0,38.770669455702745
52.0,44.21079472417734
49.0,58.03585335823288
70.0,69.60834111188063
64.0,48.768830103236716
26.0,30.00724446987694
78.0,59.599889501833474
41.0,41.95475112574741
31.0,35.17759817422307
55.0,53.81116232811827
56.0,58.310105285197054
51.0,61.72488512966911
18.0,27.362731406429145
52.0,60.53293497907875
19.0,25.13659507025571
62.0,63.86291349390308
59.0,56.4007553889744
32.0,28.151022456501963
31.0,50.50710360389596
31.0,34.6764310971789
44.0,40.14530258844256
58.0,61.125825924042644
19.0,36.51313109268769
32.0,45.467562647958296
50.0,37.82734423802245
42.0,54.525441972259515
18.0,21.540045830153232
33.0,40.020988837444
20.0,31.863631421179406
73.0,56.76227184720161
80.0,72.25747124144578
76.0,71.58657369464414
53.0,54.04165107997878
73.0,72.19980702095195
64.0,69.64281574659101
56.0,62.59979470377408
58.0,64.21280490615513
56.0,58.0519132855293
80.0,71.06725317746398
80.0,76.6339847531386
19.0,29.27024130308171
28.0,29.861077010191046
47.0,62.31707221866489
66.0,53.07935999642279
68.0,26.10413117387931
29.0,29.633838310260117
64.0,66.58854850522317
52.0,36.117091106472934
23.0,31.648645133402216
67.0,47.79228938555057
20.0,30.913618556665437
74.0,70.73031994380074
62.0,52.187790924738636
70.0,54.28356389707357
34.0,30.2564407872796
33.0,37.1262027257794
65.0,68.21578508444442
74.0,61.068776978194585
55.0,59.029544505618716
42.0,37.39463890224971
44.0,51.90935716150352
54.0,38.096038307952504
63.0,62.284005685000814
30.0,34.653178525045966
56.0,45.27194809288706
80.0,75.14877276620054
74.0,70.4417981797479
67.0,71.11509229914823
30.0,30.595187785813415
29.0,41.77602585031138
62.0,67.25753682523647
41.0,48.75275693994951
56.0,62.546094633845094
70.0,71.58432102240106
63.0,61.04514913591989
52.0,58.40831448529438
21.0,26.065667798612306
67.0,69.911242751463
61.0,54.94741362688208
64.0,64.09776686896996
78.0,73.06280519664818
35.0,45.08859085145782
55.0,57.0997836745484
18.0,22.75943056008456
55.0,72.7049309392835
37.0,45.3552713800063
28.0,26.178566746815605
43.0,46.97028000444086
19.0,32.60424659270698
19.0,25.133111522163222
18.0,36.806130310607735
35.0,32.095111476758085
62.0,64.2026005196012
45.0,42.04806209860041
44.0,40.53113880572311
61.0,54.837232106162745
59.0,63.1971340090413
30.0,28.284936586217345
51.0,45.760166457747275
75.0,64.77060645619424
36.0,24.09048008507239
79.0,65.38790706828723
46.0,46.8154925482878
41.0,44.54023079674532
39.0,45.002416305335885
77.0,72.37741172180463
20.0,33.79803715415548
57.0,51.61103136026656
22.0,38.229671180844974
58.0,51.589476639529394
62.0,62.88923793849117
80.0,60.54447793105072
30.0,26.784222678301454
75.0,70.60927706521562
69.0,63.09942273993974
47.0,46.14720565239064
68.0,54.22588371562194
23.0,48.270107424244436
78.0,70.86999284103874
56.0,57.111883902487406
43.0,40.9609496644692
78.0,73.34110122192266
42.0,52.41717520619468
38.0,31.267030205556516
37.0,42.873109331272936
32.0,44.80641704216731
28.0,36.43200743447542
47.0,63.57366687197343
32.0,36.391812094068975
23.0,25.22448177248418
77.0,68.09003717283666
77.0,56.74270850224585
32.0,28.092571504988594
27.0,25.58864290915283
63.0,60.44715653572334
34.0,45.57183012788047
22.0,29.18876002204797
43.0,35.075486586744006
42.0,33.11650539494829
62.0,39.86691451777183
24.0,35.07630732917093
80.0,70.01865047262699
68.0,76.7392422869132
77.0,59.915107515187486
64.0,64.40530214664432
71.0,66.18601875454493
18.0,30.893205249622547
64.0,67.84187153576987
50.0,54.607059259946155
67.0,66.10962882262825
69.0,66.68611162977324
47.0,39.46202350154172
25.0,34.20137741000913
68.0,48.287307755491014
38.0,41.61504260633354
26.0,27.210313232424024
21.0,23.595317821923388
66.0,63.231280076916256
45.0,24.896505478869802
23.0,22.78227315789773
69.0,60.86541738915982
31.0,50.29786810601605
25.0,30.077429450008673
66.0,72.22889982008505
34.0,43.31738166099783
76.0,70.5510297428228
80.0,48.97320033177695
38.0,51.98499591699904
66.0,66.90497635865592
39.0,42.23240606738962
26.0,24.112635977130054
22.0,39.49833580509377
25.0,38.463394583290174
43.0,39.58032631681007
65.0,69.9494578072628
55.0,38.998319859816206
29.0,55.55132177288506
66.0,39.237556497075346
34.0,38.128580256039584
26.0,26.010693206252927
54.0,39.322409438494425
69.0,73.29356341105691
32.0,34.86907910453987
80.0,74.92058931906044
19.0,25.23503122839496
37.0,42.93071842057166
42.0,47.74679996958276
38.0,49.3695480103061
65.0,67.8123751390617
24.0,30.846590741885162
34.0,38.58097135008587
19.0,24.387930430397073
53.0,56.97919967752688
36.0,38.629757078484964
74.0,60.48133094188951
61.0,65.2838881252723
65.0,68.08435302527828
80.0,66.59254152704243
31.0,37.24037982255289
67.0,59.166392282389964
31.0,24.89294011287437
25.0,37.532045650139565
28.0,28.03372826411027
30.0,30.40851631963189
69.0,47.57984718886577
79.0,62.32764725597577
80.0,75.64154837379323
76.0,68.36630522747936
55.0,52.51969321850245
80.0,68.35635142599371
80.0,76.04831633286781
38.0,51.78147387717261
35.0,44.8534602966113
43.0,50.58404504869548
42.0,59.18294973900328
32.0,32.44765092081415
34.0,32.435153899388695
70.0,73.95479955636246
62.0,55.0558027199586
45.0,37.51767186117956
74.0,73.46397368533512
32.0,38.37906528073725
34.0,43.15762368701852
61.0,46.574002103057516
29.0,28.39253474587265
70.0,59.76172282933566
19.0,25.349252156209854
56.0,60.91838530697227
46.0,34.49527536783625
61.0,67.30302148350783
33.0,38.32801424088636
69.0,68.52425910750178
56.0,64.28597877782704
78.0,69.93073040185064
80.0,70.64072065695115
38.0,32.17854027677322
62.0,60.46215707209912
41.0,36.95362274608031
60.0,66.27507632899398
46.0,52.515053828842944
20.0,22.898054709466443
64.0,57.487031418755684
68.0,53.32394101837649
62.0,67.1254535687467
60.0,42.69624687132659
79.0,75.2478540454932
61.0,58.80312305008957
65.0,64.6163142953647
72.0,71.30312853423257
79.0,62.678388812217975
38.0,51.32176333304274
49.0,29.43388089759441
59.0,61.88513437672901
42.0,41.166155093880526
46.0,32.96954407100958
24.0,24.598991836233736
25.0,36.56415684964407
30.0,42.342401090471284
80.0,76.2463600577825
41.0,52.17241884248539
18.0,28.187058573477625
19.0,27.91238361854175
55.0,43.96001198963809
28.0,31.566386774806585
53.0,56.36831174542317
54.0,56.5105636989696
34.0,49.78636088072907
55.0,52.46404795144245
29.0,45.2114422903896
53.0,32.86310549379206
74.0,63.29032501194861
80.0,69.8749142655821
58.0,56.71896269344566
74.0,77.35637632013204
24.0,37.99818899511103
55.0,53.82627172117526
26.0,30.157328502714595
71.0,67.13844364803573
80.0,63.354060131784635
55.0,60.98507006209314
25.0,40.369996606370584
27.0,24.909904440737677
72.0,72.97831063702802
41.0,44.772245351167456
79.0,73.4233187419754
29.0,27.54002544754698
24.0,25.313473854568823
60.0,51.322989164383074
65.0,68.8289585730794
53.0,61.21252044001637
45.0,58.7803159439934
62.0,56.62499247610745
60.0,65.63117455000736
23.0,25.722883534990505
32.0,28.16539731230546
48.0,49.37370822954515
29.0,34.657833583362255
27.0,31.701984588401206
78.0,62.156656048523146
72.0,67.13722471555354
73.0,65.42783547441499
48.0,51.24552419936308
19.0,24.630917935532135
49.0,54.42455896059574
45.0,64.53643912954426
21.0,28.708990633376434
69.0,56.53365222664304
47.0,54.47493020018329
60.0,61.294784133353666
23.0,26.912482893374087
33.0,47.13300120027284
71.0,74.12349244129486
18.0,33.39591929828305
51.0,50.097463767661054
54.0,59.228194435502175
72.0,76.32911141752501
40.0,29.362540385525836
68.0,61.97841990471627
37.0,40.10428399691567
48.0,40.40038542115629
41.0,47.44523243946509
63.0,40.962826275698205
67.0,69.13023524654393
20.0,22.58159994094781
46.0,33.50224414477276
73.0,68.7636257227205
58.0,55.9146687285835
52.0,46.81916484167618
80.0,51.73792055387141
75.0,73.67557581068644
34.0,33.14520773393461
42.0,34.60954349679251
76.0,77.03053377723411
53.0,44.693439625659806
39.0,48.55608769963689
78.0,69.89228878663074
80.0,77.66297953463003
27.0,35.598645930663125
80.0,72.8353540973465
35.0,41.157603656347284
34.0,31.796914382560782
22.0,32.29482065271924
58.0,50.146941294906746
80.0,76.4586530977574
24.0,41.94601184555362
36.0,37.10947808772344
30.0,26.614728832574016
47.0,43.38292942511669
60.0,56.61798733236216
65.0,56.11202198690419
77.0,73.70159364094067
30.0,34.83907309218213
77.0,62.7033838511534
76.0,69.67447225196189
61.0,69.40514090054756
60.0,64.45638942838609
80.0,64.65464143868789
45.0,53.436629138094204
26.0,25.993554655568623
46.0,35.07517950371974
69.0,68.5900331360682
49.0,36.08864491601849
64.0,70.50610236055957
37.0,33.95127339137659
66.0,55.43661329093075
19.0,24.602416901052734
55.0,55.365595041711664
32.0,32.08775424719987
21.0,24.279663728054356
80.0,70.77029417116063
60.0,51.73928406316556
75.0,73.04272313940447
19.0,49.23966863237804
79.0,65.28212434675122
45.0,42.692063884371485
56.0,40.085918986631945
63.0,65.79298896559126
71.0,59.581252314148514
24.0,35.17763800025231
60.0,50.27792924558448
70.0,62.50500557713034
50.0,39.401264004583766
37.0,41.94891320813985
32.0,48.4870921326753
18.0,28.746328960688903
33.0,31.037312828416965
60.0,57.11837459669358
19.0,24.95463703606299
36.0,45.60618399629493
24.0,27.06551568037077
34.0,30.201447750954216
19.0,28.312185407712626
57.0,57.77952713291681
41.0,54.50219782447005
27.0,36.78342597005696
39.0,36.20062038447821
55.0,54.051760803234295
50.0,54.757478828406256
24.0,32.311460638604515
21.0,26.959128007777366
60.0,59.56064658550989
36.0,36.24640850567103
48.0,45.32717443215687
52.0,50.881668152159364
58.0,64.3054485872088
46.0,49.8013599681107
53.0,40.0385046636426
31.0,30.927334250146423
26.0,29.320825661457235
22.0,37.08669804045157
66.0,60.120312357372725
38.0,31.54264082854948
36.0,36.263506824490655
80.0,77.61041044356925
70.0,67.63068298213854
28.0,32.313468458456384
31.0,29.919797521278387
50.0,47.985120744895205
58.0,71.10267075072314
63.0,59.25416392807772
45.0,40.60714713590684
21.0,21.568649583170803
33.0,37.62333723993851
23.0,35.94471223295337
62.0,38.127606070479935
49.0,60.84977270603346
47.0,31.30914854359322
19.0,34.159551848353665
31.0,44.93503815281003
66.0,54.83931673685526
21.0,38.90902923068102
51.0,53.257322353229426
37.0,54.37853170307653
57.0,51.86900926759038
36.0,31.91630095656681
36.0,35.83274687855053
53.0,63.56234402546686
20.0,26.82834559994176
45.0,55.18416466625702
18.0,25.33540638180118
59.0,52.54156320611231
49.0,47.053006544431234
51.0,49.32507701215153
58.0,62.703724780574795
47.0,45.83274245001507
44.0,43.898526483211775
55.0,54.67349435445808
75.0,68.54490787528358
63.0,67.06646503262346
21.0,31.628723266298742
75.0,49.53923369110096
21.0,24.099956542109897
23.0,32.73204246011691
59.0,49.52986599389478
32.0,48.816799392953655
60.0,53.86176456125885
42.0,45.64567927940961
27.0,27.126951480802646
69.0,64.68105936070276
80.0,69.48815812546214
19.0,26.995409263205897
54.0,58.48808416032867
80.0,74.90811900651818
43.0,31.722197101108858
45.0,49.09667185306059
24.0,28.08783368280955
43.0,49.71987981557425
21.0,20.99000812393126
23.0,25.49344590275041
80.0,63.709547813482025
77.0,61.74944126897933
61.0,70.1280529865594
21.0,22.739955135202713
37.0,48.73296327918251
31.0,40.51102426808628
19.0,38.00373631918224
33.0,29.543748724091074
28.0,34.336770563791404
55.0,53.61960514170599
75.0,71.04180402325578
54.0,63.95515568887803
19.0,22.376030005172538
70.0,48.851943403620766
76.0,64.969902120961
60.0,59.78673872205893
40.0,33.86422755427397
28.0,35.8703823826132
80.0,69.49307409235827
31.0,41.55184602078973
39.0,39.57139552335383
51.0,40.238824597637375
18.0,27.585882449217475
50.0,38.59058048234469
62.0,55.74470819362461
39.0,39.360654575857446
66.0,61.42622839378592
23.0,28.789715887700982
36.0,54.59361994248806
35.0,35.58550822743277
45.0,62.2057666313268
29.0,57.48186645088708
22.0,22.36704763881871
41.0,34.30363921051105
77.0,58.893121612160236
52.0,49.97062029992715
61.0,62.312953854276714
68.0,65.10617418597072
57.0,51.19532335908197
52.0,50.638188988412196
80.0,70.72615918734802
51.0,56.206136898263324
31.0,39.099132151092675
57.0,67.387872491028
59.0,57.963447148846555
54.0,52.57181132968172
80.0,72.11055653175927
47.0,47.335351262778666
60.0,47.327711712525435
74.0,58.64424841888237
62.0,46.11769873448536
54.0,67.27662532644729
60.0,48.24062998130911
68.0,65.71571448176955
73.0,56.8342566854132
18.0,19.810843329693004
48.0,59.14621627025756
33.0,32.220229158700135
80.0,73.7191815065975
22.0,26.27633715585162
73.0,75.70676864825673
40.0,29.96004087708676
19.0,30.321322265667337
54.0,48.49474313905332
51.0,30.040880952138796
20.0,32.343579414676945
38.0,37.626697960077784
74.0,71.82611568273666
48.0,38.682083259470204
55.0,63.8344189553093
35.0,37.86498485491947
63.0,74.23966490625705
42.0,48.09098872964049
63.0,38.628986124034114
75.0,60.770201934178786
80.0,71.28556426481909
48.0,51.159672491947234
80.0,73.54026448918258
55.0,60.18655842906783
32.0,26.439343806497533
50.0,57.186831313106225
74.0,62.41232184280829
67.0,60.91726936806509
32.0,39.06065852393349
56.0,49.799490631032974
60.0,63.49923555128926
31.0,46.04183904107108
68.0,49.225439613130575
24.0,26.95467303520145
51.0,58.11568767302629
66.0,71.10101441645921
25.0,29.878295529833267
27.0,32.782581161363986
42.0,33.763717109668896
80.0,53.4994848513554
22.0,26.514124805860373
80.0,62.96903512279874
72.0,66.26831251020282
37.0,40.64319613707781
68.0,71.26206058264077
43.0,62.08480340696975
80.0,73.89384291227435
24.0,32.317169209659085
38.0,48.09867362827
80.0,72.71878710965018
18.0,26.955387387161924
33.0,35.48950767420508
65.0,75.23265076936266
38.0,38.17447640991853
39.0,29.043698526032777
33.0,29.817272636169978
41.0,54.58896777557593
34.0,45.5082682655978
35.0,36.99224559097875
43.0,47.87208058062095
33.0,30.821538721901973
35.0,26.74574952412203
74.0,68.81444254840537
75.0,69.55272173772875
42.0,47.924875045444125
64.0,67.28759115062047
55.0,48.6942770900943
44.0,39.907410910800415
45.0,44.33485070717857
43.0,38.48609134991135
54.0,61.500250763282864
22.0,27.966067681604905
78.0,65.94907934102969
79.0,70.19355024952146
52.0,67.8964663265748
40.0,47.542786635349664
51.0,52.66037903091806
33.0,30.775236168780644
45.0,45.12373576178152
72.0,69.62227763348342
51.0,49.437805110174935
24.0,37.212542975812816
21.0,27.88404162802306
23.0,44.656185356350434
58.0,49.774617963674366
61.0,57.98121765950392
46.0,48.31306522094575
61.0,55.51601981415439
23.0,29.78325321614329
24.0,30.237066990617112
63.0,60.565381619157804
73.0,73.72816644964232
21.0,31.03663390227533
60.0,71.86715390571142
80.0,72.93466726094067
80.0,58.82732018512956
33.0,48.71388130386979
18.0,27.510896004893088
56.0,40.53208966197314
19.0,30.393399594328073
53.0,62.00118482685391
80.0,76.48267734365358
69.0,69.65500534541412
27.0,30.314185426335253
48.0,61.276984442005094
56.0,60.20806362456116
46.0,44.304122111038225
20.0,36.97378205462073
24.0,26.933221858852935
61.0,66.38365475113727
48.0,49.231847234014964
49.0,40.905018741727766
63.0,62.18616429426818
65.0,67.14905751668897
42.0,57.88674944860492
33.0,47.78770997935483
78.0,66.91593154247899
36.0,65.91258552481086
43.0,45.94374080329576
29.0,34.2827781515525
43.0,31.478349024887535
31.0,37.8493655361022
24.0,25.64087351767123
18.0,31.66894305946542
70.0,70.56120817661954
56.0,42.74222510189862
44.0,46.93025725537902
56.0,49.36964733767162
50.0,45.98902018781279
41.0,36.0691362182064
25.0,32.10674575013636
80.0,74.10374350613941
31.0,45.80653112677236
20.0,44.93653117150259
47.0,54.947534416761194
39.0,38.01906167149867
47.0,63.23516174496383
69.0,71.59645351804305
31.0,30.388227330447133
40.0,52.168849180104644
25.0,28.266337084067295
40.0,57.05536505504337
23.0,28.272987865153123
48.0,52.818593773811564
56.0,54.70518970753902
19.0,22.209718992853436
36.0,40.60640532301513
72.0,62.28222414175552
33.0,25.55560466520387
40.0,37.08772339693104
18.0,35.54579526627958
70.0,69.38602221016379
28.0,29.099664967671814
68.0,68.3926473666776
59.0,51.173191830947154
40.0,45.17514735329717
28.0,29.32662266468747
27.0,30.76350438539198
74.0,59.02236057318865
57.0,53.52575897360871
77.0,64.40908627196704
35.0,32.494112570848195
55.0,43.93206181914029
63.0,58.21825157404789
75.0,76.04229106093045
52.0,58.10555797463066
48.0,37.83979923476931
52.0,41.04386971598461
63.0,66.2648059013979
32.0,28.94415234325041
71.0,61.81168690360037
25.0,31.39160019210427
61.0,52.58386263322828
50.0,64.47045388531635
73.0,72.37325715612505
60.0,62.77709645615804
44.0,39.95689134484739
58.0,55.18992541297877
36.0,50.43224545882964
18.0,43.22189443314636
26.0,33.019247040066546
27.0,26.942429576881455
27.0,45.63773021340493
47.0,41.83577489055793
43.0,46.706712927902224
28.0,37.0474763873775
71.0,68.57229249879082
41.0,38.8589915167155
75.0,70.56122541721889
51.0,67.47615115161237
42.0,59.61036660895885
20.0,31.24195990092052
52.0,51.65521170164991
58.0,54.06897731488607
29.0,33.70023372000091
64.0,61.19512272600469
37.0,28.074167757955205
61.0,47.14776693356941
80.0,72.91010947365886
66.0,65.7473538069774
75.0,71.3148182955004
64.0,64.67916639471048
27.0,37.88995236531618
77.0,69.79201623815976
73.0,73.20454047256375
72.0,62.261602794840385
25.0,28.070521902741255
46.0,37.311854902782
19.0,24.345064615604425
45.0,37.91790559075157
23.0,27.060786655237347
73.0,49.71946042824081
29.0,28.1386167190032
67.0,50.49322643429333
24.0,29.799074878586662
19.0,21.826164259206784
49.0,50.64164907426792
69.0,54.73750218619988
63.0,41.83391243430817
29.0,25.22708981432005
41.0,26.480025347224878
64.0,58.139713264524495
46.0,43.82613649891765
19.0,35.24112543901378
60.0,54.44914844440671
39.0,29.947219069500367
28.0,31.449501170962467
69.0,74.12986909294719
64.0,65.00113325020696
57.0,55.32979629556945
50.0,45.72139137772098
80.0,67.81727537348088
32.0,25.96797551145869
77.0,69.69229127521889
70.0,73.75772369299179
39.0,36.17839388130776
68.0,56.35642895328374
27.0,48.56981298933958
29.0,42.30389527842929
62.0,63.1088847378246
40.0,37.02151325498036
40.0,43.06309851621281
18.0,36.3965518463436
74.0,62.590561881482635
35.0,33.57094434380817
61.0,65.84605358538106
67.0,50.829466676347856
43.0,49.0039751658969
69.0,39.94894860909289
35.0,46.95365155885107
80.0,57.00003998088719
67.0,74.84453383156777
37.0,49.956099491645816
35.0,41.12848126240784
28.0,34.701374556891544
72.0,72.12918697819029
75.0,54.30666587371463
32.0,52.582098877970004
44.0,43.224162100901886
75.0,73.87518183718161
66.0,62.71447224902396
30.0,35.860132112056725
35.0,37.00728218606862
80.0,68.10619870334438
48.0,40.022988188945256
23.0,40.09886713846495
72.0,60.69397872008053
23.0,39.09395231295115
59.0,66.83599824184851
50.0,46.33419835631743
41.0,50.28272130060354
40.0,48.781260438415714
25.0,35.2329149205253
37.0,36.15231836283006
41.0,38.232201492829965
19.0,27.125593697491972
23.0,37.020675419423235
60.0,70.49195132855696
62.0,76.36910259866107
27.0,28.908172228401185
34.0,34.79434956810263
69.0,47.87762037151831
64.0,51.79719800216472
80.0,61.951091746727904
29.0,30.568420472010175
41.0,41.229953916315836
42.0,42.41646361114078
80.0,66.44811004882702
39.0,25.200458198815248
21.0,32.54978300984365
67.0,69.3482791230146
56.0,47.62651830899796
80.0,75.1103244415846
42.0,54.66915654304483
61.0,51.509547710893614
46.0,35.37087009818285
43.0,35.77426703833433
19.0,40.15157012062687
68.0,55.27585897799457
28.0,35.69474236835688
80.0,63.409885125983244
54.0,27.396039486533322
80.0,71.55015225250283
69.0,60.23596730034001
24.0,22.975702148284782
59.0,65.40629894237048
42.0,31.4972330605465
80.0,75.79012745870503
49.0,51.890012411126946
24.0,41.100388051533294
52.0,54.96559686957536
46.0,30.332216703012914
41.0,39.80384644424774
54.0,52.67712528980478
29.0,28.28061150740749
41.0,28.924020367696553
66.0,61.39666790677682
31.0,35.42434818745232
59.0,56.71295423317766
50.0,34.87715909377451
32.0,39.58077298295956
72.0,55.096830147193
70.0,69.10450943058783
46.0,54.336753989173666
59.0,62.813000024536905
49.0,48.789032082278766
28.0,26.406594380879916
77.0,73.44221933188604
48.0,62.05264024585581
22.0,29.80146213610593
80.0,74.65613709639885
56.0,46.09399682810668
45.0,56.923484330287074
68.0,70.54440788041109
24.0,43.89702395080315
69.0,66.75577385239694
44.0,50.61780791825488
22.0,26.245710791378187
48.0,38.630332933970465
42.0,46.757924135213116
40.0,37.35322885290963
20.0,26.91035512535981
18.0,37.23928729258321
46.0,54.44331905198104
59.0,37.64608802393792
45.0,29.01706991416052
55.0,63.728980268676
39.0,25.7282880248583
52.0,66.89317295671395
50.0,64.94031574125319
60.0,55.18298131791909
21.0,28.5636376022318
67.0,65.21720802975587
24.0,37.12262302185106
71.0,66.54810240539695
67.0,53.20564523811279
61.0,69.82330947982965
47.0,46.249942938603226
46.0,41.20330828590574
71.0,68.66849446846773
21.0,26.376242429302806
32.0,28.78161161386441
44.0,51.92742384744326
51.0,44.535306648718496
41.0,49.17662697053123
76.0,64.71229111193541
31.0,25.853296938590834
25.0,28.696341405563643
39.0,59.25051869012411
51.0,37.934255145284276
41.0,54.888936342775594
69.0,44.29838795669901
39.0,39.77178966694629
79.0,60.39498097776091
80.0,71.35377084972883
28.0,24.001876983554144
52.0,61.243670326819604
67.0,54.94353028521481
45.0,56.604299008584945
66.0,66.90608772140814
48.0,43.23313832321973
41.0,41.22731570932499
39.0,29.265328110086976
80.0,76.37366900475652
37.0,42.81473894316504
19.0,24.62150807875756
77.0,71.82523969173143
29.0,28.918801697206113
65.0,63.827630101327465
62.0,56.06013426745292
27.0,30.507495603228577
80.0,77.85212882590295
28.0,43.62272706687504
36.0,30.803853343032884
65.0,60.78693841012909
48.0,54.42417010190872
32.0,34.97792418549785
80.0,64.01653079714266
64.0,54.63898956898613
69.0,71.4140849465937
43.0,38.78648762685384
67.0,50.05772493352569
40.0,31.480692253731473
70.0,66.66806682538096
77.0,65.2079651390977
19.0,28.16759062270204
18.0,25.25827256091276
80.0,74.69951481311233
80.0,68.9223528273451
47.0,41.902829019155014
33.0,37.13074359870885
44.0,42.2478643641206
62.0,71.97152784086587
29.0,38.69272197147626
50.0,53.84207120255668
44.0,45.03714514592336
80.0,74.3324754095681
58.0,57.40479348745494
61.0,71.01644436936505
45.0,54.169700955152386
58.0,51.29793257611485
69.0,62.785386299995686
39.0,52.604121527866255
29.0,34.75213566661052
78.0,67.9032522662619
71.0,73.16489710825464
40.0,40.76961948299828
59.0,52.96276338501129
33.0,49.04071350728901
24.0,30.128218126860702
46.0,55.46211347050208
44.0,45.15834422613869
53.0,62.64145783886783
40.0,36.86469453078458
60.0,51.545312368306114
29.0,41.765930940946106
72.0,68.88943016198446
63.0,59.638007956869785
77.0,49.718972534654256
19.0,33.10991005710081
73.0,70.08857778504517
41.0,38.16582664768239
46.0,57.45236644267362
34.0,22.117636842388524
61.0,65.44497565744273
39.0,31.56019400217883
50.0,45.393634031754964
38.0,32.944035448963206
19.0,30.330070002635743
19.0,25.395874805339705
47.0,34.82201605378445
45.0,40.99442868914486
52.0,55.91354770316259
54.0,45.34736143624722
30.0,30.241646282699257
65.0,63.9113943669723
64.0,72.34002249328542
60.0,55.79338907838401
24.0,27.069422260481534
21.0,30.473789966832307
52.0,40.93338359637301
54.0,52.78031567022922
29.0,32.845950356846224
80.0,74.68392829700768
19.0,24.841915606489884
18.0,24.869514649339603
63.0,62.76413943617085
42.0,35.9829946881535
51.0,49.84032755884333
66.0,58.2693163086159
28.0,33.33757989435035
69.0,58.83252633944669
33.0,33.24922684317556
62.0,56.560533924422025
70.0,65.45042913807153
61.0,62.752851357682665
80.0,76.93952468614317
32.0,35.68526933568475
48.0,50.93903871202644
21.0,24.6845267885119
52.0,56.666494777704486
32.0,41.04446665461015
44.0,47.04088964454071
22.0,28.304527155173506
33.0,33.99776530172387
46.0,52.16670870650006
59.0,52.19733308314806
79.0,64.46094870478382
49.0,47.25292361779778
27.0,34.20894782465168
19.0,25.122379865525712
25.0,21.128035396197234
59.0,68.16831175434298
41.0,47.74133770867908
36.0,41.16526667542334
61.0,60.29271599831507
79.0,67.11199313786969
80.0,64.24846659634733
44.0,49.43895040438952
18.0,34.1341246903869
58.0,34.726373363452346
49.0,41.613277758018384
44.0,37.37575103794276
58.0,60.63836561131835
60.0,56.61987525942
62.0,56.656293039096845
62.0,59.864243807988494
80.0,73.9912286385959
53.0,38.98330814908528
23.0,28.48910577344723
59.0,57.327959817039265
75.0,68.85453031704418
40.0,39.207330878019015
78.0,70.12952242049927
65.0,61.1328950629534
76.0,62.52829324237773
23.0,26.061907013940473
62.0,72.44680412521684
68.0,66.01635919972476
77.0,67.47882214735397
75.0,60.3734906364661
69.0,70.40384810294717
24.0,26.26173016183208
69.0,71.28897174423861
52.0,60.53307942184975
73.0,55.385375135680626
60.0,55.37740780570363
53.0,45.03658314464464
70.0,74.37002078198901
80.0,72.63339591100312
68.0,66.64903448934915
66.0,74.47664964985078
19.0,26.963301176917135
42.0,43.22289381439915
37.0,27.25796892176043
60.0,63.85837110086004
48.0,54.611547721439145
54.0,59.57926709102773
48.0,37.259168670440054
45.0,47.34125714233857
67.0,66.44224540062564
70.0,62.2300163425074
47.0,44.20036587347265
60.0,65.07314801955198
80.0,50.57417999492282
80.0,69.0060584382677
42.0,33.6114707480002
57.0,41.393769755897104
43.0,42.035902594732505
48.0,63.28329517073595
55.0,51.760808698769864
45.0,54.95968911123271
69.0,64.05635805049343
80.0,70.6442061624289
33.0,31.428476231756967
69.0,62.502965104055875
31.0,30.37072966888867
34.0,43.96485013128843
22.0,33.282991932809004
37.0,38.99540281984769
67.0,58.272015263557904
18.0,22.23144714790812
31.0,60.742022184575646
34.0,40.17245411242086
79.0,72.51346160883013
32.0,28.990513522945136
62.0,61.821087298729644
18.0,26.782145629438027
22.0,22.773673437717218
42.0,43.22518906476424
49.0,52.728141425377906
25.0,34.109909437394855
40.0,42.84589200507201
18.0,20.546843201629358
59.0,60.102204108629394
38.0,46.77409602262914
55.0,52.21370158762095
23.0,37.152290192902754
64.0,48.197059767987476
39.0,44.89589262525624
67.0,52.31412703875967
73.0,71.27553204633297
80.0,77.54843548164294
19.0,43.99359707489955
48.0,57.08881374175334
43.0,48.222208221053016
60.0,55.72749435458676
29.0,34.82595175763901
37.0,43.143197836354666
63.0,75.23515666976864
30.0,39.295818985404416
49.0,57.99573366650378
23.0,40.024222839185974
34.0,26.62989484551628
80.0,75.41821201328084
56.0,45.174404470187746
45.0,35.95198519281914
31.0,25.243601156734652
19.0,24.729246508808046
20.0,29.88772091314969
48.0,49.8906343892215
52.0,65.06656253718316
69.0,67.36187465780804
43.0,40.80358169390175
78.0,61.86594192612322
48.0,46.576631204531644
24.0,26.66370671484979
48.0,51.043346423757505
45.0,54.37557370274503
80.0,70.61604263631268
78.0,77.66857306012805
37.0,52.66169439605268
31.0,31.02946914444004
59.0,64.59136911913143
42.0,44.83773283478108
80.0,77.28061206615723
37.0,43.71515781702229
78.0,73.62193286107409
36.0,34.545797393289845
53.0,53.657937806570445
30.0,35.60487047937351
22.0,23.40569686250003
61.0,55.3365587004613
34.0,37.19066855150718
76.0,69.44185713016138
54.0,63.85184260218079
37.0,49.93145752690923
80.0,72.57769511939674
58.0,51.1144334603392
80.0,71.47133055505842
42.0,60.37452317215835
53.0,68.61173232443358
68.0,62.06196978888649
47.0,52.7131361937794
80.0,74.42434222061033
32.0,33.06999506669777
70.0,52.87174805233483
61.0,64.07961427404425
73.0,68.88375807207738
39.0,40.53927754444743
53.0,36.89750387824178
29.0,28.35544233299935
28.0,56.263067160994666
61.0,52.85136802143182
62.0,51.63732311888952
53.0,33.43324615908892
20.0,25.78430762244291
66.0,69.1829951129983
78.0,65.26606837569308
77.0,76.10626220109896
31.0,35.70199314307687
27.0,27.127510094181158
53.0,53.51312762847703
69.0,70.9347676622276
23.0,39.09536286188904
62.0,53.792780668067195
49.0,47.21749316340282
67.0,69.8645677490991
66.0,62.90102335134602
56.0,48.19107211065219
33.0,48.16240498735455
29.0,29.503078528874624
69.0,59.9094536479663
20.0,25.45448704531431
54.0,52.88363204434726
22.0,29.937070568316656
80.0,65.44817731609196
31.0,38.725103269340565
43.0,44.37831230300155
42.0,43.973336242330504
38.0,50.110744315500895
75.0,69.52415178696195
38.0,40.20450176649843
47.0,39.483050694119605
77.0,67.70040038176559
62.0,61.29164144365636
48.0,60.136955629669885
61.0,45.77466159535551
77.0,66.2578021254717
63.0,53.972447948230474
42.0,32.80480832556154
23.0,32.74512474229916
51.0,66.82642212806452
18.0,25.93450783336022
55.0,60.52140512330458
18.0,22.282800065494374
53.0,56.93164593006225
39.0,38.98113878800167
65.0,65.63221645310465
57.0,52.81352355273486
63.0,54.81791353359369
42.0,43.23178185176383
32.0,50.48171036408286
33.0,27.82290222845763
30.0,32.28900760082251
71.0,67.95539125732229
49.0,45.08471049515774
53.0,45.36996483747108
44.0,44.02751982517591
50.0,50.2583902295583
80.0,58.6521336694615
35.0,31.55622197791227
66.0,73.61541474382835
23.0,22.341694611365284
73.0,72.01240374465795
33.0,37.83369437517099
61.0,69.3605252925125
34.0,41.320932255445406
54.0,71.72376352332547
74.0,71.83797013941503
42.0,43.22441402039985
66.0,65.90083210495135
69.0,63.253872902655075
52.0,49.895002394945884
42.0,44.942994928611924
53.0,61.457626375077695
67.0,67.36453679196079
65.0,59.59164157528003
80.0,65.26578895489969
59.0,66.3752312967621
72.0,73.82752934390248
18.0,39.444409870551596
50.0,66.15283467534792
55.0,47.745645594664936
21.0,27.7460462783309
52.0,35.77131488464323
45.0,35.42916969874286
52.0,64.98552979885665
77.0,70.07633215223868
42.0,43.131650497202806
22.0,35.38799278190991
80.0,67.88356740443619
70.0,58.91729815612106
37.0,46.13454038390011
51.0,48.52270025440179
29.0,24.137519266381126
41.0,38.24240457233849
38.0,51.91318429111135
80.0,66.55492989257267
65.0,61.19684785705555
29.0,31.053380336492555
48.0,32.70606251542559
22.0,32.33652251593944
32.0,38.40623498308843
30.0,39.29739331187495
70.0,69.58800550658
58.0,60.619957401400264
61.0,40.751253732652806
47.0,39.032016899982324
56.0,52.98007133041896
25.0,57.993402814575376
40.0,33.490927156451626
73.0,55.10755309762343
66.0,63.228456970612996
62.0,67.59399047456043
22.0,43.56751335019005
59.0,42.39593863298494
31.0,28.906548633715893
25.0,30.133924585012302
26.0,28.175309533082633
68.0,66.03113208742528
44.0,48.01655694194469
28.0,31.926871675660706
52.0,60.2055092642391
35.0,36.79479302978199
68.0,65.3676040779258
30.0,32.94447669610899
59.0,59.46910454869456
21.0,25.47721433386596
27.0,29.306324049642235
18.0,26.975185453408248
80.0,75.61477857854844
48.0,64.30381658914055
55.0,55.93305835402
55.0,59.092825076795926
56.0,70.11893807582605
23.0,23.059211562353422
57.0,46.98417176867251
46.0,44.38940573786639
61.0,54.72853446451287
47.0,44.98227882431465
27.0,45.79730184069109
69.0,47.967685242317
53.0,59.140102431444404
24.0,26.397491648944527
48.0,47.651105142922
73.0,56.20610225153997
80.0,67.76026369704701
19.0,23.95809212613015
64.0,61.72920585814098
67.0,53.75145464567966
80.0,68.07546428622705
31.0,35.26021792715616
25.0,30.33846551287684
34.0,36.65935019716454
19.0,28.891041885827555
80.0,73.24783123076891
28.0,51.764307525390024
23.0,33.621277025185215
19.0,29.2766566152705
80.0,77.1940461483348
76.0,75.2845034409629
57.0,54.688855879900636
78.0,73.04877588935545
22.0,31.232273325662
25.0,43.60779554681293
28.0,29.083538766204878
19.0,21.59674907853118
49.0,45.015714823366665
27.0,27.197636877119475
32.0,36.705823158450755
20.0,29.88940710813644
53.0,48.4109157524096
40.0,38.63299222041023
51.0,38.97978341961145
47.0,47.34415097802507
36.0,40.996134459515886
54.0,70.93908823255192
36.0,48.1898530316113
51.0,47.79480485603305
33.0,32.45935730428906
39.0,38.98593718403631
75.0,65.33323743266826
35.0,38.959703587363265
18.0,29.524104750470936
43.0,51.21208111097911
74.0,73.57562181277154
48.0,36.73412400089103
21.0,24.24244427022935
28.0,33.653048033624714
28.0,29.553414840644013
67.0,69.27949042245689
40.0,35.60010798021346
56.0,59.74480671310315
71.0,49.4330551455961
41.0,43.81439743671083
55.0,52.88114831529729
25.0,25.00116030766739
28.0,31.35777175097376
25.0,28.388880362089218
63.0,59.869551709383074
23.0,23.798858785517506
54.0,43.87924049198802
28.0,46.730668725489075
70.0,61.21624314469071
22.0,20.27161596760429
28.0,39.9919048033936
41.0,43.40104690998478
65.0,67.1085015640152
28.0,36.780329075819054
29.0,38.71766890408442
31.0,32.09885425872071
21.0,33.75370435497485
73.0,59.05538159641508
48.0,52.00411517676983
22.0,24.459500334537193
42.0,35.20747632440474
23.0,30.282258926458308
54.0,51.460926056040805
19.0,28.198916911611324
45.0,49.02033776889935
22.0,23.410654002568144
18.0,23.415988430370692
80.0,69.00343076091526
43.0,35.663348471950215
25.0,26.107622940451765
61.0,70.83262165411367
46.0,41.19990582902242
80.0,72.12570736673264
37.0,36.81796163133293
69.0,68.02452618517435
19.0,28.59662410942797
32.0,41.65597483727391
21.0,30.423549510155045
49.0,46.15357625552561
48.0,69.91318407855391
44.0,41.332049939577274
36.0,34.12624465590271
43.0,53.842179547495824
29.0,31.706789488330877
25.0,28.171138150343896
31.0,36.90569241378029
58.0,62.91794040866265
73.0,59.958467418721284
31.0,31.70112263383815
44.0,36.49662734120449
36.0,34.84419211930858
18.0,26.52026465674638
72.0,67.79893161265059
67.0,53.19416327969159
31.0,45.04934055225242
79.0,76.46544527369859
61.0,51.862571628054
30.0,38.35575473109005
54.0,50.32158251933838
50.0,47.85937998916408
70.0,70.04283273505568
79.0,46.972088224174115
45.0,44.35091195857928
55.0,35.949189872906615
71.0,70.96059888180385
24.0,30.846459931806283
71.0,63.87487565060812
37.0,45.81866781683965
61.0,62.60200281886774
69.0,56.183170532810145
59.0,46.92069128758695
49.0,46.542055268375606
70.0,67.84652773539202
28.0,22.324513380042326
58.0,66.23749241483914
80.0,68.12262993887879
71.0,66.42655629549698
31.0,29.69294149246764
55.0,53.9494522989394
40.0,34.12963831258346
79.0,70.74883721635528
58.0,58.37066255231536
47.0,69.63604743122004
44.0,40.89969351881309
22.0,25.73731717701238
80.0,70.29257408776957
51.0,58.99984946234093
43.0,38.98551888444563
60.0,53.86287815154262
54.0,56.78112483613527
33.0,44.862468190340586
59.0,36.404707994664115
51.0,41.03666696472699
44.0,32.048433258638646
33.0,37.95653275781687
46.0,48.59515537173535
65.0,63.40135994110727
25.0,34.324273106176385
21.0,26.214652352121654
38.0,55.31641016014961
19.0,28.82688017945826
75.0,64.9326322125605
49.0,63.6563476034666
18.0,27.190689813221773
64.0,53.236451789158735
77.0,71.80622824430432
78.0,63.16782674863711
34.0,49.02657645988459
19.0,28.3442059094493
46.0,51.79396054362175
35.0,45.6100028253485
40.0,52.49732260192927
35.0,46.21535418243341
75.0,52.592074348951755
71.0,72.33372129849086
34.0,43.17477504866978
55.0,58.82598134753264
51.0,44.27272778520307
20.0,25.975136683287317
31.0,29.04075121672196
21.0,33.885238459617796
52.0,50.93660776051469
19.0,24.953582872050994
37.0,46.13615625208803
19.0,26.789834028468487
60.0,66.1054951614388
26.0,39.6763598545771
58.0,60.53348435499844
57.0,64.43722775179076
20.0,27.430118708341148
62.0,60.47882670817458
35.0,28.186489812655054
44.0,51.41497516012605
40.0,47.19001745278433
53.0,38.03547799033271
33.0,43.532218639294925
80.0,76.52403502062994
68.0,60.39521845320499
80.0,74.3693975201913
44.0,50.62798932546021
34.0,35.329956637349945
80.0,64.02972959106505
56.0,47.0707763310482
26.0,53.51163449389258
40.0,45.43313849763727
80.0,70.53227763117542
38.0,40.96456085658776
66.0,69.0195908348258
19.0,52.67908950521122
25.0,44.415362406719794
27.0,37.851619767488536
43.0,37.99754624572138
33.0,31.08970728015506
31.0,42.66991012201368
36.0,29.558974487087866
50.0,40.66621383923099
25.0,28.306775431948587
60.0,59.42024051884473
80.0,76.92856878447978
47.0,60.88713625260811
22.0,23.02625474124914
57.0,51.55358338191061
56.0,44.42747599705639
80.0,75.78040655374693
20.0,24.118569663626364
44.0,47.5812266066989
50.0,43.998288800985556
80.0,72.97013921158451
35.0,29.375537489890895
71.0,68.21823605678144
49.0,65.40638065521975
67.0,65.0687171954843
50.0,54.26435228530832
40.0,54.38383024557338
59.0,51.56080740081299
32.0,44.09477679886872
24.0,31.4012855887725
19.0,31.818782188816463
40.0,35.88708492140006
62.0,67.81505875511249
69.0,67.04183267599906
46.0,47.87210703460832
62.0,54.57780963117248
32.0,27.485227786053247
25.0,27.499241826639803
55.0,39.97185665770193
23.0,28.561099637555504
71.0,68.93726306653811
21.0,24.835600907730576
33.0,54.98541614669636
67.0,66.23992276233928
20.0,30.9403697106967
26.0,35.53213977064448
60.0,52.72733707420835
76.0,67.7982391285994
19.0,29.938639746606214
55.0,41.05624959336634
54.0,54.59794389227723
45.0,53.413303192042584
61.0,63.73903112734424
80.0,65.74642463892064
75.0,69.04690303475775
48.0,33.70926189089665
78.0,75.06595705877032
80.0,58.533290226811815
74.0,70.5414949569768
68.0,60.905299990005915
66.0,64.02084366548283
63.0,59.85564862697263
65.0,72.69594726315287
18.0,43.94361948359588
25.0,26.41830768200136
24.0,36.431627767797224
74.0,69.20822374230002
46.0,35.93113996886963
22.0,28.653258527791245
40.0,45.504124137996854
57.0,56.108565301783784
29.0,32.094219127852405
39.0,38.436344053811034
22.0,37.22933526218655
30.0,24.073202980793347
42.0,66.0541996445094
18.0,26.07799157098913
24.0,25.28387979396408
46.0,49.28427829367481
57.0,58.854466450148955
53.0,55.057978270949754
38.0,33.74349817600861
67.0,59.76011442279326
32.0,29.51391979469332
33.0,29.54594319227018
54.0,45.47767919064677
29.0,41.02008947497134
36.0,30.670737202706857
36.0,36.567837215770666
58.0,39.410964862385335
18.0,27.158690734762864
52.0,49.11916638911578
18.0,32.732740565062656
64.0,60.466235132508885
64.0,64.34672631156477
36.0,39.95547084162887
65.0,68.08218952536356
44.0,33.9699608380645
42.0,42.823458978477255
77.0,53.30287570566742
22.0,33.091403216601165
80.0,75.18590392301381
54.0,55.07457758641313
19.0,30.513895616547533
37.0,33.379976531563756
24.0,38.05895067427839
76.0,73.6304130454334
63.0,59.29295400018142
51.0,47.639007696232284
39.0,49.142602666706
65.0,70.66622978856691
65.0,74.5854795118175
77.0,45.18845933177018
61.0,61.45729893401265
50.0,54.84987678436426
46.0,45.843797757035574
53.0,44.09449152081724
57.0,56.385999904883654
48.0,35.13237135693928
27.0,30.10494547166797
51.0,53.515719103540405
47.0,58.01300418066275
42.0,36.78868690218965
31.0,30.369900004573022
19.0,39.72899736134835
46.0,39.60142686734193
23.0,40.019867313263255
49.0,62.515330329931636
33.0,52.89382294696088
38.0,29.14337849880184
77.0,63.311394992523994
28.0,26.171179130647406
56.0,56.90900710518322
41.0,48.58001342011267
46.0,32.30064626327267
63.0,51.48468649787068
65.0,65.30675836717226
27.0,29.08170022348214
65.0,72.47194989442168
18.0,24.94238896469726
23.0,29.575179967258478
22.0,23.226574636333044
47.0,55.56454377046327
78.0,68.525930061739
71.0,69.91523212720818
50.0,51.95836341987099
42.0,60.469697526289465
38.0,41.506759344302736
56.0,51.24283584288346
28.0,38.453615602746865
48.0,54.718878920288645
45.0,50.71666437179922
46.0,45.26933513640185
50.0,58.533490326637754
70.0,48.68596333426259
33.0,47.75541078099912
19.0,31.594980338545795
44.0,68.32991722559719
54.0,52.98909058307049
50.0,58.57578357891553
32.0,40.112187948410494
42.0,51.98956833332986
54.0,32.94304437326307
34.0,37.159481745306614
57.0,39.57576229789699
49.0,66.81489304039312
80.0,54.9010285212598
67.0,59.93249272441644
31.0,36.00441028655135
63.0,62.009917454108226
38.0,50.77593671137041
66.0,67.18747785992767
29.0,23.50819418446466
80.0,77.5128467015502
26.0,31.538144790941683
49.0,40.80741216358986
36.0,30.029052313275884
39.0,36.13393152090562
57.0,54.532872115844704
79.0,60.55802320549345
18.0,22.004934617819917
40.0,44.22340023173901
47.0,36.92110326615086
69.0,67.78546275260513
30.0,34.74835549476191
20.0,26.950164065950567
44.0,39.58245784101071
33.0,37.638598294954086
21.0,47.52841317756309
64.0,59.27407619158261
70.0,60.300098204763955
40.0,53.747182042903624
22.0,23.652241309632505
80.0,68.69896154322458
28.0,30.563135044195395
63.0,67.72653054239498
56.0,61.28241808119091
42.0,49.93968800134749
64.0,55.60364670457894
79.0,69.1667449204709
23.0,29.470594200678
80.0,64.07667595916172
77.0,69.92486809333145
36.0,24.668040832035857
18.0,27.60650839895939
58.0,62.009108550207905
49.0,38.07448707703987
59.0,58.383368523183734
52.0,53.05938796780177
32.0,43.163077044109905
25.0,29.96246225544514
24.0,29.748739404968784
28.0,30.57186875559798
64.0,58.58282117328541
70.0,55.24271151884202
34.0,28.01584718308001
29.0,32.22719936720223
65.0,70.90310624917721
40.0,42.415392615827976
58.0,44.331106543988724
37.0,34.608162013024014
23.0,32.56928637042976
21.0,23.078471951712267
39.0,50.85120024749658
57.0,60.967897699643345
30.0,34.51891840410011
66.0,38.99227851027817
60.0,52.70908846590315
41.0,39.642928434177975
57.0,63.832004290797755
64.0,57.991605866718274
42.0,25.217907647637183
62.0,55.01458005222391
41.0,37.29829662808832
27.0,46.56918084426039
60.0,57.990233194166294
18.0,24.947814460258723
45.0,31.770077939993726
67.0,62.93329854797074
29.0,34.15975259810871
34.0,45.05692563648417
76.0,54.284212255308866
68.0,39.458990335806675
62.0,66.43712169793076
73.0,59.31915508265797
47.0,46.392172521498544
54.0,49.302462299678126
71.0,68.80800498810672
45.0,36.41580093807763
54.0,45.870173712064044
25.0,29.698703040503926
45.0,59.827005303073285
56.0,45.8649860776276
18.0,23.321386815679737
29.0,30.508784795758302
41.0,44.0357159292515
25.0,37.23543118766714
49.0,60.09069271353175
80.0,76.46526710689005
21.0,21.956669349219656
70.0,62.46617067465247
71.0,52.754035099052196
54.0,37.45356284757267
57.0,52.71715310170567
39.0,55.36110307646567
80.0,75.7656780862869
26.0,28.971699023042135
78.0,60.77117330191033
80.0,60.972344802357355
44.0,39.40880696222461
19.0,20.837356608924125
42.0,52.459208247682135
19.0,32.904694437736225
46.0,51.60605718329358
45.0,62.48533459665541
49.0,45.3026720830065
23.0,28.71853823057006
45.0,53.79011237484413
39.0,47.93140709138087
24.0,30.691309684135796
39.0,37.19606836555479
62.0,61.60968481565464
61.0,71.92999712860956
38.0,46.827536002069635
65.0,72.10309464792707
62.0,53.954814814889424
53.0,60.954066983893114
35.0,29.21387985019861
32.0,32.2954820648411
32.0,35.33629978908335
80.0,72.51730910884694
18.0,38.40496568883126
67.0,59.944543246302764
54.0,36.833515392872236
55.0,48.275161273688994
63.0,48.38050199504998
60.0,65.44092501636287
56.0,69.85388689083061
44.0,50.927928390260085
76.0,62.182725937125475
31.0,45.05105192899987
52.0,52.87958117193567
29.0,44.309683150511894
59.0,64.4865212630436
80.0,77.5095510805537
67.0,53.82114064005724
67.0,72.22821570688598
80.0,73.82111175251524
61.0,57.27888684468934
36.0,33.82476601397311
46.0,36.79787596000721
56.0,52.00264458246361
62.0,55.48247232430364
54.0,65.84619596386196
19.0,31.71046967143222
19.0,27.589176776224143
27.0,47.12171379008984
72.0,53.62651418839418
46.0,35.77380378418912
59.0,61.487500669549455
63.0,64.03948604880968
67.0,68.63337621584745
67.0,63.20605850537328
69.0,58.448063999223784
66.0,68.00195866449153
29.0,32.61906585760401
80.0,74.09014413884621
19.0,30.218408887996123
38.0,38.14008141527815
23.0,28.087291756369112
36.0,35.37352786307771
43.0,39.00012119566284
58.0,48.88321860913578
44.0,46.331297268538
60.0,45.40945211442367
27.0,25.93253693666924
24.0,27.958369738844798
41.0,38.94149108468794
30.0,31.272509720103017
21.0,25.312857937899604
49.0,40.468000120196024
68.0,66.2633145455509
63.0,56.60119666895971
61.0,61.56572277928932
58.0,63.76217410628365
18.0,28.995719554333995
19.0,23.224997888878942
59.0,54.574125534869125
61.0,57.48442726912019
51.0,58.18057892068474
78.0,60.38446142299658
18.0,23.267409448423432
34.0,46.35007262289227
45.0,44.281094758062906
31.0,28.881324591160148
45.0,34.519799780597936
72.0,66.4781356749608
35.0,50.82457268651122
39.0,52.67559109771881
29.0,27.521808734710657
80.0,73.44888227438221
54.0,58.625445450625804
24.0,33.439540331739984
32.0,38.060489997889206
59.0,65.92219740523511
47.0,34.3855680818667
61.0,44.891041285090644
31.0,30.447459053238866
67.0,60.969323299747884
34.0,33.157054795731554
51.0,55.40029794259622
24.0,30.691232488917294
80.0,66.43542266613113
74.0,73.67920367369229
39.0,47.49928975836536
53.0,58.72313908076328
41.0,44.03563817620009
61.0,53.71670909734479
43.0,59.6008485579156
56.0,60.62243684668543
26.0,23.55538084221777
28.0,35.92242467255047
64.0,70.77755139806213
31.0,41.06882436697574
72.0,75.65702852413897
59.0,55.39210531109978
31.0,28.253384034995825
36.0,41.579752735028954
38.0,37.48635534205459
36.0,41.06863302265145
23.0,37.952217415687926
64.0,43.220903110389834
63.0,63.745374328110366
75.0,53.232881054462204
68.0,65.78427331170957
65.0,51.8614001681198
72.0,70.61653872449047
54.0,46.23312140087429
18.0,22.056764537824684
42.0,45.507277305350364
55.0,55.19254874626067
61.0,67.14479085017983
80.0,56.38520172761729
64.0,62.667742289143774
54.0,63.39334459705411
51.0,54.71924783157958
19.0,22.84523536766406
71.0,63.14279805524777
32.0,32.01030629756171
54.0,54.85817200684578
80.0,75.27110641314553
79.0,74.20700159122525
23.0,26.231520722377205
31.0,43.828425825535724
36.0,31.773549877441948
31.0,28.866219951381623
61.0,55.5262475907288
39.0,42.37799603587453
80.0,76.49946357511655
80.0,66.1078560763416
68.0,68.38190942048021
54.0,51.48843402730853
48.0,39.51964460384994
30.0,39.20078371154149
58.0,45.42407085978685
18.0,29.290708251227855
52.0,56.07041535932057
68.0,73.13832198214418
74.0,67.83147974729224
71.0,73.92818653472689
39.0,42.17027821286031
39.0,28.43549112193757
59.0,58.9463371168667
49.0,43.61831475719712
19.0,23.7119316218405
41.0,40.448227824281425
41.0,32.664040331308996
25.0,23.872577120161846
71.0,63.731418047006926
31.0,46.27080365064773
20.0,28.451851851277812
52.0,40.14029356720951
78.0,71.78504899607577
80.0,57.71413865796936
35.0,45.34251739677994
34.0,26.061514473342754
22.0,21.19089265002094
47.0,51.74361923751764
27.0,38.984310848751356
24.0,25.100527095631737
42.0,47.38630001862748
76.0,69.84465617755122
35.0,53.69124902346077
70.0,55.185854156446176
56.0,51.45929286624978
45.0,52.40285568039285
55.0,71.59417034380803
31.0,35.785932305042
45.0,57.23278378243336
57.0,46.33451795844505
66.0,64.22075857978366
71.0,59.5810241986409
62.0,44.26018076186519
61.0,56.77109131746397
67.0,70.61356289465526
31.0,26.04094279697416
22.0,28.574842374040905
66.0,53.123098806313465
70.0,70.33001194732556
38.0,41.22682328591352
50.0,55.49196380379703
54.0,59.76768250546429
67.0,62.07894140672885
18.0,23.678483911411796
71.0,74.53615473615014
71.0,61.07729086234784
80.0,51.09782855817599
80.0,68.72991396132284
52.0,42.713687888431075
70.0,63.20341457344495
51.0,42.95504961806482
49.0,41.2121437138545
66.0,63.82228447810123
74.0,68.96413227165044
37.0,41.51525817693484
59.0,61.09105649148334
19.0,34.27850323255515
56.0,64.48401413824965
27.0,35.070874000891074
60.0,56.48211378377203
56.0,58.167990697114504
75.0,72.98060300275435
58.0,56.73281502079439
60.0,49.61222931614832
65.0,63.95909351012594
25.0,31.60508136914525
58.0,52.370108202786284
59.0,54.94676183430567
35.0,31.426437712591742
57.0,59.26874651970467
61.0,59.04590843461994
61.0,71.00026360494778
80.0,75.2347786251998
72.0,72.88484701877479
80.0,72.1183516512134
61.0,63.613255602492856
22.0,43.46453281524003
27.0,33.025744817676575
24.0,31.196427728362075
57.0,37.195061134152816
64.0,62.96403691818491
30.0,35.72542887035973
42.0,44.317109814742636
28.0,26.041963167210508
42.0,38.73854255943198
48.0,45.48725302390331
21.0,27.994852163110977
55.0,49.89345601483949
71.0,63.519488294916194
71.0,74.4962238840588
41.0,31.03159820288878
36.0,42.10064870086204
56.0,52.0897263899844
74.0,49.61461058999326
45.0,36.74079888763997
38.0,27.93501108820325
44.0,52.277325485702114
19.0,33.05882690032165
80.0,70.14353493892472
57.0,55.066553003214906
19.0,27.432813897252213
22.0,39.79898115888495
66.0,39.76807607565175
69.0,73.97246264559027
34.0,34.65933244462724
31.0,45.37309875771072
48.0,46.00824175789602
66.0,66.02428472444338
36.0,36.066038637451875
43.0,36.3294389245772
27.0,25.513137690299803
80.0,69.27187001647138
57.0,68.46523355579957
58.0,67.21086862380172
18.0,31.843996070966146
58.0,69.33765482801311
53.0,55.90347637074452
73.0,66.25247467089969
64.0,58.69274125061318
67.0,73.18254914372042
56.0,70.60006000867328
47.0,49.99763959431725
70.0,65.00634765179774
68.0,66.9553817598373
50.0,49.04123002727901
19.0,28.826508628001143
28.0,31.728687423503175
63.0,54.69576394554337
38.0,58.33710790867232
22.0,31.752873537776157
20.0,30.10772489865177
30.0,51.01756684866733
80.0,51.90039964460068
62.0,75.81611962302179
80.0,71.95750430737412
48.0,45.13391212845012
51.0,45.2227239919383
80.0,76.26212298947456
32.0,27.888088687783526
21.0,21.450163824008992
19.0,22.13546516232343
66.0,68.72357228271174
80.0,70.3954671882341
63.0,73.57877989658317
47.0,36.4715376977171
43.0,30.69742140054843
18.0,32.66306096915448
22.0,25.976247759408206
61.0,60.986147675888525
58.0,47.06965810154495
67.0,54.61045062193781
45.0,38.846915148016684
63.0,49.17880826839116
64.0,58.42163288047197
78.0,66.9924576298825
30.0,30.200828018646625
31.0,27.537425843081095
63.0,70.39123155995269
19.0,26.429352068874017
37.0,44.550586395649
71.0,68.46370517408636
53.0,52.620107844441726
72.0,69.2283894173053
28.0,28.584620169266714
44.0,27.117417203221613
40.0,47.59352525327887
53.0,50.42491267160888
67.0,64.36019734168653
66.0,53.11813436827897
45.0,50.806651862973446
18.0,31.018204361135233
50.0,46.99696786897577
52.0,58.21532390603042
45.0,37.3130312323497
47.0,44.173191953276216
30.0,35.542461785638345
78.0,75.21531129125128
31.0,30.99176021127053
58.0,52.02316306257366
31.0,29.551075447786847
23.0,40.0997632414912
26.0,29.019004479498186
52.0,57.25063449230438
67.0,67.95323509399086
63.0,53.03575013372971
57.0,56.79699178415255
20.0,24.584992249426524
60.0,73.16341955254164
47.0,37.82428333462579
35.0,27.505306672874532
76.0,71.8796292910465
38.0,37.331089559608806
55.0,56.64311042804688
20.0,33.943680609609736
20.0,26.39315188552251
80.0,55.30329090797067
72.0,62.104448148458985
54.0,30.42311565803339
46.0,48.233280634559144
66.0,68.74922879030055
61.0,68.87767676265452
23.0,25.773565142791366
74.0,51.75208152200129
18.0,34.37807135160117
75.0,49.86622150461117
70.0,67.51493948055939
20.0,27.666957613505197
80.0,74.50120484369525
58.0,55.02225463172486
52.0,56.59436819411309
80.0,77.16399448636616
72.0,72.71776998294149
37.0,42.98221924118606
73.0,67.5470350694892
19.0,31.84530306556669
80.0,73.76395117002262
78.0,74.163228227414
48.0,63.49228536620503
50.0,44.96209047639244
79.0,73.79598910821868
47.0,41.64708861119168
66.0,57.21965402194207
18.0,30.05440898694821
37.0,36.33173857074446
20.0,22.8737694705432
53.0,39.16670999888803
44.0,45.77849679238105
60.0,69.254070228016
49.0,55.67779713399672
42.0,45.46793333404863
59.0,46.51176849544322
28.0,53.42109934835044
74.0,64.44574557657057
43.0,34.773813296071104
80.0,73.9612489747914
79.0,70.15145782472037
57.0,54.666880050454544
20.0,23.26666114258537
18.0,29.646670892639307
63.0,60.25261994313394
80.0,49.362325466276964
28.0,30.824142330151044
61.0,46.936938427207195
37.0,30.99235467751747
32.0,52.53006823136385
51.0,44.22734339554825
52.0,49.73964799803707
80.0,71.49090839495783
29.0,32.719982500977906
20.0,22.53672796322675
79.0,68.73889679321083
61.0,53.96249970192383
61.0,50.59951617544383
27.0,40.327694147801864
33.0,41.69459193444203
66.0,64.81079327272172
54.0,54.87453527981947
80.0,74.82311656572702
63.0,61.11677879692966
23.0,25.601959389711602
64.0,52.00415124213966
60.0,52.67733675658429
46.0,42.877040877076546
61.0,67.63554498596109
61.0,63.659915379216315
64.0,63.85434929430523
64.0,48.75483669515041
32.0,28.154258745619277
78.0,66.3639617545305
73.0,64.27494848453861
62.0,55.48720150254426
53.0,56.083244340639105
62.0,60.119416697525054
80.0,57.61353621022204
56.0,67.23096313880356
63.0,65.19312937769156
28.0,29.38128129355625
34.0,42.60464917855681
55.0,58.38958741831577
26.0,25.196658264364437
70.0,60.021522692403394
71.0,65.06151882297246
20.0,27.732700348725466
22.0,29.662993589808817
24.0,25.46939296116022
37.0,36.34269380856442
80.0,73.80417458552459
32.0,38.721267781162105
57.0,54.355526749171965
61.0,52.897348058774185
39.0,43.33256242724461
74.0,64.24550995576463
20.0,31.982577111695136
28.0,25.38634941506587
55.0,39.86913233198358
37.0,36.77387686452168
66.0,55.19150274985222
78.0,70.29765128258238
50.0,37.32097342488322
23.0,31.618347636251368
61.0,74.3448501040831
49.0,58.628905392822354
34.0,38.899493047528715
26.0,34.523172807861805
39.0,49.06345900921126
61.0,57.33670922486222
73.0,54.76889860426284
30.0,32.37202339068442
57.0,56.809948814357604
63.0,63.533557008299425
66.0,68.01755407314411
80.0,69.91307376217719
61.0,60.302787474538306
52.0,55.07384275615955
66.0,42.41185735289534
25.0,44.01902334822884
66.0,71.65158215158189
71.0,70.02317239812346
39.0,37.04578447097173
66.0,64.08260065314239
57.0,66.9306451737899
19.0,21.939633424550834
50.0,46.07816773353768
77.0,72.33149376156658
33.0,42.78068556669518
39.0,58.618590981182344
18.0,23.01116648243422
80.0,70.76320868532699
78.0,70.80134153534034
36.0,37.485760915147
55.0,45.52104417427752
54.0,72.9088976440872
18.0,24.247895225420837
19.0,28.861639662649644
56.0,63.09227506307048
23.0,25.14522516198127
34.0,37.398003584143815
38.0,42.9590119435718
35.0,52.33038498097864
35.0,41.75243909656003
33.0,32.71354164405719
63.0,55.9526776080356
21.0,26.312554866079836
72.0,50.79426008940121
39.0,45.588988651595564
60.0,53.0070632788447
60.0,61.02033300561612
80.0,76.06076826090154
33.0,27.15814737323556
65.0,63.361740580789316
25.0,39.10793365209323
46.0,60.32096267830551
19.0,22.175588245432536
19.0,24.149153678186998
47.0,40.922650652253466
30.0,27.20625541098704
22.0,25.003308289956607
30.0,29.998503889356595
50.0,54.86761703448613
64.0,59.263370597452464
22.0,32.43739120112225
58.0,62.02467146556883
75.0,44.20648276416743
31.0,29.17031959006923
61.0,54.874747183924086
62.0,64.2756968571868
23.0,38.3194875718694
40.0,34.045194910480035
35.0,38.634245385785036
19.0,31.91101038387689
31.0,36.22093927464039
24.0,24.486020158462512
40.0,49.05889581310546
22.0,27.910954949619203
80.0,54.36779562299902
38.0,30.875906026509988
68.0,64.94602084540142
31.0,39.8114291096987
18.0,23.435174363162545
59.0,63.06592240120308
61.0,62.85761247369247
70.0,62.41951082840455
79.0,73.98760875995922
34.0,56.13522822943056
64.0,59.840198395101936
65.0,68.84161981778173
24.0,26.96207366028058
30.0,23.374095685389182
68.0,61.66085511042603
61.0,49.55691623313206
31.0,34.79114225927465
59.0,72.09830160302131
63.0,62.11365964622283
58.0,55.67998228337031
34.0,47.930533716119626
78.0,45.61694131864914
24.0,24.86304359856677
60.0,66.5220156806103
58.0,47.25401727711875
43.0,64.8611984129567
65.0,61.97294315850211
66.0,47.68343518033922
62.0,52.86421024337768
78.0,74.1171999195647
63.0,66.35993450423445
50.0,50.81274866799867
68.0,62.54277932039379
80.0,73.88440034454446
62.0,59.922773840838225
41.0,63.77941460585168
61.0,56.30041997337282
77.0,70.22981415560297
52.0,48.9475616595159
18.0,28.682211854946516
56.0,66.50293820523414
18.0,26.46398884062319
70.0,39.68195816313578
72.0,72.57033865458797
80.0,74.41062271514822
23.0,34.88890596418203
62.0,69.1253623469953
49.0,60.14884115204728
30.0,27.52492289308658
80.0,68.33543174188259
61.0,58.4135434404773
80.0,74.60822017400804
41.0,39.51759103664524
80.0,71.84963456824943
20.0,24.486706852534095
31.0,31.953546389146503
52.0,55.288342683744844
57.0,45.940533920459764
72.0,68.55105885543603
42.0,34.45747343724946
66.0,56.74983479746619
73.0,62.685288538697584
48.0,39.139050685133796
75.0,68.66656262220611
23.0,30.122189825588556
68.0,66.79104052238802
40.0,43.83151491232402
19.0,26.686538352909732
62.0,44.93547321769346
55.0,61.87305291802831
20.0,25.12747044650153
55.0,54.96477794623017
24.0,30.34961451681409
41.0,40.17123738838111
65.0,57.18907605277984
59.0,54.135855942198994
25.0,32.39227352108625
80.0,55.57803418350676
54.0,50.267832365871406
63.0,42.99611371944106
53.0,71.1420082509349
21.0,46.254591375295014
19.0,24.613789641676618
52.0,67.55386059366488
19.0,38.56203447852057
78.0,71.91361006927548
23.0,22.928999618647044
63.0,70.45516102642446
19.0,24.58949488004505
51.0,31.72188440819688
61.0,68.1452107852252
55.0,61.78152508957201
80.0,68.20779038497786
58.0,65.17814325874681
64.0,46.8904493359699
34.0,40.712248995148755
41.0,43.85412656386286
60.0,64.65587816610291
18.0,22.019057853659877
36.0,35.481688702199584
41.0,36.38432630756835
70.0,62.204873144506145
80.0,68.95698413089526
59.0,55.765389681096806
43.0,24.428651442130896
29.0,30.578281211783356
72.0,63.56771740184123
42.0,59.02133614887426
52.0,60.84299858741079
71.0,70.96422407541907
80.0,77.28061403251613
18.0,27.58183730099347
61.0,50.82564645852961
54.0,53.365121089959366
43.0,54.457069799121165
53.0,68.50857269776729
58.0,55.55038125596167
21.0,31.31359643450197
80.0,70.11352638632793
38.0,29.759667617022213
55.0,41.84102920427235
76.0,64.68487338852506
28.0,36.286135722188185
63.0,68.1272359735031
19.0,31.954678178847967
80.0,72.8424039870925
65.0,57.72063957467447
63.0,34.154146435942806
60.0,63.4474293372369
19.0,37.425232864941876
51.0,61.00553971683963
61.0,73.24347852784966
42.0,50.295894856940464
62.0,71.2166355817921
28.0,47.98138552810383
20.0,28.63128093572439
45.0,49.801199639092495
54.0,61.13491171028809
73.0,72.71932208166898
60.0,57.623032041492834
46.0,42.83812752106249
41.0,39.4135328811333
40.0,42.80189727885265
60.0,56.49799394425408
37.0,44.45945733627977
41.0,44.614216251230545
80.0,74.210642185392
39.0,40.5513704531881
48.0,40.23507693667426
20.0,28.868055583700635
55.0,49.70494672943164
68.0,66.38368146675424
56.0,53.71328359182469
36.0,63.34528262188454
64.0,68.5138314839507
52.0,48.42482256784713
53.0,54.09400155945244
22.0,32.411358003515744
73.0,65.04531654908287
24.0,23.863819702827154
70.0,70.5369596501446
32.0,32.10868952584171
31.0,38.22724275603213
58.0,43.355813473546014
72.0,68.7947069015056
80.0,77.02974820935162
60.0,60.438796000534374
60.0,49.5430278789263
60.0,57.51534830646497
42.0,36.22088158489114
45.0,51.62561827833689
31.0,35.07666521514823
32.0,35.365052075923565
24.0,25.622049122957925
63.0,40.61862306158133
62.0,66.09233890002265
23.0,23.599767226160143
80.0,68.43857096625695
39.0,45.63633854425586
69.0,63.877249711611505
35.0,41.51928106569766
34.0,36.21423756184797
21.0,25.42675876753709
49.0,46.726097521817984
77.0,75.97956640136252
29.0,35.540734906222724
19.0,36.93634129533004
24.0,34.407751751794564
58.0,66.52312753327027
77.0,70.8348059023413
32.0,29.5162685498242
66.0,64.40106111558626
62.0,48.73805584837144
40.0,59.43475963349872
77.0,69.36738188100078
19.0,31.736252466160437
24.0,36.99502795842931
34.0,60.45790927879645
48.0,29.428853496142718
61.0,55.46462069120244
26.0,26.85775705738141
80.0,76.90119793769333
80.0,70.87794880275402
80.0,68.88312971939813
37.0,43.310749232221326
24.0,28.390936858530182
47.0,55.37350843411644
63.0,51.65720433270777
19.0,27.84774935777443
80.0,60.614095009966256
52.0,53.30892615688897
66.0,57.78898927817132
51.0,48.71070965012917
38.0,41.59616822920305
72.0,60.1115229433222
67.0,62.69129855538422
19.0,27.336179112286278
34.0,48.14783166749203
80.0,71.41623495773062
25.0,28.94855777713984
38.0,32.1195131269296
68.0,42.40090497226236
80.0,71.45310297985097
64.0,58.62225306071252
56.0,65.76132230133044
61.0,57.35913840623327
62.0,53.14988102828658
40.0,38.87711165989075
42.0,35.16086932077496
42.0,57.634787938587024
54.0,55.29329780266897
22.0,32.21105636117994
24.0,38.74399392031575
52.0,70.32649654207049
47.0,61.41652317940214
58.0,50.86288881811528
20.0,24.82404626602592
55.0,43.35765940512302
54.0,54.32553795618014
22.0,23.9488563321005
41.0,38.449977787305556
42.0,36.25846890758345
62.0,59.32561476159155
59.0,63.15507364707368
23.0,37.68262017030439
61.0,63.09794947375544
57.0,56.2893457342436
34.0,36.55036070523364
45.0,43.64222905592964
33.0,30.50951558043508
51.0,50.36176768007823
55.0,38.24478617749
30.0,25.96134834762115
64.0,58.679448968409936
62.0,64.12891520291095
72.0,71.92790570640302
19.0,35.62644097772577
60.0,48.508058857240385
45.0,60.882161616532045
64.0,63.95761482036505
44.0,35.59926978505596
77.0,72.62518441117079
36.0,45.71378005925954
18.0,22.689345585442183
55.0,59.40175233174759
55.0,27.64524422260352
23.0,29.650625075840853
40.0,43.99958197930316
64.0,61.20499985365146
63.0,61.19144576245121
38.0,55.734682415189525
20.0,38.740546143085496
80.0,77.17199877522329
43.0,44.572092605820835
20.0,27.00916801602744
80.0,66.25665072507174
44.0,62.560222380722486
32.0,27.05296055151402
33.0,44.856010749931905
29.0,44.22103308796384
19.0,24.124446216624197
58.0,49.75601335031998
32.0,27.428484239066293
51.0,53.93761271375306
44.0,43.46090468669285
80.0,65.18102490876225
23.0,29.26985377713414
80.0,71.85823461447397
26.0,55.625429109775276
18.0,57.28249072987568
72.0,65.51153244897223
60.0,56.01686957945043
65.0,66.9364407917111
47.0,33.93647514321981
46.0,43.80459180856028
38.0,41.78272791198236
53.0,60.4325553022227
19.0,23.2535637580225
34.0,28.590341200256894
62.0,55.80366859357684
70.0,65.30587037754856
59.0,61.664097665859984
51.0,57.06083358716329
48.0,34.27928327115284
55.0,54.87251435841423
61.0,60.47234070306499
52.0,46.0369527143963
52.0,65.27890483254731
27.0,29.574907686096324
50.0,39.12140899990418
60.0,52.116822843315205
23.0,28.219165539358336
48.0,41.77272260437905
39.0,34.13385003213329
50.0,56.33299943677779
52.0,53.078788886365636
79.0,68.43341710053289
67.0,42.56796544554423
25.0,28.220200981613992
19.0,23.000027516947256
41.0,34.631223630407455
47.0,46.2585936111689
80.0,76.25388106735453
64.0,61.981083260873376
29.0,26.175843543301575
22.0,30.501838732222083
54.0,72.00819890842969
21.0,34.3158209509764
52.0,49.632400965775496
19.0,25.351209042828597
18.0,27.063792653254765
29.0,42.463087054539585
41.0,33.25582925296233
65.0,67.04002341121151
58.0,59.43701364245542
39.0,48.46588825119686
44.0,43.964998359466875
45.0,35.553593379870605
24.0,30.755735454343593
61.0,60.84550065666332
32.0,27.308632724856857
19.0,29.03265692603795
65.0,69.90521532172451
35.0,27.19806806526763
43.0,43.41855121919244
28.0,27.32841876230038
39.0,42.63150729607132
29.0,31.823757316437515
53.0,47.23396995206686
70.0,66.94242518610861
24.0,45.95882659340996
51.0,47.138229940814675
79.0,75.1133278323194
63.0,54.32262300480411
24.0,34.65491782134238
32.0,60.80495609052464
80.0,71.76023298532954
62.0,64.29534145697903
19.0,27.67759820205949
70.0,68.79853517595424
77.0,67.56941701595456
33.0,34.80129231432578
51.0,52.00666385097675
48.0,37.00105131307976
41.0,56.82237220734778
40.0,39.081028128812775
60.0,60.78875319881932
78.0,71.48119516196306
35.0,36.81914886198059
54.0,51.30361269868004
60.0,61.24361130665593
54.0,36.26663580618427
23.0,40.06213427419611
47.0,44.94861280076959
80.0,76.62509849700969
58.0,50.54293229534673
30.0,33.47836240760983
77.0,63.096184766179434
41.0,46.16701364219059
80.0,68.33234087733956
29.0,31.29592231349068
74.0,61.206306563960965
46.0,60.4899226770381
44.0,54.13883403763348
54.0,55.71424963729114
63.0,63.63543725159759
44.0,51.321988677523294
24.0,25.0234112298952
62.0,58.03657941071639
23.0,41.53240673315288
80.0,73.7564053549991
56.0,55.90813578983352
65.0,63.83986460730545
31.0,25.430798265740695
54.0,55.0490198047362
60.0,59.14878780706785
45.0,44.2737015451555
31.0,33.733569755238534
67.0,68.51363634615115
62.0,60.394162166090965
26.0,28.153044324449503
68.0,45.38422822857268
24.0,26.076521697823814
45.0,45.197575001949154
49.0,53.41632051626817
76.0,61.53838766202777
47.0,31.42866677860115
21.0,25.51357666388625
18.0,25.62502748669781
80.0,72.92137746223676
29.0,23.759131978130593
74.0,61.91597345780194
31.0,36.426818315595966
38.0,46.40511874572206
42.0,53.39700288802062
29.0,26.212153368464673
33.0,44.16753929483564
37.0,53.84849114883741
63.0,57.0932037290961
66.0,51.147216642964
75.0,71.01067007101122
75.0,71.34772988799318
66.0,62.42456958456912
44.0,47.05011780810796
51.0,45.66705588744884
26.0,32.37162967344243
30.0,41.914105137991356
32.0,31.888582739166967
40.0,36.42465902476878
62.0,63.28455902920428
29.0,33.32038420536499
21.0,24.37705262401614
22.0,23.784234640908792
48.0,37.02816645653953
76.0,70.40624559014447
63.0,61.02789977575689
49.0,57.58432675609629
78.0,62.05225469216703
34.0,39.0795928615344
22.0,27.725452415858463
59.0,58.20785482881049
58.0,63.96902322493557
74.0,58.34345919339755
61.0,60.26636036519313
60.0,50.096330512139254
68.0,69.98645526200924
58.0,32.734128843701725
57.0,64.55572080181122
42.0,49.582315887223295
49.0,53.68061415761803
61.0,66.7445979680322
22.0,26.92110223642022
27.0,40.2429318009402
32.0,55.24790514782353
58.0,50.19132228435245
19.0,24.5373385095213
54.0,60.15849058761042
63.0,60.5424413884814
46.0,37.04029476710944
32.0,46.524303410289804
19.0,23.625709901003884
59.0,74.13164411382381
54.0,57.65735817717201
36.0,30.327243628160094
80.0,69.14666105423387
80.0,71.71784565413947
50.0,50.24204736343249
30.0,35.77678729777481
66.0,63.91842409898597
18.0,26.793325348156372
39.0,58.447194745417846
41.0,33.276088734167544
25.0,47.239162767803876
59.0,57.385338356639956
77.0,42.17543735453698
21.0,24.39452241933175
39.0,35.168209997434985
80.0,50.704365784650975
50.0,39.25261639095829
50.0,39.27331534512895
51.0,50.210367094981805
60.0,64.8602813137683
55.0,59.37293253776027
59.0,63.58924570646377
20.0,25.25162364012832
69.0,77.55305467576002
28.0,43.17172984295614
57.0,54.626816599542416
74.0,65.16269702270546
65.0,60.33003134516931
19.0,29.885931226678974
76.0,73.38599233558656
24.0,33.44490141778519
67.0,63.62507915830689
56.0,37.941199698700764
76.0,66.05749532755942
80.0,53.761212595858495
73.0,63.98680587942148
49.0,50.66918607456634
23.0,27.798606592062907
61.0,64.37681880052247
37.0,28.05180367119337
62.0,45.51345607501626
41.0,37.60710613340107
27.0,31.913018436407718
51.0,64.0880420350129
46.0,36.84533583505811
64.0,72.20160307648055
61.0,50.797777942810725
45.0,58.82080001388852
36.0,54.560343688284526
20.0,30.78082732513547
18.0,22.643583676834464
50.0,57.03303241977219
42.0,51.179404179135254
27.0,32.42774301251054
66.0,66.48124367834004
37.0,36.75787319397031
56.0,36.096668335478036
24.0,29.007612115185488
51.0,47.126314390782426
64.0,63.13220096090296
31.0,56.20853786119621
35.0,28.94088647092966
38.0,45.43637482824991
42.0,47.57496143573999
41.0,32.116314060878175
64.0,54.33341987651015
21.0,50.15139578398866
65.0,69.4065694061043
26.0,24.69641007640503
18.0,29.398959962107934
80.0,75.46389430533162
73.0,59.58118311649929
75.0,71.82497423674172
55.0,64.60436771311329
60.0,53.45919002327999
18.0,36.07458994073447
41.0,42.75808834186235
78.0,66.2102728759925
42.0,58.035272835558835
64.0,55.40064003546464
80.0,66.73353584754769
80.0,71.09915398515479
59.0,59.13494097059573
28.0,35.72100532073171
33.0,33.22929292365398
72.0,70.7246125132701
80.0,73.69107751464918
42.0,36.31896531543354
21.0,46.40319652835424
46.0,39.59396106404239
53.0,26.127639163069734
71.0,66.46886638289979
39.0,39.117647396998194
80.0,72.64507254855846
54.0,41.25970597191171
52.0,56.4500720757329
62.0,54.66757237979978
56.0,40.92810496617999
23.0,32.86288218108904
59.0,45.28810228443567
73.0,73.28502994323004
40.0,60.67845189809027
70.0,35.93359988750334
71.0,76.0767364804621
44.0,47.83670968148063
80.0,74.94794161314006
23.0,27.772540574913634
80.0,73.03033900527674
65.0,65.68577545095556
52.0,64.52034094351157
62.0,63.10104001737266
56.0,61.06408587101163
21.0,26.040072405202253
80.0,67.18126291118898
46.0,55.69691117192543
72.0,72.48067582348642
44.0,64.62127264317877
53.0,41.49188704832385
58.0,46.48840288700821
71.0,74.95807380942661
62.0,46.2300774983008
45.0,44.232620939556995
30.0,28.642700178091
69.0,66.09645599529279
61.0,61.80987306413044
76.0,69.68721253812485
52.0,57.761761425676596
30.0,27.107708641834424
24.0,45.898733991967845
70.0,61.87518957739813
21.0,21.74246534020944
56.0,59.11914767950136
71.0,69.11763631700151
24.0,30.87876063728322
65.0,65.97669001813664
39.0,37.478836080971526
34.0,26.72364510754899
66.0,58.86239001996244
30.0,58.99871061813403
49.0,53.50956537518768
44.0,45.06049234848958
47.0,52.98254144843672
55.0,64.4060442135346
73.0,66.6838308627425
62.0,46.12573465612022
33.0,40.96324670889622
80.0,66.50431633201487
59.0,56.41823988634779
61.0,38.92481514343433
44.0,40.72260431449707
80.0,72.42452143488792
18.0,22.291812016939485
39.0,47.82040271324712
18.0,23.007566781034765
29.0,48.163714646663855
64.0,57.18072092831803
30.0,27.56741869718777
55.0,66.23575671120031
74.0,58.48278173891028
55.0,50.23363266402882
67.0,69.30751082663409
55.0,45.315910638267766
47.0,49.071283360959654
80.0,75.4450889394643
57.0,58.4266326714128
60.0,49.83377524761452
66.0,59.46105799157343
36.0,28.705735932028215
27.0,31.60401122220428
18.0,28.74314892285925
60.0,58.87850309092742
25.0,27.57080372561781
41.0,44.50738924635753
77.0,76.42831826635334
80.0,66.36532653023549
25.0,29.320984416726304
60.0,70.31321429180893
18.0,23.556445614180337
69.0,64.10401108119271
28.0,42.560148891525316
38.0,27.718642415115752
57.0,52.31317167026466
42.0,35.04977191678538
45.0,40.49181818702278
39.0,48.166403022776805
75.0,67.63265778899297
70.0,68.18532552341335
50.0,49.871440076932615
24.0,29.04538393721227
71.0,61.600020462262464
21.0,32.971049787130035
71.0,66.8847384237544
66.0,71.87055298867051
59.0,55.17981874717921
57.0,41.9120121640926
80.0,74.0371397474479
69.0,68.18272830435156
80.0,63.384924588840406
41.0,30.537615422742732
75.0,66.46392491177846
63.0,60.978290066875196
22.0,45.088036887317415
39.0,33.1581989887891
43.0,39.96561477137781
28.0,34.06261670541321
34.0,40.397444642277414
44.0,50.20276291041423
70.0,69.13019203741996
48.0,55.16855942958285
80.0,66.70538159902205
44.0,34.064283131334406
22.0,24.562258117539663
63.0,54.16311252674698
54.0,64.87399267135585
39.0,29.16730459976112
76.0,72.54423436324186
55.0,61.208466647282584
25.0,32.054187289042346
62.0,46.27841797923995
55.0,56.222458210805684
43.0,47.541861280589394
49.0,46.13472069820891
20.0,35.111113591488554
67.0,73.88074276531573
20.0,24.517113311491467
18.0,35.417008416281945
59.0,51.743644894316496
64.0,56.14281171629422
74.0,71.23102096256953
61.0,73.6768774746464
80.0,71.66758245812606
45.0,44.243543317489554
67.0,72.96732723763962
48.0,41.0795815728899
35.0,47.18826522816884
34.0,32.05739012084043
66.0,58.29891371599072
33.0,55.09262412617191
61.0,70.49330430608737
64.0,64.38618099700568
54.0,42.06640418550106
37.0,35.20131977898435
38.0,36.37478475271591
33.0,43.58606966569374
80.0,67.95907825125943
69.0,73.02906520276402
26.0,36.78676390347815
20.0,28.326633149966106
80.0,68.73314233787222
61.0,71.82739995377759
56.0,70.02204105221738
34.0,25.674138638920567
39.0,61.14470219992977
80.0,74.430746406545
67.0,73.93644181547381
40.0,38.69784623994204
51.0,60.65970701539144
50.0,46.56179341232392
39.0,36.49358395420839
61.0,55.80629047852486
22.0,26.35946302118165
56.0,34.10288141311328
32.0,37.254278748411686
72.0,64.2417802423341
32.0,39.045946234903866
66.0,52.70348271697286
19.0,32.88937308368004
27.0,26.233434946743635
30.0,32.270883150802696
22.0,27.100667769782568
46.0,39.77607793902813
45.0,51.147719532233516
60.0,55.95009207343216
63.0,57.33656431495258
58.0,52.331931544138016
64.0,56.507112116561785
18.0,26.522752996324343
62.0,56.828404732831565
40.0,41.99783272736861
31.0,54.52336363465887
41.0,30.944184639836713
53.0,67.45821802643368
46.0,50.64192636751599
18.0,23.0815993912757
34.0,25.63926067384152
49.0,65.40629757138662
43.0,56.172702605378184
28.0,37.431905165636486
43.0,42.96852733690728
49.0,46.57815209512822
35.0,33.08978369868548
34.0,35.75254812899465
49.0,56.61097721890411
21.0,29.530249032158952
72.0,65.34276831910968
56.0,62.796229614351766
62.0,54.03084831864663
31.0,38.816674381902295
60.0,67.78902074793479
43.0,48.14149641186094
67.0,60.81127498085072
51.0,58.85575778131039
80.0,76.07884588919985
39.0,41.57250585145517
70.0,55.690393295243204
67.0,71.96160502463464
80.0,63.889823280028494
64.0,61.81029249715421
68.0,64.5230590478299
57.0,65.75260484683653
70.0,60.15323030014969
47.0,56.470280986894615
73.0,72.65615192372914
31.0,52.389240275418786
64.0,39.42203157975969
80.0,77.30281229619305
26.0,29.857388987058584
49.0,69.84983423292199
80.0,71.85982908912845
65.0,67.96000982818565
67.0,70.09557950666634
44.0,40.01306275884122
23.0,30.129729154099934
57.0,49.02017829004327
38.0,42.10331862938727
30.0,29.724591621562418
75.0,59.219239777095
21.0,28.311172638510147
60.0,46.25182011928249
25.0,38.69355431794248
80.0,73.01900869934305
49.0,44.86146435185819
49.0,55.53022217337928
38.0,45.09636029235283
26.0,40.82530087414684
18.0,24.384626821190047
18.0,20.168704729554577
27.0,22.437444769176565
80.0,66.2467176735151
68.0,61.50146379488118
50.0,30.095552260564915
73.0,65.21485213316885
40.0,41.18196839056782
60.0,58.50396230976552
80.0,77.14832119575958
80.0,72.92537188338167
61.0,65.68037781963143
38.0,34.25009241975145
31.0,26.49672357152931
23.0,22.94037336248889
51.0,54.09197780487819
45.0,43.27596078477567
46.0,44.278871387239086
21.0,26.828722807724727
60.0,66.32859678509604
51.0,52.351960213567246
51.0,44.95625038875011
42.0,40.148775870752054
63.0,58.09193893024094
50.0,67.70748232687265
55.0,51.02751482465714
80.0,74.02786445879525
52.0,49.93856029013642
25.0,36.95179851075452
80.0,72.52610579313182
71.0,68.00186866266503
74.0,66.83756738330787
50.0,46.83238706385278
51.0,37.667868001379674
52.0,56.55559169853762
75.0,59.95782316330544
64.0,57.61190730842367
39.0,38.75148213468218
55.0,40.15533117667825
34.0,34.99960417675133
80.0,74.94825615956852
38.0,42.2210272821345
64.0,48.99236376252521
50.0,48.24439815283403
20.0,33.79103442789086
28.0,25.21215429361842
60.0,49.43560234918041
24.0,36.21555687442505
80.0,74.51599534545278
31.0,37.82236798902908
24.0,25.436022278474823
69.0,54.4850157129415
57.0,53.656032803542004
29.0,35.262614762112314
19.0,24.714588980139585
19.0,23.16579419358134
26.0,33.36201765950715
79.0,71.92343968382352
66.0,76.05751085492422
73.0,55.63869994577295
47.0,42.42165297542466
50.0,65.99502499075552
42.0,34.113826605511704
71.0,68.8922213833195
55.0,43.5624423355629
44.0,37.19758868699426
25.0,29.460855537177707
60.0,64.56869262061387
53.0,48.79853966992826
70.0,68.425088751908
59.0,53.78312800652628
76.0,72.68759355330607
76.0,70.465219053803
71.0,70.55326859543419
48.0,54.94288232807286
24.0,26.27481526674858
24.0,28.042802966275072
64.0,71.17494284945252
68.0,67.60882708762358
70.0,50.485853987897755
61.0,63.877575606614776
30.0,35.76778717125757
61.0,68.80583305737201
60.0,61.292775071722424
64.0,54.88707742174699
47.0,52.04635055381556
39.0,36.31565212988699
26.0,43.18543364773225
61.0,54.61964719973629
22.0,27.288014668723335
74.0,62.48684691265616
26.0,30.52930366514545
36.0,44.240088211898744
50.0,53.63208603063215
30.0,29.25712955791684
30.0,34.538133829750684
71.0,75.0822711656881
25.0,39.83903608233245
50.0,54.221727929555854
77.0,68.42716262158869
34.0,35.59678110601464
56.0,54.22773312358997
51.0,57.378915267150525
40.0,31.500662171207736
28.0,33.2885186775698
58.0,44.12504613311513
41.0,40.983642655478214
51.0,40.03457980915999
73.0,72.48895447097475
78.0,67.24904570927102
19.0,29.32447885763164
55.0,48.47815942939734
59.0,54.72556721113044
63.0,67.37472925555954
80.0,69.0347270875655
33.0,26.569016284356117
30.0,36.002763255267766
66.0,67.72384337186004
55.0,55.70040527125484
32.0,33.86483355093369
69.0,64.27082083356379
61.0,59.749604681900365
19.0,23.125581426490417
58.0,54.9104827919134
44.0,45.53171321551085
63.0,65.15744498583423
54.0,55.44336581411793
19.0,21.109744115474886
63.0,74.23485214265062
22.0,39.75597422974784
40.0,38.13146156992542
32.0,38.96219209940463
50.0,49.9284059643859
64.0,57.50256940243451
66.0,53.49973448583355
61.0,51.773063200950475
33.0,40.16152936586596
40.0,57.760321206003866
60.0,41.224606186037114
42.0,48.220969928716
63.0,40.20984301513403
39.0,34.95001914241678
38.0,34.75213908472075
35.0,40.9325573601334
65.0,66.70100779762676
52.0,51.50236767559848
67.0,49.81285814514853
48.0,49.692854480744934
46.0,31.49153857717322
64.0,61.62134283034695
68.0,51.00977375175638
45.0,49.53971925231478
45.0,47.2178086682665
25.0,32.77807294806953
43.0,50.83869970358844
67.0,63.32310876295665
68.0,67.6868031046662
55.0,30.992960599869186
80.0,66.55457136861384
40.0,35.86578508943355
42.0,37.89439076165288
80.0,75.12465181044671
18.0,33.73355614173057
48.0,41.103676167736886
23.0,32.751810071918705
43.0,40.59891260854102
80.0,72.40375576246726
71.0,53.856183588623374
44.0,42.75940045465044
45.0,48.30692329799476
68.0,62.2387304903536
80.0,76.89824363181039
59.0,52.31429658699712
53.0,51.031655900432206
76.0,72.280956149829
38.0,47.60690812563441
48.0,58.67440753423832
54.0,39.200460792425766
70.0,65.01942516296288
56.0,51.045872601319815
48.0,42.73379915074348
77.0,64.0082542463711
80.0,68.88342896443882
65.0,58.90143006618344
46.0,30.113342762663383
19.0,27.129833678911847
64.0,61.512087218761145
52.0,53.381114313264995
25.0,33.668648497930455
40.0,47.7655180916668
37.0,43.17381850070868
67.0,60.84372162810825
48.0,46.402333128385955
22.0,36.6026813431031
23.0,30.55678861381289
49.0,39.892307094375035
56.0,67.94746611866485
60.0,63.27268851867107
38.0,51.24783802430437
57.0,64.70499684612258
75.0,44.649335434109986
19.0,31.913903778132624
30.0,36.31041030198136
47.0,54.8178172979458
49.0,45.85484436059186
53.0,59.101662686240985
76.0,66.7911477593834
54.0,54.34219759288384
19.0,26.59240480333355
22.0,28.912777423012972
50.0,37.79431534216089
42.0,45.15305282566633
35.0,40.37537593690082
61.0,46.03622626563672
44.0,43.06218821208011
20.0,28.613751101326773
55.0,56.529482685265066
20.0,31.785004384577
31.0,27.495716987573687
65.0,63.38403840022332
74.0,68.47867765639114
44.0,53.574765956122725
60.0,68.88438339645721
57.0,67.07873550017568
49.0,41.437644534859785
50.0,47.093267730766314
37.0,23.710008331828952
44.0,48.49219460859973
30.0,31.362358410418295
18.0,30.37073366791117
75.0,75.84912313698206
19.0,27.05683450411734
69.0,62.93775884568272
58.0,48.3305846139713
49.0,65.70181546233742
30.0,29.484080331882982
27.0,29.470923102890502
38.0,23.905388543514018
50.0,39.47488280816545
51.0,39.441200168737005
37.0,36.31867787740742
80.0,71.37617749276292
47.0,54.6259734379203
30.0,28.95560495887402
63.0,67.41343792667367
67.0,63.970300246783324
61.0,50.886281200054455
18.0,26.80022999019154
31.0,29.812947127905574
36.0,33.42888382544675
25.0,34.311852928707374
34.0,34.57687657442591
22.0,21.988630202478948
80.0,77.35758272759561
19.0,29.11601391293571
25.0,23.74186910877563
67.0,52.87027200482645
36.0,31.657270878556737
30.0,45.84232402005744
70.0,73.20173416207936
48.0,44.768172171099025
31.0,30.417762830395027
74.0,68.18949507417462
31.0,41.978787232775815
69.0,74.25844306799996
27.0,27.149908024926763
22.0,37.50937183488536
30.0,28.733740620913018
47.0,52.26315474283755
19.0,22.168021952215266
53.0,53.62968006661195
33.0,25.383330583940864
27.0,29.512432131156626
45.0,25.048860202092932
23.0,22.569280384544474
42.0,42.97064371044422
80.0,76.49840177503631
46.0,48.35871794225105
18.0,23.7477289976468
19.0,35.619973769262515
27.0,41.475180634929245
71.0,66.97457600422189
24.0,30.158862892654454
65.0,69.02356283805531
74.0,75.30772547443549
23.0,32.291589853646194
25.0,28.040290178494452
27.0,37.36840110784446
80.0,75.6359408888914
67.0,68.67027519783419
26.0,30.90027983263852
80.0,67.45544388916696
60.0,49.75265907533773
40.0,55.93543733890704
80.0,69.8961318093393
38.0,32.49209339543604
22.0,37.04006195398077
54.0,40.65833739231871
64.0,64.77004264757616
70.0,49.40114571956016
72.0,52.06933688254096
62.0,57.75478443533953
20.0,25.69025915086226
80.0,67.3995977867304
57.0,50.01290374444872
34.0,67.48864191070915
37.0,36.636602619561884
28.0,26.24807136061349
69.0,62.212687866837705
62.0,71.93395923537895
63.0,54.17969085674515
52.0,52.27973360857837
28.0,29.601511081193113
41.0,45.015928219485474
19.0,30.179127688197156
60.0,63.707010485783805
22.0,25.95620380106802
18.0,31.350564285735754
63.0,56.631074137097265
34.0,43.76801113453029
69.0,66.24709888071008
22.0,28.10776975458399
46.0,39.43226290369577
35.0,28.38634691915705
41.0,33.313161724483024
60.0,58.14411431293829
72.0,75.87903329618116
47.0,42.0096772785658
38.0,41.25115058724337
36.0,34.1135100522136
32.0,31.882483290050423
60.0,61.31056676293745
39.0,29.40572033788273
41.0,33.624126085146244
80.0,67.83860490436959
31.0,28.893863767936068
21.0,27.94313117103838
26.0,45.43370527184588
60.0,69.03918682059216
80.0,62.736198351260164
80.0,76.09032739451945
37.0,30.450037013826062
52.0,60.26539855563491
39.0,35.1216114384896
64.0,50.58314726678538
29.0,32.08582172438385
80.0,70.76035374916316
21.0,25.082100922419542
25.0,33.93990561913335
73.0,63.82352717466115
23.0,23.7546217754928
80.0,76.72652944679048
66.0,70.67259212879831
38.0,36.1875318878232
49.0,51.430480217601556
38.0,46.0914551243112
34.0,35.18970221686972
62.0,71.52171036158524
48.0,55.78688838865227
65.0,51.922087568419435
71.0,69.38288943696543
29.0,40.36107948732799
24.0,28.25653841768482
38.0,34.33735857906282
24.0,28.29671554866143
30.0,47.87189870380332
80.0,75.97827457775301
60.0,51.20326237136793
31.0,33.37347038110054
74.0,69.78596322189996
20.0,44.98478195672559
30.0,34.86003812690112
68.0,67.65164190000704
19.0,40.962049337938126
33.0,24.893845949880507
52.0,46.18623001969003
31.0,26.99383619155519
34.0,29.704754291600064
45.0,52.576305639980916
20.0,23.877629915618737
38.0,43.62996406580039
64.0,46.62560262774865
42.0,46.62618366165583
43.0,53.31810821422261
28.0,29.574889469905358
57.0,54.17024062247918
76.0,73.23417567937318
61.0,55.256550257908486
41.0,38.22178213426998
51.0,44.11434751566619
80.0,76.42591727437777
63.0,59.40833321734588
59.0,55.832343349874336
58.0,60.2771750531701
44.0,51.209564898175756
43.0,42.97824382439272
58.0,67.70171562522533
71.0,59.573588280728366
50.0,46.60404408603528
26.0,30.907080723039318
60.0,53.670771069851035
79.0,71.85158932273043
47.0,52.10087043420467
65.0,52.78550062711614
49.0,50.683540459813756
76.0,68.71758335743918
33.0,30.35420717119291
40.0,32.1216443897928
69.0,61.9756424749154
74.0,70.24072206350326
20.0,25.145788809845428
80.0,54.855808088758316
75.0,50.73742364545804
53.0,46.62561108694219
74.0,58.47749539758712
56.0,51.26725351374834
34.0,44.77620182365698
80.0,71.83647194484908
70.0,71.09116126747011
72.0,58.00916277073074
53.0,62.61572408239391
54.0,57.44522117942558
33.0,29.243457870860535
31.0,31.41341177580786
18.0,23.412516464084113
64.0,59.904496147117015
53.0,48.200552474093065
76.0,60.778863954495925
30.0,27.601900785669287
80.0,75.04838487732798
27.0,29.26775477209271
19.0,26.727059183053942
59.0,56.85636567725524
36.0,40.201697697295074
43.0,44.96154083774495
60.0,71.94639239145513
77.0,63.7211223765994
80.0,70.104593638132
62.0,66.73854420726727
35.0,41.3618476193307
54.0,63.3226459253803
24.0,36.15641201764745
56.0,41.88314609917841
77.0,66.63477717654399
42.0,33.99346311479848
68.0,56.27155999534587
78.0,61.258436425841445
63.0,56.93166241383349
31.0,42.967562785083565
63.0,64.75796505537345
46.0,50.24291205280117
48.0,58.322202878081356
20.0,20.862325734538672
63.0,52.79869974715686
22.0,24.695576696019337
27.0,26.594078284063027
66.0,58.36199553260803
74.0,59.872157679566236
23.0,33.75730978786926
29.0,36.22638105656322
30.0,30.402924877678103
46.0,34.89467510546054
40.0,34.9226329039816
46.0,51.53717292614221
45.0,51.58192257114761
47.0,49.92796594259394
70.0,49.434804650158554
46.0,43.946339009052146
60.0,64.42027974034953
53.0,46.61862576597973
19.0,27.027705892354135
36.0,33.503214080019994
70.0,54.471578115808136
40.0,49.54177637745394
63.0,61.350866016039284
25.0,27.926078948437475
40.0,35.49835155160153
59.0,52.43558514676385
29.0,30.854842851764698
53.0,51.34337626585139
39.0,40.54773464312146
61.0,49.554933148320295
65.0,49.028796455595504
77.0,54.22553648437313
43.0,54.2580416118758
79.0,71.62987873257191
67.0,55.84685427134801
66.0,58.252076569436596
66.0,61.64373240309633
56.0,56.396362999801795
71.0,69.6413784140354
45.0,65.24410000533985
28.0,33.908361406746494
71.0,71.81052953609964
21.0,30.40730864169783
27.0,31.73699079603546
53.0,70.163147469573
26.0,36.407206371857846
33.0,29.9042119067834
20.0,29.082879397190613
65.0,59.291025891684356
19.0,24.653892928199415
67.0,65.21330268450343
42.0,38.08300497581431
65.0,69.56051449635926
70.0,69.02297285332561
23.0,39.78577421612417
37.0,35.66117221070698
65.0,64.95573271334669
23.0,36.48181678346111
27.0,30.88933463138031
43.0,30.68667238092736
25.0,56.43772900474046
19.0,28.062879169143212
27.0,27.33878722227774
59.0,60.72292245191705
37.0,32.79182320357771
53.0,50.0801465969364
40.0,34.155458774525044
18.0,21.508232909789122
24.0,39.09252188085206
46.0,48.16550424572345
21.0,40.68479469894486
39.0,50.23975718985281
27.0,26.82677951228221
80.0,72.13418756960263
65.0,72.75344283124093
80.0,74.2056475916679
27.0,32.07988063392317
22.0,35.598345291520715
36.0,56.422881363351735
25.0,24.03355988287699
72.0,72.04552062959077
20.0,23.503848981242207
30.0,30.24541286072157
51.0,43.431496235043085
20.0,31.990367058479983
61.0,63.816081500851695
26.0,30.125733536067933
80.0,71.19645018058621
31.0,33.3108915775518
48.0,40.075980179118716
80.0,68.02158221308427
73.0,71.49572782161472
56.0,50.351179492546905
58.0,53.13312301715126
23.0,28.092984672062034
48.0,41.06453107282956
75.0,66.95444008738431
41.0,52.80716113428713
33.0,26.4612762934996
60.0,73.10855298533545
65.0,62.07626386335993
24.0,30.035431553172995
48.0,64.53454483856059
72.0,69.22934683118088
23.0,33.17538363529495
45.0,48.20636078818386
48.0,49.96133895654852
58.0,67.31836700412995
51.0,59.67425784252551
40.0,50.56605449162952
41.0,31.68435554438671
40.0,44.318187622635705
36.0,41.39489530704944
60.0,53.56650299176151
70.0,63.60323697947511
71.0,69.80911207854965
22.0,27.357383792663153
41.0,31.887286020915198
30.0,29.394007969068067
58.0,64.82077904272742
42.0,31.808740119779564
59.0,60.189012327706706
53.0,51.84222900938124
79.0,66.61400507016295
40.0,47.36603558076543
59.0,62.63279056612864
80.0,72.95442315128743
23.0,33.13353257994542
44.0,42.431170781534966
62.0,64.41530345149401
33.0,37.07201103520849
64.0,66.90673683529327
29.0,27.639121653306805
69.0,68.06176226512102
80.0,64.40689770139032
52.0,60.89774250871116
27.0,44.62131859856118
52.0,35.75184277553336
53.0,64.04224751624652
72.0,56.654413063553505
68.0,62.73585986158739
45.0,61.34364313626365
29.0,29.112795483463238
75.0,63.82810984594286
49.0,46.676212166148446
61.0,59.89196401486879
25.0,51.829299109770155
52.0,44.5410120887056
66.0,59.54730256225847
63.0,65.08550281865121
40.0,55.21850855158069
54.0,37.144902265916485
44.0,42.70488430442242
80.0,74.60750376809924
22.0,24.069514813515415
34.0,32.10359686448359
40.0,35.583085836730504
39.0,43.34758202230273
19.0,42.02288057705307
68.0,69.91521005376109
47.0,29.337585235730366
71.0,61.25786706627934
26.0,22.04854143393059
73.0,62.735009728224604
29.0,28.719345438326844
32.0,50.76646311162921
56.0,49.177207848680126
20.0,29.637644910007253
72.0,54.854564605022034
28.0,25.512075829360857
67.0,71.5691791301205
19.0,28.895498255329315
36.0,51.24132284330711
55.0,64.36792261913445
24.0,30.546772525962737
48.0,49.830850752163485
62.0,39.005798857719014
72.0,61.711971160874775
46.0,40.04950448466095
19.0,21.735119591697813
25.0,31.289091237341385
21.0,28.839549160983594
61.0,70.92917500560117
49.0,50.66500038894093
76.0,62.42895268489301
65.0,68.24506826466657
58.0,62.40144269000693
42.0,59.09408365414161
23.0,38.316430513271
70.0,66.66734739908367
43.0,40.05189090955175
73.0,61.32872853026106
61.0,61.80597209328982
44.0,37.11504320209419
29.0,26.859502358567443
76.0,68.24124565285267
19.0,28.129902002736358
52.0,50.89111914388183
73.0,67.32698687549592
38.0,35.970689697568524
28.0,35.89150319493934
75.0,66.47130561694198
80.0,72.33203947524014
56.0,60.45958629823488
61.0,51.76351079970098
72.0,56.03156684737141
29.0,33.71387552553629
65.0,66.59944969056167
80.0,69.06521595941504
67.0,66.01728792720282
22.0,38.54033358806902
45.0,37.11223582159017
66.0,59.642127747254825
61.0,62.73613174158391
31.0,31.311392496249237
76.0,53.29466684259507
35.0,35.8797412625113
61.0,44.32204685684708
69.0,67.34943797095482
18.0,21.582708793132234
78.0,74.23504223257005
25.0,29.332408358869007
52.0,65.50830784212661
19.0,26.45215372063265
79.0,75.14651130458299
27.0,29.50805615610758
37.0,46.75637373293095
37.0,55.123883934637945
80.0,70.30647951456713
33.0,48.79088076817025
44.0,42.620920742045065
18.0,31.321076448190308
73.0,76.96921037390484
43.0,50.45690848434845
35.0,30.41188671249807
44.0,42.632266637144475
43.0,38.15603257108392
25.0,23.899108841267836
20.0,48.58733903198266
80.0,77.36495666078325
37.0,32.22218781363834
62.0,67.63351147049124
36.0,63.961348277379564
36.0,44.23541504949526
19.0,30.625861527363824
44.0,24.78699589867932
55.0,57.10310814797159
38.0,45.960975628952276
34.0,42.96620668971913
57.0,37.94990456285241
36.0,31.805864566134286
48.0,33.78310542302244
19.0,29.154566248303162
41.0,40.965419770793375
49.0,51.87666420601865
70.0,72.42943674595193
55.0,55.683878998827176
67.0,62.42609722954112
53.0,43.98360996638105
29.0,30.402483949195936
62.0,50.27707268830508
48.0,43.673807861180784
76.0,51.58001070456443
52.0,51.95176513250065
80.0,66.9968114618816
35.0,31.969960239585294
63.0,56.94108751864559
64.0,58.23652295747135
28.0,41.78342083776257
35.0,41.82150211170291
72.0,48.372177492247005
80.0,75.07104569241274
61.0,56.78708464693608
27.0,22.107774714011512
20.0,27.84980880377601
50.0,65.77250339595098
74.0,61.18059736806099
22.0,35.69733372469035
42.0,57.785874367626064
24.0,28.639173983889687
80.0,52.58797545738616
28.0,37.063624827849615
79.0,67.36240963575696
39.0,44.0108794684047
56.0,58.97532752319164
70.0,71.1131030515096
80.0,61.26177112093874
70.0,73.5402579496438
63.0,61.64762787346246
33.0,38.22811893156374
39.0,53.085442166779394
35.0,35.83317236030785
34.0,31.0334629375041
25.0,25.179355525828992
62.0,54.45427598496338
53.0,51.993707401389585
67.0,59.45231015022896
62.0,75.22804292027489
48.0,48.20704701383913
70.0,64.34273299370503
47.0,54.52920987471045
47.0,39.086716020764605
19.0,27.25737542027292
80.0,69.76560317454675
44.0,54.764708456215565
79.0,72.26129009702814
25.0,27.585131621199885
57.0,63.17508426610984
45.0,63.54182352037518
26.0,44.550446556840555
69.0,53.64508130977623
71.0,50.2085165115313
41.0,33.44082670725206
60.0,75.50550351951915
23.0,41.16258089153487
55.0,56.044978018128546
45.0,39.79243572536818
80.0,74.41704749474114
48.0,46.252261705551376
38.0,36.53058479266372
56.0,63.70771675558049
60.0,57.14689873531926
55.0,56.67665741373716
30.0,39.597721803612856
37.0,27.26925305314457
68.0,73.77932459372968
46.0,48.8641347413378
27.0,30.383526241099045
55.0,35.81046380348372
59.0,58.12380571151303
36.0,24.720651238140828
66.0,58.73464544693457
53.0,52.831137422031034
33.0,39.531075890617146
42.0,35.584205070090874
54.0,47.79109170396406
62.0,60.579218037334314
66.0,72.31005795099303
78.0,71.4697238859683
55.0,29.55496479541058
38.0,31.939123872068823
66.0,71.94922217514602
44.0,58.97599201619962
22.0,24.256070670598397
69.0,61.95656218853535
66.0,63.813247439098305
60.0,37.87148065344399
65.0,58.07788013891011
32.0,28.323049239560333
75.0,67.95764664865256
26.0,35.38790604609529
66.0,56.82661016525979
54.0,59.9913113439232
47.0,34.83683781193104
80.0,69.02834793926392
45.0,42.38803389029573
45.0,45.54223642353722
68.0,69.0858374944988
25.0,28.653042062813938
80.0,73.10063294914015
46.0,40.63277233612616
80.0,69.45008367978859
73.0,61.59126121936935
29.0,31.431433806925313
63.0,59.321813126869664
27.0,29.25091298762681
71.0,68.85515588644842
50.0,49.832613683635266
19.0,23.971658784273195
31.0,34.764187824454474
19.0,21.664663438237362
21.0,28.690119592898164
21.0,36.98112307773594
20.0,22.335829284848778
53.0,53.98792808086719
56.0,56.924015224230935
39.0,50.34883541678443
78.0,75.78976174892422
19.0,25.702416149512924
48.0,33.634044243364144
43.0,58.72208188437711
31.0,24.044326407562718
36.0,40.36659659980568
62.0,63.76725629315775
79.0,72.06203499866058
69.0,65.14170024765217
47.0,62.24215631942911
35.0,25.044258269396263
29.0,23.4657774004034
80.0,69.03901950751238
68.0,69.22443456152781
68.0,63.0016522444118
27.0,30.981430634001214
69.0,55.9213099858373
80.0,77.0158639828612
74.0,68.61794735595129
58.0,41.225923396874975
35.0,44.957685311445715
50.0,50.56761174487747
79.0,69.21709135580024
44.0,27.904757400655484
75.0,70.36542994340869
80.0,73.72614983443222
37.0,30.791736846550116
50.0,47.5607326291446
68.0,56.22551632294745
54.0,59.0029996362189
56.0,39.81178010421565
80.0,71.21673878571364
65.0,46.84799538313593
68.0,70.0515758867533
44.0,54.18161217814217
22.0,25.38909109927009
53.0,50.73009191825856
61.0,60.342254130170275
80.0,73.38780043278064
20.0,30.892234874097163
53.0,67.26480400330802
32.0,26.08096829221504
21.0,30.343117012900056
26.0,29.435307818332912
69.0,66.1554448575531
28.0,39.029632669352246
21.0,22.395282467800826
41.0,42.91795150304895
65.0,63.923050893691226
30.0,28.3622489646968
80.0,69.79509224248537
45.0,45.8961325890595
31.0,38.87573049533198
50.0,33.34195175194809
77.0,57.69505933221025
66.0,67.5476863049638
36.0,26.274424133463928
56.0,55.955626786500886
35.0,52.76364735768195
61.0,49.44782597087559
80.0,66.63837905342287
49.0,61.08381194836416
66.0,67.84581215409857
18.0,23.901512669476432
25.0,31.79958930568231
62.0,71.77527824450796
42.0,39.52075231765058
47.0,32.434297418501835
80.0,67.53576924469343
80.0,73.91409565674566
73.0,63.576426227885946
40.0,40.22552509672704
78.0,72.23788953084501
47.0,45.13321906443391
32.0,28.489469442687792
39.0,43.79222150651104
51.0,56.16481560362318
50.0,45.187736722796764
72.0,42.134985979160795
59.0,59.574589403910274
65.0,57.73710156344765
67.0,71.59584965352741
66.0,55.908770042702606
19.0,21.307478688364156
45.0,53.41239601178213
67.0,74.3295412370502
71.0,50.774082323928795
43.0,40.616565705778186
65.0,54.581589060941305
69.0,64.55317007656414
56.0,68.2125993161705
32.0,28.74053580815178
65.0,67.8248887519118
63.0,64.42505374741634
62.0,54.656615676965586
20.0,32.57378211267333
42.0,38.72653036840486
27.0,36.68105863948624
19.0,20.800279904057344
80.0,66.19190172802043
42.0,42.13540940972639
61.0,59.16827507159221
31.0,41.79090914740507
25.0,36.55080009533935
32.0,34.538099261686966
80.0,71.97337032363374
66.0,69.53543695162237
65.0,59.55044739744458
24.0,23.22263897842116
32.0,34.55292972310454
64.0,63.02818179486387
40.0,54.54123149230765
30.0,36.99323920181222
56.0,62.7645464846303
37.0,34.20635284119601
80.0,76.47814102692934
58.0,57.867522238241946
19.0,36.908399742178744
41.0,35.27111702194048
58.0,40.12177539855608
80.0,74.67341524358186
46.0,38.41815319947845
53.0,38.147387306648405
57.0,51.27421515864818
80.0,70.8713428098497
48.0,27.042845416984434
54.0,38.148044192847685
36.0,25.77346797137019
21.0,26.253521102212286
55.0,61.77646005243492
28.0,24.5731776823134
58.0,51.2603504379593
55.0,46.06415349638339
59.0,71.57944453173837
53.0,27.48058352850431
40.0,41.48281956918996
30.0,40.75003250940125
52.0,54.77489490733185
38.0,37.52661623298051
80.0,70.05784951831511
53.0,53.4408921668044
78.0,71.47789909531781
25.0,29.375133873946876
38.0,38.413269770356465
62.0,63.12851536198994
76.0,65.51851459129756
46.0,46.07284405648067
33.0,27.564383169599203
46.0,52.8290072592217
52.0,58.01874972878179
20.0,28.122841974478
23.0,23.533449537592837
18.0,30.39882411192135
33.0,28.010081453595728
67.0,64.16723445588109
21.0,30.29189315181998
21.0,24.942898508682344
41.0,45.92608902851979
60.0,52.351977761093295
41.0,50.385124184966514
25.0,23.5319896293216
41.0,40.914848590745024
46.0,38.527669347546954
38.0,50.094909765088275
19.0,31.28037730162545
50.0,57.03625959352033
43.0,42.48274519293657
30.0,33.92404835359487
40.0,32.590596248493604
32.0,31.62300118530773
59.0,54.18990683755523
52.0,46.57513100290826
56.0,49.975826117681684
59.0,62.076696616594376
76.0,68.59585493035729
54.0,50.15124115884691
30.0,29.963353431524943
38.0,35.19922345882703
30.0,39.484034015528216
35.0,37.63762703830041
53.0,45.74269402278109
55.0,56.62748774279321
75.0,71.88135043619565
26.0,48.12698166790129
21.0,25.98263406850372
33.0,26.936004291956227
22.0,38.49579830908867
59.0,54.88811523243157
50.0,61.219911033608476
80.0,71.85466796777845
55.0,47.24974353740992
51.0,46.24058754396701
24.0,48.972689840864184
80.0,66.4668113755961
30.0,31.019008897704207
56.0,54.01243197173442
18.0,25.359321520913227
71.0,64.76734133117024
35.0,41.206009236157804
54.0,55.684708706151625
46.0,44.52724600067709
36.0,28.852989922866623
23.0,31.006248872423818
65.0,63.008027496359524
56.0,49.31195502475819
64.0,70.26473731237692
20.0,28.503482021846665
38.0,29.113329518073567
29.0,27.828890349311305
80.0,72.41954793405873
62.0,67.0078584796204
80.0,77.60197643302224
62.0,49.20269642656742
42.0,48.276615242153305
55.0,62.14910349319461
23.0,33.976413738345244
56.0,61.46998577370332
38.0,42.79306110270045
44.0,45.88325437347166
27.0,39.603475627920254
55.0,48.83162434150314
52.0,43.46404420874869
63.0,56.613682837130725
47.0,37.28590388773688
48.0,48.93515029582236
61.0,57.33878484530603
42.0,32.42093852039221
20.0,27.62903027033573
21.0,25.464379202721897
62.0,52.08608574983065
26.0,21.841803060834906
18.0,31.2601314943152
60.0,41.62789533574765
55.0,59.92005376677065
60.0,59.08385668399594
31.0,36.05599097746702
80.0,72.01624406413863
54.0,55.59814214503419
53.0,51.592697299146884
46.0,34.88735148150074
26.0,23.382776601997925
55.0,34.863804915028176
29.0,32.27327609662963
19.0,29.09294560795575
62.0,37.568559132332126
63.0,64.32073573695828
27.0,25.055685401375495
72.0,67.72695404576814
52.0,61.39797267828988
43.0,45.852162953774275
67.0,60.75656266321435
45.0,38.11395292803441
35.0,53.725873605432774
19.0,36.994757980620165
35.0,43.18601012623234
18.0,26.274090318942154
75.0,65.92030068755466
18.0,23.99902234631332
29.0,26.64771372284772
51.0,59.25487414778091
49.0,39.442865352868836
53.0,57.553586693848054
65.0,65.5323552788136
47.0,57.00823849648023
54.0,40.86491157139224
34.0,35.80289209294521
28.0,34.601428091395306
39.0,29.464329517371688
80.0,67.09725055325914
45.0,36.5212751896391
36.0,35.194936739418175
32.0,27.881619210196895
34.0,53.59016936719968
61.0,45.143735098250126
40.0,56.58076038031364
27.0,26.808337993391753
80.0,35.94900811229834
33.0,43.36505245382851
65.0,35.82234221153331
61.0,65.85124193530808
78.0,64.95558206664073
52.0,44.9937118969465
18.0,26.659961828559982
53.0,49.807948062769974
80.0,70.19929695403125
38.0,32.0189204997377
61.0,63.021615274958805
31.0,27.187435767609795
80.0,77.02308455798672
50.0,71.34659759297794
36.0,27.371918410569574
66.0,60.641510367294586
68.0,57.88657596701231
64.0,62.43720476211431
80.0,73.95146086737688
42.0,32.13600327757194
48.0,46.51948432433888
69.0,71.06875497897579
56.0,53.23504839284136
45.0,50.88643307774968
42.0,44.89954723674418
80.0,70.35245042017536
49.0,52.7742210016775
74.0,72.08077591217207
25.0,26.109189698092674
26.0,34.81146351775388
18.0,24.912141133234947
56.0,56.32638917898924
65.0,66.73687825516434
69.0,66.07401571662194
75.0,75.11795852021076
29.0,29.778501977225645
75.0,50.32040536906506
78.0,70.64314005130963
42.0,53.95959950796428
20.0,31.279464029856605
69.0,58.502456679441
60.0,56.56154201899989
74.0,60.79086185556692
29.0,56.23866302220134
67.0,72.3100480380897
43.0,49.701738128232506
19.0,21.504221233011336
49.0,68.95238013214981
55.0,54.67285252875553
70.0,66.67674127698012
19.0,32.260709338778
26.0,25.556628089234593
43.0,33.552298274117234
18.0,34.285666779806135
80.0,74.89408853191982
59.0,70.4178015787801
63.0,57.97381753835544
30.0,29.187766872374446
43.0,52.6132218512151
55.0,58.27981449351995
29.0,29.93566058681748
55.0,52.995358056257736
18.0,27.216113264874263
61.0,65.93716662969874
57.0,42.76314991300198
44.0,54.2805587877943
18.0,33.359348799300854
51.0,42.12555296278143
24.0,23.025791891457107
26.0,27.13997453654065
18.0,29.54727571491662
19.0,24.567224760912197
22.0,22.610098778857214
36.0,34.44648118358375
60.0,62.60495308844883
39.0,35.47963644027853
67.0,57.72212223733209
51.0,45.70760812615188
20.0,32.50597457610996
42.0,44.918142346575785
43.0,35.27588668497232
39.0,29.850755149132596
65.0,67.27867888981974
53.0,43.63196555781403
40.0,30.757919738714588
23.0,26.439815067487963
56.0,46.74666152375821
80.0,74.69703236150364
63.0,58.89705835884086
63.0,62.919856944745305
80.0,73.98800273111345
39.0,65.75804099706515
31.0,35.14792806876212
48.0,36.204830883735646
71.0,68.51640507322364
76.0,63.82517912211756
28.0,31.027192499304174
19.0,23.255321140658083
55.0,51.566930783688875
41.0,40.71683563955763
46.0,43.40272482911019
52.0,53.4953051137095
80.0,62.587325144651544
19.0,31.24857633059685
52.0,60.236927035300845
22.0,28.305380880453352
69.0,70.61708507510296
55.0,65.256345740711
22.0,30.904697486578694
72.0,63.09287734903091
20.0,24.516296810523958
55.0,54.49104538878188
57.0,50.19057639969317
31.0,41.20268773191043
51.0,52.095507824430506
28.0,52.69811234590959
62.0,67.84060707399608
80.0,68.51552320956662
48.0,57.49491732817562
21.0,27.94590133541231
45.0,35.708678754107396
47.0,47.42603689159444
43.0,41.625088280366256
46.0,45.70057784348992
35.0,41.53566747717053
70.0,70.72873341866833
72.0,53.368789623170024
80.0,72.72686408255069
77.0,68.46765877359562
61.0,50.09411546555146
73.0,64.82342269707745
63.0,61.069900298835464
66.0,61.10242630633452
28.0,23.666192875590944
80.0,77.71993028901058
59.0,49.61620165281832
55.0,49.0253897078407
28.0,46.66279955992572
80.0,72.95457512688012
38.0,37.858996056008884
32.0,59.545318160419754
31.0,42.127733921108295
46.0,53.883515161352925
41.0,35.81392365738253
56.0,64.20522007792856
45.0,47.08537525397166
41.0,38.137941143202255
31.0,46.23795674445021
29.0,27.39338941918006
61.0,52.68173015587372
19.0,29.355039079997837
47.0,58.721190476812744
58.0,57.77098800177375
77.0,52.81399889998316
56.0,62.89043164794726
52.0,50.946661767461386
33.0,30.35076407417916
42.0,35.581038211710144
69.0,52.13432448439996
77.0,77.01336388555414
24.0,28.651779618052537
54.0,58.738696785534295
65.0,51.588150011573596
36.0,42.63121559467887
66.0,50.35083366038482
71.0,55.98719768664363
23.0,25.231179938470447
56.0,53.746341046343375
20.0,24.425806868120663
65.0,61.61602146804612
50.0,68.74102753837606
54.0,51.378762516517675
62.0,64.73031045165357
40.0,54.783718887110716
21.0,24.538423930698826
70.0,53.731160670353304
80.0,56.80935766856212
54.0,52.55026542131235
60.0,58.867848499901555
80.0,71.59799903049789
69.0,63.48678423791828
23.0,21.89596809104432
70.0,67.0237589397204
36.0,34.44549128864131
80.0,73.00297927972932
62.0,71.86486041571195
22.0,33.60279042386257
41.0,31.365642924890548
75.0,70.04795949722056
38.0,26.095402969470047
60.0,63.408570599796
19.0,36.695349657806695
23.0,34.11606242240274
80.0,71.35926150156978
39.0,47.612838646740364
45.0,39.75767952857771
32.0,31.95877191665098
38.0,51.980487878501464
66.0,56.19761671722778
74.0,75.12356343330065
19.0,28.433480755608617
54.0,45.95968133281105
50.0,55.50714696195053
21.0,23.157363519964345
35.0,43.72470875742198
24.0,37.91098783524624
67.0,67.36041418765635
31.0,35.71587838776177
20.0,23.183963684629994
80.0,77.1138799404534
53.0,60.08762201230194
62.0,64.07247102855919
64.0,65.82736431640461
31.0,42.69547008684371
70.0,68.37519212906811
56.0,61.64543833020386
51.0,38.728999063723975
19.0,25.830569379159687
57.0,56.975180420136006
53.0,59.8670472193138
28.0,35.72405105738957
24.0,28.74589454795616
72.0,62.394218705533696
55.0,53.17415297364948
67.0,70.06393077327792
37.0,49.65136417853994
40.0,25.79020581771454
77.0,74.13921582639266
28.0,33.318275262211905
34.0,37.52470074874422
65.0,47.77260619401704
80.0,72.01820630154158
25.0,26.394600728130477
77.0,60.060146680739216
23.0,29.238368430030917
22.0,26.495066604939282
49.0,45.54511244309506
45.0,50.55201538501856
47.0,55.116869145239114
47.0,53.380178275538775
67.0,68.83091481616542
51.0,47.686125267706366
24.0,27.402676066463368
63.0,64.01821067903329
43.0,50.162933538583175
77.0,70.46227795206029
72.0,67.41624422666165
74.0,52.53274975530643
64.0,71.46083929658697
47.0,35.861767626460214
31.0,26.24450100469805
58.0,42.3281608782016
18.0,32.49912791579404
59.0,65.03211613452847
39.0,66.6491195366194
18.0,37.252808426123835
61.0,64.2305277150344
41.0,50.977880323321536
63.0,57.82346584390764
54.0,58.12176691487977
55.0,39.61872585621614
22.0,28.870658034193056
39.0,37.10740103275939
53.0,55.533877293783846
29.0,38.32300253853863
28.0,43.44858368233219
55.0,43.859454297448835
64.0,45.690761283240526
19.0,20.241485563579584
44.0,56.64339430333902
53.0,48.49408829389186
48.0,57.617223088805694
77.0,59.55950737727835
68.0,67.50110934764297
23.0,26.29103215763444
52.0,61.00245085062634
56.0,54.058585814864315
39.0,42.278815845653625
54.0,62.729094632521665
60.0,66.08919766498258
66.0,69.8713228117738
44.0,51.46117439834892
72.0,70.23263284226107
46.0,39.822117704529106
60.0,59.43793965583639
65.0,53.90529359411974
31.0,29.139357268216628
48.0,57.43714049606997
72.0,70.31459995696379
39.0,37.434214009554786
69.0,60.272071221188895
31.0,29.211979759754364
32.0,47.55165862249928
48.0,55.10421346389113
57.0,55.7612888687581
47.0,55.083654777636056
63.0,62.917556111959584
19.0,25.59206354322534
76.0,66.9207448663364
46.0,61.87872072826443
79.0,73.00515711754343
62.0,66.07968793756167
73.0,59.46898110523836
27.0,28.74589818264011
33.0,43.08601653755126
47.0,31.72632810515532
33.0,36.903572327711515
50.0,61.30237604397063
53.0,60.979166070811615
26.0,31.998914329978685
80.0,71.50850299953467
59.0,59.63779912866646
65.0,75.33685652738217
48.0,48.959058738197754
63.0,67.0969093301578
80.0,69.23878798651546
80.0,67.81465419854699
21.0,29.98290622575687
38.0,40.98768858672686
60.0,56.57685367097756
33.0,37.91776954681678
29.0,36.18534195375148
66.0,59.08398917148514
50.0,41.065998598460766
55.0,63.842399338505814
22.0,29.148521540280708
24.0,49.963164863364554
34.0,36.188078441004336
67.0,55.2055820539137
65.0,68.1442559703196
42.0,40.349903376088065
18.0,28.930646635977517
65.0,59.822269019536535
43.0,44.38401715227546
61.0,48.68369397055227
22.0,29.21954511297552
37.0,35.34018246949382
73.0,50.39224837291347
70.0,71.7454370178171
67.0,73.69502589068296
67.0,61.77743079992706
36.0,34.44609896758033
71.0,74.80102134238471
43.0,47.356184280258375
76.0,48.745707834850144
73.0,58.3167401670162
30.0,29.418846609412093
19.0,34.88662492421338
30.0,23.418307156706632
66.0,48.97799963371449
39.0,35.61307531045777
42.0,51.29765462393297
23.0,33.45812868485667
57.0,68.57396952455731
49.0,57.399859656149516
70.0,63.330485488921205
41.0,44.29070643016713
63.0,60.82572097347286
27.0,44.478280703634745
20.0,27.198989379985523
31.0,35.81145542439917
24.0,26.513633363248122
62.0,61.94106324421196
76.0,70.71448829401135
52.0,47.26083819486979
68.0,50.7054930042862
35.0,46.395535386072545
20.0,23.343857280587432
19.0,24.761146135057352
49.0,55.29105235848895
69.0,54.26393117292175
62.0,68.3728942091637
28.0,32.08680318233609
63.0,48.29984787622875
80.0,70.07509175138068
59.0,62.537860842307516
48.0,43.3701806053328
80.0,68.78077698516597
27.0,33.45002858311543
43.0,49.7385910549907
39.0,42.83106326431316
36.0,32.70828434092187
44.0,34.62908154820402
39.0,37.28696901561143
20.0,30.460911793984284
33.0,34.78428661827591
47.0,49.940034252428596
19.0,43.37633118627958
44.0,38.327339596838435
56.0,41.08945696090388
24.0,32.19147653738614
46.0,33.36435195521196
63.0,61.30657360203636
74.0,62.834804257837185
62.0,58.83771688939983
18.0,22.894269276963023
35.0,39.416066709482564
68.0,61.216929614383346
49.0,40.93553029929923
41.0,30.28171017919638
44.0,49.70561996156892
19.0,34.95132631834805
23.0,26.031975213653432
76.0,73.26830057736355
30.0,39.7379031624442
55.0,49.99479451219587
34.0,37.163911947475256
70.0,69.11795053235272
51.0,50.75865769473352
45.0,61.58466820896171
31.0,35.14317805497408
71.0,62.97848687087779
18.0,24.38796971718041
66.0,53.73709013128471
54.0,65.72412976093818
31.0,49.286087912299166
72.0,69.33169691290918
22.0,27.329557678154064
50.0,39.09134268974151
21.0,36.40032558526513
80.0,58.76855598205462
36.0,39.73021435855419
53.0,40.55480748258616
21.0,26.404123693054345
37.0,51.697068497565986
23.0,28.14092720711897
63.0,59.22871672960694
35.0,34.84175923551939
70.0,62.32793549431606
18.0,42.29751179017464
24.0,30.755847790120647
29.0,53.14077067238925
27.0,32.81980561985103
32.0,41.70205346187795
42.0,37.22932724448259
26.0,27.621812741126238
20.0,22.26218733508636
68.0,60.41522911206496
43.0,42.37965830758073
80.0,71.99736700960743
34.0,35.62772076405079
58.0,60.15542971140007
36.0,44.45640951969381
30.0,42.714271003475005
52.0,55.90698072097082
80.0,68.93414196847321
43.0,54.157010801735666
55.0,64.00407212739148
52.0,48.083203212393826
49.0,45.88190832059435
27.0,38.68919999933502
42.0,53.954429664526124
40.0,47.23828977382823
53.0,30.37610713564168
70.0,68.17703185798979
40.0,32.710871458325585
35.0,46.04080239822915
45.0,37.11158346044271
51.0,44.93356815419477
18.0,32.626492640304654
64.0,53.748645920153066
41.0,39.63411054584886
25.0,26.91570137701915
26.0,28.724869810714917
63.0,65.88736309966998
30.0,31.897726516081562
80.0,73.96531628984143
37.0,34.8333283896006
33.0,33.45879799896647
44.0,61.13151108951049
71.0,65.83502035947558
53.0,60.504493304619764
50.0,72.32658287031461
64.0,42.67805444488772
22.0,24.662834563485163
47.0,41.40599895142337
18.0,25.230541099723247
32.0,35.2888582845482
80.0,75.00122624251644
72.0,57.46997888869773
54.0,57.130666631954725
26.0,30.829198279487237
80.0,64.83474558332507
74.0,61.1853147021266
46.0,35.15868986862584
41.0,38.49939541022668
42.0,54.88218958026924
61.0,65.06044404140454
80.0,74.07481327188901
76.0,77.1723093794753
47.0,37.95838539945126
36.0,35.06159079102328
43.0,45.701954814057274
64.0,71.88719777218702
50.0,64.6428498129815
40.0,45.13312123671618
80.0,69.60823755621784
33.0,36.64062311195486
71.0,60.47386679309116
77.0,72.7746887689705
28.0,46.57366127930599
28.0,35.33535970223782
80.0,72.99498331200257
44.0,56.70709554849012
26.0,25.509495570767562
47.0,41.82926393692287
79.0,65.06533134818461
67.0,60.38658048098592
46.0,55.10605932472584
43.0,36.01863196333008
34.0,25.802419729336975
29.0,29.20380654281098
75.0,65.15861214353194
51.0,53.91110592800513
59.0,59.050813293464614
55.0,55.7371071797871
69.0,58.296796223180074
18.0,23.060590773877806
60.0,60.289825197498594
61.0,71.72378338435598
71.0,65.41215254922427
58.0,52.8998295486318
58.0,61.62422834189529
26.0,40.42511173695177
21.0,35.11005588075079
51.0,41.64819970151496
74.0,62.88805652788491
53.0,68.1764619357556
28.0,30.895883544999933
20.0,26.4162819636915
19.0,21.842360459072
46.0,39.079755087751685
25.0,26.598612207954794
26.0,33.73291878140939
51.0,53.73158386441764
20.0,27.417034783516918
34.0,36.98070501713152
43.0,45.6541243189672
43.0,51.200771595834055
39.0,51.18479083702879
19.0,27.1307573472336
72.0,63.78339908028841
80.0,53.49156972656388
33.0,55.58649832073428
79.0,65.55339851572933
20.0,32.33039978692187
45.0,46.622493956328
22.0,40.42717559208588
51.0,56.33591135157999
42.0,46.508960585728055
65.0,59.63997211684155
27.0,27.73044771396185
40.0,44.83262147983473
44.0,46.701835172093524
54.0,64.31963039510748
21.0,24.77074079997723
19.0,21.723756690862512
18.0,23.276126519942366
58.0,50.40653057986033
60.0,74.19799155553186
19.0,23.48457211024631
67.0,53.47883360727168
19.0,32.675295756542546
50.0,58.24637518437019
42.0,59.77223234897621
61.0,58.12340296158411
73.0,67.87299176778461
37.0,30.70757923349322
60.0,61.36603656685514
26.0,31.054691883699665
19.0,28.699410660790136
78.0,71.98359363607545
73.0,58.55436410587065
78.0,77.09410710908858
22.0,24.50627411300021
66.0,56.71968680969604
40.0,51.68722358485764
80.0,63.59601832671388
23.0,35.12772099868405
18.0,31.486698157790197
39.0,40.63156465293864
33.0,32.090280962298095
54.0,40.52120584436568
31.0,46.67410941141111
21.0,53.62589274664456
47.0,53.67833757817113
32.0,38.49558528581192
52.0,58.607217770881604
60.0,69.98978992291077
67.0,54.49016031719819
38.0,46.013731207059536
25.0,24.711480853251587
21.0,28.93640794058617
28.0,25.331454675372427
24.0,28.245571458961617
80.0,74.26438807935611
54.0,42.70750695372149
19.0,23.49890204175493
60.0,41.923456029202086
32.0,38.35155755687467
20.0,27.567394818980027
22.0,25.714824028489634
51.0,60.56973481357367
64.0,55.93749075173065
66.0,62.09822197230352
67.0,69.15458081497118
56.0,55.395105098068605
47.0,51.6367468320917
42.0,43.41225841422016
80.0,67.38749451373974
52.0,32.21363970067126
67.0,63.42951112751285
37.0,44.131726517019366
41.0,25.762980346005815
30.0,31.80182597860467
24.0,22.196326872133728
28.0,30.27745126072983
48.0,52.32789668487613
61.0,50.60283338502767
27.0,24.137946744869748
41.0,45.196512310847176
24.0,27.588110061675057
70.0,69.066986931015
51.0,43.48108547717516
18.0,35.70238623601102
44.0,41.11705921038909
26.0,26.820732393639435
28.0,55.555820085814815
52.0,43.004685476892604
62.0,57.142371792008824
39.0,49.387367253791
25.0,36.83030147333089
46.0,46.43594043984941
78.0,67.77309290609772
35.0,41.22700353820255
51.0,64.8324390295258
20.0,22.43071471068338
35.0,23.461841844456195
78.0,64.421700632439
78.0,73.44508041602045
66.0,68.45023237874214
55.0,51.76172700648881
57.0,53.28080869297861
56.0,65.1403008981449
18.0,22.933295751755264
70.0,62.57786715156838
42.0,44.43258615813374
18.0,28.443543925713314
63.0,55.742574808700475
39.0,33.61872732451363
33.0,30.787966728628312
80.0,77.11923291708275
38.0,37.947617006630395
19.0,26.892956884301608
41.0,52.38447640705123
33.0,36.49568319926596
39.0,40.3452542081699
76.0,56.53773368118197
56.0,53.789002937565925
78.0,56.90628924753722
55.0,39.49800863188715
36.0,34.66114200781794
60.0,71.86767990095609
59.0,63.51203561910516
72.0,72.25118749596611
26.0,29.11873818449557
32.0,37.129521548084504
53.0,68.98736978558273
23.0,30.78673675301463
74.0,67.82433739471702
25.0,35.12935890181741
36.0,45.5877991353209
63.0,60.12736870658124
71.0,63.101343916797525
29.0,25.66030480640246
65.0,63.17085481851808
25.0,28.852993560403675
19.0,24.768650256165646
59.0,68.50205294358017
27.0,35.815362513949815
66.0,66.94685370753092
30.0,32.32522577622474
51.0,48.44591525663717
61.0,61.42689897586343
29.0,34.89555151037904
35.0,46.00484045042262
36.0,32.186139810928864
38.0,33.991744054168805
69.0,66.84251031357078
32.0,39.21611095095921
25.0,25.703964553570568
80.0,78.1835136534714
66.0,64.17029920708579
72.0,71.43879109503796
56.0,48.27486362788993
19.0,27.970768545569918
52.0,50.89250897062837
60.0,61.306212152794224
71.0,67.31187942292836
77.0,61.9478322029802
80.0,63.864532114203996
42.0,42.882638629740924
34.0,26.475072913548658
49.0,56.79606630681474
35.0,40.96792500026047
55.0,53.31656633313617
47.0,65.17687288556564
20.0,21.21408606717768
44.0,53.26431344611772
26.0,24.364151907699483
19.0,32.00822855805506
56.0,39.29864940461848
80.0,63.500350803770324
46.0,45.07814963380695
63.0,45.31042534777539
58.0,36.86261756284885
34.0,40.86235053481688
41.0,66.85190663591649
29.0,30.041420994485915
29.0,30.618973069017265
80.0,73.9603522453389
26.0,33.81734196850099
64.0,53.95103933148541
43.0,49.060277125239566
80.0,76.42263910165879
21.0,27.57751955232185
71.0,74.82219720396252
63.0,64.77946264328143
19.0,31.46747455107465
76.0,67.7544317285077
79.0,73.65793342400525
18.0,29.31767779240346
36.0,32.48094118451874
67.0,66.09364014589897
76.0,76.48859106497136
66.0,46.93005809420441
31.0,45.964232939932224
67.0,53.49259114967952
32.0,45.10321275407897
24.0,24.77846265672247
28.0,23.55838043705668
