y_true,y_pred
64.0,66.45352
21.0,28.803171
70.0,58.915977
61.0,56.79351
59.0,61.250664
32.0,26.018297
55.0,51.55587
39.0,50.20715
18.0,12.908024
62.0,74.56773
45.0,29.527737
49.0,33.227764
64.0,69.05781
28.0,34.65277
38.0,30.91388
66.0,60.877792
28.0,32.108467
70.0,53.4129
42.0,29.699974
77.0,66.72976
62.0,56.354496
43.0,41.645615
58.0,45.106876
80.0,66.34281
22.0,25.32674
63.0,71.54234
61.0,59.13632
31.0,36.38427
40.0,31.66109
75.0,76.78428
21.0,27.647076
22.0,20.705782
58.0,57.28003
65.0,65.35934
66.0,63.998703
71.0,60.940132
46.0,48.390038
28.0,41.64151
46.0,49.98626
64.0,67.21895
59.0,51.908836
33.0,29.925406
25.0,25.657534
68.0,65.149
40.0,40.635586
80.0,67.17198
31.0,35.371895
36.0,29.388422
52.0,54.255043
79.0,71.61675
64.0,46.30922
25.0,34.740265
22.0,28.49643
65.0,66.0841
66.0,61.82423
44.0,39.093475
71.0,50.090527
74.0,66.81274
41.0,34.596203
67.0,61.245304
31.0,35.666588
80.0,77.31338
67.0,76.29103
42.0,53.95155
22.0,24.73807
41.0,41.45518
30.0,29.111834
19.0,29.017088
31.0,24.344791
66.0,67.76743
50.0,50.74363
36.0,33.283997
72.0,72.53018
66.0,71.98501
49.0,33.687157
20.0,30.40649
48.0,44.701946
64.0,68.97923
78.0,72.66543
46.0,42.70813
60.0,69.99133
47.0,61.723396
28.0,27.504908
23.0,28.841356
20.0,24.3641
80.0,59.731
23.0,25.563278
63.0,59.21456
47.0,53.29982
19.0,28.595161
27.0,32.478325
41.0,34.580845
19.0,29.39521
60.0,64.77909
80.0,52.53391
49.0,34.140953
67.0,70.02372
28.0,20.250216
19.0,29.859655
43.0,46.245533
80.0,69.17089
27.0,37.10762
50.0,52.018177
30.0,31.410809
77.0,70.11045
27.0,36.383675
71.0,70.469315
69.0,72.40551
54.0,45.626186
80.0,58.711983
80.0,84.552505
61.0,63.670975
44.0,36.439
57.0,61.79075
63.0,59.26393
25.0,29.461063
32.0,28.216745
74.0,59.601925
42.0,46.834618
63.0,54.205685
48.0,37.814716
44.0,37.865334
61.0,59.732162
29.0,29.038944
58.0,65.69236
80.0,80.8963
66.0,57.37094
71.0,51.355755
37.0,43.18588
59.0,64.03546
61.0,63.818924
61.0,61.276634
52.0,36.717377
54.0,42.143517
62.0,61.562073
18.0,21.154318
80.0,79.37041
37.0,32.88469
38.0,43.93956
42.0,37.43598
44.0,57.248528
18.0,28.996025
68.0,57.601997
42.0,34.15869
61.0,62.045677
57.0,63.952377
78.0,69.63208
61.0,70.53054
27.0,42.835148
43.0,41.546513
18.0,15.593758
30.0,27.874016
48.0,44.668644
31.0,44.835487
72.0,68.42226
37.0,32.05336
51.0,49.896435
40.0,36.936775
32.0,37.462063
26.0,21.638792
34.0,28.896002
70.0,65.83731
31.0,27.05028
61.0,60.991085
23.0,26.800007
29.0,33.259293
31.0,29.003597
77.0,65.9651
66.0,65.829735
50.0,55.09772
28.0,26.05502
27.0,43.952435
23.0,41.071392
24.0,38.894855
38.0,47.67907
40.0,31.808477
69.0,49.6871
18.0,28.764345
36.0,35.18443
55.0,65.19747
66.0,51.98447
43.0,44.666
74.0,74.38489
34.0,36.505314
28.0,32.43801
72.0,69.454605
18.0,26.385326
80.0,78.96879
18.0,28.007519
25.0,17.52545
65.0,56.103622
80.0,68.32231
62.0,69.16449
72.0,60.237617
33.0,37.260555
52.0,40.361504
30.0,29.697521
39.0,51.189617
41.0,31.274155
27.0,33.68138
80.0,73.01869
61.0,34.994713
78.0,69.123535
75.0,74.51821
71.0,67.68608
61.0,64.75845
42.0,51.053253
80.0,73.68889
44.0,57.2364
52.0,53.157322
29.0,27.107733
29.0,30.945095
47.0,36.213333
31.0,27.276266
62.0,70.12468
40.0,30.620266
38.0,38.359314
80.0,76.15828
36.0,32.96486
18.0,32.8777
37.0,36.108368
26.0,24.477505
47.0,41.32672
65.0,62.496407
53.0,54.953655
65.0,66.66226
65.0,65.16887
39.0,41.756996
25.0,30.455067
31.0,33.49809
23.0,19.87431
60.0,61.55743
33.0,28.769812
39.0,27.21291
29.0,25.063803
32.0,26.13926
38.0,49.68534
47.0,41.82086
36.0,28.031927
61.0,66.45098
61.0,56.291637
26.0,25.038982
31.0,23.8672
19.0,30.75758
50.0,45.422543
66.0,62.381283
63.0,63.582523
69.0,67.37695
38.0,33.68017
80.0,74.14197
80.0,67.50906
24.0,21.53569
80.0,80.559265
80.0,74.8821
56.0,49.232582
53.0,60.388634
80.0,78.13339
58.0,55.785156
50.0,59.92457
45.0,31.553734
40.0,47.26541
80.0,70.87132
44.0,37.457085
21.0,25.50604
30.0,28.77433
33.0,33.429382
45.0,50.87135
58.0,73.410706
40.0,31.897776
61.0,59.41763
23.0,31.157469
76.0,73.48564
27.0,39.451458
79.0,77.35073
48.0,32.643417
30.0,18.86354
61.0,49.60681
58.0,66.57368
32.0,45.7082
66.0,65.34504
48.0,58.16391
68.0,64.871475
53.0,64.597
74.0,48.246037
71.0,68.92434
55.0,52.322613
59.0,57.14951
69.0,59.14236
47.0,37.86473
18.0,38.602844
45.0,58.70835
64.0,57.390274
33.0,42.91849
70.0,62.46158
54.0,49.108532
55.0,51.290485
41.0,36.035694
44.0,39.827415
57.0,55.517204
66.0,62.365295
42.0,43.460945
63.0,57.107376
78.0,79.774475
20.0,23.136219
57.0,51.988262
54.0,58.037354
46.0,51.874214
70.0,66.039444
77.0,77.69143
58.0,39.236275
39.0,31.02437
68.0,55.64016
80.0,71.45936
42.0,49.576298
71.0,61.040035
61.0,63.15161
80.0,78.463875
74.0,68.88649
57.0,50.558357
21.0,24.456034
26.0,30.692717
22.0,19.113998
33.0,39.102013
56.0,47.294632
42.0,55.41855
47.0,52.37109
20.0,33.48075
60.0,53.937065
23.0,27.956028
29.0,36.22034
54.0,61.103996
43.0,38.23692
72.0,69.00138
59.0,64.76416
40.0,35.213215
25.0,30.848394
20.0,38.276848
58.0,61.316895
60.0,49.94169
74.0,68.01003
26.0,29.363583
39.0,39.663628
80.0,81.09099
26.0,29.850334
37.0,26.439491
22.0,24.294744
65.0,65.70359
22.0,31.449055
36.0,31.76069
37.0,42.814278
74.0,71.62346
69.0,64.42339
31.0,28.620836
64.0,71.57802
28.0,25.985485
76.0,72.67459
60.0,65.75156
56.0,48.773758
53.0,56.566513
55.0,56.67862
31.0,29.288774
33.0,40.0807
54.0,59.711746
80.0,61.433586
53.0,65.661285
38.0,31.673784
54.0,60.461246
47.0,23.470873
44.0,51.035305
36.0,22.456636
76.0,71.43907
24.0,28.83021
80.0,74.920906
51.0,73.60626
18.0,32.888573
22.0,24.564781
25.0,26.601131
80.0,78.23218
26.0,25.312584
50.0,57.90587
57.0,28.73982
36.0,36.959053
70.0,66.85916
25.0,27.139565
58.0,44.852516
57.0,55.253242
33.0,51.547356
63.0,46.053
70.0,62.067543
74.0,67.50411
21.0,26.00792
63.0,70.610504
72.0,68.202995
65.0,44.46629
29.0,39.436638
33.0,43.710075
29.0,43.51237
52.0,44.732758
72.0,75.56049
58.0,55.606598
37.0,29.720943
80.0,78.09251
21.0,27.547293
41.0,29.096405
30.0,34.029747
64.0,55.142605
50.0,60.051838
50.0,65.81079
67.0,61.238567
20.0,34.696804
52.0,47.840225
38.0,33.401726
20.0,17.818674
53.0,52.135174
25.0,41.311184
30.0,29.501265
22.0,21.578287
80.0,78.65214
30.0,38.957077
65.0,60.61752
54.0,61.085907
31.0,35.36953
56.0,49.91937
36.0,26.195387
69.0,67.33278
32.0,32.36888
67.0,55.497963
67.0,71.30715
59.0,67.24296
34.0,28.748951
21.0,29.093596
80.0,75.92586
37.0,28.857077
50.0,41.54177
66.0,71.77183
24.0,29.724197
29.0,36.108128
38.0,39.781178
64.0,65.043434
45.0,33.05013
66.0,63.40999
71.0,60.106663
43.0,45.19326
68.0,55.377594
69.0,48.88207
41.0,41.702904
73.0,67.504036
36.0,31.905977
65.0,53.88392
60.0,40.62571
19.0,21.212626
80.0,79.72755
62.0,66.90064
44.0,28.355751
45.0,45.000294
80.0,73.720375
73.0,73.18155
19.0,25.880848
25.0,24.177742
58.0,52.638283
26.0,30.857868
55.0,34.95778
78.0,66.52876
64.0,66.17959
31.0,42.39359
49.0,50.74095
59.0,64.87436
24.0,23.309635
80.0,75.99718
60.0,54.19786
64.0,69.21163
28.0,29.548191
21.0,27.245274
20.0,35.16252
53.0,41.10981
72.0,60.98723
34.0,31.743015
69.0,66.30792
18.0,21.824083
64.0,58.147247
41.0,52.92977
66.0,54.08767
22.0,33.36347
80.0,80.69621
69.0,44.88802
30.0,35.580894
80.0,65.28988
42.0,54.512478
58.0,57.412594
20.0,18.829105
80.0,72.0273
19.0,24.056414
32.0,32.440754
37.0,29.880432
38.0,38.322815
80.0,74.20871
22.0,31.494703
32.0,48.508938
47.0,62.650215
65.0,58.464123
42.0,34.809826
62.0,68.40861
74.0,51.40403
48.0,44.467907
50.0,37.726124
25.0,34.112976
61.0,49.66396
55.0,63.58015
21.0,20.78493
19.0,28.190252
19.0,18.396887
51.0,58.143574
57.0,53.632523
24.0,20.68393
21.0,32.502712
76.0,66.30355
53.0,42.78361
80.0,76.05085
61.0,62.80151
76.0,68.84259
62.0,51.786587
41.0,40.563843
78.0,62.362503
23.0,23.34086
19.0,20.566858
31.0,31.119793
27.0,25.171452
35.0,33.911057
23.0,46.346386
18.0,21.85005
80.0,69.80747
57.0,54.42723
61.0,42.103897
44.0,60.552227
53.0,58.764973
33.0,23.441801
24.0,19.859999
27.0,20.626656
32.0,34.3597
27.0,27.742786
75.0,68.23363
62.0,64.124626
37.0,43.092762
29.0,34.77427
80.0,74.84387
66.0,54.452515
67.0,62.08657
80.0,76.164
21.0,46.846313
25.0,28.217083
44.0,57.31831
32.0,32.00229
21.0,35.778164
56.0,59.24903
80.0,74.95444
51.0,38.575314
68.0,69.003815
68.0,63.254383
58.0,71.24923
26.0,41.194748
28.0,42.291786
28.0,37.425617
79.0,71.573456
34.0,42.652443
62.0,54.282375
29.0,25.892445
63.0,51.58777
75.0,74.96584
41.0,46.570717
30.0,29.09471
44.0,38.21244
32.0,58.240906
80.0,67.20886
66.0,69.22747
76.0,68.02022
79.0,77.98898
80.0,66.13346
18.0,18.037878
33.0,30.124645
80.0,68.38355
26.0,28.723976
30.0,38.23451
26.0,31.737913
48.0,48.40522
63.0,44.729836
38.0,36.768185
18.0,21.464008
59.0,59.114468
69.0,65.4208
31.0,36.77581
22.0,24.332212
80.0,77.53671
65.0,70.11137
60.0,55.80075
51.0,42.71617
34.0,50.635143
28.0,37.983532
60.0,48.243027
73.0,77.86531
67.0,60.403633
59.0,35.929996
27.0,42.589317
40.0,33.474945
27.0,24.675348
80.0,73.37528
80.0,75.31719
67.0,55.29249
46.0,62.527096
18.0,17.13945
67.0,53.3417
33.0,43.430653
67.0,67.115715
42.0,52.52645
80.0,74.34038
54.0,50.163372
80.0,67.94823
61.0,73.8308
23.0,36.971905
73.0,54.601257
41.0,33.345093
38.0,31.313704
70.0,67.04014
48.0,36.030704
42.0,37.347385
45.0,38.777878
46.0,39.467617
62.0,60.053276
33.0,33.88842
35.0,40.432617
80.0,73.3534
54.0,45.32689
54.0,55.25933
54.0,43.8568
48.0,63.812824
23.0,39.570297
43.0,55.33427
18.0,25.021563
61.0,56.581284
44.0,42.422222
29.0,35.21184
18.0,14.818039
75.0,70.7635
74.0,73.34316
64.0,74.22991
22.0,34.740314
29.0,26.282505
18.0,25.514446
58.0,51.813488
72.0,62.766167
80.0,75.38116
28.0,37.333794
53.0,50.871407
35.0,25.65803
40.0,34.589897
79.0,67.548004
53.0,55.15867
53.0,52.39328
23.0,25.115877
29.0,29.18124
69.0,64.90113
22.0,26.55733
35.0,41.098705
79.0,73.01958
69.0,69.90533
31.0,35.634514
38.0,39.891586
50.0,31.87321
20.0,26.57738
41.0,35.784286
48.0,49.02966
33.0,40.40661
47.0,44.37545
31.0,30.061039
39.0,28.080854
67.0,61.544125
57.0,50.251133
62.0,56.649525
42.0,53.54021
67.0,68.5551
23.0,20.445244
33.0,31.557453
79.0,72.59894
71.0,77.06868
49.0,55.167603
60.0,59.108624
60.0,57.11499
41.0,48.05237
20.0,17.495197
71.0,64.678055
19.0,28.7517
80.0,77.22085
46.0,41.285175
29.0,36.4965
33.0,42.69102
73.0,70.07689
35.0,26.336008
18.0,21.341642
49.0,50.525017
46.0,36.516838
35.0,43.396282
33.0,25.374025
80.0,73.20536
42.0,41.490807
80.0,72.13869
48.0,38.55265
46.0,44.022717
69.0,63.48085
80.0,75.51391
30.0,24.55154
71.0,57.55266
58.0,46.87459
30.0,25.8448
62.0,72.192856
46.0,36.993317
38.0,34.15158
75.0,71.93939
23.0,25.790997
60.0,51.70807
79.0,71.19128
43.0,34.51453
58.0,51.926495
53.0,45.742043
45.0,36.820835
50.0,52.67542
80.0,72.87415
58.0,54.638584
31.0,31.205517
49.0,48.805798
57.0,72.09355
80.0,79.53154
23.0,28.924864
51.0,51.332577
57.0,52.682228
58.0,57.71649
39.0,37.212296
80.0,74.56926
32.0,42.95113
62.0,56.40627
67.0,59.067112
33.0,31.825705
54.0,55.216656
54.0,53.2272
50.0,69.20367
39.0,42.555695
21.0,32.254875
64.0,71.14287
80.0,77.76726
24.0,26.327417
41.0,44.90178
74.0,68.64737
37.0,37.781918
65.0,72.394035
41.0,50.22128
66.0,59.17557
36.0,41.574757
57.0,50.415215
35.0,37.856575
62.0,56.118187
75.0,70.76143
80.0,75.47754
65.0,64.965256
59.0,52.99563
24.0,22.644156
42.0,48.039772
64.0,60.151733
56.0,45.136948
50.0,35.38176
72.0,57.129185
56.0,54.12877
68.0,67.75791
37.0,31.677448
55.0,57.443382
39.0,47.454826
21.0,29.252066
24.0,25.732546
48.0,36.01858
59.0,58.887596
61.0,47.127384
57.0,63.844643
73.0,63.519608
52.0,34.419342
80.0,70.40419
35.0,38.4259
39.0,35.10346
75.0,69.55899
19.0,30.890667
39.0,35.63409
68.0,63.36624
70.0,53.693325
36.0,52.770454
54.0,62.423126
73.0,69.36236
80.0,75.65365
59.0,40.804764
18.0,24.993097
20.0,25.091381
64.0,65.760284
26.0,26.90699
70.0,74.61342
20.0,18.363838
18.0,22.985294
48.0,49.973408
55.0,60.618988
51.0,60.685966
22.0,22.687744
21.0,36.80062
48.0,63.417374
60.0,66.58235
70.0,76.80935
54.0,59.4755
18.0,21.987587
61.0,68.68106
47.0,37.847237
44.0,37.702496
30.0,42.111465
31.0,41.95826
42.0,53.282555
30.0,40.637394
63.0,55.727444
20.0,28.17767
48.0,45.687767
24.0,47.500877
25.0,29.303612
29.0,39.799625
52.0,58.55921
72.0,70.174805
44.0,34.871025
80.0,70.68123
37.0,58.440308
53.0,54.987984
56.0,64.24593
37.0,37.063484
38.0,45.967422
39.0,39.429764
50.0,47.67299
60.0,48.48115
41.0,44.76584
37.0,37.83824
60.0,52.32895
35.0,39.708694
19.0,32.47928
35.0,28.066036
63.0,56.473087
35.0,52.84332
76.0,77.14459
31.0,37.57409
66.0,62.864697
55.0,65.36831
45.0,43.980232
38.0,41.145798
71.0,58.979256
40.0,43.398224
76.0,76.354324
22.0,27.809093
62.0,57.065437
28.0,34.553703
42.0,41.334953
32.0,41.46371
54.0,47.23559
51.0,64.387344
39.0,50.9176
20.0,27.403046
60.0,59.255756
58.0,54.38975
74.0,70.145706
80.0,71.54694
23.0,35.6096
69.0,64.41298
80.0,72.91183
23.0,26.263212
54.0,57.50451
42.0,47.050262
80.0,76.48909
80.0,77.430046
73.0,59.25021
41.0,32.14973
44.0,32.30056
20.0,19.646545
80.0,75.29886
31.0,30.31489
22.0,22.34168
45.0,43.080345
27.0,33.181477
54.0,49.222324
25.0,37.583885
41.0,47.021393
78.0,45.664948
66.0,65.58191
62.0,56.09261
49.0,60.714268
48.0,55.623848
69.0,67.65751
77.0,68.351845
39.0,47.337563
23.0,18.434101
29.0,28.136497
56.0,39.91967
40.0,47.626286
42.0,43.35186
54.0,48.06981
70.0,41.247055
51.0,44.229088
22.0,33.743256
26.0,29.108047
32.0,30.405466
55.0,53.972427
66.0,62.082756
45.0,45.602386
59.0,46.831875
19.0,26.346504
32.0,35.67553
74.0,74.62777
20.0,32.803116
34.0,33.368484
80.0,66.52014
44.0,46.040226
37.0,34.104862
72.0,70.91992
19.0,24.208418
27.0,22.18201
53.0,45.946945
80.0,75.704735
57.0,49.424187
19.0,29.009777
70.0,66.94488
79.0,79.13297
28.0,23.29884
39.0,21.878965
61.0,66.05359
48.0,51.559853
75.0,66.38103
52.0,60.8323
60.0,59.890152
61.0,64.73781
32.0,25.64941
19.0,26.359728
41.0,40.262634
68.0,66.4707
75.0,78.48757
80.0,71.660614
73.0,67.40239
69.0,60.65349
23.0,28.769308
71.0,72.42645
36.0,45.59242
20.0,28.054434
71.0,64.72495
72.0,61.254856
30.0,28.932295
74.0,75.36888
76.0,80.845505
54.0,54.27449
20.0,31.136635
19.0,22.384962
58.0,57.93967
55.0,53.54212
42.0,26.628553
62.0,60.16813
72.0,52.220333
71.0,81.30461
66.0,56.14802
41.0,46.552425
22.0,25.09944
44.0,38.29402
30.0,26.289932
24.0,29.127848
59.0,62.002274
47.0,38.18077
24.0,34.087036
43.0,44.538925
33.0,47.168434
35.0,38.758694
23.0,25.191084
26.0,26.64327
74.0,78.65262
61.0,69.63752
18.0,16.299133
45.0,44.224575
61.0,69.06918
45.0,40.712135
33.0,25.359804
63.0,68.12783
41.0,53.272358
80.0,68.67662
80.0,74.45712
27.0,41.362007
19.0,20.070448
45.0,51.497143
66.0,47.057125
75.0,49.44521
26.0,37.758728
29.0,22.145555
37.0,34.712837
44.0,40.770668
46.0,55.71076
32.0,23.758606
40.0,39.951965
51.0,42.857227
68.0,68.03645
63.0,52.70475
23.0,23.731888
78.0,73.57515
80.0,65.028656
31.0,38.896225
68.0,62.501167
27.0,24.043978
50.0,70.40404
28.0,32.113945
33.0,23.54183
79.0,65.35731
77.0,70.93302
56.0,51.16409
56.0,56.47428
34.0,40.92449
22.0,24.88469
54.0,45.063892
51.0,58.986713
21.0,31.520926
31.0,40.06029
73.0,66.65005
69.0,72.38324
51.0,41.010014
66.0,55.862816
19.0,42.04421
23.0,30.28133
69.0,61.93994
68.0,55.205738
57.0,55.31413
74.0,69.223816
70.0,62.380608
19.0,18.689041
51.0,66.81186
69.0,65.416275
43.0,43.821465
73.0,61.014015
35.0,39.934452
43.0,52.552517
30.0,31.421225
60.0,43.32468
56.0,56.39707
80.0,75.09439
65.0,65.51533
62.0,65.14228
31.0,23.4415
20.0,25.393326
52.0,56.887604
44.0,25.46858
64.0,64.35212
18.0,36.13522
80.0,75.289825
65.0,47.900814
43.0,41.965694
58.0,57.232155
78.0,63.093
32.0,31.716963
49.0,35.75769
40.0,35.61551
23.0,47.658257
45.0,40.92512
18.0,29.434559
52.0,50.051483
79.0,76.11025
23.0,41.43582
19.0,41.118263
38.0,39.125195
62.0,66.80347
38.0,28.84099
23.0,29.680485
54.0,45.755863
30.0,35.444687
27.0,28.050882
48.0,44.54859
54.0,51.38127
72.0,67.710236
80.0,56.32003
80.0,75.29496
80.0,70.08997
58.0,51.535732
53.0,48.783707
29.0,23.853895
56.0,46.17885
39.0,39.19348
51.0,53.027718
70.0,65.13236
27.0,26.258879
67.0,70.647125
19.0,36.67742
40.0,35.19451
65.0,54.494976
71.0,55.490112
55.0,50.990257
34.0,43.265526
39.0,47.27914
59.0,55.692394
54.0,48.19211
40.0,38.51416
71.0,75.41939
41.0,38.53227
50.0,43.538746
41.0,53.802723
44.0,48.821404
48.0,55.285423
69.0,64.81211
25.0,26.422894
66.0,72.80936
73.0,57.40662
55.0,40.291035
43.0,65.39342
50.0,40.12631
70.0,71.11025
25.0,33.253117
41.0,35.55381
44.0,48.597523
31.0,33.14196
55.0,56.097607
64.0,59.37822
60.0,54.478237
39.0,34.110085
50.0,37.753277
53.0,37.026505
27.0,27.040777
54.0,56.905457
64.0,61.583046
67.0,64.8725
78.0,50.60149
72.0,60.574993
20.0,28.349533
50.0,51.639584
80.0,71.332
30.0,41.615623
78.0,72.16785
61.0,66.99404
68.0,62.076157
52.0,58.04658
53.0,54.2942
72.0,64.755714
77.0,63.47342
34.0,47.779102
43.0,48.793148
40.0,36.39472
47.0,48.557564
67.0,72.15575
49.0,46.69073
60.0,56.166138
61.0,61.570713
39.0,45.98112
75.0,71.72826
60.0,66.57593
34.0,40.746853
34.0,44.046906
64.0,62.143414
23.0,39.313076
79.0,77.15628
21.0,23.065622
65.0,62.296352
52.0,54.026527
80.0,72.449684
19.0,22.452284
73.0,72.646286
37.0,38.13741
73.0,69.66982
58.0,72.05375
53.0,53.5688
34.0,43.357037
23.0,33.910408
35.0,47.89267
25.0,36.936806
66.0,53.587746
80.0,72.781876
74.0,65.95785
43.0,39.513775
56.0,55.647495
20.0,20.827242
40.0,51.794926
67.0,53.055805
51.0,51.027687
52.0,44.150204
22.0,30.61163
36.0,40.81483
73.0,76.413315
45.0,42.00447
18.0,32.73449
80.0,67.89529
80.0,72.554474
52.0,34.955276
50.0,45.79294
33.0,38.19995
28.0,34.994537
18.0,15.830677
70.0,69.22829
40.0,45.629295
45.0,36.459652
53.0,55.18512
53.0,50.8986
60.0,69.84135
46.0,53.70601
55.0,50.419453
32.0,35.96483
76.0,58.74997
72.0,71.35062
67.0,62.939842
63.0,59.5758
29.0,21.561357
57.0,65.54213
51.0,45.627132
36.0,38.682217
22.0,23.895027
49.0,46.062893
63.0,51.323025
41.0,35.04632
66.0,65.145966
80.0,73.036514
26.0,53.335583
67.0,66.89117
51.0,30.080074
39.0,51.83734
21.0,18.44883
32.0,25.87746
32.0,34.77183
25.0,51.17226
71.0,73.82881
46.0,42.967945
72.0,55.27898
33.0,30.567854
52.0,55.93028
31.0,27.919495
46.0,62.984295
31.0,29.487015
33.0,39.740677
30.0,36.838413
39.0,42.42076
30.0,32.229164
45.0,48.20089
57.0,65.729904
60.0,48.18344
24.0,35.409718
80.0,77.20047
70.0,60.45939
39.0,46.577126
30.0,49.15849
54.0,54.81991
80.0,67.20432
43.0,35.51023
71.0,66.421745
52.0,46.42966
72.0,54.942787
73.0,74.46382
59.0,58.8405
24.0,26.56537
42.0,59.180275
49.0,53.633476
68.0,73.78222
37.0,38.404064
79.0,73.94704
34.0,21.155773
80.0,79.92331
27.0,27.811596
47.0,71.29772
63.0,71.47295
33.0,39.75522
29.0,32.81269
64.0,61.08396
29.0,35.72752
25.0,23.397404
42.0,55.910175
67.0,63.363586
33.0,48.37951
57.0,37.48383
20.0,23.239576
54.0,58.210335
80.0,75.46845
69.0,69.07481
20.0,26.622318
65.0,61.777004
64.0,49.81233
80.0,78.8678
25.0,22.470901
37.0,38.16754
40.0,62.13676
45.0,67.63861
52.0,50.550095
56.0,51.08237
20.0,22.71907
29.0,23.172293
53.0,54.60871
57.0,55.63599
42.0,36.100803
28.0,27.154703
66.0,58.45677
46.0,47.668922
58.0,61.105717
80.0,66.863754
60.0,57.35311
45.0,60.25227
25.0,32.02925
58.0,49.205555
18.0,20.363754
38.0,21.919533
32.0,23.593662
33.0,25.987957
44.0,41.48354
18.0,19.459652
61.0,55.206104
41.0,35.930004
42.0,22.841179
80.0,69.061455
27.0,36.45267
24.0,29.39961
35.0,39.078415
65.0,64.67493
54.0,54.026756
69.0,70.532776
36.0,30.208744
61.0,55.338966
63.0,59.28984
58.0,59.86814
35.0,35.009575
45.0,44.54062
59.0,58.382538
36.0,32.891327
53.0,49.22515
25.0,20.885063
69.0,61.60871
54.0,44.59551
42.0,38.00989
70.0,67.7585
45.0,27.506794
80.0,75.018745
22.0,22.112034
28.0,24.929764
61.0,70.06891
31.0,40.45715
44.0,35.704105
61.0,63.142902
39.0,32.616814
47.0,48.70278
61.0,63.07885
25.0,24.742641
66.0,60.19934
31.0,25.65806
60.0,48.823948
80.0,68.35397
30.0,23.771994
44.0,50.323353
25.0,38.654312
36.0,28.53864
65.0,60.9848
62.0,51.868587
26.0,36.43155
23.0,37.122013
80.0,77.966
21.0,33.087246
40.0,37.63782
41.0,50.34508
50.0,50.526
21.0,35.7298
68.0,52.45972
57.0,61.050007
59.0,47.35154
47.0,56.030525
18.0,32.41369
45.0,44.986378
76.0,73.529175
51.0,53.141174
36.0,25.220798
67.0,67.41792
61.0,44.43106
80.0,72.97436
34.0,35.961853
30.0,29.162336
23.0,28.658308
80.0,81.92919
31.0,42.136757
74.0,75.09013
74.0,75.175835
31.0,31.700033
29.0,21.892942
79.0,70.9805
47.0,38.78547
23.0,29.23204
34.0,35.079075
79.0,74.9479
55.0,57.80617
26.0,29.945154
60.0,50.383728
26.0,25.955448
44.0,48.9745
80.0,67.4931
66.0,71.76103
33.0,35.436188
28.0,43.36668
30.0,25.221495
48.0,42.742775
56.0,48.83761
21.0,22.008713
69.0,71.21312
32.0,30.24346
69.0,60.33709
60.0,55.616955
70.0,79.10608
61.0,63.789215
80.0,66.631424
25.0,29.932354
71.0,73.28137
79.0,82.4195
19.0,31.201874
79.0,48.73436
21.0,41.546463
68.0,46.98554
57.0,42.12957
43.0,63.562363
57.0,52.311287
72.0,60.023758
60.0,58.3592
46.0,52.512054
74.0,75.66626
34.0,35.48999
20.0,29.216457
66.0,69.04458
55.0,58.31624
80.0,75.0888
63.0,69.36662
72.0,60.140804
51.0,41.072327
57.0,54.373604
55.0,63.874283
60.0,52.415085
56.0,54.96544
19.0,22.20091
46.0,38.74038
39.0,41.721687
64.0,65.360634
19.0,23.69756
52.0,45.94914
38.0,49.560658
66.0,62.867558
41.0,37.553944
34.0,44.228676
62.0,61.815483
35.0,37.16085
68.0,67.19418
33.0,19.260141
39.0,33.668285
63.0,66.21729
61.0,63.944542
47.0,43.70858
18.0,24.860203
38.0,38.402325
80.0,81.57242
57.0,64.31262
41.0,48.63547
58.0,59.861813
33.0,33.48809
78.0,67.89061
34.0,51.905018
41.0,32.322636
48.0,42.654236
28.0,34.528816
62.0,57.794247
56.0,55.89748
20.0,37.384136
57.0,70.7493
40.0,30.755188
27.0,36.039146
66.0,62.369576
53.0,53.55242
57.0,59.60116
58.0,51.700233
80.0,75.40763
40.0,36.980408
35.0,42.341827
27.0,34.22537
80.0,63.58026
66.0,68.33014
42.0,32.31567
68.0,79.614204
19.0,22.775288
59.0,51.35229
62.0,52.263622
32.0,21.817472
21.0,29.087505
22.0,21.589388
56.0,49.278664
22.0,31.270863
35.0,53.389893
80.0,72.26324
47.0,42.634857
35.0,36.15607
41.0,52.377586
57.0,57.017597
61.0,69.14424
43.0,42.654663
59.0,65.357895
33.0,35.03894
30.0,26.508991
22.0,26.586246
80.0,76.00365
34.0,40.577126
59.0,55.89179
28.0,37.798115
80.0,67.498405
25.0,31.671198
48.0,56.084393
60.0,56.975735
72.0,72.7769
20.0,20.003113
57.0,64.8063
74.0,64.655304
61.0,50.5061
63.0,65.36193
19.0,25.825968
22.0,29.754648
80.0,68.0409
65.0,66.82043
19.0,20.977716
19.0,33.960632
22.0,26.326399
43.0,45.56511
49.0,57.197277
36.0,30.717367
70.0,61.90843
43.0,46.74047
80.0,73.059555
25.0,26.838005
75.0,45.98849
64.0,39.738457
30.0,26.189747
80.0,82.1785
47.0,53.56847
59.0,71.82764
50.0,40.960354
48.0,43.634293
40.0,35.14899
52.0,52.289955
69.0,72.1988
36.0,47.123646
43.0,41.565693
31.0,43.141254
28.0,25.298283
80.0,81.52196
64.0,74.39147
80.0,75.556885
60.0,66.70143
46.0,36.54384
58.0,65.39607
38.0,57.276478
22.0,26.859709
80.0,72.9756
27.0,20.618402
64.0,60.728138
42.0,43.841465
19.0,38.542595
69.0,63.7072
42.0,45.796566
35.0,31.433931
29.0,23.540787
62.0,47.694412
56.0,58.46166
20.0,27.147028
28.0,37.346977
55.0,55.977493
51.0,57.189476
57.0,60.36415
38.0,34.02009
73.0,61.67708
49.0,50.481586
34.0,38.77379
71.0,73.26729
72.0,68.961075
48.0,47.00843
48.0,49.34889
67.0,51.68756
31.0,27.695791
73.0,68.44529
56.0,39.644627
27.0,28.819098
21.0,23.938534
57.0,59.080276
19.0,25.775665
78.0,71.32135
19.0,19.759834
38.0,37.60801
35.0,39.3257
26.0,35.00448
76.0,84.72015
25.0,35.89791
29.0,25.55364
50.0,56.74968
32.0,46.442307
33.0,26.092459
45.0,54.61769
34.0,34.49862
51.0,56.773613
40.0,46.554447
60.0,55.00993
61.0,67.78586
48.0,45.25903
44.0,52.66717
46.0,32.03749
65.0,48.309914
24.0,22.130558
21.0,23.67549
59.0,47.188213
50.0,48.84856
55.0,65.28778
76.0,73.32852
30.0,44.69853
56.0,61.53476
68.0,63.530293
50.0,57.15723
70.0,69.08742
23.0,39.55738
49.0,38.969383
53.0,60.659782
24.0,37.190796
51.0,60.032085
46.0,38.299137
57.0,49.317635
61.0,56.390747
61.0,59.2816
52.0,57.760468
68.0,57.636677
40.0,30.488882
60.0,56.979523
54.0,55.0343
73.0,60.394085
35.0,49.75765
43.0,31.345783
34.0,28.07303
66.0,59.436024
65.0,71.469864
22.0,48.041733
71.0,63.848877
73.0,71.76845
74.0,72.97225
30.0,45.472115
20.0,33.899483
68.0,68.128006
40.0,34.690964
33.0,36.24494
66.0,65.40207
65.0,63.279373
44.0,42.923077
72.0,71.25624
30.0,42.310246
33.0,47.153046
80.0,80.03091
53.0,49.477196
58.0,30.200857
27.0,28.440855
23.0,26.673185
27.0,39.19767
80.0,77.936646
25.0,27.656452
63.0,65.53476
62.0,59.20059
40.0,38.34096
47.0,40.816307
49.0,44.06202
44.0,59.034203
63.0,69.24429
33.0,32.600845
28.0,25.486364
35.0,36.995415
56.0,63.699852
41.0,34.683155
19.0,29.238049
47.0,59.87804
70.0,55.38393
65.0,58.295555
50.0,56.419415
63.0,60.74823
34.0,33.621464
58.0,65.472336
35.0,24.242077
72.0,76.499794
69.0,72.0368
44.0,45.323555
45.0,44.033848
27.0,32.71501
57.0,41.738598
31.0,38.8562
49.0,59.245174
35.0,22.609634
61.0,56.285492
64.0,67.15841
46.0,61.996437
27.0,42.12394
63.0,63.153576
57.0,59.54433
41.0,34.90663
19.0,24.911743
56.0,47.27489
59.0,72.46736
73.0,71.95566
18.0,29.266489
60.0,69.36049
49.0,52.337425
63.0,72.596085
59.0,56.94786
52.0,54.991512
58.0,46.711636
23.0,42.926884
52.0,55.951447
52.0,59.60545
23.0,30.163557
34.0,33.790768
79.0,76.50736
56.0,57.103245
41.0,29.821716
35.0,38.02275
54.0,60.98919
43.0,43.42368
60.0,60.195503
79.0,71.928665
35.0,34.348698
39.0,34.37814
61.0,72.13798
80.0,69.97736
52.0,37.595863
20.0,23.590631
74.0,67.96244
30.0,32.148396
21.0,24.229864
31.0,37.34248
60.0,64.030106
61.0,71.536285
50.0,58.216267
57.0,51.804226
18.0,32.593826
75.0,66.48153
51.0,45.924416
80.0,81.80682
62.0,74.65348
59.0,50.132675
47.0,37.784966
80.0,78.00763
67.0,60.685066
74.0,70.02449
27.0,32.65937
62.0,59.364292
80.0,72.40021
20.0,24.949589
39.0,39.352844
78.0,78.51138
80.0,79.33759
47.0,66.54077
41.0,30.32193
80.0,72.24343
44.0,34.52241
18.0,29.79627
32.0,36.983124
43.0,46.985813
34.0,30.300585
30.0,25.168228
28.0,30.024712
18.0,20.74723
52.0,56.834015
80.0,74.28471
49.0,44.699203
34.0,40.221764
74.0,67.1927
80.0,53.292694
33.0,39.87898
80.0,75.574234
54.0,57.184765
44.0,47.605526
34.0,36.755127
60.0,58.350624
35.0,33.739807
70.0,71.006905
29.0,37.634926
73.0,75.68402
50.0,61.69304
25.0,23.476522
55.0,50.57293
19.0,17.736956
29.0,28.938745
55.0,50.48945
61.0,55.37874
62.0,68.523575
78.0,66.81454
31.0,38.54368
29.0,34.215553
41.0,43.856945
70.0,65.8448
66.0,49.332096
34.0,25.97616
68.0,59.38267
18.0,28.434917
23.0,22.24236
25.0,25.911741
61.0,63.14964
18.0,26.296295
41.0,35.63205
22.0,25.45198
34.0,34.73784
31.0,38.503616
56.0,55.629444
43.0,45.258724
54.0,69.36603
38.0,45.50386
28.0,39.509674
73.0,70.91281
24.0,25.294598
30.0,32.674942
80.0,72.318634
20.0,32.89268
32.0,39.420494
37.0,45.849964
42.0,49.15641
33.0,33.851734
46.0,44.490913
53.0,50.80058
24.0,29.094002
20.0,44.393147
65.0,57.31664
77.0,51.180004
49.0,46.59522
46.0,31.871264
58.0,49.434692
25.0,30.68831
48.0,54.367687
22.0,26.654259
28.0,34.82801
63.0,63.404602
31.0,30.697487
35.0,32.102947
77.0,69.10441
27.0,38.469666
61.0,69.46277
28.0,38.480145
72.0,61.23749
33.0,29.596601
28.0,32.751072
37.0,27.8225
34.0,37.878555
55.0,40.665806
38.0,30.894018
38.0,50.58953
40.0,35.574142
26.0,29.147451
74.0,58.66573
46.0,39.5454
61.0,54.449368
60.0,43.11238
61.0,59.4745
65.0,53.31978
26.0,34.771152
64.0,63.031986
77.0,66.54436
47.0,51.260468
63.0,60.41456
20.0,21.62125
60.0,50.662487
38.0,54.69071
80.0,82.601875
57.0,56.487034
73.0,72.21914
56.0,57.49149
51.0,49.613426
80.0,75.15485
56.0,44.088726
28.0,40.474648
56.0,54.00737
53.0,46.210808
37.0,47.69103
25.0,26.910288
80.0,75.59254
23.0,25.95448
40.0,57.12132
64.0,51.664627
36.0,42.410797
62.0,64.03232
58.0,60.03748
80.0,76.801125
59.0,69.34387
80.0,73.86359
40.0,36.59514
51.0,55.840355
31.0,54.40939
29.0,36.56414
64.0,66.232346
23.0,20.083931
40.0,49.36047
42.0,45.078083
51.0,40.88745
74.0,70.59877
54.0,55.26249
74.0,72.77002
64.0,56.57187
52.0,49.180347
62.0,47.91476
41.0,47.549446
71.0,73.721054
39.0,42.487038
71.0,71.4941
52.0,59.22069
39.0,49.66107
44.0,42.42947
43.0,39.78713
55.0,52.744595
20.0,26.424469
52.0,58.685493
55.0,68.1978
24.0,21.658934
20.0,33.589928
50.0,59.629738
19.0,25.92214
19.0,31.38818
73.0,65.25122
80.0,81.52016
38.0,36.60495
35.0,34.832916
66.0,47.58139
48.0,37.703167
62.0,61.14714
23.0,21.553705
42.0,50.170544
23.0,29.897697
30.0,34.63269
63.0,57.194256
49.0,47.595695
80.0,65.37763
20.0,30.352987
32.0,29.87028
72.0,77.3304
73.0,77.68366
43.0,44.44263
37.0,36.14082
40.0,55.874836
25.0,33.572166
38.0,43.931118
30.0,31.15792
26.0,24.067577
37.0,33.41585
29.0,29.086779
32.0,30.699486
52.0,62.42911
48.0,51.13452
41.0,27.021843
21.0,26.776472
52.0,48.07122
80.0,66.80213
80.0,81.176926
74.0,79.198074
54.0,51.071953
80.0,78.17285
80.0,71.42845
31.0,33.941734
67.0,65.18093
19.0,22.973904
25.0,29.495075
57.0,49.35807
66.0,69.71415
65.0,67.89342
73.0,67.73927
54.0,56.558273
61.0,63.498745
47.0,36.043858
53.0,56.723732
45.0,35.16647
73.0,73.919136
45.0,53.128136
21.0,40.398396
22.0,42.487965
47.0,37.000744
59.0,52.260452
61.0,58.022675
27.0,35.203056
18.0,25.96523
32.0,31.793734
24.0,27.262207
25.0,28.756441
53.0,42.981834
24.0,24.34015
23.0,30.487787
70.0,70.22998
37.0,30.302952
19.0,20.821707
39.0,47.2513
43.0,39.593704
61.0,71.25854
22.0,18.663229
41.0,48.95892
22.0,34.085415
28.0,27.366623
53.0,50.22726
30.0,43.96631
41.0,33.74204
47.0,58.329468
47.0,44.790684
80.0,56.143658
23.0,28.524979
45.0,54.072758
26.0,24.847221
80.0,72.04118
62.0,76.9795
23.0,28.48138
41.0,47.011505
35.0,29.544184
24.0,23.831242
67.0,68.972855
30.0,35.267204
80.0,76.485664
37.0,44.15029
19.0,21.556236
80.0,44.899906
80.0,71.82813
33.0,32.684547
68.0,64.69656
18.0,29.413528
49.0,49.142403
75.0,69.53762
18.0,22.43571
42.0,36.92396
80.0,76.68372
19.0,29.605215
36.0,25.45185
55.0,56.75689
43.0,58.48123
76.0,69.883026
41.0,31.865541
51.0,43.878494
63.0,62.1121
29.0,25.428274
32.0,52.70336
27.0,31.225952
19.0,24.558186
59.0,59.846985
41.0,39.298866
68.0,63.867306
42.0,34.563778
20.0,18.600658
79.0,79.27566
42.0,38.394165
63.0,68.726746
59.0,73.2659
74.0,68.61691
25.0,24.294777
37.0,49.83889
19.0,34.173126
65.0,52.460888
59.0,62.230537
69.0,71.76498
80.0,79.48801
18.0,36.755558
75.0,60.04011
39.0,40.800953
30.0,43.90239
54.0,50.58793
44.0,46.002457
61.0,70.86528
70.0,70.455826
44.0,29.72154
23.0,28.242931
42.0,36.79392
66.0,63.96234
80.0,76.50426
38.0,42.083374
60.0,64.74101
39.0,40.053055
45.0,43.803925
50.0,51.201008
37.0,43.6643
34.0,30.560184
68.0,70.3112
63.0,44.69504
80.0,77.4365
24.0,26.214628
76.0,69.26059
61.0,58.749905
42.0,43.293987
18.0,29.800093
55.0,56.06079
42.0,35.686653
42.0,35.708145
36.0,26.7331
31.0,51.967865
63.0,45.66768
20.0,23.670956
58.0,44.22557
52.0,48.959885
78.0,57.348206
69.0,66.59648
45.0,42.12811
24.0,31.088871
55.0,63.392586
45.0,46.59698
28.0,27.79489
65.0,68.138824
34.0,40.99243
20.0,21.557993
80.0,74.02644
48.0,34.45497
55.0,53.922863
64.0,67.750885
73.0,61.97558
25.0,31.409271
38.0,41.873676
56.0,45.169453
47.0,34.699005
38.0,33.415264
61.0,52.594643
73.0,78.28079
25.0,35.478672
24.0,29.069345
46.0,54.39424
47.0,61.59057
52.0,54.85499
21.0,27.902264
25.0,24.582825
22.0,19.752127
55.0,40.3645
46.0,41.582645
24.0,28.877438
58.0,51.65876
80.0,71.57687
30.0,42.434162
54.0,45.187366
30.0,25.526365
64.0,69.2018
35.0,32.397858
68.0,58.947994
61.0,48.91321
69.0,69.52902
64.0,57.867207
56.0,50.271458
61.0,66.04466
33.0,40.12163
74.0,75.054085
38.0,36.827084
62.0,60.546753
80.0,69.16084
69.0,60.347324
47.0,41.90558
44.0,48.169476
19.0,32.932625
28.0,27.22783
34.0,39.95745
27.0,23.81247
78.0,71.65201
18.0,20.469404
38.0,61.308945
66.0,65.42761
34.0,34.51906
63.0,41.274097
51.0,60.649895
41.0,28.110695
38.0,43.73678
67.0,64.98482
61.0,70.66042
45.0,43.5309
53.0,62.313835
77.0,61.469048
60.0,59.390053
71.0,67.49621
73.0,69.48174
80.0,71.84077
71.0,68.28491
52.0,61.187405
46.0,50.820107
31.0,26.883894
66.0,52.45902
40.0,36.325558
80.0,59.083813
54.0,56.169064
18.0,21.268717
63.0,65.01802
30.0,31.077768
20.0,30.55235
32.0,45.85379
59.0,55.56215
48.0,54.951492
46.0,41.275223
56.0,66.76048
35.0,53.34961
60.0,63.855415
63.0,55.269478
68.0,64.892944
48.0,44.20436
23.0,30.619326
31.0,52.817497
68.0,67.67546
30.0,30.168503
35.0,38.965553
36.0,25.143845
49.0,41.83004
59.0,62.58111
19.0,16.177326
35.0,30.117165
38.0,30.077236
65.0,63.448822
38.0,46.67446
38.0,37.79375
77.0,72.13588
62.0,73.707596
69.0,64.32229
43.0,57.83253
63.0,68.662796
71.0,67.20867
46.0,44.40135
64.0,57.4286
27.0,24.628525
57.0,62.4245
52.0,57.26051
38.0,59.046738
50.0,66.40132
42.0,40.77598
71.0,73.03289
38.0,46.34365
21.0,20.85574
58.0,54.59665
40.0,29.399914
18.0,21.561012
80.0,63.066383
66.0,60.9976
46.0,46.67804
22.0,25.55512
60.0,46.36294
65.0,59.41179
48.0,39.124454
51.0,45.9628
33.0,21.464449
27.0,27.013153
35.0,41.750877
53.0,49.051624
19.0,26.11786
37.0,38.459145
72.0,66.920685
80.0,64.837074
65.0,74.8194
75.0,77.12315
36.0,31.59804
38.0,37.398243
80.0,75.047165
60.0,66.05805
50.0,40.42121
41.0,65.14696
21.0,30.326897
38.0,35.08772
23.0,23.04133
64.0,57.835464
79.0,78.13571
50.0,50.660164
42.0,65.25734
28.0,25.17961
45.0,62.39633
67.0,67.44458
63.0,63.355114
52.0,67.32164
37.0,35.019577
80.0,71.015945
76.0,78.054565
61.0,70.08388
31.0,30.004763
72.0,64.60046
31.0,34.55065
49.0,65.207275
38.0,36.58572
19.0,28.949934
64.0,63.004135
49.0,48.300503
80.0,69.01814
18.0,24.739164
40.0,40.226448
26.0,24.848303
21.0,25.688326
27.0,27.90391
34.0,40.390358
74.0,62.31734
36.0,47.23965
52.0,51.325897
68.0,64.23139
46.0,48.361588
72.0,53.933372
34.0,40.80213
48.0,33.996254
21.0,25.62498
79.0,60.09617
80.0,69.994736
56.0,62.796875
36.0,45.13689
31.0,31.448881
54.0,45.02839
74.0,69.41088
63.0,64.224846
39.0,35.562687
25.0,40.75371
47.0,44.720623
73.0,75.62717
56.0,52.583412
36.0,55.12375
80.0,60.18893
64.0,59.15574
30.0,43.51944
26.0,37.29979
39.0,52.94401
48.0,60.578934
65.0,64.63103
47.0,45.649174
25.0,35.5823
46.0,44.619522
56.0,53.58142
18.0,25.495274
74.0,72.63015
71.0,73.33487
55.0,59.216923
66.0,65.34553
28.0,40.8103
50.0,47.252926
34.0,29.40465
80.0,75.32701
62.0,51.957138
65.0,61.572052
32.0,39.19417
35.0,42.810818
61.0,61.03123
76.0,63.483788
56.0,39.07131
31.0,34.154114
37.0,52.381622
32.0,36.44629
22.0,35.66136
44.0,29.17793
60.0,62.774452
49.0,44.53356
54.0,64.54618
51.0,50.322166
51.0,51.630905
71.0,58.93016
54.0,39.644394
69.0,60.905556
41.0,44.86521
62.0,65.82186
39.0,50.34519
42.0,38.453907
42.0,47.498703
61.0,60.193245
63.0,58.13748
47.0,60.988747
49.0,63.397583
41.0,47.732452
36.0,30.190443
63.0,53.564278
43.0,66.750206
80.0,62.829185
52.0,55.597576
80.0,69.689896
71.0,61.710785
41.0,49.130566
43.0,44.717804
68.0,69.68463
51.0,62.416084
21.0,20.124647
45.0,39.54892
68.0,61.70916
65.0,38.49927
21.0,22.98096
37.0,39.322094
37.0,42.94821
43.0,36.262627
48.0,58.871895
57.0,47.020874
61.0,67.85474
36.0,28.024073
71.0,57.394394
56.0,50.260452
34.0,28.130352
80.0,75.372604
80.0,74.61159
44.0,41.09836
19.0,29.352413
74.0,70.44141
59.0,50.276047
64.0,63.488197
21.0,39.125656
18.0,21.120142
55.0,56.952282
65.0,59.931442
34.0,45.45135
22.0,23.2555
54.0,42.365406
31.0,38.62569
27.0,21.644726
59.0,51.869045
52.0,45.728672
65.0,71.66536
20.0,28.233843
66.0,64.582275
37.0,34.077427
63.0,53.589577
80.0,74.09156
44.0,55.708218
29.0,58.80609
21.0,25.410961
63.0,49.520622
57.0,60.15471
18.0,23.0183
64.0,59.62734
50.0,55.615498
58.0,61.807518
70.0,64.37995
19.0,30.996181
19.0,23.942394
38.0,52.176296
31.0,26.690413
49.0,43.46502
66.0,56.962757
45.0,38.40071
76.0,75.56963
75.0,72.294556
23.0,36.236897
19.0,31.164488
19.0,23.76525
51.0,58.270653
38.0,38.30916
47.0,37.10113
30.0,33.59249
29.0,28.339548
24.0,25.683577
70.0,69.66904
60.0,59.33742
18.0,36.961357
63.0,46.5213
61.0,70.85368
41.0,33.259857
37.0,21.446377
51.0,38.293373
65.0,58.70246
78.0,76.37669
34.0,30.057793
30.0,33.491283
34.0,33.12032
32.0,42.51099
38.0,35.80849
47.0,54.125004
49.0,31.365572
52.0,50.15546
36.0,45.243824
38.0,49.539955
31.0,40.256805
25.0,29.938805
73.0,72.108345
50.0,43.734283
55.0,43.894455
55.0,38.44281
73.0,70.45073
21.0,28.98362
47.0,37.271873
77.0,61.37192
22.0,35.34622
77.0,68.31972
68.0,61.414528
26.0,36.043148
49.0,61.488144
35.0,37.495
22.0,33.02986
57.0,58.616917
54.0,63.16984
28.0,34.72636
35.0,33.912514
19.0,21.955862
45.0,43.69251
40.0,42.768772
50.0,57.817326
51.0,58.336555
53.0,56.54429
35.0,42.97482
55.0,52.557297
21.0,27.902779
39.0,42.96958
37.0,67.97061
55.0,50.966347
32.0,37.653336
67.0,64.02753
71.0,61.63692
20.0,36.930878
80.0,73.74907
42.0,57.98505
38.0,38.528446
37.0,26.674517
38.0,29.8406
80.0,68.39336
41.0,40.083637
73.0,69.20957
18.0,36.186108
18.0,41.252464
35.0,34.72628
31.0,21.974737
80.0,81.91098
21.0,30.662655
53.0,52.043953
67.0,64.593834
80.0,73.57709
38.0,49.12268
59.0,42.593697
49.0,27.905815
73.0,63.78118
49.0,68.665985
53.0,47.586975
27.0,34.21583
20.0,20.380037
71.0,70.173004
58.0,41.11242
23.0,38.992332
77.0,64.01024
63.0,61.120193
31.0,25.813599
76.0,77.19163
65.0,63.493813
27.0,26.853243
38.0,36.199482
40.0,58.372215
24.0,30.04305
53.0,48.563988
22.0,25.413658
32.0,32.396595
42.0,55.61345
80.0,69.56274
56.0,38.286747
80.0,71.00045
22.0,21.460922
18.0,26.270258
48.0,47.63872
39.0,40.98719
33.0,49.101
41.0,27.484663
47.0,32.464733
78.0,66.11554
71.0,67.72002
69.0,62.01204
68.0,67.43327
19.0,23.964287
51.0,50.633087
25.0,27.610413
23.0,31.70839
19.0,19.137573
45.0,30.475456
20.0,27.51169
80.0,52.527973
61.0,56.156105
48.0,53.723225
34.0,36.6765
26.0,19.749868
33.0,28.896036
27.0,21.404638
64.0,56.108498
24.0,41.639294
27.0,32.549534
48.0,51.587635
54.0,59.77871
80.0,53.92342
53.0,60.741776
36.0,36.363705
58.0,50.681274
30.0,42.22629
59.0,54.899498
37.0,27.825747
68.0,65.67886
44.0,51.158318
66.0,67.95645
53.0,42.89798
52.0,51.801647
28.0,40.585724
26.0,37.146408
40.0,37.44924
64.0,48.699978
76.0,72.43454
47.0,43.555817
18.0,26.546286
41.0,45.81748
33.0,35.762363
59.0,56.35601
70.0,71.06807
67.0,63.882942
39.0,31.43635
18.0,27.982258
65.0,71.860504
80.0,71.05361
73.0,71.52321
72.0,77.95867
18.0,19.846127
59.0,55.763874
60.0,67.47041
70.0,69.27081
44.0,45.681118
18.0,24.854633
42.0,37.966904
80.0,69.16312
78.0,73.91426
66.0,69.95899
57.0,61.726883
80.0,70.0383
67.0,68.710396
43.0,55.50956
27.0,28.778646
43.0,43.73959
76.0,74.078964
51.0,39.269367
59.0,55.184147
51.0,57.434204
25.0,26.917154
45.0,41.350494
63.0,70.72774
79.0,79.51448
31.0,40.671192
39.0,40.734882
38.0,29.578491
26.0,30.821192
65.0,73.758286
29.0,29.564333
20.0,26.162958
79.0,67.33554
20.0,25.40437
19.0,24.309975
26.0,23.29531
19.0,18.148407
74.0,66.82973
42.0,55.83173
59.0,56.3631
64.0,65.348404
56.0,55.54751
80.0,77.75415
22.0,20.144188
80.0,69.84703
53.0,43.86596
66.0,56.96262
62.0,55.986588
33.0,30.402464
32.0,52.40812
61.0,55.381252
63.0,63.671883
28.0,31.609787
80.0,69.760574
55.0,51.098312
64.0,63.81659
61.0,64.38057
68.0,53.20186
32.0,26.879307
60.0,34.84374
54.0,63.39487
49.0,61.96434
31.0,26.968925
71.0,68.34649
34.0,49.957104
53.0,59.602
80.0,76.297195
19.0,28.779776
26.0,24.804064
23.0,27.091593
33.0,38.44953
55.0,60.247276
39.0,40.114204
55.0,47.516407
19.0,21.682808
65.0,61.015484
68.0,67.77112
64.0,44.694134
40.0,37.18348
77.0,76.21859
37.0,37.419716
43.0,43.997307
24.0,29.118149
64.0,62.90489
53.0,57.413013
58.0,48.010258
53.0,57.866848
70.0,78.52237
27.0,37.10743
29.0,18.413187
75.0,69.922005
38.0,31.998312
22.0,38.44093
25.0,21.042406
49.0,45.356033
20.0,20.261131
38.0,39.4349
68.0,50.634724
42.0,34.391926
79.0,67.965744
52.0,51.793182
42.0,50.526047
52.0,44.50109
57.0,62.01654
19.0,28.813679
76.0,75.88878
22.0,29.709867
21.0,20.10638
19.0,27.05982
65.0,65.11876
59.0,57.80373
54.0,53.86106
18.0,33.678864
49.0,56.82969
19.0,31.201302
49.0,40.60069
37.0,55.070015
50.0,65.96159
30.0,28.283777
32.0,32.156128
32.0,33.484024
31.0,30.215384
18.0,27.117405
72.0,60.542854
42.0,36.891277
47.0,34.59511
65.0,42.923855
66.0,62.917904
67.0,63.236275
33.0,33.429367
70.0,69.18432
43.0,37.25383
42.0,39.13102
49.0,34.242775
52.0,58.616577
54.0,60.01316
54.0,50.617027
49.0,52.59925
78.0,72.978745
72.0,56.276134
33.0,28.133247
29.0,24.358236
59.0,63.525314
70.0,69.13364
68.0,57.668797
23.0,30.533396
40.0,51.5747
21.0,24.746187
30.0,25.819569
40.0,35.132843
60.0,68.1069
53.0,44.07172
78.0,69.64496
31.0,50.85728
56.0,58.91386
31.0,44.164917
70.0,55.95851
78.0,73.88634
61.0,66.268845
63.0,61.070683
60.0,43.59263
28.0,38.094513
51.0,58.70438
39.0,39.877285
24.0,27.354185
22.0,37.491924
48.0,43.676105
80.0,79.29886
53.0,36.79642
63.0,57.2261
80.0,77.297424
46.0,39.3888
32.0,30.490938
31.0,28.831602
21.0,42.992382
21.0,25.521482
44.0,42.980732
20.0,30.409147
67.0,67.60926
38.0,31.31302
52.0,58.349255
33.0,33.149998
70.0,66.561295
54.0,55.962456
57.0,67.14578
58.0,58.936802
44.0,61.75565
26.0,23.762667
62.0,76.61941
37.0,42.116566
77.0,50.928967
47.0,50.53247
36.0,32.265778
41.0,64.26813
52.0,56.14804
34.0,25.619844
58.0,52.266693
75.0,75.01303
29.0,45.886757
20.0,32.989265
55.0,55.506275
57.0,60.81965
61.0,42.70472
51.0,44.834206
33.0,27.715662
52.0,47.354855
67.0,67.09222
49.0,47.24141
42.0,42.203346
63.0,69.08769
18.0,13.917374
74.0,68.55821
29.0,29.720943
31.0,38.742363
69.0,70.32563
78.0,79.363235
50.0,48.717773
48.0,39.667976
29.0,34.80329
27.0,26.710812
25.0,27.448715
46.0,53.841736
53.0,53.359314
48.0,51.79811
80.0,70.45328
19.0,24.373363
74.0,66.06235
56.0,60.67228
32.0,47.250725
57.0,54.66613
18.0,29.444294
68.0,59.14664
61.0,69.64015
49.0,57.263817
20.0,28.274656
68.0,70.66228
43.0,52.385345
25.0,36.05114
45.0,34.26534
78.0,73.01413
70.0,71.74929
24.0,25.018005
60.0,58.561386
59.0,52.731876
18.0,24.71021
49.0,49.120895
64.0,59.077133
80.0,75.33761
64.0,63.14437
40.0,44.67907
37.0,40.455006
37.0,45.49981
29.0,38.551712
50.0,48.09115
27.0,26.859325
77.0,62.10362
19.0,18.208628
79.0,80.045975
33.0,26.800617
37.0,39.75758
68.0,67.8712
66.0,56.403908
46.0,67.7988
29.0,37.505356
65.0,69.05729
75.0,73.54674
72.0,73.61147
68.0,71.58695
39.0,44.265144
66.0,76.34517
37.0,36.861565
78.0,72.89078
22.0,25.366226
37.0,35.934822
18.0,34.257187
24.0,20.849394
80.0,70.18533
58.0,55.871128
50.0,57.915974
28.0,37.23398
78.0,67.69989
80.0,70.68579
57.0,73.32631
56.0,57.906258
63.0,74.0058
29.0,29.789371
26.0,28.762142
50.0,54.576794
33.0,32.496857
18.0,27.029232
39.0,41.604324
52.0,57.314987
52.0,50.306053
60.0,71.11429
19.0,33.10926
62.0,62.04403
42.0,43.309643
28.0,33.588104
20.0,22.822279
38.0,35.17828
31.0,25.750605
62.0,63.258232
43.0,32.47359
38.0,50.872543
20.0,23.51846
50.0,64.28201
54.0,62.78028
73.0,74.5439
26.0,40.336506
80.0,74.16438
30.0,27.44125
30.0,25.89845
51.0,62.85411
72.0,70.1153
42.0,44.229744
33.0,48.123165
75.0,72.130295
29.0,34.303642
41.0,28.523531
29.0,31.767986
41.0,58.834503
18.0,24.04356
27.0,22.824621
23.0,30.599049
24.0,31.963821
63.0,65.80279
20.0,22.625856
29.0,29.995687
20.0,23.45296
69.0,67.339775
80.0,73.29613
33.0,27.312609
64.0,70.679306
32.0,32.670357
46.0,36.65348
40.0,73.39549
35.0,29.12927
51.0,45.20062
24.0,32.594437
50.0,39.699314
33.0,30.814053
73.0,73.47066
68.0,65.62442
39.0,21.72353
22.0,23.327929
18.0,27.127789
44.0,26.112738
80.0,47.475388
50.0,44.496895
71.0,73.13184
23.0,25.886848
22.0,33.764904
60.0,72.56142
63.0,52.3863
63.0,55.58413
41.0,34.71199
60.0,62.091293
58.0,53.95387
56.0,55.116554
24.0,33.154556
78.0,72.629456
19.0,28.83421
25.0,36.966366
40.0,37.74431
39.0,40.98907
64.0,58.826015
21.0,27.1953
37.0,36.06872
63.0,64.92337
41.0,46.9245
29.0,24.522789
18.0,23.32755
26.0,57.132355
59.0,62.57683
51.0,57.29285
72.0,68.585175
74.0,66.98766
38.0,30.1097
60.0,55.7238
34.0,39.54052
46.0,28.08532
42.0,56.654335
74.0,70.68758
50.0,47.639847
64.0,58.07201
29.0,41.316578
52.0,53.642746
67.0,70.35948
51.0,49.068363
57.0,63.756607
62.0,50.143948
69.0,64.94118
59.0,34.6633
80.0,73.08667
38.0,36.093678
25.0,38.238182
37.0,32.952618
19.0,26.265985
70.0,62.49837
41.0,40.69145
29.0,31.205898
53.0,68.39712
25.0,28.754738
33.0,35.616203
55.0,56.334335
78.0,70.072136
57.0,68.33559
26.0,32.7901
80.0,72.31038
55.0,41.484512
49.0,37.64239
18.0,19.017067
79.0,79.658554
22.0,32.12107
50.0,45.70139
72.0,60.01046
65.0,70.72895
62.0,44.67796
34.0,41.995686
58.0,47.600574
38.0,49.019802
24.0,29.374708
54.0,47.357452
22.0,19.720778
55.0,61.90727
18.0,21.838766
54.0,57.200775
63.0,56.25611
44.0,28.74732
21.0,34.85441
80.0,81.580185
80.0,71.07176
31.0,39.4422
42.0,28.881222
78.0,74.53845
40.0,29.483095
33.0,25.452501
58.0,47.458477
67.0,72.18724
71.0,62.72064
25.0,20.597048
21.0,25.777996
47.0,50.40468
77.0,55.364956
64.0,47.6345
70.0,72.70244
51.0,44.66902
51.0,39.364853
59.0,61.957443
27.0,26.521471
25.0,29.386175
22.0,47.83927
51.0,63.843742
23.0,28.16034
30.0,25.989935
80.0,76.85112
30.0,38.00231
62.0,61.82854
46.0,42.312374
54.0,65.8832
80.0,73.210724
73.0,55.044075
26.0,28.917164
64.0,60.767082
68.0,58.735138
74.0,72.53258
38.0,37.733746
25.0,46.181618
59.0,48.67088
52.0,54.29256
41.0,47.5557
72.0,78.70817
71.0,70.56361
51.0,54.465324
57.0,45.079205
27.0,33.816074
22.0,22.437458
40.0,39.587
74.0,59.411186
80.0,79.89686
39.0,25.274378
70.0,69.66391
25.0,23.647186
68.0,44.624557
80.0,72.03524
55.0,39.692936
47.0,41.830597
29.0,32.282837
45.0,43.66753
27.0,26.321632
32.0,37.45679
53.0,46.43495
80.0,74.495224
38.0,33.25551
32.0,46.52911
59.0,61.596054
53.0,40.370087
66.0,68.61179
34.0,43.753708
48.0,44.951344
73.0,67.30256
45.0,54.43515
40.0,34.464638
23.0,28.449749
33.0,37.172283
57.0,53.953957
41.0,36.190987
47.0,33.7717
54.0,55.513374
54.0,48.987892
80.0,76.32169
36.0,52.857075
80.0,73.7949
79.0,70.928154
33.0,25.461592
27.0,24.05861
28.0,30.95467
32.0,34.69846
73.0,63.06607
23.0,36.621956
66.0,68.56633
33.0,42.63212
50.0,55.478416
30.0,28.342999
19.0,28.573004
76.0,66.08861
23.0,32.06478
51.0,67.542175
30.0,23.481977
18.0,23.257654
36.0,46.17882
39.0,48.017445
80.0,70.988434
26.0,35.408485
33.0,30.048225
36.0,42.27095
22.0,20.360287
73.0,59.821976
80.0,73.772606
73.0,67.6649
44.0,47.858757
55.0,33.99136
36.0,34.688858
23.0,25.154486
47.0,45.67816
45.0,62.359238
56.0,58.087433
71.0,69.52213
44.0,48.673798
27.0,39.579796
62.0,34.98732
60.0,59.191544
27.0,17.266014
48.0,40.902267
54.0,56.91592
24.0,31.581263
27.0,39.044445
78.0,76.2529
57.0,56.86471
36.0,44.172695
21.0,20.122452
80.0,61.343746
27.0,51.036907
65.0,42.48236
61.0,64.53385
80.0,77.51567
26.0,37.77083
32.0,27.549591
33.0,27.55513
56.0,42.466522
57.0,38.780453
40.0,44.99471
30.0,29.893227
50.0,56.029827
55.0,65.32201
28.0,33.945465
60.0,53.432365
67.0,68.07744
28.0,24.967905
22.0,37.944782
32.0,36.216988
62.0,60.72414
74.0,66.27663
31.0,35.120697
34.0,48.86207
49.0,53.61953
55.0,58.911743
25.0,33.091805
52.0,41.68367
62.0,70.52405
59.0,63.69391
72.0,76.09462
56.0,48.697624
64.0,52.925
31.0,39.476227
21.0,43.052643
51.0,45.71019
77.0,69.23041
56.0,52.72016
45.0,48.16689
63.0,58.76982
66.0,70.310356
44.0,44.955975
21.0,33.756004
33.0,37.107933
36.0,45.134468
60.0,59.09487
54.0,40.47637
43.0,49.627888
36.0,50.616955
19.0,22.124516
29.0,26.709766
24.0,23.10096
25.0,26.103537
34.0,36.922527
37.0,31.261303
67.0,63.241936
49.0,37.19382
46.0,44.93787
18.0,24.647236
51.0,50.81033
60.0,52.52804
80.0,74.80935
61.0,60.204384
39.0,35.651974
67.0,65.40991
44.0,54.774624
59.0,35.543976
50.0,58.15987
51.0,52.900234
63.0,55.727196
35.0,35.2977
71.0,75.18268
58.0,54.483448
41.0,41.910652
52.0,49.99101
24.0,25.913528
21.0,18.83359
33.0,34.215244
38.0,30.794647
59.0,62.06888
54.0,37.55689
80.0,80.2245
56.0,57.317528
80.0,83.13519
30.0,29.660002
57.0,48.548084
61.0,49.44978
73.0,67.80002
50.0,37.987724
70.0,70.48207
31.0,34.628998
24.0,36.633503
73.0,70.213036
30.0,27.09793
80.0,78.320076
51.0,60.758305
47.0,54.67987
46.0,40.680824
72.0,66.89247
78.0,74.509186
73.0,75.84355
22.0,17.354275
34.0,28.43967
80.0,68.120056
32.0,24.157759
56.0,50.445015
45.0,47.293232
80.0,75.95776
71.0,64.065056
76.0,68.08492
24.0,39.363655
67.0,57.4168
45.0,44.015366
52.0,69.53046
31.0,39.106865
75.0,66.67221
23.0,23.445885
43.0,47.481213
44.0,41.163387
74.0,69.68124
48.0,48.538776
24.0,18.867203
19.0,38.122375
34.0,28.356771
58.0,44.435356
53.0,41.435307
49.0,49.453495
47.0,28.559929
34.0,29.286247
41.0,53.089165
39.0,43.604767
22.0,23.965736
38.0,48.36253
80.0,76.61801
47.0,51.06781
49.0,54.646423
75.0,65.40015
68.0,74.23623
46.0,46.30239
51.0,42.715874
26.0,31.058157
62.0,63.988266
36.0,29.95598
76.0,74.88049
54.0,47.78108
25.0,21.102468
36.0,40.383133
32.0,24.594429
56.0,56.920803
60.0,66.84732
24.0,27.743664
19.0,21.54129
61.0,63.318913
31.0,40.034554
30.0,24.014626
60.0,65.193695
51.0,67.30392
66.0,61.866806
30.0,21.913668
29.0,25.358528
24.0,27.636227
40.0,47.557835
21.0,26.914597
38.0,53.068104
51.0,39.378242
41.0,41.58146
36.0,29.089699
73.0,69.54594
26.0,25.156698
26.0,27.078342
40.0,40.009796
79.0,58.823257
57.0,60.0035
27.0,31.87138
71.0,72.57768
18.0,34.640907
18.0,27.277214
77.0,69.15874
80.0,76.23845
58.0,66.711586
51.0,49.603367
54.0,67.02708
80.0,78.55421
72.0,59.4281
52.0,57.803493
60.0,43.746983
54.0,62.572956
58.0,54.077595
70.0,58.57544
63.0,72.4399
41.0,32.131126
19.0,20.282045
44.0,42.353867
18.0,20.064976
38.0,39.9239
38.0,52.025806
43.0,42.242878
57.0,57.651276
48.0,60.513786
23.0,27.500618
66.0,61.141144
41.0,40.413696
59.0,67.01546
79.0,61.6914
46.0,51.50153
45.0,41.14429
56.0,63.991882
39.0,34.66233
76.0,73.41792
60.0,49.106655
53.0,59.746315
28.0,32.284542
48.0,37.72125
70.0,58.331863
78.0,69.75605
49.0,46.510082
33.0,29.54535
44.0,46.272964
66.0,62.284683
74.0,74.81962
56.0,52.472843
73.0,57.24585
18.0,24.844427
29.0,41.994278
19.0,24.877968
71.0,72.01229
21.0,31.84528
80.0,60.473118
49.0,60.708862
69.0,63.79087
80.0,76.78042
80.0,73.021286
65.0,61.296593
80.0,74.55645
64.0,65.17192
31.0,55.250824
46.0,27.717646
68.0,64.55948
65.0,44.69501
62.0,62.32688
76.0,68.12404
69.0,58.464035
44.0,41.302124
53.0,37.916565
80.0,83.21452
60.0,57.25434
44.0,39.030907
26.0,27.071934
47.0,42.466564
42.0,40.191074
58.0,54.057865
30.0,25.662195
70.0,77.83261
79.0,78.16008
28.0,26.905647
45.0,32.44187
62.0,67.75666
43.0,51.097797
80.0,85.57367
23.0,31.48668
69.0,70.914185
39.0,41.111237
19.0,22.136778
48.0,49.67824
72.0,71.161514
31.0,21.855343
70.0,63.29296
18.0,26.519379
46.0,69.37502
62.0,61.011158
68.0,70.50763
76.0,70.26813
48.0,58.67731
28.0,25.548561
24.0,24.60506
18.0,23.247059
67.0,67.03336
48.0,44.20216
55.0,43.17774
44.0,51.451935
19.0,17.215267
21.0,30.48725
80.0,81.43649
39.0,36.37372
51.0,51.28549
75.0,73.511765
52.0,52.00322
18.0,21.949034
42.0,52.58089
27.0,32.915157
43.0,41.602444
28.0,32.76477
45.0,42.162926
52.0,41.109955
80.0,73.646324
26.0,33.046867
26.0,31.758009
25.0,27.707092
36.0,51.940517
54.0,57.75842
43.0,47.313927
67.0,65.08487
25.0,33.40489
43.0,28.603428
49.0,40.262047
26.0,45.76858
60.0,58.194195
54.0,50.166058
47.0,36.553726
80.0,73.749466
62.0,65.890434
42.0,40.026863
80.0,60.462948
80.0,62.83275
36.0,26.8071
19.0,28.845371
60.0,65.21933
60.0,63.62874
32.0,31.082996
63.0,71.17209
62.0,62.31988
68.0,64.87059
41.0,39.135998
29.0,27.019901
18.0,26.55987
42.0,28.789742
67.0,65.530914
41.0,40.177807
56.0,51.88745
49.0,38.521782
73.0,68.28502
36.0,35.335785
73.0,57.002495
67.0,66.37312
43.0,60.9483
57.0,39.782925
75.0,71.11844
24.0,22.140488
78.0,79.50007
77.0,74.935394
60.0,55.231987
44.0,53.72157
80.0,69.35436
35.0,44.83515
80.0,74.186966
24.0,21.117506
24.0,33.976013
78.0,65.28473
42.0,27.966356
63.0,70.881714
76.0,66.20947
24.0,25.584738
71.0,69.53829
80.0,73.347664
43.0,33.622425
77.0,76.03415
19.0,20.129948
19.0,24.154371
37.0,45.729412
75.0,61.667564
55.0,59.40007
53.0,49.64368
52.0,51.201313
80.0,71.49867
43.0,43.15601
51.0,40.95942
61.0,46.617462
63.0,53.70867
31.0,37.857906
22.0,21.785261
70.0,64.37062
78.0,73.44581
25.0,29.196175
61.0,63.422127
23.0,29.896452
55.0,49.471306
22.0,26.755133
74.0,60.277264
27.0,22.122217
21.0,37.176464
53.0,55.785286
63.0,57.42096
57.0,59.395344
24.0,35.967052
26.0,28.315733
66.0,70.28324
72.0,62.17183
80.0,59.363552
72.0,68.46379
61.0,71.196144
39.0,41.64593
30.0,38.60428
35.0,28.165852
63.0,65.14109
57.0,62.720116
20.0,27.329262
49.0,49.431335
61.0,43.080784
50.0,49.207798
62.0,60.268307
56.0,72.26007
32.0,30.843754
60.0,54.104362
75.0,73.29739
21.0,28.241182
57.0,72.10463
36.0,35.188732
30.0,35.157524
18.0,35.26056
19.0,18.506327
45.0,60.964863
57.0,62.12773
44.0,57.34097
37.0,28.655237
62.0,65.64418
37.0,35.858192
69.0,67.62452
27.0,18.405777
24.0,30.52007
25.0,26.752848
44.0,44.3735
39.0,30.287165
71.0,69.42526
26.0,43.40678
63.0,47.69482
42.0,43.33688
65.0,57.963005
24.0,27.673946
73.0,40.34424
53.0,64.499954
57.0,54.6008
62.0,56.629856
18.0,21.006512
42.0,43.200165
43.0,67.039635
37.0,44.571518
49.0,55.176323
39.0,46.675076
53.0,45.65434
18.0,21.622782
33.0,46.56713
80.0,70.30998
34.0,41.53541
38.0,36.14853
68.0,64.377594
61.0,65.298
58.0,44.238956
23.0,26.510414
41.0,27.687326
80.0,75.324524
60.0,66.30238
33.0,39.330956
30.0,38.12181
23.0,35.86333
73.0,83.606766
80.0,80.003
61.0,57.261585
57.0,53.527843
33.0,24.030613
28.0,32.85723
68.0,49.27037
78.0,72.8714
54.0,59.534378
53.0,69.02807
62.0,68.256805
49.0,59.71255
32.0,34.907837
26.0,30.995087
53.0,69.772285
39.0,33.70443
46.0,57.7631
52.0,46.967308
80.0,71.08799
43.0,45.712807
37.0,46.07834
33.0,42.813934
49.0,40.82679
46.0,49.667187
61.0,51.04371
45.0,44.5692
31.0,57.076664
80.0,79.823715
70.0,67.55004
50.0,44.755093
62.0,60.236076
73.0,68.88811
64.0,64.30513
66.0,59.204628
55.0,38.171013
44.0,39.690952
68.0,69.247086
19.0,21.274427
42.0,49.621998
68.0,68.69787
80.0,73.80289
74.0,73.441505
46.0,33.962963
73.0,72.09195
72.0,73.13719
31.0,54.31359
24.0,38.23684
63.0,62.002327
49.0,60.643616
37.0,37.903496
38.0,44.01916
66.0,54.38976
54.0,58.09651
63.0,67.77937
48.0,44.032555
24.0,40.756992
53.0,51.915573
80.0,71.319
67.0,63.210903
23.0,19.815636
33.0,29.514103
18.0,24.450308
31.0,22.63013
52.0,38.07508
42.0,40.882103
63.0,59.040855
30.0,38.51689
55.0,70.98108
18.0,30.798931
40.0,40.171776
26.0,55.44973
67.0,66.50568
62.0,59.533863
42.0,34.284332
28.0,26.507023
31.0,37.0571
18.0,21.597483
53.0,59.818485
76.0,75.80062
65.0,47.457973
20.0,27.384666
49.0,58.34124
45.0,43.49334
68.0,49.846794
28.0,24.897257
45.0,41.088436
70.0,63.691326
20.0,36.412773
39.0,22.519144
80.0,74.07125
36.0,34.205467
60.0,72.6263
73.0,78.30129
29.0,41.956543
80.0,77.17786
33.0,35.46448
18.0,21.48133
18.0,32.566475
27.0,27.393326
41.0,52.248764
56.0,51.157536
64.0,56.061314
28.0,39.46472
80.0,74.50906
45.0,45.018215
55.0,49.95123
37.0,41.124863
80.0,76.480865
62.0,68.57242
66.0,39.95913
45.0,65.130875
78.0,67.95755
38.0,40.703217
20.0,31.021849
41.0,39.23031
49.0,36.387108
80.0,73.66546
29.0,35.01478
45.0,38.214466
30.0,33.73445
34.0,35.508133
73.0,67.454735
60.0,63.02716
45.0,46.352795
19.0,29.034813
66.0,61.659096
49.0,50.12974
41.0,42.21791
36.0,29.464985
51.0,61.363556
64.0,53.190277
40.0,36.334072
34.0,34.796925
55.0,52.927433
76.0,66.07431
22.0,33.22076
64.0,49.22857
29.0,34.5728
19.0,17.421986
32.0,37.05417
78.0,71.68648
45.0,58.47265
27.0,26.046755
80.0,73.612076
45.0,47.720257
37.0,38.11185
52.0,51.165627
52.0,75.3569
34.0,38.769573
72.0,62.10607
41.0,54.887596
51.0,60.55977
71.0,65.24931
22.0,30.062263
27.0,25.240942
61.0,55.40032
28.0,34.30235
43.0,40.438385
43.0,40.526775
44.0,51.240673
30.0,39.04293
70.0,64.03128
53.0,50.015743
46.0,48.410286
37.0,35.55075
64.0,66.526215
25.0,30.293776
51.0,48.25602
63.0,70.69828
22.0,27.11176
61.0,61.001503
42.0,37.005676
39.0,38.385815
21.0,26.236942
41.0,52.71617
68.0,63.179977
29.0,40.356087
56.0,63.101486
21.0,24.141289
49.0,50.321747
28.0,36.391087
80.0,75.18111
40.0,38.776516
31.0,30.9188
50.0,65.57451
80.0,72.36557
56.0,41.55432
50.0,53.21546
29.0,29.831709
36.0,49.574303
80.0,77.71355
80.0,79.34584
32.0,25.832708
64.0,69.26309
71.0,70.860855
57.0,52.5068
80.0,78.91192
72.0,74.154236
80.0,82.55847
48.0,46.673218
20.0,29.72993
30.0,26.601103
43.0,38.917915
48.0,27.603456
60.0,67.13201
43.0,53.659863
20.0,32.448715
80.0,78.66638
62.0,70.828384
50.0,53.357487
35.0,46.841015
36.0,34.71481
25.0,31.450808
71.0,70.65724
54.0,50.53066
56.0,50.972855
80.0,71.40501
22.0,20.775246
59.0,58.430378
21.0,33.435276
31.0,34.34622
68.0,74.26576
80.0,72.72698
36.0,24.919094
50.0,51.484634
39.0,39.227966
59.0,56.309067
26.0,36.12034
47.0,55.46352
66.0,66.80432
60.0,68.71876
55.0,70.551
56.0,51.308407
22.0,23.141565
22.0,31.536562
69.0,59.930866
80.0,74.83129
50.0,58.15719
42.0,47.729607
37.0,40.013317
67.0,64.10344
21.0,26.08178
19.0,24.52429
34.0,29.24107
24.0,26.913363
61.0,62.60475
74.0,69.838715
39.0,36.522564
29.0,27.66203
26.0,26.18261
43.0,43.556053
75.0,70.9375
31.0,24.360262
74.0,72.13562
47.0,47.408512
40.0,40.18631
31.0,38.63687
19.0,25.40825
30.0,31.631735
40.0,42.272423
31.0,45.167168
37.0,34.695496
57.0,47.3853
19.0,18.858164
78.0,80.653336
80.0,73.24108
55.0,49.397552
72.0,77.56023
19.0,26.84253
51.0,66.61507
80.0,83.00027
80.0,79.27298
73.0,75.41356
41.0,42.72727
44.0,48.16066
32.0,44.94441
80.0,74.14297
75.0,58.65137
26.0,25.357975
53.0,32.59659
80.0,77.063675
80.0,65.12269
69.0,61.549828
68.0,51.096756
55.0,49.839367
54.0,61.472565
71.0,66.96424
46.0,52.226337
62.0,65.22896
35.0,34.90335
19.0,28.508038
20.0,17.156614
37.0,39.52199
18.0,24.446556
51.0,39.345432
60.0,62.334255
18.0,32.499542
31.0,33.19418
70.0,62.267597
62.0,63.588093
23.0,31.049068
60.0,55.651203
77.0,71.9646
23.0,24.778713
73.0,62.24274
47.0,40.187244
25.0,14.368511
43.0,36.35132
18.0,29.311779
80.0,77.791245
73.0,58.830437
53.0,57.09741
67.0,54.741512
46.0,41.1702
40.0,43.75412
63.0,61.7118
71.0,76.5146
58.0,58.13157
36.0,49.852776
32.0,38.058853
57.0,59.05557
65.0,62.64277
51.0,50.808186
27.0,28.17209
20.0,21.737879
18.0,20.47228
44.0,32.55506
69.0,64.4831
27.0,27.648323
28.0,26.248625
54.0,46.182587
49.0,40.07615
36.0,59.720474
68.0,67.537155
73.0,57.082573
20.0,32.207657
64.0,54.389763
36.0,49.41609
19.0,23.0078
22.0,21.202843
54.0,64.4524
18.0,23.831974
64.0,67.2102
27.0,27.330355
64.0,52.862164
63.0,55.094067
66.0,50.241947
25.0,21.72359
34.0,23.49191
36.0,48.524006
62.0,56.89773
76.0,71.80084
25.0,24.077497
19.0,18.8815
49.0,45.10564
25.0,27.124018
19.0,23.423925
38.0,31.99199
80.0,68.70051
42.0,49.67926
38.0,34.055225
71.0,68.60841
31.0,30.18465
19.0,22.238472
20.0,28.202707
68.0,56.32583
80.0,74.49154
32.0,47.488235
72.0,66.78723
24.0,22.154255
28.0,24.030886
20.0,24.523344
80.0,67.16698
80.0,68.23713
37.0,36.6662
28.0,27.532572
73.0,73.812225
31.0,47.03751
64.0,68.816895
28.0,21.698757
33.0,31.531769
39.0,38.552956
70.0,54.048573
50.0,34.455223
21.0,25.856407
74.0,65.66737
79.0,76.4314
38.0,43.40308
38.0,37.3661
39.0,41.76455
76.0,77.3601
44.0,47.55332
39.0,48.077084
71.0,69.53305
26.0,27.981075
50.0,65.54348
44.0,34.004787
36.0,34.0673
34.0,56.193226
53.0,61.76595
21.0,25.690592
32.0,40.320717
41.0,36.633102
24.0,26.422415
59.0,65.94327
50.0,42.830685
28.0,32.52304
57.0,60.419746
43.0,38.616344
23.0,32.318058
67.0,64.24193
24.0,19.3677
80.0,74.79437
57.0,64.692
65.0,53.387123
70.0,66.29973
80.0,81.04811
49.0,46.899715
74.0,53.434196
35.0,37.08557
45.0,34.58986
35.0,30.320452
57.0,58.546284
59.0,60.90152
20.0,29.956436
25.0,47.389122
80.0,67.81205
19.0,28.553741
54.0,40.446266
23.0,18.734259
50.0,44.7898
24.0,20.379461
75.0,76.11055
24.0,36.760277
60.0,50.338352
65.0,62.39296
42.0,57.10254
33.0,33.835564
18.0,32.724415
30.0,36.241753
22.0,32.88694
29.0,43.279366
62.0,54.046726
80.0,76.5415
80.0,70.76652
31.0,45.69321
47.0,49.553772
51.0,47.025272
20.0,24.563528
80.0,76.76574
35.0,47.013
23.0,18.090235
65.0,75.36054
60.0,49.796135
78.0,77.11423
66.0,63.80294
61.0,51.386395
52.0,58.47851
49.0,35.161236
30.0,33.32048
29.0,34.07303
28.0,31.340958
53.0,44.81183
22.0,34.430717
18.0,31.391264
51.0,54.847958
72.0,58.600357
41.0,50.01924
37.0,37.17758
44.0,35.22332
23.0,25.424452
19.0,24.006943
60.0,63.778973
69.0,55.4382
20.0,32.61499
59.0,59.27974
80.0,67.838745
26.0,34.898464
18.0,14.348934
77.0,65.72462
55.0,55.22749
39.0,40.00537
45.0,58.088516
25.0,30.09099
37.0,44.390152
80.0,76.77937
43.0,40.52787
53.0,55.521294
26.0,33.16605
80.0,77.21192
22.0,28.531403
52.0,61.13771
60.0,59.803505
51.0,52.440605
32.0,46.81999
63.0,52.04635
64.0,57.567154
19.0,28.237637
47.0,28.879805
28.0,47.663948
22.0,30.150438
61.0,46.149376
53.0,32.825455
30.0,26.350859
59.0,62.92667
62.0,53.80656
20.0,26.384853
23.0,32.21318
34.0,35.506683
28.0,32.4653
58.0,65.46872
80.0,77.05357
59.0,56.01935
25.0,24.457647
63.0,64.90669
30.0,39.364315
73.0,55.13049
73.0,69.654785
43.0,52.72779
63.0,58.488487
43.0,51.6384
69.0,66.34793
63.0,59.85633
27.0,27.484468
27.0,32.39541
75.0,78.72969
26.0,31.97481
33.0,31.69797
24.0,30.995947
42.0,39.393707
74.0,67.875725
77.0,70.47964
58.0,62.07869
20.0,29.865776
29.0,38.78018
68.0,68.90182
29.0,46.822083
60.0,58.827736
48.0,48.76517
70.0,74.921005
46.0,36.74002
19.0,24.430159
73.0,66.656555
22.0,32.18322
29.0,47.595566
25.0,19.49356
51.0,60.79991
22.0,27.933887
47.0,56.803032
58.0,64.618095
64.0,65.79682
63.0,67.218346
18.0,44.940903
19.0,30.556545
32.0,39.426346
48.0,45.960358
33.0,44.292076
36.0,43.01986
56.0,59.55448
51.0,72.20585
41.0,38.83496
71.0,67.84829
46.0,40.210995
75.0,72.77599
80.0,81.87535
35.0,29.848593
80.0,79.025276
29.0,25.737732
26.0,31.629282
62.0,55.99955
36.0,35.42102
27.0,34.098434
76.0,71.070274
46.0,43.69525
61.0,75.46066
62.0,64.07457
63.0,53.152225
78.0,83.14365
57.0,45.58937
60.0,59.82827
49.0,43.9773
31.0,39.100807
47.0,42.94316
51.0,37.162422
80.0,75.78189
27.0,41.65469
64.0,58.367214
41.0,33.177765
51.0,54.567432
24.0,27.909258
49.0,44.887577
67.0,65.40635
66.0,61.582226
40.0,28.920216
58.0,57.890293
32.0,41.223457
54.0,63.368053
80.0,71.13908
26.0,26.816116
50.0,47.029484
31.0,46.05911
72.0,71.5937
31.0,36.01628
55.0,57.407227
19.0,22.146246
80.0,72.94378
60.0,59.42491
42.0,44.30999
18.0,25.159082
54.0,34.20486
30.0,30.202143
52.0,49.787136
55.0,63.85033
62.0,58.839203
18.0,31.224985
78.0,76.146194
29.0,28.605482
20.0,26.623737
46.0,42.044155
65.0,63.096855
79.0,59.023743
51.0,53.102123
28.0,29.726656
73.0,66.254196
32.0,42.306282
47.0,48.222847
67.0,35.262566
63.0,45.453587
26.0,27.14208
23.0,28.14419
71.0,72.29848
64.0,55.26168
58.0,44.165325
51.0,50.834946
52.0,60.613293
64.0,63.401497
18.0,26.408192
34.0,38.5344
19.0,26.540009
32.0,25.483534
71.0,62.469906
80.0,75.624855
38.0,51.12725
58.0,59.78375
37.0,51.14804
36.0,50.0475
32.0,27.864662
46.0,32.97252
80.0,70.43293
22.0,35.62978
19.0,33.635162
42.0,57.60915
75.0,65.03142
30.0,30.743929
49.0,48.523804
51.0,53.926407
26.0,27.270704
80.0,74.13572
29.0,33.74441
74.0,79.264854
66.0,68.637375
38.0,44.369022
26.0,29.979656
52.0,53.89741
37.0,35.163097
27.0,38.430206
43.0,35.075714
62.0,54.36199
55.0,53.926373
41.0,37.771614
29.0,40.803535
22.0,32.20943
61.0,60.622414
21.0,29.255493
61.0,70.99696
70.0,71.85545
64.0,69.07997
62.0,62.84939
57.0,37.14621
74.0,63.69139
77.0,67.091965
36.0,48.62392
18.0,22.649143
71.0,73.76601
21.0,22.857895
19.0,30.113375
33.0,27.034174
30.0,25.589838
40.0,39.613777
35.0,47.172657
54.0,58.065495
24.0,30.997791
22.0,20.578672
78.0,76.76347
52.0,60.284454
61.0,70.62572
70.0,75.14438
62.0,64.07465
71.0,65.325615
50.0,48.539238
46.0,33.34827
33.0,37.380043
55.0,39.01212
77.0,73.42876
47.0,55.09783
80.0,78.481445
50.0,45.301113
29.0,40.678253
78.0,83.909256
61.0,73.47298
39.0,30.664095
18.0,25.9501
60.0,46.828777
63.0,52.303516
65.0,43.810173
62.0,65.35495
35.0,44.686256
75.0,67.53902
40.0,27.924921
24.0,33.38511
26.0,27.76045
28.0,28.819036
41.0,58.567417
52.0,67.31911
33.0,40.31005
39.0,35.63841
62.0,68.958786
77.0,73.73356
61.0,60.100403
18.0,36.10501
51.0,34.532375
33.0,32.113003
41.0,62.22839
45.0,46.195107
19.0,26.959309
44.0,39.813522
52.0,76.318214
30.0,27.979095
50.0,45.79729
80.0,79.10477
48.0,63.982994
61.0,49.400616
69.0,69.13701
52.0,61.47366
39.0,55.790497
69.0,60.01513
53.0,47.790276
44.0,26.73385
25.0,26.292557
77.0,76.01217
54.0,52.468292
55.0,54.177788
62.0,55.312195
61.0,59.11211
32.0,47.78788
52.0,73.39492
55.0,41.03968
80.0,68.40637
68.0,64.508835
68.0,61.28945
54.0,48.174046
63.0,52.722187
43.0,45.985085
45.0,51.377613
33.0,37.550297
64.0,62.60773
80.0,74.55215
29.0,33.418804
43.0,32.04483
20.0,16.381165
74.0,67.70631
68.0,71.72647
22.0,27.61907
29.0,24.609623
45.0,46.20081
38.0,39.250126
54.0,46.87331
28.0,36.809498
48.0,39.105343
74.0,69.699554
56.0,44.96999
35.0,40.042942
60.0,64.61688
63.0,51.889896
52.0,37.89619
75.0,77.16325
61.0,51.729637
62.0,64.87831
26.0,27.048103
80.0,74.517166
67.0,63.42183
59.0,58.15803
60.0,60.821983
56.0,44.52498
40.0,38.893337
48.0,41.619286
58.0,66.645874
36.0,28.245968
31.0,36.934082
62.0,74.56158
22.0,30.70752
51.0,52.373375
80.0,50.93053
80.0,77.40148
61.0,67.37657
70.0,54.115807
18.0,19.947035
72.0,77.65853
69.0,64.04365
18.0,18.666235
32.0,55.978783
27.0,37.598175
80.0,72.48894
37.0,50.39785
37.0,41.050373
20.0,23.277216
55.0,52.14575
26.0,35.994133
34.0,45.931316
23.0,25.11204
23.0,24.520586
39.0,32.704346
73.0,57.463898
61.0,59.178307
66.0,67.49295
72.0,69.19861
56.0,41.959198
74.0,76.027855
46.0,40.04114
65.0,67.50368
58.0,68.40693
44.0,28.68898
21.0,24.97092
69.0,64.19028
19.0,38.049706
48.0,30.931694
73.0,44.962856
60.0,63.615196
23.0,27.41481
18.0,27.865294
32.0,38.781963
66.0,67.41649
58.0,54.64511
41.0,39.56793
80.0,70.477936
61.0,64.18322
72.0,63.526028
63.0,55.75518
23.0,35.35692
23.0,34.93392
79.0,71.091934
80.0,82.194855
77.0,73.91891
80.0,73.61824
62.0,65.248665
25.0,30.729202
45.0,50.956306
57.0,57.832947
76.0,69.46667
80.0,77.60169
37.0,31.850067
27.0,26.560486
43.0,48.62324
53.0,50.625767
69.0,68.45711
32.0,44.86893
18.0,23.37116
26.0,29.374739
55.0,59.61944
34.0,32.448463
24.0,39.705605
80.0,67.65663
65.0,64.642555
80.0,74.29512
79.0,66.961815
55.0,48.727947
19.0,27.387457
44.0,40.189404
68.0,64.61389
46.0,46.75592
53.0,57.00695
22.0,15.157291
80.0,71.54993
68.0,70.13297
22.0,28.92473
34.0,25.691282
32.0,48.26142
27.0,33.978107
60.0,57.76085
22.0,24.520708
24.0,34.53671
34.0,49.18639
57.0,46.703033
18.0,31.319963
26.0,34.404015
60.0,55.523205
38.0,28.666367
25.0,35.577427
43.0,48.154293
18.0,21.077555
58.0,66.563896
32.0,33.941925
21.0,26.298664
43.0,51.965015
80.0,80.123764
32.0,40.212017
30.0,23.628544
20.0,28.4403
61.0,55.288925
35.0,35.759117
32.0,48.89477
62.0,61.171005
28.0,33.108982
60.0,61.458813
55.0,56.965065
61.0,74.868286
53.0,47.37869
74.0,58.22516
62.0,73.87251
59.0,57.520332
71.0,66.54057
39.0,33.99493
46.0,39.322006
32.0,35.479076
59.0,60.264378
80.0,80.851524
33.0,27.692356
80.0,77.55557
51.0,59.727825
62.0,64.62049
67.0,58.73995
66.0,68.68333
35.0,38.247753
57.0,56.19855
55.0,60.274235
28.0,27.033562
60.0,60.539307
63.0,55.73815
73.0,71.42726
25.0,49.602734
22.0,20.953936
56.0,54.69896
19.0,35.738453
43.0,43.458977
60.0,59.29837
29.0,34.91684
57.0,54.304176
80.0,73.70375
36.0,24.322472
57.0,55.286587
64.0,69.3292
31.0,39.073143
56.0,66.52321
73.0,53.33344
71.0,65.70734
51.0,56.525166
47.0,48.125954
27.0,32.803047
21.0,16.249092
80.0,77.730736
42.0,40.046165
34.0,41.90298
76.0,70.05226
56.0,52.572212
33.0,37.5372
52.0,45.344116
63.0,58.99162
70.0,57.65862
80.0,77.86526
63.0,46.75939
40.0,47.15536
78.0,73.62228
25.0,25.012417
80.0,74.98349
19.0,22.823278
27.0,22.554924
54.0,56.574123
51.0,45.01658
44.0,31.012321
72.0,67.874016
54.0,64.20608
44.0,49.74202
29.0,32.62247
47.0,54.613834
41.0,56.772446
71.0,66.373344
29.0,26.108568
19.0,16.28323
78.0,78.43312
66.0,63.117256
63.0,66.09866
57.0,60.22005
67.0,63.554527
52.0,56.963398
66.0,65.73158
19.0,26.947578
54.0,54.99817
72.0,73.974846
38.0,42.021866
64.0,61.593563
71.0,64.05317
65.0,72.419495
28.0,32.220078
52.0,63.907665
56.0,33.74983
19.0,28.830332
63.0,53.20906
24.0,35.465885
70.0,53.487907
69.0,63.763622
27.0,23.568325
35.0,53.937828
73.0,76.098015
19.0,29.371965
67.0,58.491188
79.0,69.93643
32.0,40.93124
19.0,22.36593
59.0,43.87632
50.0,29.320927
22.0,37.45327
35.0,29.073162
77.0,69.538994
50.0,52.851017
73.0,66.91782
34.0,44.6577
18.0,19.643547
80.0,71.69183
26.0,43.257126
72.0,68.434494
42.0,35.35997
80.0,82.47783
80.0,70.74677
44.0,49.316406
30.0,25.693825
38.0,56.7408
62.0,62.874683
77.0,74.40202
74.0,72.815506
61.0,68.75304
19.0,19.323002
80.0,69.83835
45.0,36.226166
56.0,70.49908
69.0,62.617146
60.0,57.33098
23.0,21.293243
55.0,54.89795
60.0,71.192154
20.0,29.930603
33.0,30.79315
62.0,72.40305
49.0,55.85423
18.0,30.134485
47.0,40.18987
47.0,54.593628
18.0,21.332962
46.0,44.575367
45.0,26.41203
80.0,74.78702
44.0,42.146484
80.0,69.21967
41.0,53.141773
56.0,65.81154
51.0,60.92306
38.0,28.750254
38.0,31.703985
56.0,60.157738
59.0,63.063587
65.0,61.475666
64.0,57.63493
23.0,35.75196
19.0,30.054602
63.0,65.180786
65.0,63.510563
45.0,38.188293
22.0,33.42652
18.0,30.851704
64.0,64.78097
28.0,34.781796
23.0,25.073412
66.0,59.74971
31.0,42.952194
18.0,23.19527
53.0,62.04062
50.0,60.38749
18.0,24.782932
64.0,61.371555
65.0,56.63871
74.0,66.26671
19.0,26.242054
31.0,19.344591
75.0,75.18926
33.0,40.746933
73.0,71.07274
64.0,67.64984
50.0,43.615387
31.0,30.138538
52.0,45.186287
64.0,64.54823
57.0,63.10989
73.0,67.42532
49.0,43.506958
39.0,31.364834
29.0,34.015465
70.0,72.766624
60.0,52.22369
64.0,47.78235
59.0,65.14625
64.0,63.275963
73.0,65.1729
80.0,79.06957
59.0,53.909878
35.0,30.450365
45.0,53.332638
45.0,53.607872
23.0,30.929272
65.0,70.35781
21.0,27.321606
63.0,63.480877
69.0,61.862
70.0,67.64551
20.0,30.99427
45.0,45.478092
80.0,80.7115
72.0,64.04808
80.0,64.331985
37.0,42.695484
36.0,37.606773
60.0,61.330856
58.0,49.93053
67.0,73.10637
68.0,71.078285
18.0,21.24014
43.0,44.53675
69.0,64.45028
74.0,60.142677
25.0,32.91637
77.0,72.82844
80.0,64.56374
56.0,58.310722
59.0,60.136456
80.0,76.11338
26.0,33.756485
73.0,59.227097
19.0,20.740242
23.0,21.70675
53.0,43.39936
21.0,21.033272
56.0,54.5031
43.0,42.9201
70.0,64.96862
67.0,60.267063
27.0,27.79588
29.0,26.144287
74.0,52.764713
48.0,43.782368
20.0,40.281822
74.0,75.53911
38.0,40.89152
41.0,39.52503
39.0,31.396421
57.0,69.13751
29.0,29.576374
18.0,24.452507
72.0,78.66169
62.0,62.54799
18.0,18.94194
69.0,48.16225
57.0,52.368927
44.0,43.073544
57.0,57.99919
50.0,45.282475
67.0,40.38192
66.0,73.75796
33.0,28.206242
65.0,73.23248
51.0,55.641533
18.0,16.481052
76.0,55.179935
57.0,57.43628
22.0,23.321667
19.0,30.12655
73.0,62.072002
80.0,80.498
67.0,54.7765
47.0,35.745724
25.0,41.821987
64.0,65.783585
20.0,26.243008
46.0,49.06324
77.0,73.87378
70.0,59.41805
58.0,67.19999
57.0,63.014156
35.0,34.150875
66.0,57.913414
21.0,30.360825
56.0,51.01332
45.0,38.248604
36.0,27.166737
28.0,21.923277
36.0,45.93157
59.0,63.797558
42.0,50.26387
32.0,38.637596
39.0,35.548374
60.0,59.76334
36.0,33.151512
34.0,37.77787
28.0,36.00874
61.0,52.381386
18.0,30.52557
36.0,43.67232
47.0,59.830647
65.0,67.63157
63.0,57.526855
80.0,78.00748
24.0,25.892433
59.0,43.720093
26.0,29.160248
36.0,39.514782
41.0,52.473362
38.0,43.381847
33.0,35.57921
67.0,54.919262
42.0,42.34302
59.0,51.07691
20.0,37.97872
23.0,50.975727
75.0,77.68791
46.0,41.914528
80.0,62.029736
54.0,48.96013
45.0,61.704437
49.0,36.622448
48.0,39.895344
66.0,70.20404
31.0,33.885765
20.0,25.770733
60.0,59.48767
27.0,37.849125
23.0,22.623642
28.0,30.469383
80.0,80.569336
43.0,44.897648
21.0,32.857777
79.0,75.3574
25.0,27.099764
34.0,34.574238
65.0,70.63163
76.0,76.721
80.0,82.99633
55.0,53.415573
57.0,65.641045
19.0,28.843102
43.0,63.87098
53.0,57.255287
31.0,38.675503
50.0,48.607796
75.0,58.792393
63.0,58.629692
58.0,45.082382
73.0,57.54328
64.0,65.985565
59.0,41.931168
70.0,60.307274
76.0,76.932045
63.0,69.37149
56.0,51.929333
41.0,39.66988
78.0,61.974113
53.0,58.090637
51.0,57.780888
45.0,40.574123
37.0,31.15271
40.0,34.76033
80.0,78.54626
61.0,61.77903
28.0,34.89554
80.0,74.10715
37.0,40.701607
49.0,51.618023
18.0,26.596357
64.0,61.432556
28.0,30.314344
54.0,60.33988
22.0,16.270107
21.0,27.82744
66.0,54.751144
36.0,53.47198
65.0,52.78791
37.0,24.897749
25.0,22.917337
70.0,70.863914
53.0,56.627193
36.0,39.875736
66.0,50.180256
54.0,46.6733
34.0,48.690987
71.0,46.608517
76.0,66.37503
80.0,75.864624
62.0,59.584473
38.0,38.665085
67.0,64.17077
48.0,45.9935
38.0,37.84941
51.0,46.846207
59.0,62.487816
18.0,24.140429
30.0,31.925737
37.0,35.489502
34.0,41.8088
23.0,25.973238
44.0,38.79378
23.0,21.591074
66.0,52.41172
58.0,52.23565
67.0,65.76883
31.0,24.92649
69.0,64.36117
73.0,72.054565
70.0,71.36745
56.0,57.29217
64.0,63.03973
51.0,54.229904
64.0,73.97788
30.0,30.915894
33.0,45.883507
71.0,65.41055
28.0,34.6904
80.0,58.418846
51.0,49.910477
27.0,52.515106
62.0,63.798782
24.0,22.948769
19.0,20.131935
28.0,26.901539
46.0,49.297
77.0,71.835144
49.0,44.496426
50.0,37.105694
45.0,44.28858
32.0,26.340874
74.0,53.46484
59.0,57.71401
57.0,58.339878
63.0,60.08009
70.0,73.372574
47.0,51.860104
21.0,34.284508
74.0,72.821915
54.0,46.327705
70.0,74.427536
50.0,39.10204
18.0,17.339052
50.0,66.54285
28.0,38.38632
66.0,59.730156
54.0,70.23861
28.0,23.361706
51.0,40.510693
39.0,21.855728
54.0,59.621094
22.0,24.488325
38.0,34.68048
67.0,55.649094
18.0,30.313173
53.0,47.96725
31.0,34.659412
53.0,49.945408
27.0,32.88846
65.0,61.38601
25.0,24.01444
45.0,47.469322
71.0,63.402508
74.0,41.839836
47.0,55.19472
78.0,73.81139
80.0,76.065056
22.0,22.287998
40.0,27.253942
21.0,27.512072
48.0,50.68394
66.0,60.009197
32.0,39.01443
80.0,73.77219
52.0,35.73233
78.0,78.24296
55.0,49.86837
56.0,59.85731
45.0,64.01554
64.0,48.823406
38.0,32.089912
68.0,64.17391
21.0,38.20911
44.0,33.160767
28.0,26.453545
22.0,15.863804
51.0,38.47711
58.0,61.442425
64.0,72.5752
65.0,51.91437
18.0,20.851519
27.0,34.650166
73.0,64.13554
28.0,29.876701
54.0,47.044716
67.0,59.51511
59.0,32.97912
56.0,44.02831
28.0,38.617752
30.0,39.556526
72.0,67.031845
28.0,27.919577
21.0,28.91743
34.0,36.956406
80.0,75.31078
20.0,28.475182
80.0,72.510635
31.0,44.815113
35.0,41.212524
35.0,43.24366
53.0,46.32486
56.0,31.599514
59.0,52.946796
62.0,72.838
30.0,45.148033
56.0,56.059643
35.0,39.151897
61.0,58.496174
19.0,36.93271
42.0,39.277676
44.0,58.77758
51.0,42.87177
54.0,43.71176
66.0,65.67551
47.0,53.175568
63.0,65.69748
28.0,25.684187
49.0,58.321655
40.0,37.844616
62.0,57.013268
66.0,81.15198
20.0,23.398685
64.0,74.18463
43.0,48.979828
27.0,36.188103
26.0,49.22182
55.0,54.35956
53.0,43.71668
23.0,32.74946
22.0,24.597786
26.0,27.13255
31.0,22.329533
19.0,20.201353
19.0,31.314173
34.0,19.032337
32.0,31.847975
19.0,29.314156
75.0,68.58442
25.0,41.46304
41.0,43.43641
23.0,30.291056
49.0,45.79724
42.0,42.094772
62.0,62.08708
61.0,56.910843
62.0,50.8704
53.0,57.599823
38.0,46.075706
45.0,44.79122
39.0,37.538017
33.0,50.4712
20.0,28.497637
70.0,65.63406
55.0,51.12297
21.0,25.959848
20.0,24.59508
39.0,54.56356
34.0,32.322342
69.0,68.56573
59.0,45.98994
55.0,57.583538
50.0,60.074425
66.0,62.0794
53.0,61.91872
44.0,41.35379
20.0,39.658203
49.0,44.25772
20.0,24.311459
66.0,53.282986
53.0,54.563187
44.0,27.527916
58.0,45.408264
41.0,30.491941
68.0,73.670586
44.0,52.47921
64.0,66.76904
73.0,53.99803
72.0,72.85486
72.0,74.85215
48.0,56.598694
80.0,63.550465
19.0,16.855576
18.0,26.956837
31.0,27.552996
68.0,66.26978
26.0,34.252914
63.0,64.15484
71.0,69.5092
49.0,43.033813
68.0,60.32306
78.0,72.57125
23.0,30.691124
30.0,34.448967
39.0,36.467815
72.0,73.68968
25.0,28.080906
23.0,21.646238
51.0,38.44158
37.0,33.709545
30.0,26.416039
30.0,26.840603
80.0,75.24251
36.0,44.573925
63.0,51.849182
67.0,78.95191
19.0,26.77292
75.0,73.19507
73.0,76.21719
36.0,32.97072
80.0,78.853264
42.0,39.923508
59.0,58.840508
71.0,71.01051
58.0,66.084885
72.0,66.86124
18.0,18.80776
46.0,45.670948
38.0,41.114216
19.0,23.482162
56.0,49.534122
23.0,23.422705
30.0,25.325153
49.0,47.439007
23.0,41.012177
38.0,33.089325
24.0,30.583778
27.0,23.496096
75.0,79.26828
58.0,63.580677
54.0,65.657974
32.0,39.162907
75.0,78.17197
50.0,32.354267
22.0,24.391354
32.0,30.06127
65.0,48.22952
70.0,67.94298
52.0,64.370094
70.0,45.790627
53.0,54.4872
25.0,25.082382
80.0,80.35054
56.0,49.65092
40.0,25.08204
45.0,33.296577
64.0,62.614067
58.0,54.869896
69.0,59.95043
80.0,69.94343
18.0,32.061886
53.0,50.25596
49.0,31.708004
51.0,71.02915
46.0,50.98847
58.0,59.136833
32.0,36.684055
80.0,74.61171
63.0,65.85097
59.0,52.683598
19.0,25.943672
49.0,42.088486
45.0,45.13927
30.0,36.667088
62.0,59.552418
67.0,69.88443
20.0,20.969564
38.0,47.07539
46.0,45.954716
23.0,36.227837
25.0,27.114216
62.0,74.041885
59.0,56.16302
38.0,50.14136
36.0,45.062103
26.0,39.180573
18.0,26.475166
22.0,29.857546
62.0,56.901093
80.0,77.429665
43.0,33.35971
21.0,34.85843
28.0,26.844051
61.0,32.755196
22.0,43.317547
61.0,54.647522
38.0,36.62162
71.0,49.101635
47.0,55.299873
23.0,20.25816
31.0,24.620848
60.0,60.735
49.0,34.915833
26.0,19.450125
26.0,34.51207
21.0,32.514492
23.0,21.87016
28.0,28.49848
45.0,49.225563
68.0,65.882286
59.0,53.218372
18.0,35.15754
32.0,36.217674
62.0,64.49457
79.0,70.933105
42.0,29.989847
53.0,49.238174
18.0,30.7566
80.0,71.32983
60.0,73.46566
77.0,67.41884
71.0,66.75245
46.0,58.56786
80.0,79.25726
62.0,65.47484
54.0,37.971363
70.0,67.748184
32.0,32.86255
71.0,62.286694
74.0,65.97576
33.0,35.854492
37.0,35.773624
70.0,59.489513
50.0,61.78901
40.0,36.656254
73.0,65.99585
55.0,49.514458
36.0,29.807787
26.0,29.431047
64.0,68.30824
36.0,25.20245
63.0,60.93835
55.0,58.21226
66.0,62.111485
32.0,38.265343
58.0,39.697906
60.0,48.443085
27.0,24.587036
28.0,39.03427
64.0,67.935135
32.0,28.35848
67.0,66.091255
65.0,59.060173
76.0,76.81033
26.0,21.877048
22.0,39.88276
26.0,37.75275
42.0,27.255299
66.0,61.56993
64.0,64.57112
36.0,39.5632
55.0,53.89079
60.0,52.5222
53.0,55.047413
50.0,41.55448
41.0,34.832928
39.0,45.793465
45.0,29.848604
52.0,45.43973
71.0,71.06563
25.0,35.681347
18.0,37.635075
46.0,50.802025
35.0,41.787292
37.0,30.504377
34.0,33.97052
24.0,37.63643
63.0,60.391624
33.0,33.2871
38.0,43.35983
69.0,60.907486
48.0,54.439934
25.0,24.76606
69.0,56.268623
46.0,47.99619
46.0,55.36446
77.0,76.54187
59.0,48.345375
29.0,25.326529
67.0,60.894447
33.0,31.218025
52.0,59.87081
78.0,81.05138
71.0,61.700638
40.0,52.828926
30.0,34.80978
80.0,60.404766
37.0,31.90771
80.0,57.194534
36.0,38.539715
28.0,23.649397
24.0,23.825655
63.0,61.12168
78.0,57.23638
45.0,49.583164
33.0,25.25059
38.0,45.352215
48.0,52.479145
33.0,51.344784
24.0,37.39733
69.0,74.67844
76.0,72.93605
30.0,37.868584
45.0,49.57527
29.0,30.032782
27.0,30.769886
38.0,38.698784
63.0,60.717087
55.0,55.8416
56.0,69.477776
42.0,35.164696
35.0,56.74597
40.0,41.683517
62.0,66.378914
35.0,35.11701
20.0,24.860338
54.0,42.50524
71.0,71.754944
36.0,45.544132
67.0,52.838974
31.0,37.32633
30.0,35.65908
56.0,56.32388
30.0,37.313026
62.0,57.3748
48.0,30.462044
57.0,50.055595
31.0,46.165634
51.0,56.11315
51.0,41.368736
65.0,53.812798
68.0,73.422264
66.0,68.8079
29.0,34.657738
24.0,42.044796
50.0,35.427673
43.0,43.298004
67.0,43.4971
78.0,76.21488
74.0,50.373455
76.0,62.880867
53.0,47.845608
67.0,74.120026
54.0,42.10728
67.0,57.757725
70.0,72.6413
20.0,23.563808
66.0,67.84758
37.0,41.236893
72.0,71.693924
49.0,32.78439
50.0,58.248978
80.0,81.20761
21.0,21.614418
71.0,70.501015
62.0,69.80888
49.0,41.151695
57.0,50.114185
80.0,79.951485
62.0,71.9193
80.0,68.58665
37.0,39.949745
43.0,48.57122
75.0,65.10254
56.0,49.866978
30.0,30.533985
79.0,71.3822
34.0,39.886024
54.0,56.042393
19.0,26.163557
40.0,47.109676
59.0,63.13464
41.0,32.091423
61.0,67.67338
36.0,43.931797
36.0,24.477505
60.0,66.40215
66.0,63.994316
52.0,53.756897
45.0,35.016445
66.0,52.726387
50.0,57.623955
43.0,55.320442
55.0,62.613777
80.0,72.3496
41.0,48.647064
61.0,63.36479
45.0,61.59027
30.0,22.30817
71.0,73.4594
26.0,26.151217
38.0,39.954857
80.0,76.54441
40.0,43.14089
79.0,69.838905
59.0,40.360672
24.0,21.459421
66.0,62.052967
80.0,73.72672
51.0,45.66524
65.0,73.39364
37.0,31.82423
75.0,71.54752
80.0,70.193245
43.0,35.588673
74.0,74.768265
22.0,29.68298
56.0,58.002182
52.0,46.782204
78.0,71.47935
64.0,66.45933
80.0,75.72336
54.0,61.456234
42.0,47.245823
66.0,65.3031
35.0,30.80846
54.0,48.5954
55.0,72.91183
44.0,31.135708
27.0,33.386814
27.0,38.902977
47.0,58.3731
79.0,71.13699
41.0,28.962889
67.0,62.589294
44.0,48.287346
37.0,29.92849
43.0,34.183907
60.0,54.823193
68.0,56.1412
36.0,39.556503
31.0,30.884314
26.0,49.772537
28.0,27.730673
79.0,72.590385
70.0,59.440346
61.0,47.5302
70.0,67.59842
42.0,38.183975
55.0,51.87688
26.0,25.573326
80.0,75.14174
19.0,29.975822
22.0,64.89912
63.0,64.36527
24.0,21.132643
35.0,27.739895
33.0,35.209816
19.0,25.422447
24.0,56.60025
50.0,66.45724
18.0,25.627007
45.0,50.213184
38.0,33.400738
70.0,69.271645
73.0,69.27186
69.0,59.286854
61.0,50.16228
53.0,64.19956
61.0,59.092735
43.0,49.48228
68.0,72.22798
25.0,50.318348
46.0,40.030594
52.0,53.01042
41.0,42.83039
33.0,61.83699
74.0,64.930725
42.0,53.68171
52.0,46.597492
54.0,48.744225
46.0,53.868782
33.0,32.052055
38.0,65.92602
42.0,50.187958
30.0,22.959171
27.0,33.4804
73.0,72.47822
54.0,61.047287
62.0,55.754105
29.0,28.317295
43.0,47.111248
31.0,24.569284
65.0,64.401695
28.0,28.873468
45.0,43.27864
48.0,60.385868
35.0,44.907978
80.0,75.048416
25.0,25.0628
49.0,49.015003
27.0,29.15697
55.0,59.476154
80.0,73.451355
23.0,20.412926
27.0,36.043644
53.0,48.889076
43.0,39.341267
54.0,50.102238
66.0,65.77149
60.0,59.934868
74.0,55.45697
74.0,57.47912
34.0,37.60371
51.0,58.75271
80.0,67.30682
37.0,38.447147
54.0,36.95518
24.0,28.774923
47.0,50.687977
39.0,40.342194
19.0,23.01518
30.0,53.963104
42.0,32.75805
52.0,65.616844
66.0,60.130245
68.0,69.297195
34.0,34.1175
36.0,33.10135
20.0,26.910753
19.0,26.408188
37.0,39.088337
54.0,54.029625
80.0,80.78028
24.0,47.486267
28.0,23.173925
22.0,28.188122
79.0,76.54115
49.0,26.231657
45.0,36.66935
41.0,43.297478
30.0,30.856604
63.0,73.07474
21.0,32.89353
52.0,51.010914
22.0,23.426659
69.0,73.358955
36.0,46.959938
60.0,54.052643
45.0,45.380962
60.0,65.6913
43.0,42.343304
60.0,57.970383
74.0,60.035034
67.0,60.885887
62.0,55.360558
31.0,31.7266
22.0,25.949158
50.0,51.785625
38.0,41.469547
68.0,67.4699
44.0,42.48608
36.0,51.937817
49.0,54.229996
28.0,20.449482
18.0,13.495491
34.0,38.038574
37.0,30.655819
78.0,73.43952
72.0,69.24442
51.0,42.96467
47.0,45.01084
28.0,33.54159
72.0,63.73548
70.0,61.110218
19.0,17.177074
26.0,34.62029
71.0,65.24603
55.0,55.25606
21.0,31.662485
41.0,47.743584
44.0,32.366768
46.0,49.47255
53.0,59.58146
57.0,57.779335
51.0,65.89484
46.0,40.6254
46.0,42.797146
62.0,65.8465
62.0,56.042072
45.0,37.878967
33.0,43.128872
64.0,59.82248
61.0,65.376724
58.0,63.299194
50.0,67.03346
50.0,53.54305
18.0,20.973293
48.0,51.443882
33.0,40.04483
18.0,25.949938
61.0,54.843708
80.0,67.30618
51.0,42.697376
35.0,42.07391
31.0,27.463005
62.0,59.400105
51.0,45.682137
80.0,70.54306
32.0,33.020683
67.0,60.577393
67.0,65.192345
44.0,43.57161
80.0,71.628334
74.0,79.4448
62.0,54.46293
54.0,62.876163
22.0,32.544518
60.0,58.826183
68.0,75.63797
23.0,20.154884
80.0,72.2647
42.0,61.790386
46.0,39.691216
71.0,74.04455
70.0,36.33136
45.0,41.498775
33.0,41.07787
66.0,63.02027
19.0,24.908995
80.0,72.70667
26.0,26.773859
67.0,74.29439
37.0,36.933132
56.0,42.36097
80.0,80.0296
31.0,44.207817
50.0,54.95353
48.0,42.518585
41.0,46.41541
42.0,39.091736
29.0,36.28134
40.0,34.552433
29.0,50.055595
18.0,32.598404
55.0,59.136868
50.0,53.918243
29.0,35.101337
42.0,42.698475
46.0,47.187595
62.0,61.819275
52.0,39.746315
66.0,76.31375
18.0,17.880945
57.0,41.439846
80.0,81.60869
42.0,35.814224
43.0,38.472473
20.0,23.803295
67.0,58.583603
75.0,49.518345
62.0,70.44739
75.0,60.219334
43.0,34.975
24.0,37.001938
54.0,62.794403
49.0,47.00832
58.0,50.71177
66.0,70.5308
22.0,24.430325
36.0,36.182655
61.0,57.512558
59.0,58.549942
51.0,59.570145
50.0,58.680965
76.0,43.675526
32.0,35.097416
44.0,56.48683
20.0,28.481852
69.0,57.945374
20.0,26.777729
53.0,61.322144
62.0,68.56831
29.0,39.28154
47.0,53.385902
55.0,46.209675
59.0,61.93353
32.0,50.19434
32.0,45.34998
20.0,29.018387
39.0,39.746765
80.0,67.4027
34.0,41.787727
34.0,37.04242
77.0,75.19931
34.0,30.245321
35.0,25.256052
69.0,70.17668
38.0,36.5942
42.0,38.35057
29.0,36.4467
48.0,40.76148
22.0,28.097036
22.0,21.2771
72.0,62.606052
57.0,54.75296
36.0,45.878048
70.0,67.24446
53.0,53.65512
29.0,31.974884
61.0,70.590164
76.0,77.653465
34.0,44.24676
53.0,64.52232
50.0,53.024082
45.0,54.850933
21.0,31.532488
38.0,47.525333
57.0,45.378494
40.0,51.687588
40.0,36.794212
21.0,19.49575
70.0,61.213882
28.0,31.818058
34.0,26.688934
54.0,58.242
42.0,26.47652
34.0,38.04359
57.0,75.62276
26.0,34.279877
75.0,61.922085
18.0,23.97063
36.0,33.0014
52.0,52.128353
66.0,68.57372
19.0,18.921112
18.0,24.483887
66.0,59.669
50.0,49.81298
80.0,70.98425
41.0,49.19089
64.0,59.801804
55.0,51.56645
76.0,65.30952
29.0,39.936157
41.0,31.005562
32.0,33.678246
76.0,60.009544
48.0,58.61458
67.0,61.126324
80.0,77.44998
41.0,45.47673
37.0,40.171246
59.0,53.498905
26.0,30.107246
34.0,35.5527
47.0,44.653255
65.0,69.796455
26.0,32.039913
70.0,64.14905
65.0,66.47626
37.0,35.77052
80.0,66.768684
69.0,72.72792
73.0,75.982994
66.0,58.45372
56.0,71.51164
77.0,70.313484
80.0,69.98085
48.0,56.613865
55.0,57.011086
24.0,29.616314
43.0,48.37921
63.0,72.89784
19.0,15.319569
23.0,28.598362
21.0,50.457577
49.0,37.138145
48.0,61.77948
29.0,28.916016
62.0,58.733997
28.0,29.606585
77.0,71.68697
18.0,26.575005
75.0,55.552746
37.0,35.33657
60.0,62.04848
34.0,39.325226
19.0,17.815174
35.0,33.700333
18.0,22.744934
21.0,31.89242
39.0,37.853336
37.0,23.509445
54.0,48.999996
39.0,46.187336
40.0,36.465157
80.0,71.37206
38.0,41.01611
70.0,63.04631
66.0,54.129547
57.0,59.41168
19.0,23.694864
73.0,74.269745
71.0,64.65027
44.0,45.51796
63.0,60.636272
61.0,57.19409
47.0,43.923775
26.0,38.778572
34.0,29.061264
31.0,20.664846
80.0,77.29149
24.0,35.678307
61.0,66.78618
80.0,74.74161
21.0,19.208956
39.0,54.96145
60.0,53.424934
46.0,36.547253
62.0,58.34378
43.0,39.052643
35.0,31.32826
24.0,27.864143
72.0,65.77925
55.0,64.00879
68.0,49.579063
33.0,33.1653
48.0,65.76359
28.0,30.346985
64.0,62.300385
62.0,67.40939
80.0,79.153564
70.0,63.98816
80.0,71.17028
64.0,50.45496
36.0,27.575329
47.0,49.635376
80.0,67.2383
58.0,55.79385
19.0,20.545736
28.0,32.345833
76.0,70.41904
50.0,46.569412
69.0,57.16959
50.0,34.92509
80.0,71.15122
57.0,64.26458
45.0,41.946823
40.0,42.856583
31.0,28.981264
79.0,70.91948
46.0,39.595295
56.0,58.126846
18.0,23.508665
53.0,52.571426
52.0,66.597916
34.0,32.203938
28.0,31.125982
28.0,25.290098
33.0,38.749596
26.0,41.26779
33.0,33.510315
18.0,21.886015
50.0,46.81689
69.0,43.78349
24.0,28.063812
80.0,76.22139
26.0,31.21532
19.0,17.229267
28.0,29.172785
62.0,52.87784
43.0,54.318756
19.0,26.598783
70.0,68.893166
41.0,36.126987
34.0,34.708035
70.0,70.94705
40.0,38.593403
80.0,74.30283
37.0,51.703293
51.0,40.468857
80.0,64.09564
43.0,60.236046
73.0,65.88997
53.0,48.831806
39.0,45.767353
35.0,37.223286
34.0,39.604614
71.0,65.49457
53.0,60.34304
62.0,73.21797
30.0,22.880949
56.0,40.51465
48.0,49.19469
54.0,56.453426
48.0,37.109722
72.0,76.160706
62.0,47.86202
45.0,41.269516
47.0,39.378452
61.0,59.670437
19.0,24.176104
32.0,31.896112
18.0,42.23162
65.0,61.566307
37.0,27.456339
31.0,33.550213
36.0,43.09982
56.0,45.585358
69.0,60.84457
72.0,64.615456
19.0,24.924608
59.0,64.78683
42.0,29.028873
76.0,63.960293
62.0,50.38312
44.0,43.824097
74.0,55.03781
22.0,27.804699
43.0,53.361652
44.0,48.080296
79.0,77.84995
46.0,40.317806
42.0,39.321213
53.0,58.298225
48.0,49.83911
68.0,65.9961
67.0,61.910236
18.0,23.879616
49.0,61.817635
60.0,51.73162
80.0,58.435593
46.0,49.168655
52.0,57.969006
70.0,47.369038
42.0,55.54743
55.0,56.428955
79.0,77.280754
21.0,27.054657
26.0,34.301228
44.0,51.142185
80.0,68.57176
65.0,67.08943
76.0,62.38719
21.0,35.273712
36.0,33.190865
45.0,32.77038
33.0,46.43449
65.0,53.63812
21.0,23.22889
41.0,44.76047
51.0,34.28828
22.0,27.149221
60.0,66.910225
45.0,34.69451
70.0,66.38666
31.0,34.340836
44.0,49.048916
44.0,44.79246
29.0,29.466509
18.0,29.187319
28.0,21.549557
48.0,57.01213
55.0,46.478584
43.0,64.92169
52.0,58.080254
26.0,29.97462
29.0,24.521702
34.0,34.473377
59.0,48.63336
21.0,24.445677
76.0,61.55452
25.0,26.857546
68.0,69.961716
72.0,60.15144
71.0,73.00171
58.0,58.803715
36.0,56.414085
19.0,27.975677
28.0,27.43321
61.0,58.18768
42.0,46.36543
43.0,45.23957
60.0,68.38913
27.0,37.23532
51.0,43.786633
74.0,72.72749
65.0,62.00081
62.0,64.38987
55.0,49.30102
73.0,73.18632
24.0,22.024462
80.0,74.92679
49.0,50.37543
44.0,44.043575
21.0,27.989273
68.0,64.29205
80.0,80.4438
79.0,62.39921
21.0,36.831936
25.0,28.2508
80.0,71.56584
37.0,43.436928
31.0,32.24456
62.0,45.708946
50.0,51.63633
59.0,48.640697
74.0,62.075386
40.0,44.897247
67.0,62.688305
69.0,60.306667
43.0,55.31865
69.0,60.937946
55.0,49.05271
52.0,53.821526
60.0,52.079704
73.0,66.06946
28.0,39.41237
75.0,64.78312
41.0,43.593304
55.0,49.65028
47.0,45.702477
43.0,34.0919
78.0,77.22618
75.0,69.875916
62.0,66.668396
60.0,42.59203
29.0,23.040678
27.0,29.682138
72.0,64.3279
18.0,20.862911
78.0,70.42403
23.0,21.701565
21.0,25.288101
80.0,71.70121
47.0,38.721706
69.0,69.570305
38.0,31.404335
49.0,48.647793
34.0,52.47908
26.0,27.43268
77.0,73.17633
42.0,43.660637
76.0,70.626465
49.0,48.63565
48.0,53.54118
53.0,44.771305
45.0,36.551777
32.0,32.7965
52.0,51.744812
46.0,40.344734
59.0,47.080395
34.0,27.088455
60.0,61.595795
76.0,73.77323
18.0,25.775475
67.0,66.21905
33.0,27.320572
45.0,52.096184
18.0,23.351725
30.0,51.776432
64.0,67.22084
73.0,44.17697
24.0,32.16761
49.0,63.971
60.0,56.144333
63.0,57.463436
19.0,20.21596
61.0,55.18958
60.0,66.62851
32.0,33.190556
45.0,42.393135
74.0,76.54097
70.0,73.190315
73.0,68.61765
37.0,60.644863
74.0,68.496796
53.0,49.75668
63.0,62.080402
63.0,42.954556
61.0,54.669106
68.0,64.27854
61.0,52.327698
50.0,53.643238
26.0,20.036695
63.0,72.11926
56.0,63.220615
20.0,30.540636
80.0,73.60288
27.0,30.647978
59.0,64.76609
62.0,61.76277
25.0,21.77537
34.0,44.38143
52.0,42.319256
55.0,62.061577
39.0,37.203747
80.0,78.40933
70.0,64.126724
31.0,32.261887
46.0,43.24363
37.0,37.943516
52.0,56.941574
65.0,67.48006
42.0,47.3515
77.0,58.48833
18.0,17.045427
60.0,61.819126
50.0,51.138996
52.0,53.61623
76.0,77.06613
46.0,46.843132
80.0,77.77057
70.0,56.18041
80.0,75.925186
64.0,73.75245
53.0,49.849052
64.0,49.726475
55.0,66.004234
59.0,62.606857
59.0,45.034283
20.0,26.495363
50.0,62.282875
29.0,39.263916
37.0,27.423368
54.0,45.38372
38.0,26.484035
40.0,36.78528
51.0,37.390182
59.0,49.519512
66.0,67.24347
55.0,56.516254
60.0,48.62249
56.0,55.45658
25.0,25.876493
46.0,50.231724
56.0,54.6643
63.0,59.4937
56.0,50.39392
43.0,50.289974
45.0,59.683033
23.0,27.098717
52.0,64.82227
46.0,33.560253
80.0,75.167175
35.0,34.92202
33.0,31.41129
63.0,58.334145
80.0,62.440155
47.0,58.39133
50.0,49.49249
48.0,64.35939
80.0,59.157616
19.0,21.210213
56.0,64.48476
23.0,29.941708
32.0,27.329561
57.0,44.066593
80.0,77.58888
76.0,61.949028
64.0,45.835335
66.0,61.23401
18.0,29.340475
60.0,53.733482
56.0,54.202003
29.0,46.916027
21.0,28.999744
49.0,48.54861
79.0,73.91496
44.0,48.52238
71.0,58.091454
73.0,60.297203
19.0,29.744308
29.0,51.40853
37.0,28.404045
80.0,71.34563
45.0,43.10491
28.0,27.321804
30.0,32.910316
50.0,58.57226
26.0,34.336243
52.0,43.802914
80.0,80.448814
61.0,62.795944
29.0,34.00174
57.0,60.63299
63.0,60.08752
40.0,43.591362
61.0,54.291344
24.0,43.23914
52.0,26.62938
19.0,26.145512
44.0,41.15204
60.0,50.28319
49.0,43.57179
50.0,61.940212
64.0,67.99957
80.0,73.32761
36.0,59.77598
29.0,44.520218
63.0,59.5745
61.0,55.68005
80.0,70.533966
76.0,64.54527
46.0,52.812294
71.0,65.87363
56.0,56.993477
32.0,27.913748
27.0,22.323038
32.0,36.87371
61.0,68.74386
26.0,22.307003
62.0,53.23994
19.0,31.744696
20.0,22.26504
39.0,40.15905
18.0,25.482573
59.0,56.32895
78.0,50.882282
80.0,71.09034
42.0,46.73008
37.0,51.99427
72.0,53.745956
75.0,60.86419
77.0,72.57877
40.0,40.62321
43.0,54.245453
44.0,32.08101
56.0,54.24491
73.0,74.94159
55.0,51.237503
46.0,42.779247
73.0,59.30446
51.0,58.70921
44.0,59.054604
28.0,26.493767
22.0,18.909914
60.0,46.216663
60.0,60.926624
57.0,51.560852
69.0,59.814995
59.0,62.098
22.0,32.450096
52.0,70.13699
49.0,49.44874
66.0,59.92247
80.0,71.35971
30.0,29.251644
27.0,25.227257
75.0,70.87325
70.0,69.0137
28.0,21.379896
29.0,37.447872
77.0,76.50692
64.0,65.9093
26.0,22.627115
49.0,47.144005
66.0,68.07622
23.0,27.7458
42.0,44.072582
50.0,56.264282
72.0,58.699497
66.0,61.40676
49.0,52.91591
22.0,34.807564
27.0,24.743076
50.0,51.274616
47.0,59.89366
68.0,75.22593
37.0,37.881596
34.0,48.868076
36.0,30.622822
52.0,56.367073
27.0,25.245687
22.0,19.518318
35.0,42.361954
26.0,36.890125
59.0,62.45108
62.0,49.667847
45.0,51.476994
68.0,69.02141
36.0,54.13898
64.0,58.081947
72.0,70.50072
28.0,29.786177
64.0,59.884865
34.0,28.036583
37.0,34.793915
68.0,49.87656
69.0,64.67087
61.0,58.60423
77.0,74.42023
23.0,35.968227
31.0,44.289997
43.0,41.393703
18.0,27.215899
80.0,78.77508
75.0,68.78125
80.0,80.61031
21.0,35.839966
74.0,64.69799
21.0,27.004179
45.0,39.280376
20.0,20.246582
77.0,70.63944
60.0,63.299454
58.0,67.47638
80.0,75.19741
62.0,70.10007
45.0,54.904526
18.0,21.262802
69.0,67.596
28.0,31.347363
72.0,66.85278
57.0,59.29554
66.0,68.16086
69.0,71.817764
24.0,20.427742
27.0,37.095093
62.0,68.93071
78.0,73.31229
19.0,16.201859
40.0,31.27574
73.0,74.15092
63.0,55.6504
52.0,54.647163
44.0,32.915314
76.0,66.24335
80.0,74.2523
27.0,30.298988
42.0,41.473545
22.0,32.036255
69.0,61.947838
21.0,30.948692
23.0,31.908749
45.0,35.76484
36.0,36.3295
25.0,39.670483
41.0,55.834515
72.0,65.479614
38.0,41.448402
46.0,38.08944
37.0,31.892303
59.0,66.86093
23.0,31.718927
40.0,41.978065
51.0,52.133755
25.0,30.09616
59.0,51.570293
46.0,37.97237
34.0,21.95653
45.0,33.93292
32.0,29.236187
27.0,35.61657
29.0,27.034359
60.0,64.38641
80.0,69.08815
56.0,54.419395
56.0,48.87267
61.0,58.25876
36.0,46.811108
64.0,59.247784
18.0,23.1581
61.0,45.892956
41.0,43.976868
34.0,26.862398
49.0,41.036674
50.0,49.246006
60.0,50.09711
27.0,32.76053
80.0,75.90342
80.0,69.32749
62.0,44.914318
22.0,25.439505
80.0,75.16918
54.0,50.32925
30.0,49.406906
50.0,43.230076
50.0,45.24505
63.0,71.09456
18.0,22.11596
39.0,42.038616
54.0,56.679596
32.0,32.24719
46.0,71.490234
18.0,21.53519
20.0,23.46428
34.0,34.66176
22.0,32.712814
22.0,30.547699
25.0,38.308197
52.0,47.66607
68.0,66.831215
35.0,28.227701
43.0,47.240192
42.0,53.71066
61.0,69.8759
43.0,59.49278
56.0,55.174255
19.0,19.940731
63.0,49.308228
61.0,56.027603
37.0,36.171253
33.0,44.53528
78.0,68.81772
69.0,68.13329
74.0,63.701584
36.0,40.056606
37.0,25.07054
50.0,31.682323
49.0,53.084793
30.0,30.639093
68.0,62.568344
35.0,24.780302
80.0,66.190834
18.0,21.444916
34.0,32.94729
56.0,61.87369
57.0,56.981182
65.0,60.55163
75.0,64.54327
20.0,23.643307
66.0,47.788654
36.0,38.15113
25.0,37.818233
26.0,29.285482
68.0,59.47016
18.0,29.520647
42.0,28.080008
55.0,66.37457
47.0,53.88008
33.0,33.04772
18.0,28.173798
20.0,30.726274
21.0,21.49566
30.0,31.590776
22.0,35.890953
69.0,68.06714
46.0,50.510902
28.0,30.05692
57.0,52.856224
37.0,40.818653
27.0,23.840446
62.0,61.515354
33.0,35.786255
67.0,44.047646
26.0,29.204529
63.0,56.19809
45.0,39.60418
20.0,21.046581
44.0,38.32066
58.0,69.51295
79.0,62.08251
40.0,42.23005
74.0,58.068275
44.0,45.70847
64.0,63.494095
34.0,41.289707
37.0,54.248356
66.0,68.061165
48.0,50.08451
19.0,28.34744
32.0,29.520828
68.0,56.55083
44.0,42.616272
43.0,60.22946
19.0,28.851542
23.0,20.997118
63.0,62.865112
23.0,34.900043
58.0,49.176823
28.0,29.258762
18.0,23.205153
27.0,24.72275
75.0,74.04724
22.0,33.581387
34.0,40.950706
21.0,28.971075
73.0,66.87291
51.0,55.445396
49.0,33.667202
65.0,60.099815
65.0,66.71849
69.0,63.35651
60.0,41.90313
55.0,53.04376
20.0,40.02941
50.0,51.313324
80.0,76.04048
58.0,51.569897
51.0,46.300915
43.0,44.99218
30.0,37.491543
48.0,35.513916
58.0,63.17842
45.0,49.413918
24.0,31.257183
47.0,62.783737
29.0,35.7162
68.0,70.237045
54.0,41.994213
40.0,41.117523
69.0,66.435776
62.0,52.82365
68.0,70.44494
50.0,46.181545
52.0,67.83522
63.0,65.61291
60.0,71.1406
76.0,56.704163
45.0,55.726723
36.0,31.067495
29.0,33.04769
32.0,28.80837
54.0,52.373356
70.0,67.5622
80.0,61.330517
67.0,70.04254
48.0,45.657333
34.0,28.275948
40.0,37.198784
23.0,30.892443
50.0,41.697872
39.0,45.189693
47.0,59.44024
28.0,28.024075
19.0,21.37304
69.0,61.444954
80.0,71.18735
36.0,44.600983
33.0,42.049034
18.0,27.748161
44.0,38.962776
55.0,59.457726
38.0,38.509914
37.0,28.931648
34.0,35.547203
77.0,60.604736
18.0,36.079945
18.0,27.656328
73.0,61.768425
65.0,57.198326
69.0,51.89077
57.0,55.9346
40.0,35.32318
74.0,60.11456
66.0,66.95181
80.0,73.962654
80.0,80.2786
52.0,58.25158
48.0,55.251186
60.0,58.60168
24.0,32.87844
66.0,67.62047
19.0,33.58626
54.0,50.773476
74.0,72.9169
58.0,55.180668
76.0,61.097744
29.0,28.365234
75.0,74.060425
26.0,29.212414
26.0,39.9642
22.0,22.41281
51.0,56.531418
24.0,22.536972
32.0,37.23588
23.0,38.880074
33.0,25.187044
67.0,73.03697
36.0,34.819702
62.0,50.807774
45.0,63.61019
39.0,43.239693
24.0,25.842342
19.0,22.776396
80.0,68.70238
19.0,23.907282
31.0,45.250267
22.0,25.812252
58.0,58.62081
24.0,32.099907
42.0,60.069046
66.0,58.674416
54.0,46.650112
36.0,38.968872
56.0,61.40918
73.0,74.71377
71.0,58.916927
36.0,36.07722
42.0,34.35722
63.0,59.351757
56.0,63.470978
48.0,39.973877
68.0,66.428
73.0,61.999317
80.0,73.044304
47.0,44.059155
42.0,51.2196
80.0,71.470924
59.0,46.313034
69.0,66.791595
53.0,59.141468
39.0,34.750904
47.0,43.335526
75.0,81.284546
75.0,75.62146
48.0,56.624496
59.0,54.641148
30.0,29.264805
19.0,26.918205
19.0,22.941732
61.0,53.130234
24.0,24.897943
29.0,32.0487
41.0,45.01763
60.0,52.2859
26.0,24.380604
20.0,27.019691
25.0,47.911343
61.0,51.241493
65.0,53.455776
80.0,70.05625
61.0,64.86254
39.0,33.9721
57.0,51.55861
71.0,50.14377
25.0,28.181318
80.0,73.931786
60.0,56.93143
41.0,34.45195
79.0,72.94163
75.0,62.224056
30.0,25.673332
40.0,31.105906
34.0,34.77913
41.0,38.30596
20.0,22.085264
24.0,27.896643
44.0,34.63491
37.0,37.76963
21.0,34.717228
58.0,56.613094
54.0,64.43577
45.0,39.19284
27.0,37.727734
80.0,66.952675
18.0,26.303701
39.0,23.808603
66.0,66.78506
60.0,40.02774
54.0,45.113106
56.0,53.920063
80.0,75.410614
23.0,23.561363
33.0,38.239304
28.0,30.376093
27.0,21.938513
80.0,71.09355
30.0,27.637217
43.0,36.962112
69.0,66.04089
38.0,47.6881
74.0,68.11031
35.0,39.498203
72.0,72.70781
75.0,62.05525
70.0,66.10863
43.0,40.11225
48.0,45.44769
52.0,61.352627
70.0,63.520107
69.0,61.633743
53.0,47.376858
54.0,56.75141
55.0,51.719563
34.0,40.7542
18.0,24.240843
42.0,39.832962
62.0,62.17972
40.0,52.807064
49.0,54.97173
28.0,35.605618
39.0,53.451653
19.0,21.676601
52.0,51.06525
80.0,77.427155
44.0,44.636147
56.0,64.42915
69.0,60.571648
24.0,30.02105
44.0,48.854347
31.0,27.43778
62.0,62.18868
26.0,32.816742
47.0,43.43154
60.0,64.228004
31.0,31.779612
56.0,61.23987
50.0,61.60463
23.0,35.323685
53.0,42.355354
54.0,39.491096
58.0,42.79814
19.0,27.788446
80.0,75.01337
29.0,32.498978
51.0,55.721073
60.0,58.31228
62.0,50.069885
31.0,37.43536
52.0,51.59527
37.0,35.007523
22.0,26.96688
27.0,33.21244
68.0,57.225742
36.0,34.171234
22.0,32.569313
56.0,58.081833
66.0,67.77806
40.0,31.262722
59.0,49.888767
18.0,22.11114
54.0,56.714333
40.0,35.88868
55.0,58.626972
75.0,74.1024
80.0,59.532417
60.0,57.80851
51.0,42.22525
36.0,30.330446
45.0,49.559547
80.0,63.692757
71.0,60.03103
29.0,27.2053
80.0,81.03187
76.0,73.61307
57.0,36.853294
66.0,64.99201
40.0,37.119743
26.0,40.04902
64.0,50.40535
43.0,43.310787
29.0,24.573992
80.0,72.70893
68.0,75.09137
80.0,81.861374
21.0,30.883608
36.0,31.338623
24.0,21.000292
18.0,27.784647
65.0,63.254143
52.0,53.74145
78.0,76.4695
28.0,37.887012
19.0,21.86696
60.0,67.87456
57.0,56.80522
64.0,66.13357
73.0,47.879852
23.0,30.058483
24.0,25.963778
65.0,64.2064
20.0,19.74277
79.0,78.743805
19.0,16.73279
52.0,54.807648
69.0,63.95056
65.0,53.8883
72.0,73.349045
40.0,28.28362
62.0,41.511917
42.0,36.032696
54.0,59.680786
22.0,25.024664
55.0,45.725075
47.0,46.013893
70.0,65.67738
26.0,30.422966
22.0,29.356861
37.0,38.506332
31.0,41.867355
80.0,82.50267
30.0,33.92904
67.0,65.26935
60.0,59.35283
22.0,19.943712
62.0,56.758465
73.0,70.43707
37.0,32.842125
41.0,36.8426
80.0,78.49091
28.0,35.51116
75.0,73.241905
39.0,43.07066
68.0,65.18394
50.0,52.08413
44.0,43.48165
19.0,15.922657
80.0,75.87644
64.0,59.598778
39.0,25.520575
18.0,28.988718
41.0,40.78049
70.0,69.01811
66.0,59.492176
55.0,37.952366
59.0,66.55426
18.0,28.964573
29.0,37.64232
78.0,77.25189
71.0,45.67824
63.0,62.71856
52.0,70.62596
47.0,41.35844
42.0,44.20487
76.0,65.28095
50.0,37.795982
18.0,30.128645
18.0,24.295145
70.0,71.83878
63.0,48.742058
66.0,73.31015
75.0,67.93103
26.0,40.41047
24.0,31.953728
54.0,53.244644
60.0,54.348763
18.0,30.673103
60.0,50.66135
38.0,27.217981
61.0,70.680565
57.0,58.960567
69.0,68.87607
41.0,48.80833
80.0,62.365196
60.0,54.325005
18.0,22.317043
35.0,40.54727
49.0,47.65853
70.0,64.33694
77.0,70.44446
66.0,55.725464
18.0,23.774364
42.0,60.62196
61.0,65.22985
43.0,32.92443
80.0,70.42279
63.0,42.002953
63.0,49.2065
43.0,43.155426
53.0,61.216564
42.0,35.99122
60.0,29.582853
68.0,72.84457
35.0,40.63744
50.0,44.04384
18.0,22.271366
37.0,47.914665
20.0,24.743656
18.0,21.265682
41.0,38.59192
45.0,45.80604
74.0,76.026436
35.0,34.339012
29.0,25.43009
39.0,49.866833
43.0,44.839718
19.0,24.119926
78.0,72.454735
27.0,31.935806
75.0,69.191345
41.0,28.272089
42.0,37.77737
34.0,34.15492
54.0,68.85091
74.0,69.02252
73.0,72.03745
75.0,70.11624
51.0,56.03472
53.0,64.760864
73.0,60.47037
45.0,39.842632
58.0,61.615173
25.0,36.397385
80.0,76.816185
80.0,74.56526
42.0,57.621735
74.0,69.019875
32.0,31.936844
55.0,60.58466
66.0,71.47537
19.0,20.403236
22.0,20.873442
20.0,23.004972
66.0,48.796757
18.0,19.982302
53.0,60.014244
56.0,60.877625
50.0,36.058857
22.0,34.57161
66.0,58.822342
23.0,26.205204
42.0,57.44379
62.0,33.24057
49.0,56.625137
80.0,79.56513
32.0,35.02325
27.0,40.70458
38.0,42.973755
66.0,63.374264
65.0,60.668148
80.0,69.11745
28.0,29.423311
64.0,60.055107
80.0,77.67766
20.0,26.13184
64.0,53.61687
40.0,40.994232
60.0,39.73214
51.0,59.76526
75.0,76.61978
29.0,38.172497
50.0,47.588997
29.0,39.07878
62.0,61.541462
53.0,46.661648
69.0,59.626083
36.0,33.250237
45.0,45.65533
80.0,72.784355
18.0,40.16812
22.0,27.959044
48.0,55.408806
33.0,30.322052
77.0,64.359474
68.0,78.32303
55.0,56.8602
51.0,40.428757
71.0,57.936466
41.0,64.822495
61.0,68.21576
23.0,28.47524
33.0,29.260773
78.0,74.2652
33.0,28.071766
32.0,28.081707
43.0,38.651115
37.0,29.45791
18.0,28.43894
25.0,30.485882
48.0,44.156662
59.0,55.17672
54.0,55.82084
33.0,29.373995
32.0,37.12683
29.0,35.82368
33.0,31.534315
58.0,52.27572
50.0,43.03607
19.0,29.944633
64.0,59.427933
45.0,52.271503
39.0,43.957916
43.0,29.515015
26.0,39.221622
52.0,46.026283
49.0,54.65937
70.0,74.10582
64.0,53.85651
26.0,29.09255
78.0,67.58737
41.0,39.604855
31.0,29.647835
55.0,52.69369
56.0,58.45211
51.0,56.11156
18.0,27.985304
52.0,59.913605
19.0,24.669884
62.0,66.197945
59.0,54.763206
32.0,27.404572
31.0,46.523563
31.0,34.785717
44.0,45.637123
58.0,66.20512
19.0,38.97767
32.0,45.156235
50.0,42.05657
42.0,52.474926
18.0,16.039612
33.0,37.97118
20.0,27.252314
73.0,59.367744
80.0,74.68364
76.0,70.93338
53.0,57.425625
73.0,66.833664
64.0,67.4565
56.0,57.326134
58.0,68.92197
56.0,59.701218
80.0,72.59988
80.0,77.53932
19.0,23.216919
28.0,26.531607
47.0,60.32333
66.0,57.24259
68.0,36.462795
29.0,29.760242
64.0,64.83569
52.0,35.097664
23.0,32.331482
67.0,48.96154
20.0,28.34751
74.0,68.05254
62.0,55.75847
70.0,52.349728
34.0,30.082293
33.0,36.863117
65.0,58.27333
74.0,63.234554
55.0,60.422756
42.0,38.193886
44.0,53.596916
54.0,37.06086
63.0,62.4581
30.0,30.195139
56.0,42.942753
80.0,82.215
74.0,69.790215
67.0,73.81454
30.0,25.723364
29.0,41.697342
62.0,68.688
41.0,45.461254
56.0,59.64509
70.0,71.97848
63.0,58.926815
52.0,54.536045
21.0,27.69957
67.0,71.710434
61.0,61.268692
64.0,59.839996
78.0,74.15371
35.0,47.653072
55.0,57.62948
18.0,22.934553
55.0,70.5615
37.0,47.449013
28.0,25.36875
43.0,47.707645
19.0,27.926687
19.0,24.78157
18.0,35.646847
35.0,33.63328
62.0,60.53096
45.0,44.191235
44.0,41.914932
61.0,49.822216
59.0,59.823868
30.0,26.424343
51.0,42.39274
75.0,61.951317
36.0,25.129084
79.0,68.39432
46.0,52.467594
41.0,39.650673
39.0,40.178238
77.0,71.60643
20.0,34.837677
57.0,53.55401
22.0,34.411423
58.0,55.364944
62.0,60.827465
80.0,58.629734
30.0,22.374903
75.0,68.478676
69.0,63.99517
47.0,43.043827
68.0,60.5158
23.0,44.83241
78.0,72.48586
56.0,64.83547
43.0,43.013165
78.0,77.48265
42.0,52.46921
38.0,26.872725
37.0,38.690247
32.0,48.212193
28.0,34.68439
47.0,58.060867
32.0,32.25139
23.0,24.994547
77.0,62.829296
77.0,66.8916
32.0,29.858734
27.0,26.226025
63.0,64.16704
34.0,45.22941
22.0,24.09769
43.0,35.316372
42.0,34.42116
62.0,43.873947
24.0,29.980055
80.0,67.93393
68.0,78.27118
77.0,66.380585
64.0,64.20244
71.0,67.05086
18.0,32.40528
64.0,65.05777
50.0,53.98595
67.0,60.90571
69.0,71.20354
47.0,40.25703
25.0,33.543087
68.0,52.109547
38.0,36.973824
26.0,23.995861
21.0,25.625746
66.0,59.96263
45.0,22.765959
23.0,24.284576
69.0,63.391197
31.0,38.476646
25.0,30.367952
66.0,76.12606
34.0,40.55343
76.0,66.81623
80.0,59.905754
38.0,43.505615
66.0,70.2759
39.0,36.80478
26.0,19.749586
22.0,35.24993
25.0,30.948122
43.0,39.89574
65.0,71.94118
55.0,39.50982
29.0,56.528572
66.0,49.152702
34.0,35.063774
26.0,28.188992
54.0,40.317528
69.0,71.25473
32.0,29.742422
80.0,79.62813
19.0,21.683578
37.0,42.346397
42.0,50.5902
38.0,45.87061
65.0,64.06175
24.0,29.050436
34.0,40.008713
19.0,21.18902
53.0,60.024845
36.0,38.74764
74.0,62.63259
61.0,63.11084
65.0,67.34393
80.0,70.05271
31.0,27.100655
67.0,64.41778
31.0,24.30377
25.0,38.690388
28.0,27.92178
30.0,33.994106
69.0,47.069553
79.0,73.00163
80.0,79.233925
76.0,71.679756
55.0,52.013626
80.0,76.51049
80.0,74.73241
38.0,51.599777
35.0,39.6699
43.0,49.72725
42.0,57.734604
32.0,26.18526
34.0,27.886421
70.0,77.344215
62.0,59.923244
45.0,40.053963
74.0,78.64162
32.0,41.016968
34.0,34.854095
61.0,43.21659
29.0,33.74989
70.0,62.21676
19.0,27.539307
56.0,59.84974
46.0,32.99308
61.0,67.65988
33.0,43.64996
69.0,69.58853
56.0,64.95428
78.0,69.87155
80.0,76.606705
38.0,36.019566
62.0,59.029873
41.0,38.44451
60.0,63.290497
46.0,47.59235
20.0,23.210627
64.0,58.009357
68.0,55.707146
62.0,64.85652
60.0,47.96287
79.0,76.66963
61.0,55.50753
65.0,68.24202
72.0,77.13987
79.0,75.14749
38.0,43.766045
49.0,32.02908
59.0,63.827026
42.0,38.50513
46.0,38.270176
24.0,23.315771
25.0,36.25009
30.0,40.925613
80.0,77.769226
41.0,44.771244
18.0,26.767921
19.0,26.135494
55.0,46.175323
28.0,35.641506
53.0,54.22003
54.0,55.303513
34.0,43.333218
55.0,51.051567
29.0,40.03289
53.0,35.879433
74.0,65.080025
80.0,75.76593
58.0,57.756607
74.0,78.93295
24.0,34.421894
55.0,51.61994
26.0,34.658295
71.0,69.03867
80.0,63.826805
55.0,58.454132
25.0,39.520653
27.0,24.405586
72.0,71.38028
41.0,39.84206
79.0,71.2345
29.0,26.489258
24.0,24.143692
60.0,47.99915
65.0,68.35089
53.0,62.948
45.0,57.403927
62.0,67.43901
60.0,60.088665
23.0,24.03697
32.0,31.58237
48.0,47.920486
29.0,33.192
27.0,25.161222
78.0,65.70006
72.0,67.53238
73.0,63.89283
48.0,52.774136
19.0,21.182676
49.0,56.15228
45.0,54.75346
21.0,24.472395
69.0,50.190273
47.0,56.65914
60.0,57.68168
23.0,24.177738
33.0,47.829815
71.0,74.078186
18.0,28.09378
51.0,55.125237
54.0,57.50686
72.0,82.050064
40.0,27.822752
68.0,68.28021
37.0,38.210712
48.0,40.109116
41.0,43.498405
63.0,43.071934
67.0,68.34297
20.0,20.964127
46.0,39.388054
73.0,74.133255
58.0,56.54571
52.0,52.357815
80.0,52.227333
75.0,72.68765
34.0,34.66472
42.0,34.53278
76.0,78.07216
53.0,48.93994
39.0,46.965664
78.0,70.84203
80.0,81.121796
27.0,38.648354
80.0,74.74681
35.0,39.98111
34.0,30.178385
22.0,24.872887
58.0,46.46227
80.0,76.01554
24.0,40.064503
36.0,33.683125
30.0,23.856108
47.0,42.09612
60.0,62.224358
65.0,54.067265
77.0,76.15469
30.0,34.196777
77.0,64.73671
76.0,74.05948
61.0,67.08143
60.0,57.051468
80.0,64.3962
45.0,55.60741
26.0,29.439472
46.0,40.562325
69.0,62.42558
49.0,38.4898
64.0,65.36556
37.0,38.73915
66.0,59.945625
19.0,27.516994
55.0,50.941658
32.0,32.993027
21.0,25.422918
80.0,72.36006
60.0,57.79026
75.0,71.722404
19.0,49.226368
79.0,67.973274
45.0,46.20504
56.0,40.769558
63.0,66.10924
71.0,59.19855
24.0,33.888092
60.0,48.9927
70.0,60.375298
50.0,44.43297
37.0,34.795708
32.0,41.409428
18.0,26.858488
33.0,31.183216
60.0,55.33398
19.0,25.867262
36.0,42.394657
24.0,24.03052
34.0,34.581856
19.0,29.552603
57.0,59.91327
41.0,55.37705
27.0,34.055866
39.0,37.709732
55.0,55.2554
50.0,56.280144
24.0,29.824299
21.0,34.113297
60.0,66.64364
36.0,31.933485
48.0,42.958847
52.0,48.410027
58.0,64.71873
46.0,50.65462
53.0,35.621788
31.0,27.034233
26.0,28.973177
22.0,33.810894
66.0,57.40837
38.0,33.6321
36.0,47.693283
80.0,78.65411
70.0,72.53058
28.0,31.887064
31.0,28.20645
50.0,55.102226
58.0,68.49544
63.0,59.175354
45.0,37.7318
21.0,19.5071
33.0,36.143402
23.0,33.733025
62.0,38.673527
49.0,57.943905
47.0,28.983221
19.0,29.19056
31.0,31.083075
66.0,55.90061
21.0,38.592426
51.0,49.925377
37.0,42.846905
57.0,62.265137
36.0,32.96163
36.0,31.821587
53.0,57.751972
20.0,27.833002
45.0,53.937042
18.0,20.782719
59.0,62.62088
49.0,43.927986
51.0,48.751587
58.0,72.70199
47.0,51.775745
44.0,40.487846
55.0,52.70542
75.0,69.76727
63.0,71.99482
21.0,18.599976
75.0,57.251728
21.0,24.648432
23.0,26.822098
59.0,51.60666
32.0,43.177494
60.0,49.660385
42.0,42.21298
27.0,26.720922
69.0,67.39057
80.0,74.669106
19.0,27.745714
54.0,57.708023
80.0,76.07112
43.0,27.032267
45.0,51.668205
24.0,29.61147
43.0,50.30641
21.0,17.192364
23.0,22.714289
80.0,70.53392
77.0,58.515953
61.0,68.743515
21.0,15.296833
37.0,50.186565
31.0,40.59085
19.0,35.443985
33.0,25.40682
28.0,34.146595
55.0,50.7914
75.0,67.47559
54.0,65.00418
19.0,20.77633
70.0,49.75204
76.0,72.45403
60.0,61.100304
40.0,29.359594
28.0,39.500183
80.0,72.73827
31.0,43.149887
39.0,43.029625
51.0,41.009686
18.0,25.89401
50.0,42.239346
62.0,60.279045
39.0,39.929207
66.0,59.29846
23.0,21.055437
36.0,48.53715
35.0,35.00069
45.0,55.226147
29.0,53.920975
22.0,19.83329
41.0,42.245182
77.0,63.543205
52.0,47.90597
61.0,59.798744
68.0,66.14024
57.0,49.332558
52.0,53.26278
80.0,69.64523
51.0,59.067413
31.0,35.51474
57.0,64.14974
59.0,58.65885
54.0,51.231094
80.0,71.219894
47.0,51.121727
60.0,48.051895
74.0,57.706703
62.0,49.543846
54.0,66.62415
60.0,49.94108
68.0,72.166504
73.0,66.04734
18.0,18.985678
48.0,57.360893
33.0,35.647858
80.0,74.359726
22.0,27.632208
73.0,72.37989
40.0,24.584332
19.0,31.259735
54.0,47.5831
51.0,39.37014
20.0,30.501139
38.0,34.60947
74.0,73.63214
48.0,35.81186
55.0,66.271675
35.0,39.99067
63.0,74.457344
42.0,44.195503
63.0,50.322174
75.0,71.55919
80.0,71.04173
48.0,54.335594
80.0,73.22807
55.0,62.90957
32.0,28.694185
50.0,50.61201
74.0,63.41821
67.0,66.227455
32.0,38.929417
56.0,47.69775
60.0,63.94507
31.0,44.033806
68.0,56.309326
24.0,28.481924
51.0,60.801758
66.0,63.21506
25.0,26.856127
27.0,37.97148
42.0,34.849495
80.0,64.92954
22.0,24.806852
80.0,67.71505
72.0,63.781242
37.0,43.283424
68.0,72.12964
43.0,59.77233
80.0,82.0092
24.0,30.83778
38.0,49.06137
80.0,74.92241
18.0,28.248701
33.0,32.15605
65.0,75.95668
38.0,39.309868
39.0,31.761175
33.0,26.975712
41.0,54.77959
34.0,49.723244
35.0,38.93139
43.0,48.508823
33.0,31.26597
35.0,21.9495
74.0,72.71207
75.0,72.54832
42.0,43.893463
64.0,67.985596
55.0,49.517216
44.0,41.06478
45.0,41.262135
43.0,37.81659
54.0,62.652737
22.0,30.395544
78.0,72.89583
79.0,72.08913
52.0,62.253624
40.0,44.10421
51.0,53.0022
33.0,31.241446
45.0,45.000877
72.0,68.69806
51.0,48.486908
24.0,37.741165
21.0,22.344866
23.0,41.28606
58.0,56.061317
61.0,59.154137
46.0,45.54854
61.0,56.617775
23.0,29.946331
24.0,32.47182
63.0,63.730354
73.0,77.52908
21.0,28.341494
60.0,69.28153
80.0,72.542076
80.0,67.603836
33.0,47.82722
18.0,28.830826
56.0,38.899982
19.0,26.072042
53.0,59.56864
80.0,79.32881
69.0,77.41519
27.0,29.134357
48.0,59.400627
56.0,60.342102
46.0,40.09198
20.0,30.054482
24.0,28.564667
61.0,64.021675
48.0,47.9053
49.0,39.247272
63.0,65.59285
65.0,68.69711
42.0,56.471394
33.0,40.8713
78.0,72.63609
36.0,59.489613
43.0,44.00359
29.0,29.356373
43.0,29.686829
31.0,32.834164
24.0,22.37171
18.0,29.41523
70.0,73.80395
56.0,41.767788
44.0,49.372337
56.0,59.29564
50.0,41.778233
41.0,36.500595
25.0,25.689676
80.0,77.0446
31.0,43.957455
20.0,35.463074
47.0,57.95878
39.0,33.436993
47.0,56.47388
69.0,67.40586
31.0,28.042343
40.0,49.380245
25.0,24.906359
40.0,50.27665
23.0,25.64455
48.0,50.79224
56.0,56.392906
19.0,21.210258
36.0,40.60353
72.0,63.723835
33.0,25.401987
40.0,36.978607
18.0,28.946991
70.0,68.99542
28.0,25.253546
68.0,67.84371
59.0,49.293213
40.0,40.884735
28.0,29.603199
27.0,32.995087
74.0,64.03068
57.0,49.98391
77.0,66.50969
35.0,29.109962
55.0,45.01766
63.0,60.537407
75.0,76.14055
52.0,55.304054
48.0,41.731174
52.0,40.2083
63.0,68.34447
32.0,29.148811
71.0,60.88113
25.0,25.967657
61.0,53.589333
50.0,66.364365
73.0,67.27055
60.0,64.67894
44.0,42.66744
58.0,56.676777
36.0,44.419266
18.0,35.957935
26.0,36.644753
27.0,26.644297
27.0,42.51892
47.0,34.965202
43.0,40.769352
28.0,34.64292
71.0,74.12065
41.0,42.99215
75.0,70.447
51.0,65.806564
42.0,50.209347
20.0,34.126198
52.0,50.491554
58.0,50.090702
29.0,27.098204
64.0,61.653713
37.0,28.650421
61.0,49.3828
80.0,80.21119
66.0,66.89565
75.0,68.77173
64.0,64.942665
27.0,43.10084
77.0,74.244835
73.0,75.84999
72.0,65.38001
25.0,25.775991
46.0,45.46038
19.0,23.968601
45.0,38.42061
23.0,29.537052
73.0,49.33205
29.0,27.317263
67.0,57.03793
24.0,27.343498
19.0,20.382187
49.0,56.71609
69.0,60.55503
63.0,47.581013
29.0,21.576836
41.0,32.31041
64.0,65.623276
46.0,44.36634
19.0,29.172878
60.0,52.769714
39.0,33.51383
28.0,26.138815
69.0,75.19316
64.0,66.25336
57.0,55.691677
50.0,43.20526
80.0,76.593636
32.0,28.809744
77.0,72.5878
70.0,77.83917
39.0,32.904976
68.0,66.8898
27.0,42.437027
29.0,39.949127
62.0,60.235863
40.0,36.132385
40.0,42.4011
18.0,32.945217
74.0,63.413834
35.0,30.096762
61.0,65.12346
67.0,51.101906
43.0,45.075836
69.0,38.494205
35.0,45.907307
80.0,53.27378
67.0,72.4412
37.0,55.742317
35.0,41.66169
28.0,27.393187
72.0,71.98199
75.0,62.953815
32.0,48.8539
44.0,44.584763
75.0,79.05553
66.0,61.49537
30.0,33.175972
35.0,35.87925
80.0,66.751785
48.0,47.627373
23.0,34.173927
72.0,65.776
23.0,40.071384
59.0,69.57089
50.0,49.92971
41.0,44.22676
40.0,46.43363
25.0,31.541553
37.0,32.145752
41.0,35.34703
19.0,21.728539
23.0,37.298683
60.0,74.08202
62.0,73.6479
27.0,27.451723
34.0,34.552963
69.0,50.47102
64.0,56.42411
80.0,63.188873
29.0,30.668661
41.0,39.593407
42.0,44.53987
80.0,71.57996
39.0,25.228914
21.0,29.327099
67.0,69.26254
56.0,48.716755
80.0,78.98228
42.0,45.260536
61.0,49.73247
46.0,37.91359
43.0,37.54574
19.0,37.57285
68.0,56.587673
28.0,35.99872
80.0,64.72426
54.0,31.98565
80.0,74.36564
69.0,60.44695
24.0,31.042133
59.0,69.54181
42.0,32.252895
80.0,81.05841
49.0,52.6263
24.0,41.29218
52.0,51.027916
46.0,33.490356
41.0,41.28087
54.0,46.167873
29.0,26.172203
41.0,33.890957
66.0,65.319305
31.0,29.233463
59.0,53.556595
50.0,37.621227
32.0,39.272236
72.0,52.44773
70.0,66.10326
46.0,50.902153
59.0,64.77381
49.0,54.315796
28.0,26.794912
77.0,74.98486
48.0,57.668922
22.0,28.284983
80.0,77.201904
56.0,54.533283
45.0,56.529194
68.0,73.825615
24.0,40.808693
69.0,69.525246
44.0,38.32838
22.0,24.763145
48.0,40.805313
42.0,41.94676
40.0,39.079426
20.0,29.610626
18.0,36.105907
46.0,55.145985
59.0,43.52961
45.0,30.131561
55.0,60.568054
39.0,29.272625
52.0,66.14021
50.0,64.622086
60.0,59.67189
21.0,26.956545
67.0,64.65876
24.0,35.315147
71.0,68.63192
67.0,51.37764
61.0,66.78923
47.0,42.61696
46.0,37.860535
71.0,66.81769
21.0,26.216629
32.0,22.946806
44.0,57.24681
51.0,42.425106
41.0,44.3058
76.0,65.451515
31.0,25.480947
25.0,27.03479
39.0,43.016796
51.0,43.263084
41.0,60.744347
69.0,47.22336
39.0,38.873512
79.0,63.52157
80.0,72.70183
28.0,21.851583
52.0,59.419502
67.0,62.19805
45.0,61.41065
66.0,64.439705
48.0,40.795807
41.0,40.571186
39.0,35.49855
80.0,78.882576
37.0,39.906055
19.0,22.062761
77.0,73.03509
29.0,25.795149
65.0,57.620453
62.0,56.601322
27.0,29.262226
80.0,83.10954
28.0,38.08061
36.0,28.67508
65.0,67.782036
48.0,46.668674
32.0,35.461586
80.0,67.25442
64.0,57.238136
69.0,71.19365
43.0,32.740166
67.0,53.28696
40.0,29.711605
70.0,66.85444
77.0,70.242775
19.0,22.237099
18.0,21.332367
80.0,75.70905
80.0,72.55487
47.0,44.44523
33.0,38.25642
44.0,42.334133
62.0,74.23509
29.0,32.93753
50.0,52.796562
44.0,42.638184
80.0,76.46267
58.0,63.611073
61.0,63.868187
45.0,50.564156
58.0,56.86875
69.0,70.10004
39.0,50.555233
29.0,35.021935
78.0,61.731728
71.0,74.76235
40.0,41.549694
59.0,51.657555
33.0,48.245346
24.0,33.63927
46.0,50.844414
44.0,42.982956
53.0,56.29518
40.0,48.175472
60.0,57.63187
29.0,39.31844
72.0,64.48669
63.0,60.34286
77.0,56.94787
19.0,36.938255
73.0,69.104996
41.0,39.86905
46.0,56.78223
34.0,25.684088
61.0,65.74999
39.0,32.855194
50.0,49.775906
38.0,34.695362
19.0,33.61201
19.0,26.142544
47.0,34.34749
45.0,45.618774
52.0,54.757866
54.0,48.082287
30.0,29.57934
65.0,66.66621
64.0,71.58167
60.0,54.60293
24.0,26.89432
21.0,24.651606
52.0,40.66852
54.0,48.55987
29.0,31.2027
80.0,82.847336
19.0,17.889496
18.0,24.05772
63.0,55.079926
42.0,36.945602
51.0,51.851692
66.0,58.711056
28.0,30.990044
69.0,64.68765
33.0,37.32232
62.0,60.187374
70.0,68.316925
61.0,60.18586
80.0,81.15697
32.0,31.050304
48.0,44.258896
21.0,23.931341
52.0,56.563183
32.0,36.3271
44.0,47.346146
22.0,27.795197
33.0,28.997837
46.0,54.035843
59.0,57.240685
79.0,67.28924
49.0,48.113895
27.0,35.641582
19.0,23.25758
25.0,16.506447
59.0,63.02619
41.0,46.85026
36.0,42.981472
61.0,60.33881
79.0,73.27369
80.0,68.39795
44.0,44.896904
18.0,30.464132
58.0,39.228943
49.0,48.718197
44.0,34.25997
58.0,62.87383
60.0,51.68212
62.0,59.79302
62.0,55.727955
80.0,77.89911
53.0,39.91839
23.0,25.234682
59.0,63.3901
75.0,70.52069
40.0,37.214935
78.0,79.55438
65.0,67.03491
76.0,60.697464
23.0,25.828606
62.0,74.34765
68.0,64.67978
77.0,70.23826
75.0,64.97386
69.0,71.49466
24.0,27.700716
69.0,68.80546
52.0,57.607147
73.0,56.39662
60.0,59.733814
53.0,45.16586
70.0,75.11386
80.0,78.344986
68.0,67.31042
66.0,72.616
19.0,22.547602
42.0,39.69894
37.0,26.017826
60.0,62.5934
48.0,53.828163
54.0,58.366386
48.0,40.25182
45.0,47.01619
67.0,64.457054
70.0,63.494934
47.0,45.70494
60.0,70.530624
80.0,50.22303
80.0,69.17786
42.0,32.167217
57.0,46.23811
43.0,41.176266
48.0,68.820244
55.0,47.88349
45.0,54.030163
69.0,64.90995
80.0,78.61966
33.0,29.278627
69.0,60.433064
31.0,21.628887
34.0,40.395725
22.0,27.020113
37.0,39.390236
67.0,53.656357
18.0,15.296776
31.0,58.690414
34.0,45.4927
79.0,75.93357
32.0,26.347843
62.0,65.809166
18.0,25.90036
22.0,24.932386
42.0,44.45808
49.0,54.47137
25.0,33.16771
40.0,44.59717
18.0,18.173515
59.0,62.537155
38.0,45.27662
55.0,56.261536
23.0,31.204634
64.0,53.0108
39.0,45.24229
67.0,51.531223
73.0,70.844086
80.0,82.61977
19.0,40.9467
48.0,58.459717
43.0,49.065315
60.0,52.24558
29.0,28.608608
37.0,39.271145
63.0,73.169044
30.0,34.93261
49.0,54.290257
23.0,41.58569
34.0,34.629574
80.0,75.236664
56.0,42.621975
45.0,35.014046
31.0,30.310093
19.0,21.21683
20.0,23.176588
48.0,49.180153
52.0,64.260765
69.0,63.23004
43.0,41.48721
78.0,66.36628
48.0,49.79832
24.0,25.628471
48.0,49.48877
45.0,53.99752
80.0,75.022575
78.0,81.97932
37.0,45.708755
31.0,32.7742
59.0,62.855103
42.0,36.109776
80.0,78.13019
37.0,43.533913
78.0,69.78087
36.0,27.192589
53.0,57.42323
30.0,28.223104
22.0,20.419817
61.0,61.5543
34.0,35.090546
76.0,73.550446
54.0,66.064674
37.0,45.36111
80.0,71.235596
58.0,50.121025
80.0,77.2146
42.0,51.20725
53.0,66.517334
68.0,59.526413
47.0,49.628242
80.0,77.22329
32.0,34.34519
70.0,57.88897
61.0,59.59274
73.0,69.486206
39.0,42.28436
53.0,42.17659
29.0,29.44871
28.0,60.80508
61.0,50.84776
62.0,54.372417
53.0,33.539276
20.0,25.593708
66.0,75.955505
78.0,68.81169
77.0,77.01732
31.0,33.209927
27.0,26.347095
53.0,52.233658
69.0,71.72841
23.0,36.309776
62.0,59.60715
49.0,51.79532
67.0,65.58283
66.0,61.859985
56.0,49.5156
33.0,44.010593
29.0,34.12252
69.0,60.631607
20.0,25.471321
54.0,51.59596
22.0,29.88947
80.0,68.965836
31.0,36.15667
43.0,43.7251
42.0,44.33124
38.0,50.245052
75.0,70.69658
38.0,37.914913
47.0,32.91737
77.0,71.7382
62.0,65.693375
48.0,54.36197
61.0,50.438084
77.0,70.95181
63.0,55.18123
42.0,31.449389
23.0,34.533615
51.0,64.9863
18.0,31.129824
55.0,63.86251
18.0,19.487001
53.0,55.313614
39.0,34.44525
65.0,75.1247
57.0,44.492767
63.0,56.192787
42.0,44.436584
32.0,53.003418
33.0,30.44936
30.0,31.917799
71.0,71.672554
49.0,43.618454
53.0,50.966602
44.0,45.623394
50.0,51.338696
80.0,68.274216
35.0,35.790123
66.0,74.87642
23.0,19.62525
73.0,71.31807
33.0,34.40213
61.0,67.700584
34.0,45.876118
54.0,76.43463
74.0,72.0473
42.0,42.71317
66.0,62.468678
69.0,57.30967
52.0,48.70173
42.0,47.41576
53.0,59.228146
67.0,62.636635
65.0,60.39122
80.0,71.48723
59.0,67.1792
72.0,74.87128
18.0,28.704348
50.0,61.803448
55.0,48.06094
21.0,23.503704
52.0,39.73845
45.0,36.307835
52.0,63.230587
77.0,73.83655
42.0,40.295616
22.0,39.072807
80.0,65.61228
70.0,60.74856
37.0,48.113125
51.0,46.067104
29.0,20.589699
41.0,47.977154
38.0,57.151417
80.0,71.67941
65.0,66.04646
29.0,37.09334
48.0,37.607212
22.0,25.911253
32.0,33.678978
30.0,32.750015
70.0,77.13016
58.0,60.584488
61.0,42.552437
47.0,40.32067
56.0,53.978218
25.0,51.06111
40.0,33.10981
73.0,55.925682
66.0,67.68408
62.0,63.728844
22.0,38.139263
59.0,44.162247
31.0,31.848232
25.0,21.312334
26.0,22.632597
68.0,63.854897
44.0,44.461147
28.0,29.83235
52.0,59.92307
35.0,32.287434
68.0,64.15672
30.0,34.95805
59.0,63.14344
21.0,22.66893
27.0,30.827696
18.0,27.532135
80.0,75.47717
48.0,61.454315
55.0,53.49438
55.0,57.37918
56.0,71.34749
23.0,20.744022
57.0,49.913666
46.0,39.345566
61.0,59.2899
47.0,38.237766
27.0,45.318604
69.0,49.554382
53.0,60.377647
24.0,21.65115
48.0,47.248302
73.0,57.7649
80.0,68.90129
19.0,23.38113
64.0,62.564716
67.0,54.960945
80.0,64.202934
31.0,27.386398
25.0,31.500956
34.0,33.38384
19.0,32.028023
80.0,69.448074
28.0,54.330276
23.0,35.42001
19.0,24.519873
80.0,79.50441
76.0,74.04598
57.0,50.70571
78.0,74.71498
22.0,30.862299
25.0,45.325623
28.0,28.566696
19.0,20.882822
49.0,41.033615
27.0,30.03613
32.0,32.08496
20.0,30.354918
53.0,52.336052
40.0,40.794514
51.0,49.215363
47.0,41.79062
36.0,36.934227
54.0,70.355484
36.0,46.71741
51.0,52.47506
33.0,34.88226
39.0,37.57755
75.0,64.00806
35.0,32.11049
18.0,27.33206
43.0,47.6959
74.0,74.63864
48.0,38.774166
21.0,28.179684
28.0,32.90957
28.0,27.713408
67.0,69.16452
40.0,32.154606
56.0,66.2945
71.0,50.865456
41.0,43.466602
55.0,48.27492
25.0,26.545204
28.0,25.467043
25.0,28.640953
63.0,64.94967
23.0,31.802485
54.0,47.053223
28.0,40.20622
70.0,64.47479
22.0,21.621664
28.0,38.537895
41.0,42.873535
65.0,67.43375
28.0,29.86161
29.0,38.40034
31.0,37.79152
21.0,30.266129
73.0,59.4597
48.0,50.398567
22.0,27.174566
42.0,34.752754
23.0,32.5824
54.0,47.059513
19.0,26.078604
45.0,45.406628
22.0,25.58013
18.0,19.39752
80.0,73.30507
43.0,34.96249
25.0,25.39229
61.0,65.687126
46.0,40.108982
80.0,72.69083
37.0,40.168457
69.0,66.417305
19.0,25.856297
32.0,42.23875
21.0,21.979221
49.0,50.828114
48.0,64.774925
44.0,39.13438
36.0,32.929443
43.0,43.12944
29.0,34.665092
25.0,28.163977
31.0,28.6585
58.0,63.128178
73.0,66.720276
31.0,27.7447
44.0,37.855003
36.0,36.932903
18.0,27.747255
72.0,67.19553
67.0,54.04282
31.0,37.812492
79.0,74.85437
61.0,55.93208
30.0,35.53367
54.0,52.560802
50.0,51.66745
70.0,73.2493
79.0,45.5481
45.0,42.613605
55.0,47.819973
71.0,71.663925
24.0,26.460936
71.0,71.36827
37.0,50.17317
61.0,68.470276
69.0,56.400333
59.0,54.774963
49.0,45.015797
70.0,69.74291
28.0,27.846949
58.0,68.39416
80.0,69.90892
71.0,67.178055
31.0,22.582542
55.0,51.042706
40.0,30.874243
79.0,74.620926
58.0,65.11698
47.0,65.87321
44.0,42.804485
22.0,22.172495
80.0,70.004555
51.0,61.019165
43.0,41.852947
60.0,57.783653
54.0,54.024197
33.0,37.867653
59.0,44.20403
51.0,38.123314
44.0,42.141598
33.0,36.774475
46.0,52.643646
65.0,65.9189
25.0,26.342648
21.0,26.850317
38.0,61.23966
19.0,32.073906
75.0,62.90183
49.0,60.19744
18.0,25.966934
64.0,54.54075
77.0,72.71577
78.0,68.71967
34.0,38.10005
19.0,28.208208
46.0,53.57235
35.0,39.993523
40.0,49.53835
35.0,46.23652
75.0,59.21914
71.0,68.78901
34.0,40.005447
55.0,54.057953
51.0,47.278915
20.0,25.537607
31.0,33.19215
21.0,28.03367
52.0,53.086056
19.0,23.509815
37.0,48.75724
19.0,23.594479
60.0,66.27385
26.0,33.77043
58.0,60.192223
57.0,66.167725
20.0,26.476568
62.0,64.26679
35.0,29.528013
44.0,53.133255
40.0,42.35854
53.0,37.76596
33.0,46.79331
80.0,77.299484
68.0,59.1917
80.0,75.70068
44.0,52.082047
34.0,37.111767
80.0,64.684006
56.0,54.237083
26.0,43.826263
40.0,45.830723
80.0,70.52025
38.0,39.10356
66.0,68.53071
19.0,40.004753
25.0,44.114395
27.0,31.18878
43.0,39.988403
33.0,27.371077
31.0,41.91732
36.0,31.593428
50.0,42.48238
25.0,27.9655
60.0,62.72969
80.0,78.51886
47.0,61.839394
22.0,25.20962
57.0,50.028778
56.0,46.618465
80.0,76.48525
20.0,24.332811
44.0,38.65925
50.0,40.781685
80.0,72.17288
35.0,28.43014
71.0,73.996414
49.0,63.93342
67.0,65.687805
50.0,53.697704
40.0,52.02969
59.0,53.560226
32.0,42.457676
24.0,28.741282
19.0,29.773947
40.0,34.815933
62.0,65.47358
69.0,67.374825
46.0,49.02443
62.0,63.312473
32.0,26.144392
25.0,27.894726
55.0,42.935604
23.0,26.452234
71.0,69.52338
21.0,18.135508
33.0,49.747738
67.0,66.45316
20.0,23.273102
26.0,38.387817
60.0,51.402393
76.0,71.44668
19.0,28.048347
55.0,43.2576
54.0,52.75723
45.0,50.0034
61.0,61.10361
80.0,74.41867
75.0,71.85753
48.0,39.194817
78.0,77.234215
80.0,64.6546
74.0,76.489136
68.0,66.60977
66.0,65.0335
63.0,61.055046
65.0,76.49461
18.0,32.878517
25.0,27.547197
24.0,33.804863
74.0,68.67757
46.0,38.25803
22.0,29.88859
40.0,41.15673
57.0,54.637466
29.0,23.39312
39.0,39.397163
22.0,35.334656
30.0,24.234562
42.0,65.35352
18.0,25.38537
24.0,25.139952
46.0,40.614906
57.0,60.638905
53.0,54.60793
38.0,39.38372
67.0,68.17331
32.0,32.684906
33.0,27.879372
54.0,42.11268
29.0,39.35094
36.0,33.246494
36.0,37.29808
58.0,40.362137
18.0,25.28615
52.0,47.351555
18.0,31.197502
64.0,63.22072
64.0,63.437744
36.0,33.962105
65.0,68.61391
44.0,35.218376
42.0,40.879684
77.0,58.804188
22.0,38.786865
80.0,76.46345
54.0,51.4081
19.0,22.73048
37.0,35.57606
24.0,24.726421
76.0,73.56057
63.0,66.39018
51.0,44.065254
39.0,47.403057
65.0,68.02568
65.0,72.795235
77.0,49.877445
61.0,66.20055
50.0,57.0656
46.0,37.826675
53.0,46.018387
57.0,57.845905
48.0,35.222366
27.0,31.25385
51.0,55.644768
47.0,57.7251
42.0,31.771742
31.0,28.356209
19.0,31.97089
46.0,36.11044
23.0,44.827816
49.0,56.954502
33.0,54.92576
38.0,36.09369
77.0,60.18174
28.0,22.96019
56.0,53.48631
41.0,53.045094
46.0,34.934612
63.0,52.44434
65.0,58.4276
27.0,30.87879
65.0,73.785194
18.0,22.540167
23.0,32.80578
22.0,22.251791
47.0,57.621727
78.0,71.181076
71.0,68.312904
50.0,50.844223
42.0,62.191093
38.0,41.222656
56.0,46.98682
28.0,37.260326
48.0,56.09139
45.0,49.874195
46.0,45.114014
50.0,52.71408
70.0,55.313675
33.0,46.59432
19.0,31.231724
44.0,63.9084
54.0,55.26243
50.0,58.664463
32.0,38.50387
42.0,48.030403
54.0,36.36281
34.0,38.263496
57.0,39.597435
49.0,66.14187
80.0,56.72422
67.0,62.33853
31.0,34.258087
63.0,61.18892
38.0,52.29358
66.0,69.49573
29.0,19.854008
80.0,83.063675
26.0,28.326777
49.0,40.60858
36.0,26.738552
39.0,33.72119
57.0,60.556984
79.0,63.39149
18.0,20.406994
40.0,50.351814
47.0,40.00555
69.0,72.97861
30.0,34.1261
20.0,22.000082
44.0,38.03816
33.0,35.919518
21.0,37.318325
64.0,60.807076
70.0,58.235588
40.0,50.293797
22.0,26.098524
80.0,70.61984
28.0,27.045685
63.0,69.03586
56.0,55.9116
42.0,40.303314
64.0,67.763115
79.0,68.22787
23.0,28.465322
80.0,70.909225
77.0,67.22545
36.0,29.921991
18.0,29.421547
58.0,60.453625
49.0,39.814087
59.0,58.32018
52.0,57.306427
32.0,44.09984
25.0,21.997143
24.0,27.44642
28.0,25.827454
64.0,59.56566
70.0,55.36312
34.0,21.526573
29.0,31.593939
65.0,69.8545
40.0,47.33737
58.0,39.66072
37.0,30.306837
23.0,34.09062
21.0,20.813538
39.0,42.100483
57.0,61.753258
30.0,36.297543
66.0,38.568466
60.0,55.44723
41.0,42.868553
57.0,61.60309
64.0,54.51381
42.0,28.325304
62.0,57.19517
41.0,38.263515
27.0,44.14134
60.0,61.3133
18.0,22.475864
45.0,38.484875
67.0,65.7097
29.0,31.60873
34.0,36.477642
76.0,57.808666
68.0,48.47564
62.0,69.5675
73.0,63.64024
47.0,41.9535
54.0,49.615585
71.0,70.32072
45.0,37.234097
54.0,46.11442
25.0,26.647123
45.0,59.72467
56.0,42.28073
18.0,19.146803
29.0,32.872555
41.0,38.582115
25.0,35.68821
49.0,58.649536
80.0,80.121315
21.0,20.038603
70.0,61.56198
71.0,62.699642
54.0,40.14872
57.0,49.025238
39.0,50.747025
80.0,80.93852
26.0,27.410305
78.0,60.71755
80.0,71.059685
44.0,38.105648
19.0,20.030502
42.0,51.68457
19.0,31.051702
46.0,59.218323
45.0,48.731796
49.0,45.06634
23.0,27.921663
45.0,48.54078
39.0,47.99007
24.0,27.398378
39.0,38.290943
62.0,59.258404
61.0,72.99436
38.0,41.644554
65.0,64.156876
62.0,52.41278
53.0,60.5496
35.0,33.71131
32.0,31.880978
32.0,36.597
80.0,77.31838
18.0,31.360964
67.0,56.84555
54.0,40.204456
55.0,47.694626
63.0,46.918884
60.0,62.16149
56.0,63.312775
44.0,49.597744
76.0,64.23936
31.0,43.546566
52.0,56.143715
29.0,39.10591
59.0,61.416077
80.0,85.26684
67.0,56.166756
67.0,69.60425
80.0,80.75078
61.0,58.02921
36.0,38.493073
46.0,43.020493
56.0,50.697926
62.0,57.214943
54.0,64.87816
19.0,31.615896
19.0,22.57838
27.0,42.093204
72.0,57.09206
46.0,34.325596
59.0,61.097824
63.0,67.427086
67.0,68.22783
67.0,68.19391
69.0,63.795357
66.0,66.88169
29.0,35.169353
80.0,75.795975
19.0,27.17737
38.0,39.325333
23.0,21.409025
36.0,35.499477
43.0,39.325123
58.0,52.699028
44.0,43.311333
60.0,54.35691
27.0,21.459835
24.0,25.482445
41.0,38.925144
30.0,29.46128
21.0,24.922525
49.0,48.16088
68.0,65.080795
63.0,60.217125
61.0,64.083244
58.0,57.014187
18.0,25.504898
19.0,20.813108
59.0,56.7929
61.0,53.72123
51.0,58.638996
78.0,64.95016
18.0,19.908457
34.0,48.875156
45.0,41.93199
31.0,28.041433
45.0,33.390648
72.0,72.505356
35.0,42.2569
39.0,50.58187
29.0,23.029213
80.0,77.63034
54.0,58.126694
24.0,33.29426
32.0,38.743145
59.0,70.21965
47.0,34.964596
61.0,48.115875
31.0,28.692263
67.0,60.43071
34.0,39.676258
51.0,55.351345
24.0,21.420322
80.0,73.732315
74.0,71.6033
39.0,48.344875
53.0,53.520397
41.0,41.112667
61.0,48.966335
43.0,62.397934
56.0,63.932285
26.0,23.820599
28.0,30.644964
64.0,72.726425
31.0,32.639587
72.0,80.065216
59.0,53.464256
31.0,26.236258
36.0,42.604897
38.0,41.845966
36.0,36.628258
23.0,30.430899
64.0,48.507866
63.0,63.07966
75.0,57.67408
68.0,65.59712
65.0,56.201435
72.0,66.01358
54.0,48.064667
18.0,19.155079
42.0,46.69368
55.0,55.478584
61.0,67.117096
80.0,68.49654
64.0,64.2999
54.0,58.033073
51.0,52.694843
19.0,24.643528
71.0,62.784523
32.0,27.343681
54.0,56.222874
80.0,76.38689
79.0,71.124405
23.0,24.801657
31.0,44.28721
36.0,30.041544
31.0,23.656172
61.0,51.354164
39.0,44.912888
80.0,79.0005
80.0,74.66768
68.0,68.47285
54.0,56.46401
48.0,42.32595
30.0,35.601616
58.0,52.253273
18.0,24.43001
52.0,57.635666
68.0,71.23814
74.0,65.43002
71.0,74.58664
39.0,44.53753
39.0,26.650656
59.0,63.459568
49.0,44.17137
19.0,32.68625
41.0,42.081924
41.0,32.435463
25.0,24.400885
71.0,61.57464
31.0,41.184086
20.0,23.353107
52.0,35.07614
78.0,65.61204
80.0,61.367176
35.0,43.407784
34.0,24.648838
22.0,18.076668
47.0,51.752995
27.0,39.065132
24.0,23.558811
42.0,46.00221
76.0,70.96336
35.0,40.428787
70.0,60.75204
56.0,50.6515
45.0,52.4357
55.0,68.295715
31.0,29.529903
45.0,55.184605
57.0,49.773796
66.0,66.12084
71.0,62.448368
62.0,49.648373
61.0,57.973633
67.0,71.08481
31.0,22.376368
22.0,27.030312
66.0,51.118496
70.0,69.66708
38.0,39.899784
50.0,57.665596
54.0,58.65084
67.0,68.70241
18.0,20.70796
71.0,77.65931
71.0,65.62426
80.0,51.72012
80.0,72.685196
52.0,38.892006
70.0,67.03608
51.0,40.765316
49.0,43.653072
66.0,63.262093
74.0,72.471794
37.0,50.074116
59.0,60.559223
19.0,32.628525
56.0,67.49523
27.0,35.827053
60.0,56.0414
56.0,55.63335
75.0,71.018036
58.0,58.043594
60.0,55.550682
65.0,64.67214
25.0,35.443184
58.0,50.8975
59.0,51.89028
35.0,34.585644
57.0,53.219795
61.0,57.80963
61.0,69.231384
80.0,70.38994
72.0,74.01724
80.0,77.00396
61.0,56.509365
22.0,43.366936
27.0,32.84395
24.0,28.107948
57.0,42.370018
64.0,63.658287
30.0,30.061419
42.0,46.559944
28.0,32.12045
42.0,38.400307
48.0,45.55528
21.0,29.43079
55.0,51.940655
71.0,71.37589
71.0,75.047455
41.0,31.215733
36.0,42.584106
56.0,53.32705
74.0,53.358795
45.0,36.58324
38.0,24.160196
44.0,48.680405
19.0,31.866213
80.0,69.54831
57.0,57.713043
19.0,22.902359
22.0,34.924603
66.0,40.369446
69.0,65.95961
34.0,36.742947
31.0,41.34086
48.0,43.54378
66.0,62.15356
36.0,33.287655
43.0,37.022194
27.0,21.699982
80.0,71.628716
57.0,67.21777
58.0,66.46082
18.0,29.505465
58.0,69.63884
53.0,56.00319
73.0,64.12776
64.0,61.068882
67.0,71.6245
56.0,72.61047
47.0,49.088993
70.0,63.852734
68.0,65.97556
50.0,52.532154
19.0,26.68733
28.0,27.409178
63.0,61.421947
38.0,55.89662
22.0,30.41164
20.0,21.423632
30.0,43.962803
80.0,52.00331
62.0,73.9736
80.0,75.93963
48.0,46.266827
51.0,47.01124
80.0,76.84921
32.0,28.522198
21.0,18.265123
19.0,18.944853
66.0,64.28803
80.0,76.02757
63.0,77.754196
47.0,38.121166
43.0,27.703493
18.0,35.649277
22.0,25.744183
61.0,61.140106
58.0,51.276463
67.0,55.539303
45.0,37.4946
63.0,51.717026
64.0,61.84108
78.0,74.62825
30.0,33.98359
31.0,24.676832
63.0,69.860985
19.0,24.01882
37.0,44.14889
71.0,66.07747
53.0,53.087105
72.0,76.034515
28.0,28.854898
44.0,26.304173
40.0,48.756367
53.0,54.012177
67.0,64.71113
66.0,53.081284
45.0,51.623585
18.0,30.778772
50.0,40.142212
52.0,56.620594
45.0,38.928513
47.0,48.473274
30.0,35.515957
78.0,77.2735
31.0,33.08464
58.0,54.537926
31.0,31.308168
23.0,34.791473
26.0,29.668425
52.0,59.00571
67.0,73.80988
63.0,56.072636
57.0,51.954506
20.0,20.305204
60.0,79.71844
47.0,39.175804
35.0,26.212555
76.0,78.690956
38.0,32.06677
55.0,59.84875
20.0,31.035738
20.0,23.880007
80.0,57.90986
72.0,61.239113
54.0,33.642075
46.0,44.184353
66.0,70.76097
61.0,74.47704
23.0,25.487247
74.0,54.891098
18.0,32.52159
75.0,53.589584
70.0,63.592808
20.0,20.275911
80.0,74.4919
58.0,55.666046
52.0,56.182934
80.0,83.41759
72.0,73.03246
37.0,45.121326
73.0,69.32202
19.0,26.587923
80.0,76.61982
78.0,72.51773
48.0,52.719296
50.0,47.173603
79.0,75.19117
47.0,42.27664
66.0,60.98089
18.0,23.177528
37.0,36.159252
20.0,20.544146
53.0,44.99499
44.0,48.744396
60.0,67.83117
49.0,51.71955
42.0,42.98132
59.0,47.411327
28.0,44.93306
74.0,72.50462
43.0,39.979576
80.0,74.572495
79.0,64.39448
57.0,50.08843
20.0,23.136236
18.0,34.37877
63.0,65.886215
80.0,52.32903
28.0,31.808937
61.0,49.807587
37.0,33.61738
32.0,44.214924
51.0,49.65583
52.0,47.268024
80.0,75.03386
29.0,32.704067
20.0,22.469477
79.0,65.62236
61.0,50.367477
61.0,53.134792
27.0,38.933716
33.0,41.728313
66.0,67.579155
54.0,58.43686
80.0,76.59236
63.0,62.37699
23.0,20.945936
64.0,51.19639
60.0,57.01358
46.0,42.03057
61.0,66.51051
61.0,63.741333
64.0,65.6776
64.0,51.41586
32.0,27.340626
78.0,64.99913
73.0,68.69238
62.0,55.381
53.0,52.50325
62.0,61.911537
80.0,70.773094
56.0,66.93269
63.0,59.574844
28.0,26.134966
34.0,43.70444
55.0,61.109848
26.0,24.20517
70.0,61.77458
71.0,69.0173
20.0,27.880367
22.0,22.625462
24.0,23.670933
37.0,30.664293
80.0,76.47057
32.0,37.26618
57.0,59.860638
61.0,61.040955
39.0,42.350254
74.0,71.96461
20.0,24.928314
28.0,27.770485
55.0,42.779305
37.0,36.063107
66.0,57.6212
78.0,75.757484
50.0,40.871353
23.0,27.350367
61.0,75.33487
49.0,55.14116
34.0,37.882946
26.0,31.534136
39.0,51.146408
61.0,56.344685
73.0,52.031006
30.0,30.552944
57.0,64.824165
63.0,62.830894
66.0,65.91526
80.0,72.93794
61.0,60.11496
52.0,54.357647
66.0,48.286728
25.0,42.450848
66.0,73.389404
71.0,67.48191
39.0,33.86914
66.0,60.289524
57.0,67.06487
19.0,22.221018
50.0,43.252346
77.0,73.38002
33.0,40.44247
39.0,58.686886
18.0,15.868027
80.0,75.939835
78.0,72.89006
36.0,41.74836
55.0,55.943127
54.0,72.339935
18.0,22.527853
19.0,24.444677
56.0,64.44971
23.0,22.468454
34.0,39.23324
38.0,46.334194
35.0,40.59022
35.0,40.63541
33.0,28.297098
63.0,62.90628
21.0,23.89177
72.0,47.531055
39.0,43.71504
60.0,47.13588
60.0,58.953537
80.0,75.54816
33.0,28.05659
65.0,60.834442
25.0,33.598537
46.0,53.92711
19.0,23.489779
19.0,17.597435
47.0,44.499928
30.0,30.385735
22.0,26.193151
30.0,28.454115
50.0,59.667595
64.0,59.1287
22.0,25.24949
58.0,60.728382
75.0,47.08737
31.0,30.334368
61.0,57.465652
62.0,64.5406
23.0,36.079018
40.0,31.590593
35.0,30.461931
19.0,26.48419
31.0,33.261097
24.0,22.838598
40.0,44.087475
22.0,26.047031
80.0,58.50803
38.0,34.272648
68.0,59.37225
31.0,39.682343
18.0,22.776737
59.0,60.478928
61.0,61.678925
70.0,59.237732
79.0,73.36977
34.0,53.464256
64.0,56.39724
65.0,66.846596
24.0,25.661348
30.0,24.103535
68.0,68.59644
61.0,44.516857
31.0,35.61857
59.0,68.66734
63.0,59.558624
58.0,56.96876
34.0,43.52876
78.0,58.083008
24.0,20.894463
60.0,68.48137
58.0,43.257687
43.0,55.77104
65.0,67.12067
66.0,52.41834
62.0,56.812183
78.0,76.29555
63.0,70.147964
50.0,45.111706
68.0,64.85353
80.0,72.96885
62.0,59.671318
41.0,55.3593
61.0,58.33169
77.0,67.62459
52.0,51.797245
18.0,25.508749
56.0,61.78031
18.0,25.45178
70.0,44.235996
72.0,73.89224
80.0,74.407776
23.0,33.5059
62.0,66.02127
49.0,58.293106
30.0,29.854427
80.0,74.79355
61.0,57.642544
80.0,77.04625
41.0,44.494724
80.0,75.11523
20.0,31.183779
31.0,29.227604
52.0,58.176743
57.0,49.02639
72.0,66.56187
42.0,31.636177
66.0,59.062027
73.0,66.11552
48.0,39.07196
75.0,73.14711
23.0,31.889578
68.0,71.22263
40.0,39.894035
19.0,29.058989
62.0,44.22602
55.0,56.23553
20.0,21.738874
55.0,57.205383
24.0,30.828293
41.0,44.546024
65.0,65.078125
59.0,60.99713
25.0,30.130413
80.0,63.27417
54.0,54.185955
63.0,48.946854
53.0,65.70584
21.0,42.841717
19.0,22.943687
52.0,66.1005
19.0,35.155983
78.0,74.62427
23.0,23.45397
63.0,70.61655
19.0,21.062347
51.0,33.26905
61.0,70.3762
55.0,63.14647
80.0,75.85995
58.0,64.579796
64.0,54.339783
34.0,36.839817
41.0,36.632904
60.0,62.33285
18.0,14.76535
36.0,33.83143
41.0,36.35629
70.0,63.92832
80.0,66.92907
59.0,49.25306
43.0,27.217094
29.0,25.090082
72.0,61.084805
42.0,55.356293
52.0,56.530056
71.0,67.48801
80.0,78.551384
18.0,28.656923
61.0,51.214447
54.0,54.84628
43.0,58.765083
53.0,65.431114
58.0,62.96873
21.0,30.108088
80.0,81.251785
38.0,25.013918
55.0,45.20431
76.0,68.85744
28.0,35.97076
63.0,66.41246
19.0,28.085323
80.0,67.731155
65.0,59.004658
63.0,34.366707
60.0,66.3642
19.0,31.38804
51.0,57.613552
61.0,70.04601
42.0,44.155334
62.0,70.08612
28.0,53.39553
20.0,23.981726
45.0,49.706303
54.0,62.144104
73.0,73.23917
60.0,60.64598
46.0,41.014427
41.0,39.78174
40.0,38.6416
60.0,61.340816
37.0,39.931152
41.0,43.211155
80.0,71.4055
39.0,34.16655
48.0,39.01883
20.0,24.32915
55.0,54.314285
68.0,66.96957
56.0,57.87046
36.0,57.138596
64.0,77.1192
52.0,40.172718
53.0,54.086998
22.0,28.848288
73.0,70.79834
24.0,19.102173
70.0,67.424904
32.0,30.346104
31.0,40.422592
58.0,46.95363
72.0,72.81673
80.0,81.96273
60.0,63.03855
60.0,46.320454
60.0,61.352074
42.0,36.291485
45.0,52.712288
31.0,32.627525
32.0,34.3668
24.0,25.153498
63.0,45.94648
62.0,68.89086
23.0,19.846144
80.0,73.54807
39.0,43.467815
69.0,63.832333
35.0,40.227135
34.0,36.40336
21.0,29.581232
49.0,48.897003
77.0,77.264854
29.0,27.063534
19.0,34.003365
24.0,34.118904
58.0,73.0376
77.0,76.71936
32.0,31.29022
66.0,65.52912
62.0,55.767815
40.0,48.938156
77.0,73.9927
19.0,27.578041
24.0,27.618645
34.0,61.73473
48.0,28.50676
61.0,51.515057
26.0,25.041027
80.0,80.409615
80.0,73.40552
80.0,68.071884
37.0,48.838017
24.0,25.776749
47.0,51.708736
63.0,52.489445
19.0,24.403196
80.0,69.15666
52.0,51.415154
66.0,56.693336
51.0,44.868538
38.0,42.371323
72.0,65.68383
67.0,66.73448
19.0,24.546503
34.0,45.42926
80.0,74.17726
25.0,30.787922
38.0,31.340588
68.0,45.109894
80.0,72.77194
64.0,53.346622
56.0,62.776237
61.0,56.89908
62.0,55.086605
40.0,43.483612
42.0,36.809994
42.0,57.48453
54.0,53.08691
22.0,28.636923
24.0,36.559074
52.0,65.207054
47.0,58.228565
58.0,56.354637
20.0,26.41039
55.0,47.186367
54.0,53.172424
22.0,26.065624
41.0,36.242027
42.0,37.09433
62.0,59.548668
59.0,64.46291
23.0,39.80898
61.0,59.76324
57.0,59.42224
34.0,30.702663
45.0,45.595943
33.0,30.087574
51.0,48.39487
55.0,41.610477
30.0,33.540043
64.0,65.637024
62.0,63.262638
72.0,73.55835
19.0,32.761787
60.0,47.93714
45.0,56.399406
64.0,64.63518
44.0,39.873837
77.0,76.03988
36.0,40.780067
18.0,20.522635
55.0,58.39214
55.0,29.610802
23.0,31.67264
40.0,40.120598
64.0,61.52994
63.0,56.63377
38.0,48.39062
20.0,30.666254
80.0,76.8672
43.0,43.528065
20.0,27.316538
80.0,68.65897
44.0,62.04671
32.0,26.498703
33.0,46.531406
29.0,44.03614
19.0,19.752316
58.0,49.365135
32.0,25.33584
51.0,58.3527
44.0,43.13775
80.0,67.46756
23.0,30.766043
80.0,75.70604
26.0,48.907883
18.0,45.626015
72.0,63.987038
60.0,58.90125
65.0,64.43833
47.0,34.884857
46.0,48.21564
38.0,37.04622
53.0,54.82285
19.0,18.586939
34.0,27.81704
62.0,61.869034
70.0,67.96585
59.0,58.865894
51.0,58.04409
48.0,35.642
55.0,56.517937
61.0,63.201252
52.0,44.73661
52.0,61.839252
27.0,28.532043
50.0,35.186413
60.0,52.5825
23.0,25.304634
48.0,39.959946
39.0,33.38808
50.0,48.907875
52.0,50.58031
79.0,75.22042
67.0,50.141796
25.0,27.458563
19.0,17.682795
41.0,31.876457
47.0,45.0282
80.0,75.19082
64.0,63.136513
29.0,21.914915
22.0,28.336231
54.0,66.68739
21.0,28.425426
52.0,51.039402
19.0,22.644022
18.0,25.675264
29.0,41.804817
41.0,32.687668
65.0,66.93125
58.0,59.342583
39.0,50.179367
44.0,38.61604
45.0,36.874992
24.0,21.54154
61.0,64.73509
32.0,27.984562
19.0,32.62042
65.0,69.83741
35.0,29.771137
43.0,48.03307
28.0,26.909159
39.0,40.617752
29.0,30.972689
53.0,47.20096
70.0,68.45252
24.0,35.22805
51.0,45.68248
79.0,75.501976
63.0,60.7586
24.0,26.52081
32.0,58.086033
80.0,77.97296
62.0,65.00066
19.0,23.535393
70.0,69.352844
77.0,66.87302
33.0,31.16472
51.0,51.249504
48.0,37.25641
41.0,56.13934
40.0,35.005867
60.0,62.864243
78.0,75.39958
35.0,38.674503
54.0,53.067783
60.0,58.133556
54.0,39.825287
23.0,31.805077
47.0,48.092285
80.0,76.31391
58.0,58.75894
30.0,35.64282
77.0,61.17624
41.0,40.20947
80.0,71.857834
29.0,26.500843
74.0,65.37509
46.0,64.39039
44.0,49.948006
54.0,52.74275
63.0,65.17221
44.0,49.769028
24.0,29.943254
62.0,61.290104
23.0,32.951595
80.0,72.66933
56.0,49.17067
65.0,62.46806
31.0,24.686987
54.0,55.87979
60.0,62.399857
45.0,44.60609
31.0,27.239735
67.0,71.485985
62.0,61.292225
26.0,30.741348
68.0,48.920055
24.0,24.623161
45.0,42.501553
49.0,56.00022
76.0,61.576813
47.0,31.41853
21.0,20.088036
18.0,20.889378
80.0,73.81273
29.0,25.227669
74.0,60.794456
31.0,36.524227
38.0,37.400635
42.0,44.109825
29.0,26.590174
33.0,40.319237
37.0,53.51048
63.0,60.933136
66.0,56.5753
75.0,73.775894
75.0,67.60729
66.0,58.635044
44.0,49.520336
51.0,40.870445
26.0,28.297445
30.0,39.599953
32.0,33.48403
40.0,38.549873
62.0,65.22513
29.0,32.00186
21.0,26.082254
22.0,23.090967
48.0,39.982136
76.0,73.90632
63.0,63.152733
49.0,60.56678
78.0,68.451965
34.0,40.459152
22.0,27.50414
59.0,53.139557
58.0,59.83578
74.0,60.70182
61.0,61.3958
60.0,51.371956
68.0,68.947235
58.0,31.56802
57.0,61.006416
42.0,55.431973
49.0,50.61432
61.0,65.70688
22.0,25.012608
27.0,31.182663
32.0,53.930927
58.0,52.68921
19.0,19.459558
54.0,64.47547
63.0,58.896854
46.0,37.101715
32.0,38.761208
19.0,25.651882
59.0,70.413025
54.0,57.30055
36.0,30.54744
80.0,72.44291
80.0,70.62105
50.0,58.379967
30.0,25.702389
66.0,66.18146
18.0,25.914587
39.0,60.120953
41.0,28.413773
25.0,44.504803
59.0,53.709045
77.0,41.340424
21.0,21.010204
39.0,37.5543
80.0,51.776375
50.0,40.01531
50.0,43.507046
51.0,54.287018
60.0,66.071945
55.0,59.097977
59.0,61.976437
20.0,25.143023
69.0,79.64661
28.0,35.52396
57.0,54.559963
74.0,66.46177
65.0,59.665215
19.0,30.359327
76.0,76.26408
24.0,29.207462
67.0,64.75478
56.0,41.61701
76.0,71.27887
80.0,64.04764
73.0,67.137436
49.0,39.620674
23.0,25.268412
61.0,63.043648
37.0,25.119343
62.0,47.522747
41.0,38.825035
27.0,29.616508
51.0,63.81129
46.0,40.69982
64.0,73.53833
61.0,53.236458
45.0,63.539257
36.0,46.439598
20.0,30.014719
18.0,21.141829
50.0,56.330635
42.0,52.901375
27.0,28.636227
66.0,69.952774
37.0,34.34258
56.0,35.54563
24.0,33.89275
51.0,44.038666
64.0,58.605946
31.0,55.73883
35.0,23.471136
38.0,42.902874
42.0,43.159996
41.0,34.174107
64.0,52.495956
21.0,47.72678
65.0,69.358444
26.0,20.411556
18.0,26.268318
80.0,80.40248
73.0,52.739857
75.0,74.48912
55.0,60.753353
60.0,55.969177
18.0,28.926582
41.0,42.03607
78.0,71.14589
42.0,49.600628
64.0,53.253475
80.0,72.85628
80.0,67.056755
59.0,58.83008
28.0,29.18198
33.0,30.56615
72.0,75.308846
80.0,74.6935
42.0,37.91107
21.0,44.142796
46.0,38.596783
53.0,27.17199
71.0,63.932354
39.0,34.96821
80.0,71.27066
54.0,42.92061
52.0,58.983967
62.0,62.252697
56.0,43.80839
23.0,29.732767
59.0,51.02786
73.0,77.09669
40.0,55.58571
70.0,49.85378
71.0,82.3329
44.0,58.2744
80.0,73.13952
23.0,21.025068
80.0,73.68247
65.0,66.922874
52.0,66.58063
62.0,61.23451
56.0,61.35189
21.0,25.410192
80.0,67.38268
46.0,50.314194
72.0,75.90851
44.0,67.20767
53.0,44.888405
58.0,46.228416
71.0,77.55716
62.0,52.017036
45.0,43.849316
30.0,29.828636
69.0,64.952255
61.0,60.84501
76.0,72.72215
52.0,56.000534
30.0,23.54156
24.0,41.479115
70.0,59.47955
21.0,24.024216
56.0,53.660316
71.0,71.56553
24.0,28.203577
65.0,64.469284
39.0,38.561577
34.0,23.242561
66.0,58.14433
30.0,53.18558
49.0,49.42398
44.0,44.733654
47.0,52.673054
55.0,52.6585
73.0,61.80053
62.0,43.15572
33.0,32.632774
80.0,67.73651
59.0,56.239574
61.0,50.494667
44.0,41.21633
80.0,74.90277
18.0,18.651892
39.0,43.369835
18.0,17.144735
29.0,37.732452
64.0,60.115685
30.0,24.223486
55.0,59.183468
74.0,66.49431
55.0,49.95941
67.0,65.69761
55.0,42.145523
47.0,52.83058
80.0,75.71905
57.0,56.17389
60.0,53.779816
66.0,65.58691
36.0,26.80733
27.0,31.70586
18.0,24.56603
60.0,61.331276
25.0,26.09312
41.0,46.848274
77.0,72.324326
80.0,65.82007
25.0,25.597546
60.0,68.89415
18.0,20.160593
69.0,63.522125
28.0,37.070507
38.0,27.581627
57.0,52.398045
42.0,36.090694
45.0,41.524815
39.0,47.3075
75.0,74.22925
70.0,79.11642
50.0,49.030636
24.0,25.819847
71.0,60.769424
21.0,29.457905
71.0,70.98478
66.0,73.80589
59.0,56.046295
57.0,46.15847
80.0,72.28908
69.0,69.32987
80.0,72.09604
41.0,32.051765
75.0,72.20732
63.0,58.095684
22.0,39.552162
39.0,33.60652
43.0,43.278294
28.0,31.385307
34.0,37.287132
44.0,43.567146
70.0,68.14087
48.0,54.615158
80.0,67.693665
44.0,34.19302
22.0,21.370527
63.0,59.313828
54.0,66.22553
39.0,31.200666
76.0,69.26689
55.0,67.35565
25.0,32.33167
62.0,54.71257
55.0,59.30934
43.0,51.5805
49.0,50.124405
20.0,40.531128
67.0,70.05855
20.0,19.813576
18.0,31.633347
59.0,58.448536
64.0,57.767517
74.0,70.72863
61.0,73.169586
80.0,70.55882
45.0,40.74453
67.0,71.779434
48.0,37.524498
35.0,40.752686
34.0,29.688206
66.0,59.999317
33.0,52.213608
61.0,66.78697
64.0,64.99536
54.0,46.776997
37.0,33.5353
38.0,37.301506
33.0,40.57282
80.0,69.68504
69.0,73.22574
26.0,33.96271
20.0,27.08561
80.0,73.196495
61.0,65.94016
56.0,70.81301
34.0,21.927177
39.0,50.303658
80.0,77.29913
67.0,70.672615
40.0,35.34487
51.0,58.44532
50.0,46.57471
39.0,38.085793
61.0,52.56826
22.0,25.910805
56.0,41.837452
32.0,35.409245
72.0,68.066505
32.0,36.365906
66.0,54.25586
19.0,28.723589
27.0,25.07954
30.0,31.681551
22.0,25.288572
46.0,41.97489
45.0,56.21972
60.0,58.845295
63.0,59.682037
58.0,49.74785
64.0,64.36288
18.0,20.69274
62.0,61.58458
40.0,45.2811
31.0,59.556305
41.0,31.220673
53.0,66.13363
46.0,47.39169
18.0,18.432274
34.0,25.941597
49.0,60.206505
43.0,50.172447
28.0,25.917517
43.0,37.25532
49.0,51.37922
35.0,33.484703
34.0,33.277687
49.0,54.81086
21.0,33.45537
72.0,70.50656
56.0,58.821693
62.0,54.13126
31.0,38.475544
60.0,66.53987
43.0,49.263664
67.0,65.43058
51.0,55.629753
80.0,78.627716
39.0,38.986725
70.0,58.992355
67.0,73.73419
80.0,66.266785
64.0,63.824806
68.0,64.14701
57.0,59.71724
70.0,61.541622
47.0,53.67465
73.0,71.760895
31.0,52.042454
64.0,50.33232
80.0,83.57068
26.0,31.473463
49.0,64.25217
80.0,72.49255
65.0,71.25996
67.0,71.11995
44.0,43.869488
23.0,25.624144
57.0,55.55642
38.0,39.404503
30.0,25.882048
75.0,59.878464
21.0,31.697845
60.0,51.027344
25.0,33.489517
80.0,71.77656
49.0,47.440445
49.0,50.06943
38.0,44.289974
26.0,43.676804
18.0,26.613054
18.0,19.206335
27.0,20.691513
80.0,65.09923
68.0,62.78016
50.0,33.003754
73.0,73.3188
40.0,49.04887
60.0,56.60243
80.0,85.051834
80.0,75.11035
61.0,60.240704
38.0,38.03933
31.0,20.157227
23.0,21.438684
51.0,54.37139
45.0,39.586212
46.0,39.827835
21.0,25.70914
60.0,64.712296
51.0,46.25243
51.0,51.04884
42.0,36.719055
63.0,67.42511
50.0,59.77094
55.0,52.806526
80.0,77.96927
52.0,57.103966
25.0,30.777624
80.0,80.73525
71.0,64.849266
74.0,69.52289
50.0,49.257217
51.0,42.011314
52.0,60.783405
75.0,61.386818
64.0,56.815613
39.0,34.772133
55.0,45.204678
34.0,35.196938
80.0,74.24885
38.0,42.296383
64.0,50.930832
50.0,44.563408
20.0,30.98752
28.0,25.47229
60.0,50.552067
24.0,31.439741
80.0,75.16237
31.0,40.181194
24.0,27.829704
69.0,53.305264
57.0,53.447758
29.0,30.112297
19.0,21.02645
19.0,19.682882
26.0,35.030037
79.0,74.00053
66.0,78.61662
73.0,61.51734
47.0,39.578667
50.0,59.261772
42.0,36.80072
71.0,66.400444
55.0,48.033237
44.0,35.952145
25.0,24.605822
60.0,58.99359
53.0,55.180916
70.0,65.830894
59.0,51.153713
76.0,75.77717
76.0,73.57216
71.0,73.836334
48.0,60.93554
24.0,23.702038
24.0,28.694874
64.0,65.88639
68.0,64.03793
70.0,54.056675
61.0,59.036724
30.0,37.01272
61.0,73.2279
60.0,56.789253
64.0,57.400295
47.0,51.284687
39.0,39.66614
26.0,44.598408
61.0,61.1781
22.0,23.212084
74.0,63.576443
26.0,35.701294
36.0,38.071945
50.0,52.964554
30.0,30.984697
30.0,40.37164
71.0,72.20381
25.0,34.071
50.0,55.475964
77.0,70.38043
34.0,37.657272
56.0,58.425056
51.0,54.356625
40.0,33.6556
28.0,31.10533
58.0,52.540245
41.0,40.73317
51.0,40.64083
73.0,74.51233
78.0,73.10465
19.0,25.588762
55.0,48.93336
59.0,55.951817
63.0,70.559586
80.0,73.01017
33.0,25.073196
30.0,29.271828
66.0,68.20266
55.0,51.250385
32.0,33.690174
69.0,68.94168
61.0,58.114147
19.0,18.698463
58.0,59.26577
44.0,53.668198
63.0,68.563995
54.0,57.677025
19.0,14.804035
63.0,75.55303
22.0,40.44969
40.0,39.62111
32.0,34.782913
50.0,53.0631
64.0,60.588505
66.0,57.490097
61.0,51.470547
33.0,39.79957
40.0,52.710396
60.0,43.64618
42.0,49.434155
63.0,50.194935
39.0,36.608654
38.0,41.574924
35.0,36.43129
65.0,71.22521
52.0,47.50667
67.0,55.807476
48.0,48.73826
46.0,32.28003
64.0,67.506676
68.0,55.577423
45.0,46.26446
45.0,41.37367
25.0,32.484184
43.0,50.42137
67.0,62.576576
68.0,68.45717
55.0,35.544357
80.0,64.61999
40.0,32.655884
42.0,31.63953
80.0,72.8359
18.0,28.543365
48.0,49.129513
23.0,27.680069
43.0,44.00266
80.0,78.225464
71.0,54.56646
44.0,41.94215
45.0,50.81285
68.0,58.54775
80.0,77.83177
59.0,48.628082
53.0,51.287403
76.0,77.94986
38.0,46.520817
48.0,60.080475
54.0,40.836212
70.0,67.386795
56.0,49.40183
48.0,46.025635
77.0,61.48227
80.0,70.38478
65.0,59.208282
46.0,28.297781
19.0,25.362492
64.0,60.879696
52.0,52.072735
25.0,33.579998
40.0,47.649925
37.0,43.73561
67.0,60.78587
48.0,44.901653
22.0,29.140547
23.0,28.030836
49.0,39.794155
56.0,67.42463
60.0,56.71962
38.0,41.00218
57.0,68.00894
75.0,50.820766
19.0,36.322887
30.0,35.144302
47.0,56.39587
49.0,41.700676
53.0,61.032646
76.0,64.371506
54.0,55.874332
19.0,27.00803
22.0,25.23031
50.0,34.711998
42.0,44.626957
35.0,41.387497
61.0,44.548492
44.0,47.934143
20.0,27.572964
55.0,56.294426
20.0,29.119553
31.0,31.210651
65.0,59.657635
74.0,70.18931
44.0,51.44288
60.0,67.47679
57.0,67.26047
49.0,44.875385
50.0,46.937683
37.0,19.050129
44.0,45.66038
30.0,27.55855
18.0,24.689728
75.0,78.90916
19.0,19.85809
69.0,63.900375
58.0,50.15917
49.0,60.845146
30.0,24.70932
27.0,29.543917
38.0,21.599771
50.0,40.239784
51.0,38.859596
37.0,32.558147
80.0,70.47883
47.0,54.569004
30.0,28.22968
63.0,63.500275
67.0,65.388664
61.0,54.54321
18.0,26.627213
31.0,25.848768
36.0,30.755777
25.0,26.709843
34.0,32.52832
22.0,25.311028
80.0,79.91417
19.0,27.35129
25.0,19.196955
67.0,50.462555
36.0,29.066145
30.0,43.945908
70.0,76.32753
48.0,44.823227
31.0,27.862965
74.0,71.04427
31.0,36.87059
69.0,73.13192
27.0,25.327915
22.0,32.71499
30.0,31.93585
47.0,54.629723
19.0,21.828625
53.0,56.440823
33.0,23.72718
27.0,25.02887
45.0,22.576307
23.0,22.22862
42.0,39.989597
80.0,82.93525
46.0,52.0514
18.0,20.895674
19.0,33.14693
27.0,43.85641
71.0,63.833603
24.0,26.958448
65.0,71.43967
74.0,80.26804
23.0,27.388153
25.0,24.864086
27.0,31.34462
80.0,71.25072
67.0,67.962265
26.0,25.129776
80.0,70.21775
60.0,51.591797
40.0,54.15795
80.0,65.57365
38.0,31.680374
22.0,29.82269
54.0,37.48623
64.0,74.15644
70.0,53.21298
72.0,55.152412
62.0,66.946434
20.0,25.536911
80.0,72.379036
57.0,50.78141
34.0,61.891308
37.0,32.255756
28.0,27.626032
69.0,65.49327
62.0,67.03765
63.0,60.9289
52.0,58.2264
28.0,29.431406
41.0,43.93237
19.0,32.31449
60.0,63.22908
22.0,29.843157
18.0,28.765272
63.0,57.71495
34.0,46.02028
69.0,69.16092
22.0,30.851484
46.0,40.181244
35.0,30.368305
41.0,31.57483
60.0,61.818794
72.0,75.54529
47.0,45.512165
38.0,39.62746
36.0,32.181816
32.0,22.081583
60.0,61.461548
39.0,29.621922
41.0,35.29268
80.0,73.769905
31.0,31.48439
21.0,27.391836
26.0,47.50859
60.0,69.11041
80.0,63.55059
80.0,80.0629
37.0,32.13894
52.0,57.884644
39.0,36.32023
64.0,53.29066
29.0,29.291649
80.0,75.34415
21.0,23.302229
25.0,25.814238
73.0,65.56692
23.0,22.482409
80.0,78.247604
66.0,77.500854
38.0,37.729294
49.0,54.7006
38.0,41.89764
34.0,32.66807
62.0,71.413956
48.0,48.64861
65.0,54.19008
71.0,68.857666
29.0,45.15165
24.0,21.486275
38.0,36.34664
24.0,23.78788
30.0,40.577328
80.0,74.76833
60.0,48.836693
31.0,27.495234
74.0,69.00926
20.0,38.85058
30.0,33.329414
68.0,64.90154
19.0,42.46153
33.0,26.364635
52.0,50.53615
31.0,28.040176
34.0,32.599396
45.0,54.847
20.0,22.480469
38.0,37.352295
64.0,50.98617
42.0,42.11764
43.0,51.774582
28.0,25.798307
57.0,56.585938
76.0,72.09721
61.0,51.21402
41.0,38.393528
51.0,46.441715
80.0,75.78611
63.0,65.43721
59.0,53.693813
58.0,60.295425
44.0,43.33399
43.0,52.247566
58.0,68.13962
71.0,60.442
50.0,44.813984
26.0,32.03987
60.0,59.651276
79.0,76.06269
47.0,51.599564
65.0,50.91227
49.0,46.35572
76.0,66.82399
33.0,27.416803
40.0,30.924952
69.0,62.90946
74.0,71.32106
20.0,23.427742
80.0,63.664215
75.0,49.973328
53.0,44.358337
74.0,70.120705
56.0,58.752533
34.0,38.398216
80.0,74.69725
70.0,71.11407
72.0,66.848404
53.0,58.405174
54.0,51.82362
33.0,34.2974
31.0,28.271608
18.0,27.375254
64.0,65.83124
53.0,46.59368
76.0,61.570324
30.0,27.631891
80.0,79.89955
27.0,31.270672
19.0,26.589323
59.0,56.060184
36.0,40.775036
43.0,45.135643
60.0,72.16639
77.0,73.970695
80.0,69.37247
62.0,71.34435
35.0,41.674255
54.0,62.19881
24.0,36.134624
56.0,42.078808
77.0,66.99748
42.0,38.173576
68.0,61.17411
78.0,59.473846
63.0,64.82591
31.0,37.21912
63.0,68.668335
46.0,51.57943
48.0,51.709324
20.0,11.383839
63.0,56.74488
22.0,22.044262
27.0,27.805601
66.0,54.90824
74.0,56.047256
23.0,30.926842
29.0,38.522285
30.0,31.170803
46.0,33.59382
40.0,34.91877
46.0,50.129425
45.0,52.23745
47.0,49.093903
70.0,52.54803
46.0,49.67047
60.0,59.941338
53.0,50.148884
19.0,23.277464
36.0,32.02674
70.0,58.711246
40.0,45.49105
63.0,67.09768
25.0,29.401821
40.0,35.40541
59.0,55.202976
29.0,29.591463
53.0,48.892864
39.0,38.146774
61.0,52.36626
65.0,52.49886
77.0,66.068756
43.0,53.977886
79.0,73.95575
67.0,60.76021
66.0,61.2483
66.0,63.25935
56.0,55.490757
71.0,69.83296
45.0,56.44779
28.0,33.596313
71.0,72.35076
21.0,22.880331
27.0,31.357641
53.0,68.05451
26.0,36.579514
33.0,25.064302
20.0,28.654993
65.0,55.905003
19.0,24.815235
67.0,61.176323
42.0,40.78871
65.0,62.473343
70.0,70.236626
23.0,36.131714
37.0,39.641293
65.0,68.13469
23.0,28.376701
27.0,32.931522
43.0,32.773354
25.0,54.931595
19.0,30.939533
27.0,25.265827
59.0,65.63855
37.0,33.09633
53.0,55.671867
40.0,39.11541
18.0,21.560879
24.0,37.155006
46.0,52.990788
21.0,37.71971
39.0,47.850796
27.0,21.495838
80.0,77.51442
65.0,77.12786
80.0,75.53749
27.0,22.712355
22.0,33.637566
36.0,52.085556
25.0,27.276339
72.0,78.53096
20.0,25.424742
30.0,27.355421
51.0,41.34312
20.0,33.22693
61.0,62.694603
26.0,28.982805
80.0,70.09352
31.0,34.973118
48.0,43.628136
80.0,76.86772
73.0,77.464424
56.0,51.00825
58.0,54.968513
23.0,27.196505
48.0,43.492435
75.0,69.50883
41.0,49.786396
33.0,23.68335
60.0,70.66951
65.0,60.965553
24.0,26.713787
48.0,61.186844
72.0,64.89989
23.0,31.018988
45.0,47.4802
48.0,42.58546
58.0,61.04152
51.0,60.411743
40.0,56.000523
41.0,35.42696
40.0,46.47426
36.0,33.67282
60.0,52.614155
70.0,59.18799
71.0,72.19374
22.0,25.215725
41.0,33.819134
30.0,28.171253
58.0,65.9239
42.0,31.542984
59.0,59.62395
53.0,50.19909
79.0,69.95349
40.0,45.358913
59.0,63.72036
80.0,72.49063
23.0,39.583214
44.0,48.479553
62.0,61.114456
33.0,38.51672
64.0,64.058044
29.0,23.941885
69.0,61.602077
80.0,70.94495
52.0,65.40735
27.0,40.77677
52.0,38.90108
53.0,58.186985
72.0,65.40307
68.0,62.208595
45.0,54.55224
29.0,27.24808
75.0,65.079735
49.0,50.846138
61.0,58.17225
25.0,45.798717
52.0,48.433342
66.0,59.89842
63.0,69.84438
40.0,57.23385
54.0,35.11513
44.0,43.67016
80.0,79.63935
22.0,23.381527
34.0,32.295204
40.0,34.285606
39.0,42.911816
19.0,39.50141
68.0,67.41478
47.0,30.58549
71.0,62.584747
26.0,18.7979
73.0,66.7547
29.0,29.984074
32.0,46.93652
56.0,48.434597
20.0,24.388184
72.0,57.742928
28.0,24.762327
67.0,67.61442
19.0,25.553612
36.0,49.271343
55.0,63.324726
24.0,34.262714
48.0,48.14469
62.0,44.172596
72.0,67.759865
46.0,33.89356
19.0,24.732447
25.0,31.430542
21.0,21.202377
61.0,68.526146
49.0,49.96244
76.0,64.79886
65.0,72.09683
58.0,58.304386
42.0,59.86528
23.0,26.063122
70.0,68.596405
43.0,38.4768
73.0,66.23422
61.0,56.545494
44.0,39.774246
29.0,29.615368
76.0,66.93266
19.0,28.358944
52.0,53.14408
73.0,72.624695
38.0,29.378233
28.0,33.25112
75.0,69.750885
80.0,74.79873
56.0,59.38323
61.0,58.447666
72.0,52.83793
29.0,30.052614
65.0,65.22788
80.0,64.714035
67.0,67.98799
22.0,35.316463
45.0,37.85592
66.0,56.259293
61.0,62.62284
31.0,28.606136
76.0,53.067547
35.0,39.1847
61.0,48.019127
69.0,63.588863
18.0,21.357918
78.0,76.8123
25.0,23.060112
52.0,66.43767
19.0,23.092741
79.0,72.12362
27.0,31.517159
37.0,49.616283
37.0,52.36022
80.0,73.75208
33.0,53.523445
44.0,44.539536
18.0,32.38924
73.0,80.259796
43.0,48.909576
35.0,32.584473
44.0,40.064598
43.0,38.101418
25.0,26.126415
20.0,45.99097
80.0,82.393166
37.0,37.581406
62.0,67.63659
36.0,59.729004
36.0,41.080994
19.0,23.925386
44.0,29.418318
55.0,52.216976
38.0,39.599564
34.0,43.254295
57.0,39.1466
36.0,32.31494
48.0,36.253853
19.0,26.88456
41.0,37.09574
49.0,54.408554
70.0,73.99617
55.0,50.718834
67.0,60.247627
53.0,47.28179
29.0,32.629715
62.0,53.9799
48.0,45.463364
76.0,58.379356
52.0,55.559223
80.0,71.02398
35.0,38.041283
63.0,51.700695
64.0,55.960075
28.0,36.616745
35.0,41.02403
72.0,57.721657
80.0,76.72987
61.0,64.656265
27.0,17.62002
20.0,28.218735
50.0,53.973515
74.0,61.33486
22.0,36.10092
42.0,51.758484
24.0,27.402863
80.0,49.25688
28.0,40.8129
79.0,68.50806
39.0,42.79959
56.0,58.73125
70.0,71.95261
80.0,64.97032
70.0,75.551994
63.0,65.951546
33.0,37.689064
39.0,54.73694
35.0,29.1761
34.0,29.86461
25.0,24.949434
62.0,57.80046
53.0,52.627316
67.0,57.64966
62.0,77.68651
48.0,54.214523
70.0,65.46585
47.0,50.034576
47.0,35.733334
19.0,26.119751
80.0,75.78668
44.0,55.01249
79.0,71.61394
25.0,24.465218
57.0,56.816868
45.0,58.184772
26.0,43.078636
69.0,63.615334
71.0,56.358696
41.0,36.84271
60.0,77.91134
23.0,35.298252
55.0,52.67839
45.0,36.65431
80.0,80.99267
48.0,48.06592
38.0,36.84527
56.0,60.994255
60.0,66.31872
55.0,60.71861
30.0,35.405457
37.0,33.57851
68.0,71.501976
46.0,46.667377
27.0,29.24407
55.0,35.936237
59.0,61.566116
36.0,31.900007
66.0,67.43337
53.0,51.66843
33.0,40.543232
42.0,32.756508
54.0,51.848892
62.0,62.805702
66.0,73.121155
78.0,71.68317
55.0,32.187477
38.0,32.935436
66.0,70.9272
44.0,58.273487
22.0,26.511496
69.0,65.51814
66.0,60.348488
60.0,36.069595
65.0,59.94095
32.0,27.677319
75.0,72.55299
26.0,31.50221
66.0,61.317127
54.0,58.49223
47.0,36.469543
80.0,71.11558
45.0,33.408894
45.0,37.792168
68.0,70.8171
25.0,31.224684
80.0,73.94902
46.0,40.06829
80.0,66.81623
73.0,64.19418
29.0,32.32855
63.0,64.77605
27.0,32.42067
71.0,69.66385
50.0,54.83622
19.0,26.88234
31.0,32.38854
19.0,18.753532
21.0,32.157578
21.0,32.28454
20.0,22.687819
53.0,52.749237
56.0,55.132908
39.0,50.270267
78.0,79.50284
19.0,24.198812
48.0,30.565605
43.0,49.414345
31.0,23.807068
36.0,42.7178
62.0,62.149235
79.0,72.225655
69.0,61.728577
47.0,56.8007
35.0,28.027294
29.0,29.680641
80.0,71.558556
68.0,68.26424
68.0,61.49957
27.0,35.400185
69.0,63.74967
80.0,81.71324
74.0,69.252975
58.0,41.930363
35.0,36.361702
50.0,58.16179
79.0,69.728645
44.0,29.805597
75.0,73.36381
80.0,73.70474
37.0,29.477499
50.0,40.270626
68.0,58.483673
54.0,58.827015
56.0,46.06345
80.0,78.42674
65.0,52.13006
68.0,75.13429
44.0,51.629364
22.0,28.31994
53.0,45.14665
61.0,64.33668
80.0,76.76552
20.0,26.36683
53.0,61.33539
32.0,28.040684
21.0,27.367191
26.0,30.817047
69.0,65.35062
28.0,36.887363
21.0,17.343233
41.0,43.54886
65.0,68.35698
30.0,31.571642
80.0,69.017654
45.0,47.04749
31.0,39.1792
50.0,39.71333
77.0,57.83202
66.0,65.80589
36.0,22.659695
56.0,51.64521
35.0,47.847622
61.0,48.402164
80.0,71.47732
49.0,57.31669
66.0,63.85585
18.0,24.168114
25.0,25.904684
62.0,73.95844
42.0,40.23833
47.0,38.868633
80.0,71.57583
80.0,75.349754
73.0,64.461075
40.0,40.294445
78.0,70.10913
47.0,50.66297
32.0,27.67852
39.0,36.955826
51.0,56.94422
50.0,46.4006
72.0,47.22711
59.0,60.690258
65.0,57.738907
67.0,76.42224
66.0,56.580788
19.0,15.01112
45.0,54.39492
67.0,74.13423
71.0,53.62913
43.0,48.21154
65.0,54.906364
69.0,61.42276
56.0,65.82616
32.0,26.020363
65.0,72.46748
63.0,64.4152
62.0,54.06873
20.0,31.080456
42.0,32.07802
27.0,36.398174
19.0,15.488319
80.0,69.16594
42.0,43.01754
61.0,58.766796
31.0,44.993877
25.0,39.24028
32.0,34.38099
80.0,79.392136
66.0,71.21199
65.0,58.017185
24.0,21.227253
32.0,27.0937
64.0,60.09179
40.0,58.306984
30.0,32.570892
56.0,59.56743
37.0,32.94252
80.0,79.28636
58.0,58.372383
19.0,31.659182
41.0,35.94366
58.0,44.500557
80.0,77.38301
46.0,38.002686
53.0,34.39885
57.0,59.14176
80.0,76.55096
48.0,27.441217
54.0,37.512894
36.0,26.407755
21.0,22.111454
55.0,56.188152
28.0,23.298237
58.0,59.400345
55.0,43.40516
59.0,69.59968
53.0,31.708637
40.0,44.059658
30.0,34.78176
52.0,45.635006
38.0,38.385834
80.0,72.05687
53.0,52.517647
78.0,72.399796
25.0,30.084116
38.0,36.29065
62.0,58.865074
76.0,68.52916
46.0,48.445114
33.0,29.552576
46.0,52.60571
52.0,55.52548
20.0,19.766178
23.0,25.869085
18.0,26.379885
33.0,20.622833
67.0,66.5834
21.0,27.011091
21.0,21.71719
41.0,46.76703
60.0,47.733257
41.0,48.76352
25.0,24.786629
41.0,41.67063
46.0,39.696884
38.0,40.878418
19.0,28.484526
50.0,54.878307
43.0,45.34752
30.0,34.202633
40.0,31.76922
32.0,31.26499
59.0,54.571465
52.0,48.687675
56.0,53.21573
59.0,60.293434
76.0,72.667694
54.0,52.462116
30.0,27.425434
38.0,34.67735
30.0,33.394318
35.0,37.924553
53.0,38.603218
55.0,55.983658
75.0,74.34947
26.0,42.058926
21.0,20.199932
33.0,25.270996
22.0,37.950424
59.0,56.586903
50.0,51.14612
80.0,73.01491
55.0,46.6167
51.0,45.685284
24.0,41.243637
80.0,69.496216
30.0,28.272758
56.0,54.212803
18.0,22.194584
71.0,67.843544
35.0,36.604908
54.0,56.89813
46.0,40.794724
36.0,26.178213
23.0,23.061161
65.0,67.19699
56.0,47.51888
64.0,70.71268
20.0,24.56532
38.0,31.273706
29.0,35.351196
80.0,72.014
62.0,63.86403
80.0,81.26698
62.0,46.719494
42.0,42.58973
55.0,58.124012
23.0,33.906986
56.0,62.958336
38.0,32.025852
44.0,45.738953
27.0,38.044594
55.0,48.109093
52.0,59.01308
63.0,57.781986
47.0,40.157455
48.0,49.537247
61.0,61.65471
42.0,31.411446
20.0,24.885077
21.0,23.951487
62.0,53.02303
26.0,16.347965
18.0,26.236258
60.0,47.974033
55.0,62.426136
60.0,60.787468
31.0,37.90238
80.0,71.79903
54.0,54.74317
53.0,55.9642
46.0,38.80879
26.0,23.31772
55.0,37.628807
29.0,35.402275
19.0,26.163853
62.0,41.67433
63.0,63.13428
27.0,26.232471
72.0,66.36814
52.0,62.841274
43.0,45.592216
67.0,62.282097
45.0,49.805244
35.0,50.019833
19.0,33.206947
35.0,43.038433
18.0,23.046474
75.0,64.47704
18.0,23.526783
29.0,24.276653
51.0,55.918793
49.0,41.42269
53.0,61.054157
65.0,63.68919
47.0,57.67921
54.0,41.187103
34.0,35.16291
28.0,35.139156
39.0,34.522213
80.0,61.61066
45.0,31.589745
36.0,36.969666
32.0,25.25424
34.0,50.45259
61.0,52.85336
40.0,56.58792
27.0,33.794872
80.0,39.14512
33.0,37.470074
65.0,42.194675
61.0,64.44454
78.0,64.07363
52.0,45.202827
18.0,22.475685
53.0,45.910824
80.0,72.0509
38.0,32.807396
61.0,60.84939
31.0,24.60212
80.0,74.75627
50.0,74.33254
36.0,23.058332
66.0,61.09057
68.0,60.793476
64.0,65.43524
80.0,77.56091
42.0,29.8753
48.0,39.69227
69.0,72.66613
56.0,53.466152
45.0,48.770668
42.0,46.409622
80.0,72.0325
49.0,49.426815
74.0,74.488914
25.0,25.07839
26.0,33.883957
18.0,23.678595
56.0,53.958733
65.0,63.24907
69.0,67.2957
75.0,70.89257
29.0,30.533619
75.0,60.86318
78.0,72.628075
42.0,47.392143
20.0,25.918552
69.0,62.863914
60.0,57.54234
74.0,54.861767
29.0,48.91609
67.0,72.32751
43.0,54.031544
19.0,18.951622
49.0,72.7906
55.0,50.588383
70.0,74.03139
19.0,31.458593
26.0,25.367546
43.0,39.839947
18.0,32.46936
80.0,74.639206
59.0,68.35759
63.0,59.752632
30.0,29.584538
43.0,49.939163
55.0,53.34218
29.0,32.03596
55.0,50.642967
18.0,24.574696
61.0,69.216156
57.0,50.50096
44.0,50.822887
18.0,35.081127
51.0,43.26409
24.0,17.681612
26.0,26.242403
18.0,26.654528
19.0,24.080189
22.0,20.28332
36.0,35.08743
60.0,58.14515
39.0,37.911392
67.0,56.690468
51.0,45.453575
20.0,37.638054
42.0,44.84647
43.0,36.219368
39.0,29.075037
65.0,67.01405
53.0,45.93831
40.0,25.765812
23.0,23.880724
56.0,47.96385
80.0,76.6022
63.0,61.873432
63.0,63.921574
80.0,75.39794
39.0,59.39586
31.0,34.177185
48.0,36.01605
71.0,63.1765
76.0,72.37401
28.0,30.922955
19.0,22.571568
55.0,57.841606
41.0,45.254772
46.0,38.909733
52.0,46.7327
80.0,62.093643
19.0,33.137367
52.0,59.43187
22.0,26.239815
69.0,71.21445
55.0,62.562172
22.0,28.556631
72.0,59.76645
20.0,20.840317
55.0,55.822475
57.0,49.710957
31.0,43.820038
51.0,49.40926
28.0,47.551445
62.0,66.75135
80.0,69.22484
48.0,54.926083
21.0,21.361061
45.0,32.29166
47.0,49.74454
43.0,38.83006
46.0,38.835472
35.0,38.543785
70.0,66.1997
72.0,54.89126
80.0,72.96611
77.0,69.81627
61.0,58.99642
73.0,66.18257
63.0,62.056038
66.0,49.929047
28.0,21.422413
80.0,80.74049
59.0,55.547337
55.0,44.07204
28.0,38.62589
80.0,74.87126
38.0,38.169678
32.0,58.620747
31.0,37.496956
46.0,61.76085
41.0,37.166824
56.0,62.963158
45.0,48.422348
41.0,33.575203
31.0,37.08075
29.0,24.822056
61.0,56.049793
19.0,26.528614
47.0,52.72753
58.0,56.963284
77.0,55.38851
56.0,63.41825
52.0,50.266308
33.0,31.541574
42.0,37.723667
69.0,59.44786
77.0,82.18754
24.0,32.450035
54.0,57.8781
65.0,53.871834
36.0,42.410492
66.0,56.794632
71.0,54.355026
23.0,21.947737
56.0,53.24949
20.0,24.59058
65.0,66.539536
50.0,66.02888
54.0,43.233204
62.0,67.69628
40.0,52.911026
21.0,20.497183
70.0,54.64454
80.0,60.624237
54.0,53.00762
60.0,63.236885
80.0,76.03468
69.0,66.099396
23.0,25.286373
70.0,68.58749
36.0,36.60366
80.0,72.208374
62.0,68.34321
22.0,33.75233
41.0,27.071205
75.0,68.20885
38.0,28.706045
60.0,67.45148
19.0,35.49902
23.0,33.46245
80.0,73.53013
39.0,44.606667
45.0,48.4282
32.0,27.085485
38.0,44.155987
66.0,59.2828
74.0,70.64124
19.0,26.967781
54.0,37.291946
50.0,52.62033
21.0,28.425533
35.0,48.920925
24.0,26.694193
67.0,68.33602
31.0,32.5841
20.0,20.162432
80.0,77.93674
53.0,57.819405
62.0,61.264683
64.0,62.83055
31.0,46.969555
70.0,69.374306
56.0,61.8474
51.0,37.564766
19.0,21.752356
57.0,53.109055
53.0,62.69584
28.0,32.518715
24.0,22.557528
72.0,61.388287
55.0,52.85157
67.0,66.56932
37.0,39.840855
40.0,25.220282
77.0,74.07894
28.0,32.693386
34.0,40.19835
65.0,53.803326
80.0,72.78393
25.0,26.520884
77.0,62.590263
23.0,27.833746
22.0,31.029617
49.0,39.909637
45.0,49.45253
47.0,54.236782
47.0,58.455532
67.0,67.22924
51.0,51.884052
24.0,23.056393
63.0,67.232376
43.0,45.438305
77.0,62.368446
72.0,64.836845
74.0,60.56686
64.0,74.28946
47.0,36.534477
31.0,21.06364
58.0,43.023167
18.0,31.741335
59.0,63.661568
39.0,59.762558
18.0,27.198967
61.0,66.733955
41.0,56.055428
63.0,61.290646
54.0,62.0581
55.0,41.90942
22.0,24.801613
39.0,38.746914
53.0,54.926334
29.0,37.510445
28.0,43.453346
55.0,44.193634
64.0,51.818817
19.0,19.08193
44.0,56.77343
53.0,50.12806
48.0,59.019257
77.0,69.07291
68.0,64.7514
23.0,21.484083
52.0,60.209976
56.0,53.40296
39.0,44.646008
54.0,59.875946
60.0,68.00401
66.0,69.82336
44.0,55.306007
72.0,74.64093
46.0,47.095104
60.0,61.94974
65.0,59.326427
31.0,27.505085
48.0,54.412186
72.0,66.25274
39.0,35.78945
69.0,56.746735
31.0,28.426674
32.0,50.29947
48.0,53.18182
57.0,57.88554
47.0,49.33697
63.0,65.72057
19.0,19.427479
76.0,67.513596
46.0,67.96949
79.0,76.12805
62.0,66.41731
73.0,65.685905
27.0,26.598469
33.0,36.199745
47.0,36.478394
33.0,35.709213
50.0,54.03307
53.0,55.00622
26.0,40.48357
80.0,72.02958
59.0,56.396282
65.0,76.616295
48.0,47.908722
63.0,66.52608
80.0,72.132744
80.0,70.350266
21.0,29.251362
38.0,39.09112
60.0,57.368088
33.0,37.59896
29.0,33.62667
66.0,61.21054
50.0,46.19628
55.0,63.095245
22.0,25.505209
24.0,44.269276
34.0,30.99338
67.0,59.685863
65.0,66.58479
42.0,38.646164
18.0,27.018799
65.0,61.92796
43.0,37.865257
61.0,52.300304
22.0,23.0766
37.0,34.84076
73.0,55.03217
70.0,69.868744
67.0,78.52914
67.0,68.19774
36.0,32.16114
71.0,77.87317
43.0,50.56316
76.0,49.82369
73.0,61.167664
30.0,27.35221
19.0,26.92947
30.0,23.97136
66.0,57.91052
39.0,39.133747
42.0,51.034782
23.0,33.98688
57.0,66.99802
49.0,55.677242
70.0,62.644684
41.0,41.852966
63.0,67.63896
27.0,41.39345
20.0,28.516811
31.0,27.735317
24.0,21.1361
62.0,65.46483
76.0,75.63913
52.0,50.45017
68.0,54.100502
35.0,47.210484
20.0,26.17494
19.0,23.406763
49.0,48.49533
69.0,54.84546
62.0,68.00184
28.0,33.426777
63.0,49.47019
80.0,69.07298
59.0,59.276543
48.0,38.159325
80.0,67.869705
27.0,28.954863
43.0,43.962547
39.0,42.430107
36.0,33.00727
44.0,35.07911
39.0,42.96398
20.0,31.412945
33.0,30.36235
47.0,51.040333
19.0,32.97587
44.0,39.627254
56.0,54.38475
24.0,33.94915
46.0,43.419464
63.0,62.581966
74.0,65.65117
62.0,63.916264
18.0,25.92803
35.0,38.582653
68.0,68.13353
49.0,49.032337
41.0,35.028885
44.0,46.01523
19.0,30.782429
23.0,25.259384
76.0,73.73505
30.0,43.10744
55.0,56.259003
34.0,39.028954
70.0,71.96356
51.0,46.86069
45.0,51.934586
31.0,36.06766
71.0,69.24007
18.0,21.99354
66.0,49.543217
54.0,66.64361
31.0,48.697296
72.0,70.48277
22.0,29.150629
50.0,37.19783
21.0,33.036594
80.0,55.71194
36.0,35.858967
53.0,42.12227
21.0,22.175367
37.0,51.84953
23.0,26.52512
63.0,64.561874
35.0,36.197212
70.0,61.69526
18.0,26.527058
24.0,33.84106
29.0,47.564228
27.0,25.705675
32.0,44.20495
42.0,37.76194
26.0,22.905485
20.0,16.600021
68.0,72.350624
43.0,30.15609
80.0,71.025085
34.0,33.9413
58.0,58.55822
36.0,40.047432
30.0,43.55416
52.0,55.406647
80.0,71.49729
43.0,56.80519
55.0,63.54791
52.0,48.13759
49.0,49.71003
27.0,39.78065
42.0,55.026108
40.0,47.45848
53.0,35.331013
70.0,73.31901
40.0,28.719448
35.0,44.080563
45.0,40.759686
51.0,53.53227
18.0,28.49909
64.0,59.796555
41.0,44.009857
25.0,28.660315
26.0,30.257412
63.0,64.18275
30.0,33.480663
80.0,75.53199
37.0,32.235695
33.0,36.679985
44.0,56.263107
71.0,69.65543
53.0,62.675556
50.0,62.191948
64.0,44.994278
22.0,28.756657
47.0,45.278152
18.0,27.608938
32.0,35.491062
80.0,77.4882
72.0,59.39761
54.0,58.462772
26.0,27.417202
80.0,66.8911
74.0,60.218895
46.0,35.197197
41.0,35.038246
42.0,52.095947
61.0,67.23564
80.0,78.20724
76.0,79.05171
47.0,38.693222
36.0,33.712383
43.0,42.018578
64.0,72.71451
50.0,60.087524
40.0,48.428623
80.0,70.564575
33.0,34.714714
71.0,68.04278
77.0,74.406364
28.0,38.89481
28.0,31.710773
80.0,75.637825
44.0,54.00659
26.0,27.791721
47.0,43.381184
79.0,63.583122
67.0,62.60323
46.0,49.422073
43.0,44.0893
34.0,26.288122
29.0,29.16552
75.0,71.450935
51.0,52.911156
59.0,55.06703
55.0,52.889923
69.0,56.763496
18.0,20.40989
60.0,59.019928
61.0,65.31996
71.0,71.24731
58.0,56.691174
58.0,66.90208
26.0,38.936024
21.0,38.97265
51.0,38.47384
74.0,64.63391
53.0,70.42853
28.0,31.298946
20.0,27.204845
19.0,23.218813
46.0,41.739624
25.0,29.365288
26.0,34.341705
51.0,50.719257
20.0,31.992992
34.0,42.272205
43.0,42.76997
43.0,50.124554
39.0,46.599365
19.0,32.512558
72.0,70.59567
80.0,55.50625
33.0,48.822666
79.0,71.888145
20.0,32.811993
45.0,45.15525
22.0,43.09727
51.0,65.40679
42.0,50.46593
65.0,57.88342
27.0,26.637753
40.0,41.08102
44.0,36.003338
54.0,61.433167
21.0,22.969404
19.0,22.50163
18.0,21.60428
58.0,53.802067
60.0,76.58358
19.0,18.710262
67.0,56.21912
19.0,31.960564
50.0,59.619453
42.0,54.39814
61.0,57.660034
73.0,71.701004
37.0,26.032137
60.0,63.80191
26.0,33.297455
19.0,26.191172
78.0,74.3381
73.0,61.973396
78.0,80.77617
22.0,23.603722
66.0,58.622902
40.0,49.425835
80.0,71.59568
23.0,33.304245
18.0,31.953375
39.0,42.669415
33.0,34.248924
54.0,41.425117
31.0,44.848576
21.0,42.32894
47.0,52.644253
32.0,37.06266
52.0,59.702877
60.0,65.06706
67.0,51.415913
38.0,42.636703
25.0,19.638725
21.0,24.451176
28.0,28.684788
24.0,23.48524
80.0,76.749176
54.0,50.758377
19.0,23.421492
60.0,38.246956
32.0,30.447805
20.0,27.171316
22.0,20.87891
51.0,54.3593
64.0,60.887154
66.0,62.93598
67.0,70.849495
56.0,54.023777
47.0,54.668568
42.0,43.70535
80.0,68.51199
52.0,43.223675
67.0,70.11969
37.0,43.53846
41.0,25.034264
30.0,27.977106
24.0,21.937504
28.0,30.987888
48.0,48.975395
61.0,50.919044
27.0,24.667694
41.0,50.550255
24.0,27.55813
70.0,74.57074
51.0,42.503235
18.0,32.48601
44.0,40.960186
26.0,27.717762
28.0,52.537415
52.0,44.42148
62.0,61.879707
39.0,48.439804
25.0,32.759216
46.0,42.635426
78.0,72.20306
35.0,46.300686
51.0,66.3051
20.0,19.427773
35.0,19.731829
78.0,62.472664
78.0,74.30179
66.0,73.74634
55.0,52.836254
57.0,56.986824
56.0,69.51024
18.0,15.888107
70.0,52.67633
42.0,46.864666
18.0,27.185083
63.0,60.31528
39.0,27.651037
33.0,33.705303
80.0,80.63577
38.0,43.51973
19.0,26.244677
41.0,54.930065
33.0,34.435246
39.0,43.997738
76.0,63.19998
56.0,57.006245
78.0,60.524494
55.0,40.549873
36.0,28.34281
60.0,61.77938
59.0,63.748787
72.0,75.643814
26.0,31.226114
32.0,31.378922
53.0,69.12473
23.0,27.851273
74.0,73.183685
25.0,35.11901
36.0,49.29678
63.0,65.105774
71.0,61.2482
29.0,25.174294
65.0,71.37708
25.0,25.11238
19.0,23.222576
59.0,68.34592
27.0,37.967056
66.0,69.87294
30.0,30.410713
51.0,53.158115
61.0,62.82176
29.0,27.50592
35.0,33.251392
36.0,34.691376
38.0,36.736786
69.0,65.4245
32.0,35.13499
25.0,19.64104
80.0,85.34329
66.0,64.29284
72.0,71.634125
56.0,45.316933
19.0,22.64219
52.0,57.52915
60.0,56.188248
71.0,65.7994
77.0,61.923573
80.0,64.151054
42.0,40.99864
34.0,31.014322
49.0,53.84729
35.0,35.46197
55.0,44.9877
47.0,56.792763
20.0,19.04746
44.0,59.2493
26.0,24.783545
19.0,30.735388
56.0,43.733
80.0,70.026505
46.0,47.11793
63.0,48.954468
58.0,42.27645
34.0,44.345753
41.0,63.750732
29.0,24.951214
29.0,33.321846
80.0,73.970184
26.0,29.64963
64.0,53.471615
43.0,48.15451
80.0,78.81734
21.0,28.41275
71.0,76.925964
63.0,66.61385
19.0,39.422173
76.0,75.88655
79.0,75.02352
18.0,29.243906
36.0,34.807655
67.0,62.436
76.0,81.052704
66.0,47.403625
31.0,42.239464
67.0,53.808174
32.0,49.9495
24.0,32.324608
28.0,24.440063
