Actual_Age,Raw_BioAge,Calibrated_BioAge,Raw_Gap,Calibrated_Gap,Raw_Absolute_Error,Calibrated_Absolute_Error,Age_Group
49.0,51.470177,51.21109,2.4701766967773438,2.211090087890625,2.4701766967773438,2.211090087890625,45-59
27.0,27.005184,27.138165,0.005184173583984375,0.13816452026367188,0.005184173583984375,0.13816452026367188,18-29
51.0,42.52006,42.404408,-8.479938507080078,-8.595592498779297,8.479938507080078,8.595592498779297,45-59
32.0,46.239025,46.06377,14.239025115966797,14.063770294189453,14.239025115966797,14.063770294189453,30-44
66.0,59.973003,59.577652,-6.026996612548828,-6.4223480224609375,6.026996612548828,6.4223480224609375,60-74
63.0,46.47169,46.29271,-16.528308868408203,-16.707290649414062,16.528308868408203,16.707290649414062,60-74
23.0,35.644657,35.639183,12.644657135009766,12.639183044433594,12.644657135009766,12.639183044433594,18-29
68.0,64.2591,63.795067,-3.7408981323242188,-4.204933166503906,3.7408981323242188,4.204933166503906,60-74
64.0,54.580532,54.2716,-9.41946792602539,-9.728401184082031,9.41946792602539,9.728401184082031,60-74
62.0,57.14667,56.796616,-4.853328704833984,-5.2033843994140625,4.853328704833984,5.2033843994140625,60-74
47.0,62.202892,61.77181,15.202892303466797,14.771808624267578,15.202892303466797,14.771808624267578,45-59
51.0,46.92194,46.73574,-4.078060150146484,-4.264259338378906,4.078060150146484,4.264259338378906,45-59
55.0,56.269566,55.933567,1.2695655822753906,0.9335670471191406,1.2695655822753906,0.9335670471191406,45-59
17.0,37.318344,37.28605,20.318344116210938,20.286048889160156,20.318344116210938,20.286048889160156,0-17
77.0,66.781265,66.27681,-10.218734741210938,-10.723190307617188,10.218734741210938,10.723190307617188,75+
35.0,48.936462,48.71798,13.93646240234375,13.717979431152344,13.93646240234375,13.717979431152344,30-44
57.0,55.873726,55.54407,-1.1262741088867188,-1.4559288024902344,1.1262741088867188,1.4559288024902344,45-59
18.0,24.909267,25.075836,6.909267425537109,7.075836181640625,6.909267425537109,7.075836181640625,18-29
14.0,18.192163,18.466377,4.192163467407227,4.466377258300781,4.192163467407227,4.466377258300781,0-17
47.0,45.497936,45.334557,-1.5020637512207031,-1.6654434204101562,1.5020637512207031,1.6654434204101562,45-59
27.0,34.08988,34.109325,7.089881896972656,7.109325408935547,7.089881896972656,7.109325408935547,18-29
69.0,67.18629,66.67534,-1.8137130737304688,-2.3246612548828125,1.8137130737304688,2.3246612548828125,60-74
44.0,47.77377,47.57392,3.7737693786621094,3.5739212036132812,3.7737693786621094,3.5739212036132812,30-44
38.0,52.166832,51.89658,14.166831970214844,13.89657974243164,14.166831970214844,13.89657974243164,30-44
27.0,34.051144,34.07121,7.051143646240234,7.071208953857422,7.051143646240234,7.071208953857422,18-29
19.0,22.41851,22.624994,3.4185104370117188,3.6249942779541016,3.4185104370117188,3.6249942779541016,18-29
27.0,33.324467,33.356174,6.324466705322266,6.356174468994141,6.324466705322266,6.356174468994141,18-29
25.0,21.7036,21.921541,-3.2964000701904297,-3.078458786010742,3.2964000701904297,3.078458786010742,18-29
34.0,25.210941,25.372675,-8.789058685302734,-8.627325057983398,8.789058685302734,8.627325057983398,30-44
66.0,53.863342,53.565903,-12.13665771484375,-12.434097290039062,12.13665771484375,12.434097290039062,60-74
52.0,24.527304,24.699993,-27.47269630432129,-27.300006866455078,27.47269630432129,27.300006866455078,45-59
64.0,67.41816,66.9035,3.4181594848632812,2.90350341796875,3.4181594848632812,2.90350341796875,60-74
45.0,45.676846,45.5106,0.6768455505371094,0.5106010437011719,0.6768455505371094,0.5106010437011719,45-59
19.0,20.04681,20.291302,1.0468101501464844,1.2913017272949219,1.0468101501464844,1.2913017272949219,18-29
36.0,43.244225,43.116962,7.244224548339844,7.116962432861328,7.244224548339844,7.116962432861328,30-44
51.0,51.244812,50.989338,0.24481201171875,-0.010662078857421875,0.24481201171875,0.010662078857421875,45-59
69.0,50.02054,49.784683,-18.979461669921875,-19.215316772460938,18.979461669921875,19.215316772460938,60-74
15.0,9.039274,9.460168,-5.960725784301758,-5.53983211517334,5.960725784301758,5.53983211517334,0-17
56.0,59.85104,59.457645,3.8510398864746094,3.4576454162597656,3.8510398864746094,3.4576454162597656,45-59
13.0,14.342609,14.6785145,1.3426094055175781,1.6785144805908203,1.3426094055175781,1.6785144805908203,0-17
28.0,41.415073,41.317127,13.41507339477539,13.317127227783203,13.41507339477539,13.317127227783203,18-29
78.0,64.84307,64.369675,-13.156929016113281,-13.630325317382812,13.156929016113281,13.630325317382812,75+
45.0,44.043568,43.903496,-0.9564323425292969,-1.0965042114257812,0.9564323425292969,1.0965042114257812,45-59
13.0,16.247852,16.553225,3.247852325439453,3.553224563598633,3.247852325439453,3.553224563598633,0-17
12.0,8.453986,8.88426,-3.546013832092285,-3.1157398223876953,3.546013832092285,3.1157398223876953,0-17
51.0,61.49441,61.07468,10.49441146850586,10.07468032836914,10.49441146850586,10.07468032836914,45-59
17.0,14.190667,14.529007,-2.809332847595215,-2.4709930419921875,2.809332847595215,2.4709930419921875,0-17
34.0,34.485046,34.498158,0.48504638671875,0.4981575012207031,0.48504638671875,0.4981575012207031,30-44
42.0,40.80443,40.716267,-1.1955718994140625,-1.2837333679199219,1.1955718994140625,1.2837333679199219,30-44
48.0,62.103306,61.673817,14.10330581665039,13.673816680908203,14.10330581665039,13.673816680908203,45-59
75.0,63.23304,62.785446,-11.766960144042969,-12.214553833007812,11.766960144042969,12.214553833007812,75+
32.0,32.541584,32.58584,0.5415840148925781,0.5858383178710938,0.5415840148925781,0.5858383178710938,30-44
65.0,52.599426,52.322243,-12.40057373046875,-12.677757263183594,12.40057373046875,12.677757263183594,60-74
73.0,66.34645,65.84897,-6.6535491943359375,-7.151031494140625,6.6535491943359375,7.151031494140625,60-74
35.0,42.481297,42.36626,7.481296539306641,7.366260528564453,7.481296539306641,7.366260528564453,30-44
59.0,46.623,46.441593,-12.376998901367188,-12.558406829833984,12.376998901367188,12.558406829833984,45-59
17.0,17.250137,17.539448,0.2501373291015625,0.5394477844238281,0.2501373291015625,0.5394477844238281,0-17
77.0,80.21335,79.49364,3.213348388671875,2.4936370849609375,3.213348388671875,2.4936370849609375,75+
19.0,29.20954,29.307194,10.209539413452148,10.307193756103516,10.209539413452148,10.307193756103516,18-29
67.0,61.637108,61.21509,-5.362892150878906,-5.784908294677734,5.362892150878906,5.784908294677734,60-74
63.0,58.988655,58.60908,-4.011344909667969,-4.390918731689453,4.011344909667969,4.390918731689453,60-74
79.0,60.880684,60.470787,-18.11931610107422,-18.529212951660156,18.11931610107422,18.529212951660156,75+
64.0,55.06664,54.749916,-8.933361053466797,-9.250083923339844,8.933361053466797,9.250083923339844,60-74
47.0,32.938896,32.976784,-14.061103820800781,-14.023216247558594,14.061103820800781,14.023216247558594,45-59
66.0,70.7251,70.15744,4.72509765625,4.157440185546875,4.72509765625,4.157440185546875,60-74
45.0,48.27036,48.06255,3.2703590393066406,3.062549591064453,3.2703590393066406,3.062549591064453,45-59
24.0,24.163738,24.342255,0.16373825073242188,0.342254638671875,0.16373825073242188,0.342254638671875,18-29
61.0,38.098045,38.053257,-22.901954650878906,-22.94674301147461,22.901954650878906,22.94674301147461,60-74
50.0,51.03199,50.779926,1.0319900512695312,0.7799263000488281,1.0319900512695312,0.7799263000488281,45-59
78.0,62.546356,62.109768,-15.453643798828125,-15.89023208618164,15.453643798828125,15.89023208618164,75+
36.0,45.935444,45.765053,9.935443878173828,9.765052795410156,9.935443878173828,9.765052795410156,30-44
35.0,22.222345,22.431973,-12.777654647827148,-12.56802749633789,12.777654647827148,12.56802749633789,30-44
67.0,63.617912,63.16415,-3.3820877075195312,-3.8358497619628906,3.3820877075195312,3.8358497619628906,60-74
35.0,34.187256,34.20514,-0.812744140625,-0.79486083984375,0.812744140625,0.79486083984375,30-44
36.0,41.667027,41.56504,5.667026519775391,5.565040588378906,5.667026519775391,5.565040588378906,30-44
47.0,30.767254,30.839945,-16.232746124267578,-16.16005516052246,16.232746124267578,16.16005516052246,45-59
32.0,41.847103,41.742233,9.847103118896484,9.742233276367188,9.847103118896484,9.742233276367188,30-44
13.0,17.495808,17.781181,4.495807647705078,4.781181335449219,4.495807647705078,4.781181335449219,0-17
15.0,14.865236,15.192766,-0.1347637176513672,0.1927661895751953,0.1347637176513672,0.1927661895751953,0-17
54.0,44.964813,44.80998,-9.035186767578125,-9.190021514892578,9.035186767578125,9.190021514892578,45-59
50.0,23.484755,23.67415,-26.51524543762207,-26.325849533081055,26.51524543762207,26.325849533081055,45-59
26.0,52.124435,51.854862,26.124435424804688,25.854862213134766,26.124435424804688,25.854862213134766,18-29
71.0,58.881374,58.503517,-12.11862564086914,-12.496482849121094,12.11862564086914,12.496482849121094,60-74
22.0,24.249348,24.42649,2.249347686767578,2.4264907836914062,2.249347686767578,2.4264907836914062,18-29
60.0,58.806236,58.429585,-1.1937637329101562,-1.5704154968261719,1.1937637329101562,1.5704154968261719,60-74
18.0,21.058899,21.28717,3.05889892578125,3.28717041015625,3.05889892578125,3.28717041015625,18-29
44.0,54.15697,53.854828,10.156970977783203,9.854827880859375,10.156970977783203,9.854827880859375,30-44
25.0,52.96205,52.679058,27.962051391601562,27.679058074951172,27.962051391601562,27.679058074951172,18-29
50.0,51.3265,51.069717,1.3264999389648438,1.0697174072265625,1.3264999389648438,1.0697174072265625,45-59
58.0,60.792587,60.3841,2.7925872802734375,2.3841018676757812,2.7925872802734375,2.3841018676757812,45-59
26.0,48.15113,47.945232,22.15113067626953,21.945232391357422,22.15113067626953,21.945232391357422,18-29
16.0,23.244598,23.437843,7.244598388671875,7.437843322753906,7.244598388671875,7.437843322753906,0-17
53.0,49.39493,49.1691,-3.6050682067871094,-3.8308982849121094,3.6050682067871094,3.8308982849121094,45-59
37.0,51.787025,51.52286,14.787025451660156,14.52286148071289,14.787025451660156,14.52286148071289,30-44
34.0,45.407925,45.24599,11.40792465209961,11.245990753173828,11.40792465209961,11.245990753173828,30-44
50.0,49.035595,48.815525,-0.9644050598144531,-1.1844749450683594,0.9644050598144531,1.1844749450683594,45-59
16.0,26.654463,26.793062,10.654462814331055,10.793062210083008,10.654462814331055,10.793062210083008,0-17
75.0,69.29986,68.755035,-5.700141906738281,-6.244964599609375,5.700141906738281,6.244964599609375,75+
20.0,29.802862,29.891006,9.802862167358398,9.891006469726562,9.802862167358398,9.891006469726562,18-29
34.0,34.371162,34.386097,0.37116241455078125,0.3860969543457031,0.37116241455078125,0.3860969543457031,30-44
70.0,57.644516,57.28648,-12.355484008789062,-12.713520050048828,12.355484008789062,12.713520050048828,60-74
30.0,19.244343,19.501694,-10.755657196044922,-10.498306274414062,10.755657196044922,10.498306274414062,30-44
43.0,67.65961,67.14107,24.65960693359375,24.141067504882812,24.65960693359375,24.141067504882812,30-44
54.0,51.89585,51.629944,-2.1041488647460938,-2.37005615234375,2.1041488647460938,2.37005615234375,45-59
36.0,41.542835,41.44284,5.542835235595703,5.442840576171875,5.542835235595703,5.442840576171875,30-44
44.0,53.144436,52.858517,9.14443588256836,8.858516693115234,9.14443588256836,8.858516693115234,30-44
41.0,53.467007,53.17592,12.46700668334961,12.175918579101562,12.46700668334961,12.175918579101562,30-44
70.0,70.43079,69.86786,0.43079376220703125,-0.13214111328125,0.43079376220703125,0.13214111328125,60-74
19.0,17.268011,17.557035,-1.7319889068603516,-1.4429645538330078,1.7319889068603516,1.4429645538330078,18-29
23.0,25.917158,26.067574,2.9171581268310547,3.0675735473632812,2.9171581268310547,3.0675735473632812,18-29
16.0,8.895223,9.318425,-7.1047773361206055,-6.681574821472168,7.1047773361206055,6.681574821472168,0-17
41.0,58.231506,57.864067,17.23150634765625,16.86406707763672,17.23150634765625,16.86406707763672,30-44
31.0,29.396175,29.490837,-1.6038246154785156,-1.5091629028320312,1.6038246154785156,1.5091629028320312,30-44
42.0,51.588524,51.32754,9.588523864746094,9.32754135131836,9.588523864746094,9.32754135131836,30-44
68.0,52.61915,52.34165,-15.380851745605469,-15.65835189819336,15.380851745605469,15.65835189819336,60-74
26.0,33.318745,33.350544,7.318744659423828,7.350543975830078,7.318744659423828,7.350543975830078,18-29
43.0,41.50688,41.407463,-1.4931182861328125,-1.5925369262695312,1.4931182861328125,1.5925369262695312,30-44
50.0,64.404915,63.93854,14.404914855957031,13.938541412353516,14.404914855957031,13.938541412353516,45-59
76.0,61.782547,61.3582,-14.217453002929688,-14.641799926757812,14.217453002929688,14.641799926757812,75+
13.0,12.356289,12.724026,-0.6437110900878906,-0.2759742736816406,0.6437110900878906,0.2759742736816406,0-17
48.0,50.174862,49.936535,2.1748619079589844,1.9365348815917969,2.1748619079589844,1.9365348815917969,45-59
60.0,66.82517,66.32001,6.825172424316406,6.32000732421875,6.825172424316406,6.32000732421875,60-74
23.0,34.47686,34.4901,11.476860046386719,11.490100860595703,11.476860046386719,11.490100860595703,18-29
12.0,8.969491,9.391503,-3.0305089950561523,-2.60849666595459,3.0305089950561523,2.60849666595459,0-17
19.0,29.23608,29.33331,10.236080169677734,10.333309173583984,10.236080169677734,10.333309173583984,18-29
75.0,74.42167,73.79477,-0.5783309936523438,-1.205230712890625,0.5783309936523438,1.205230712890625,75+
58.0,54.85294,54.539642,-3.1470603942871094,-3.460357666015625,3.1470603942871094,3.460357666015625,45-59
67.0,47.038982,46.850906,-19.961017608642578,-20.149093627929688,19.961017608642578,20.149093627929688,60-74
18.0,23.883194,24.066206,5.8831939697265625,6.066205978393555,5.8831939697265625,6.066205978393555,18-29
56.0,67.55769,67.0408,11.557693481445312,11.040802001953125,11.557693481445312,11.040802001953125,45-59
15.0,28.048223,28.164488,13.048223495483398,13.164487838745117,13.048223495483398,13.164487838745117,0-17
63.0,68.3609,67.83113,5.36090087890625,4.8311309814453125,5.36090087890625,4.8311309814453125,60-74
18.0,34.3028,34.31883,16.302799224853516,16.318828582763672,16.302799224853516,16.318828582763672,18-29
64.0,69.06117,68.52017,5.0611724853515625,4.520172119140625,5.0611724853515625,4.520172119140625,60-74
35.0,34.388992,34.40364,-0.6110076904296875,-0.5963592529296875,0.6110076904296875,0.5963592529296875,30-44
54.0,46.177624,46.003353,-7.822376251220703,-7.996646881103516,7.822376251220703,7.996646881103516,45-59
74.0,57.263847,56.911915,-16.73615264892578,-17.088085174560547,16.73615264892578,17.088085174560547,60-74
65.0,42.834133,42.713444,-22.16586685180664,-22.286556243896484,22.16586685180664,22.286556243896484,60-74
22.0,23.281132,23.473791,1.2811317443847656,1.4737911224365234,1.2811317443847656,1.4737911224365234,18-29
22.0,28.081766,28.197493,6.081766128540039,6.197492599487305,6.081766128540039,6.197492599487305,18-29
59.0,44.18308,44.04077,-14.81692123413086,-14.959228515625,14.81692123413086,14.959228515625,45-59
17.0,13.71982,14.065705,-3.280179977416992,-2.9342947006225586,3.280179977416992,2.9342947006225586,0-17
57.0,57.85845,57.49699,0.8584518432617188,0.4969902038574219,0.8584518432617188,0.4969902038574219,45-59
18.0,18.902422,19.165253,0.9024219512939453,1.165252685546875,0.9024219512939453,1.165252685546875,18-29
50.0,60.582867,60.177742,10.582866668701172,10.177742004394531,10.582866668701172,10.177742004394531,45-59
70.0,66.42955,65.930725,-3.5704498291015625,-4.06927490234375,3.5704498291015625,4.06927490234375,60-74
16.0,27.587675,27.711319,11.587675094604492,11.711318969726562,11.587675094604492,11.711318969726562,0-17
56.0,50.788616,50.54045,-5.211383819580078,-5.4595489501953125,5.211383819580078,5.4595489501953125,45-59
66.0,68.818924,68.281815,2.8189239501953125,2.2818145751953125,2.8189239501953125,2.2818145751953125,60-74
21.0,33.4813,33.510498,12.481300354003906,12.510498046875,12.481300354003906,12.510498046875,18-29
61.0,56.191875,55.85712,-4.808124542236328,-5.142879486083984,4.808124542236328,5.142879486083984,60-74
65.0,32.71476,32.75624,-32.285240173339844,-32.24375915527344,32.285240173339844,32.24375915527344,60-74
61.0,35.396873,35.39537,-25.603126525878906,-25.604629516601562,25.603126525878906,25.604629516601562,60-74
65.0,67.22764,66.716034,2.2276382446289062,1.716033935546875,2.2276382446289062,1.716033935546875,60-74
72.0,59.36531,58.9797,-12.634689331054688,-13.020301818847656,12.634689331054688,13.020301818847656,60-74
70.0,57.338898,56.98576,-12.661102294921875,-13.014240264892578,12.661102294921875,13.014240264892578,60-74
29.0,41.686882,41.58458,12.686882019042969,12.584579467773438,12.686882019042969,12.584579467773438,18-29
34.0,37.16112,37.131348,3.161121368408203,3.13134765625,3.161121368408203,3.13134765625,30-44
22.0,28.333761,28.44545,6.333761215209961,6.4454498291015625,6.333761215209961,6.4454498291015625,18-29
13.0,13.98708,14.328682,0.9870796203613281,1.3286819458007812,0.9870796203613281,1.3286819458007812,0-17
58.0,58.60547,58.232037,0.60546875,0.23203659057617188,0.60546875,0.23203659057617188,45-59
56.0,47.867027,47.665684,-8.132972717285156,-8.33431625366211,8.132972717285156,8.33431625366211,45-59
12.0,13.402174,13.75315,1.4021739959716797,1.7531499862670898,1.4021739959716797,1.7531499862670898,0-17
74.0,62.940556,62.49765,-11.059444427490234,-11.502349853515625,11.059444427490234,11.502349853515625,60-74
45.0,49.726433,49.49529,4.726432800292969,4.495288848876953,4.726432800292969,4.495288848876953,45-59
62.0,52.827324,52.54649,-9.172676086425781,-9.453510284423828,9.172676086425781,9.453510284423828,60-74
25.0,28.876947,28.97993,3.8769474029541016,3.979930877685547,3.8769474029541016,3.979930877685547,18-29
55.0,28.8955,28.998186,-26.10449981689453,-26.001813888549805,26.10449981689453,26.001813888549805,45-59
68.0,46.61687,46.435562,-21.383129119873047,-21.564437866210938,21.383129119873047,21.564437866210938,60-74
51.0,62.825356,62.384296,11.825355529785156,11.384296417236328,11.825355529785156,11.384296417236328,45-59
17.0,33.28338,33.315746,16.28337860107422,16.315746307373047,16.28337860107422,16.315746307373047,0-17
60.0,62.132347,61.702393,2.1323471069335938,1.702392578125,2.1323471069335938,1.702392578125,60-74
75.0,69.29986,68.755035,-5.700141906738281,-6.244964599609375,5.700141906738281,6.244964599609375,75+
30.0,23.219738,23.413382,-6.780261993408203,-6.586618423461914,6.780261993408203,6.586618423461914,30-44
74.0,55.51369,55.189804,-18.486309051513672,-18.810195922851562,18.486309051513672,18.810195922851562,60-74
76.0,60.81519,60.40634,-15.184810638427734,-15.593658447265625,15.184810638427734,15.593658447265625,75+
68.0,66.23867,65.742905,-1.7613296508789062,-2.2570953369140625,1.7613296508789062,2.2570953369140625,60-74
37.0,57.225796,56.874474,20.22579574584961,19.874473571777344,20.22579574584961,19.874473571777344,30-44
52.0,31.862919,31.91805,-20.137081146240234,-20.08194923400879,20.137081146240234,20.08194923400879,45-59
52.0,43.994698,43.85541,-8.005302429199219,-8.144588470458984,8.005302429199219,8.144588470458984,45-59
49.0,61.129,60.715126,12.12900161743164,11.715126037597656,12.12900161743164,11.715126037597656,45-59
66.0,60.524853,60.12066,-5.475147247314453,-5.879341125488281,5.475147247314453,5.879341125488281,60-74
64.0,61.28822,60.87179,-2.711780548095703,-3.1282081604003906,2.711780548095703,3.1282081604003906,60-74
54.0,34.09162,34.11104,-19.90837860107422,-19.888961791992188,19.90837860107422,19.888961791992188,45-59
42.0,50.880737,50.631096,8.8807373046875,8.631095886230469,8.8807373046875,8.631095886230469,30-44
75.0,72.58972,71.99219,-2.4102783203125,-3.0078125,2.4102783203125,3.0078125,75+
63.0,63.824314,63.367245,0.8243141174316406,0.3672447204589844,0.8243141174316406,0.3672447204589844,60-74
36.0,34.09456,34.113926,-1.9054412841796875,-1.8860740661621094,1.9054412841796875,1.8860740661621094,30-44
62.0,62.142292,61.712177,0.14229202270507812,-0.2878227233886719,0.14229202270507812,0.2878227233886719,60-74
27.0,25.428022,25.586277,-1.5719776153564453,-1.4137229919433594,1.5719776153564453,1.4137229919433594,18-29
13.0,13.4554,13.805524,0.4554004669189453,0.8055238723754883,0.4554004669189453,0.8055238723754883,0-17
71.0,53.812523,53.5159,-17.187477111816406,-17.484100341796875,17.187477111816406,17.484100341796875,60-74
52.0,65.146675,64.66841,13.146675109863281,12.668411254882812,13.146675109863281,12.668411254882812,45-59
35.0,49.46189,49.23499,14.461891174316406,14.234989166259766,14.461891174316406,14.234989166259766,30-44
42.0,38.623604,38.570393,-3.3763961791992188,-3.429607391357422,3.3763961791992188,3.429607391357422,30-44
54.0,50.15673,49.918694,-3.8432693481445312,-4.081306457519531,3.8432693481445312,4.081306457519531,45-59
26.0,25.55075,25.707039,-0.449249267578125,-0.29296112060546875,0.449249267578125,0.29296112060546875,18-29
58.0,48.327538,48.118813,-9.672462463378906,-9.881187438964844,9.672462463378906,9.881187438964844,45-59
60.0,58.884243,58.50634,-1.1157569885253906,-1.4936599731445312,1.1157569885253906,1.4936599731445312,60-74
55.0,51.647503,51.385574,-3.352497100830078,-3.6144256591796875,3.352497100830078,3.6144256591796875,45-59
12.0,16.780214,17.077055,4.780214309692383,5.077054977416992,4.780214309692383,5.077054977416992,0-17
69.0,32.761494,32.802223,-36.23850631713867,-36.197776794433594,36.23850631713867,36.197776794433594,60-74
23.0,38.237076,38.190056,15.237075805664062,15.190055847167969,15.237075805664062,15.190055847167969,18-29
23.0,34.11793,34.136925,11.117931365966797,11.136924743652344,11.117931365966797,11.136924743652344,18-29
32.0,32.170868,32.22106,0.170867919921875,0.22106170654296875,0.170867919921875,0.22106170654296875,30-44
19.0,36.633705,36.61238,17.633705139160156,17.612380981445312,17.633705139160156,17.612380981445312,18-29
73.0,53.79448,53.498146,-19.205520629882812,-19.501853942871094,19.205520629882812,19.501853942871094,60-74
37.0,39.093487,39.032745,2.093486785888672,2.032745361328125,2.093486785888672,2.032745361328125,30-44
52.0,58.01194,57.648018,6.011940002441406,5.648017883300781,6.011940002441406,5.648017883300781,45-59
52.0,51.54377,51.283504,-0.45623016357421875,-0.7164955139160156,0.45623016357421875,0.7164955139160156,45-59
20.0,26.480972,26.622353,6.4809722900390625,6.622352600097656,6.4809722900390625,6.622352600097656,18-29
71.0,59.346027,58.960724,-11.653972625732422,-12.039276123046875,11.653972625732422,12.039276123046875,60-74
64.0,52.114513,51.8451,-11.885486602783203,-12.154899597167969,11.885486602783203,12.154899597167969,60-74
50.0,56.791386,56.447025,6.791385650634766,6.447025299072266,6.791385650634766,6.447025299072266,45-59
54.0,38.625645,38.5724,-15.37435531616211,-15.427600860595703,15.37435531616211,15.427600860595703,45-59
37.0,58.36063,57.99112,21.36063003540039,20.991119384765625,21.36063003540039,20.991119384765625,30-44
47.0,43.83807,43.701294,-3.1619300842285156,-3.2987060546875,3.1619300842285156,3.2987060546875,45-59
21.0,34.108063,34.127213,13.108062744140625,13.127212524414062,13.108062744140625,13.127212524414062,18-29
64.0,52.622066,52.34452,-11.377933502197266,-11.655479431152344,11.377933502197266,11.655479431152344,60-74
65.0,57.21742,56.86623,-7.782581329345703,-8.133769989013672,7.782581329345703,8.133769989013672,60-74
14.0,9.512604,9.925913,-4.487396240234375,-4.074087142944336,4.487396240234375,4.074087142944336,0-17
67.0,72.54176,71.94499,5.5417633056640625,4.9449920654296875,5.5417633056640625,4.9449920654296875,60-74
44.0,36.33283,36.316326,-7.667171478271484,-7.683673858642578,7.667171478271484,7.683673858642578,30-44
58.0,32.447014,32.492783,-25.55298614501953,-25.507217407226562,25.55298614501953,25.507217407226562,45-59
13.0,13.212616,13.566629,0.212615966796875,0.5666294097900391,0.212615966796875,0.5666294097900391,0-17
49.0,48.524708,48.312824,-0.4752922058105469,-0.6871757507324219,0.4752922058105469,0.6871757507324219,45-59
31.0,33.530876,33.559277,2.5308761596679688,2.559276580810547,2.5308761596679688,2.559276580810547,30-44
66.0,46.26756,46.091846,-19.732440948486328,-19.908153533935547,19.732440948486328,19.908153533935547,60-74
62.0,56.755535,56.411747,-5.244464874267578,-5.588253021240234,5.244464874267578,5.588253021240234,60-74
26.0,26.736883,26.874163,0.7368831634521484,0.8741626739501953,0.7368831634521484,0.8741626739501953,18-29
16.0,33.829884,33.853493,17.829883575439453,17.853492736816406,17.829883575439453,17.853492736816406,0-17
64.0,68.96934,68.42981,4.969337463378906,4.4298095703125,4.969337463378906,4.4298095703125,60-74
39.0,33.180103,33.214127,-5.819896697998047,-5.7858734130859375,5.819896697998047,5.7858734130859375,30-44
71.0,70.94102,70.3699,-0.05898284912109375,-0.630096435546875,0.05898284912109375,0.630096435546875,60-74
70.0,57.386272,57.032375,-12.613727569580078,-12.96762466430664,12.613727569580078,12.96762466430664,60-74
23.0,34.596188,34.607517,11.596187591552734,11.60751724243164,11.596187591552734,11.60751724243164,18-29
14.0,22.230165,22.439667,8.230165481567383,8.439666748046875,8.230165481567383,8.439666748046875,0-17
67.0,55.665916,55.339592,-11.334083557128906,-11.660408020019531,11.334083557128906,11.660408020019531,60-74
15.0,11.895308,12.270432,-3.1046924591064453,-2.729567527770996,3.1046924591064453,2.729567527770996,0-17
62.0,59.561893,59.173134,-2.4381065368652344,-2.8268661499023438,2.4381065368652344,2.8268661499023438,60-74
57.0,47.358475,47.16528,-9.641525268554688,-9.834720611572266,9.641525268554688,9.834720611572266,45-59
39.0,34.407833,34.42218,-4.592166900634766,-4.57781982421875,4.592166900634766,4.57781982421875,30-44
28.0,41.6198,41.518574,13.619800567626953,13.518573760986328,13.619800567626953,13.518573760986328,18-29
48.0,42.928925,42.806717,-5.071075439453125,-5.1932830810546875,5.071075439453125,5.1932830810546875,45-59
36.0,41.13413,41.040684,5.134128570556641,5.040683746337891,5.134128570556641,5.040683746337891,30-44
37.0,37.531853,37.496136,0.5318527221679688,0.4961357116699219,0.5318527221679688,0.4961357116699219,30-44
13.0,22.280024,22.488728,9.280023574829102,9.488727569580078,9.280023574829102,9.488727569580078,0-17
67.0,58.302784,57.9342,-8.697216033935547,-9.065799713134766,8.697216033935547,9.065799713134766,60-74
15.0,14.564072,14.896427,-0.4359283447265625,-0.10357284545898438,0.4359283447265625,0.10357284545898438,0-17
52.0,63.781677,63.32529,11.78167724609375,11.32529067993164,11.78167724609375,11.32529067993164,45-59
40.0,42.170265,42.060215,2.1702651977539062,2.0602149963378906,2.1702651977539062,2.0602149963378906,30-44
46.0,42.351,42.238056,-3.648998260498047,-3.761943817138672,3.648998260498047,3.761943817138672,45-59
61.0,42.88231,42.76085,-18.117691040039062,-18.239151000976562,18.117691040039062,18.239151000976562,60-74
17.0,52.03936,51.771152,35.03936004638672,34.77115249633789,35.03936004638672,34.77115249633789,0-17
16.0,19.949484,20.195536,3.949483871459961,4.195535659790039,3.949483871459961,4.195535659790039,0-17
23.0,30.740074,30.8132,7.740074157714844,7.813199996948242,7.740074157714844,7.813199996948242,18-29
54.0,61.48632,61.06672,7.486320495605469,7.066719055175781,7.486320495605469,7.066719055175781,45-59
72.0,70.721504,70.1539,-1.2784957885742188,-1.846099853515625,1.2784957885742188,1.846099853515625,60-74
74.0,67.900566,67.378174,-6.099433898925781,-6.621826171875,6.099433898925781,6.621826171875,60-74
12.0,14.0182,14.359303,2.018199920654297,2.3593034744262695,2.018199920654297,2.3593034744262695,0-17
39.0,29.130112,29.229038,-9.869888305664062,-9.77096176147461,9.869888305664062,9.77096176147461,30-44
29.0,41.65595,41.554142,12.655948638916016,12.554141998291016,12.655948638916016,12.554141998291016,18-29
50.0,51.266994,51.011166,1.2669944763183594,1.0111656188964844,1.2669944763183594,1.0111656188964844,45-59
62.0,57.858833,57.497364,-4.141166687011719,-4.502635955810547,4.141166687011719,4.502635955810547,60-74
70.0,65.89355,65.40332,-4.106452941894531,-4.5966796875,4.106452941894531,4.5966796875,60-74
79.0,67.56348,67.04648,-11.4365234375,-11.953521728515625,11.4365234375,11.953521728515625,75+
30.0,36.022892,36.011356,6.022891998291016,6.011356353759766,6.022891998291016,6.011356353759766,30-44
61.0,61.159737,60.74537,0.15973663330078125,-0.25463104248046875,0.15973663330078125,0.25463104248046875,60-74
24.0,30.51724,30.593937,6.517240524291992,6.593936920166016,6.517240524291992,6.593936920166016,18-29
12.0,8.819848,9.244259,-3.18015193939209,-2.7557411193847656,3.18015193939209,2.7557411193847656,0-17
27.0,29.064297,29.164278,2.0642967224121094,2.164278030395508,2.0642967224121094,2.164278030395508,18-29
57.0,42.81929,42.698837,-14.180709838867188,-14.301162719726562,14.180709838867188,14.301162719726562,45-59
19.0,28.862526,28.96574,9.862525939941406,9.965740203857422,9.862525939941406,9.965740203857422,18-29
44.0,46.01265,45.841022,2.0126495361328125,1.8410224914550781,2.0126495361328125,1.8410224914550781,30-44
22.0,22.620783,22.824024,0.6207828521728516,0.8240242004394531,0.6207828521728516,0.8240242004394531,18-29
79.0,44.253395,44.109962,-34.746604919433594,-34.890037536621094,34.746604919433594,34.890037536621094,75+
61.0,39.96706,39.89232,-21.032939910888672,-21.107681274414062,21.032939910888672,21.107681274414062,60-74
69.0,63.848763,63.3913,-5.151237487792969,-5.608699798583984,5.151237487792969,5.608699798583984,60-74
51.0,52.831356,52.550457,1.8313560485839844,1.5504570007324219,1.8313560485839844,1.5504570007324219,45-59
40.0,38.28798,38.240147,-1.7120208740234375,-1.7598533630371094,1.7120208740234375,1.7598533630371094,30-44
63.0,44.44576,44.299244,-18.554241180419922,-18.700756072998047,18.554241180419922,18.700756072998047,60-74
12.0,8.217516,8.651579,-3.7824840545654297,-3.348421096801758,3.7824840545654297,3.348421096801758,0-17
62.0,53.435165,53.14459,-8.564834594726562,-8.855411529541016,8.564834594726562,8.855411529541016,60-74
72.0,47.53414,47.33813,-24.465858459472656,-24.661869049072266,24.465858459472656,24.661869049072266,60-74
59.0,61.169895,60.755363,2.1698951721191406,1.7553634643554688,2.1698951721191406,1.7553634643554688,45-59
40.0,26.946173,27.080097,-13.053827285766602,-12.919902801513672,13.053827285766602,12.919902801513672,30-44
61.0,55.1246,54.80695,-5.875400543212891,-6.193050384521484,5.875400543212891,6.193050384521484,60-74
28.0,30.783169,30.855604,2.7831687927246094,2.8556041717529297,2.7831687927246094,2.8556041717529297,18-29
17.0,34.362896,34.377964,17.362895965576172,17.37796401977539,17.362895965576172,17.37796401977539,0-17
49.0,53.181522,52.89501,4.181522369384766,3.8950119018554688,4.181522369384766,3.8950119018554688,45-59
48.0,56.650196,56.308098,8.650196075439453,8.308097839355469,8.650196075439453,8.308097839355469,45-59
28.0,46.420475,46.242313,18.420475006103516,18.242313385009766,18.420475006103516,18.242313385009766,18-29
51.0,36.295345,36.279446,-14.704654693603516,-14.72055435180664,14.704654693603516,14.72055435180664,45-59
34.0,21.008755,21.237831,-12.99124526977539,-12.762168884277344,12.99124526977539,12.762168884277344,30-44
71.0,62.384556,61.95056,-8.61544418334961,-9.0494384765625,8.61544418334961,9.0494384765625,60-74
21.0,22.922218,23.12063,1.9222183227539062,2.1206302642822266,1.9222183227539062,2.1206302642822266,18-29
20.0,36.406975,36.389286,16.40697479248047,16.389286041259766,16.40697479248047,16.389286041259766,18-29
22.0,49.97962,49.744423,27.97962188720703,27.744422912597656,27.97962188720703,27.744422912597656,18-29
36.0,59.952065,59.55705,23.952064514160156,23.557048797607422,23.952064514160156,23.557048797607422,30-44
70.0,65.18897,64.71004,-4.811027526855469,-5.2899627685546875,4.811027526855469,5.2899627685546875,60-74
49.0,42.233818,42.12275,-6.766181945800781,-6.877250671386719,6.766181945800781,6.877250671386719,45-59
23.0,21.412317,21.634926,-1.5876827239990234,-1.3650741577148438,1.5876827239990234,1.3650741577148438,18-29
58.0,48.079548,47.874798,-9.920452117919922,-10.125202178955078,9.920452117919922,10.125202178955078,45-59
44.0,40.20688,40.128292,-3.793121337890625,-3.8717079162597656,3.793121337890625,3.8717079162597656,30-44
64.0,58.806915,58.430252,-5.193084716796875,-5.5697479248046875,5.193084716796875,5.5697479248046875,60-74
45.0,46.312984,46.136543,1.3129844665527344,1.1365432739257812,1.3129844665527344,1.1365432739257812,45-59
18.0,22.295414,22.50387,4.295413970947266,4.503870010375977,4.295413970947266,4.503870010375977,18-29
27.0,36.971928,36.945183,9.971927642822266,9.945182800292969,9.971927642822266,9.945182800292969,18-29
17.0,25.160156,25.322704,8.16015625,8.322704315185547,8.16015625,8.322704315185547,0-17
65.0,51.1822,50.92773,-13.817798614501953,-14.072269439697266,13.817798614501953,14.072269439697266,60-74
40.0,24.336752,24.512495,-15.663248062133789,-15.487504959106445,15.663248062133789,15.487504959106445,30-44
32.0,19.31127,19.567549,-12.688730239868164,-12.432451248168945,12.688730239868164,12.432451248168945,30-44
70.0,69.105705,68.563995,-0.8942947387695312,-1.436004638671875,0.8942947387695312,1.436004638671875,60-74
72.0,61.338512,60.92128,-10.661487579345703,-11.078720092773438,10.661487579345703,11.078720092773438,60-74
31.0,59.78816,59.39577,28.788158416748047,28.395771026611328,28.788158416748047,28.395771026611328,30-44
51.0,49.772938,49.54105,-1.2270622253417969,-1.4589500427246094,1.2270622253417969,1.4589500427246094,45-59
36.0,43.33402,43.20532,7.334018707275391,7.205318450927734,7.334018707275391,7.205318450927734,30-44
45.0,29.144941,29.24363,-15.855058670043945,-15.756370544433594,15.855058670043945,15.756370544433594,45-59
67.0,45.686485,45.520084,-21.313514709472656,-21.479915618896484,21.313514709472656,21.479915618896484,60-74
28.0,43.676357,43.54217,15.67635726928711,15.542171478271484,15.67635726928711,15.542171478271484,18-29
71.0,76.509995,75.849625,5.5099945068359375,4.8496246337890625,5.5099945068359375,4.8496246337890625,60-74
12.0,11.776074,12.15311,-0.22392559051513672,0.15310955047607422,0.22392559051513672,0.15310955047607422,0-17
37.0,53.6108,53.31741,16.610801696777344,16.31740951538086,16.610801696777344,16.31740951538086,30-44
76.0,48.755875,48.540287,-27.244125366210938,-27.459712982177734,27.244125366210938,27.459712982177734,75+
85.0,60.404915,60.002644,-24.59508514404297,-24.997356414794922,24.59508514404297,24.997356414794922,75+
51.0,63.82846,63.371326,12.828460693359375,12.371326446533203,12.828460693359375,12.371326446533203,45-59
54.0,38.58509,38.532494,-15.414909362792969,-15.467506408691406,15.414909362792969,15.467506408691406,45-59
51.0,37.980545,37.937637,-13.019454956054688,-13.062362670898438,13.019454956054688,13.062362670898438,45-59
62.0,69.03609,68.4955,7.0360870361328125,6.4954986572265625,7.0360870361328125,6.4954986572265625,60-74
41.0,42.053005,41.944836,1.0530052185058594,0.9448356628417969,1.0530052185058594,0.9448356628417969,30-44
27.0,35.29331,35.293465,8.29330825805664,8.293464660644531,8.29330825805664,8.293464660644531,18-29
50.0,43.546314,43.41421,-6.453685760498047,-6.585788726806641,6.453685760498047,6.585788726806641,45-59
18.0,21.014416,21.2434,3.014415740966797,3.2434005737304688,3.014415740966797,3.2434005737304688,18-29
49.0,56.821648,56.4768,7.821647644042969,7.476799011230469,7.821647644042969,7.476799011230469,45-59
68.0,59.88433,59.490402,-8.115669250488281,-8.509597778320312,8.115669250488281,8.509597778320312,60-74
32.0,41.04279,40.95081,9.042789459228516,8.950809478759766,9.042789459228516,8.950809478759766,30-44
15.0,42.9265,42.80433,27.926498413085938,27.80432891845703,27.926498413085938,27.80432891845703,0-17
19.0,25.527922,25.684576,6.527921676635742,6.684576034545898,6.527921676635742,6.684576034545898,18-29
74.0,45.12467,44.967274,-28.87533187866211,-29.032726287841797,28.87533187866211,29.032726287841797,60-74
20.0,31.82462,31.880365,11.82461929321289,11.880365371704102,11.82461929321289,11.880365371704102,18-29
18.0,21.100594,21.328197,3.1005935668945312,3.328197479248047,3.1005935668945312,3.328197479248047,18-29
44.0,51.250168,50.994606,7.2501678466796875,6.994606018066406,7.2501678466796875,6.994606018066406,30-44
61.0,58.998222,58.618496,-2.0017776489257812,-2.3815040588378906,2.0017776489257812,2.3815040588378906,60-74
46.0,53.059315,52.77476,7.059314727783203,6.774761199951172,7.059314727783203,6.774761199951172,45-59
58.0,59.888058,59.49407,1.8880577087402344,1.4940681457519531,1.8880577087402344,1.4940681457519531,45-59
34.0,32.759266,32.800034,-1.2407341003417969,-1.1999664306640625,1.2407341003417969,1.1999664306640625,30-44
51.0,60.16673,59.768276,9.166728973388672,8.76827621459961,9.166728973388672,8.76827621459961,45-59
55.0,66.44727,65.948166,11.447273254394531,10.948165893554688,11.447273254394531,10.948165893554688,45-59
29.0,24.55476,24.727009,-4.445240020751953,-4.272991180419922,4.445240020751953,4.272991180419922,18-29
66.0,67.525635,67.00925,1.525634765625,1.009246826171875,1.525634765625,1.009246826171875,60-74
48.0,55.549194,55.22474,7.5491943359375,7.224739074707031,7.5491943359375,7.224739074707031,45-59
22.0,29.267391,29.364117,7.267391204833984,7.364116668701172,7.267391204833984,7.364116668701172,18-29
54.0,52.386894,52.113117,-1.6131057739257812,-1.8868827819824219,1.6131057739257812,1.8868827819824219,45-59
47.0,30.980951,31.050217,-16.0190486907959,-15.949783325195312,16.0190486907959,15.949783325195312,45-59
60.0,32.74986,32.790775,-27.250141143798828,-27.209224700927734,27.250141143798828,27.209224700927734,60-74
36.0,35.369312,35.36825,-0.6306877136230469,-0.6317481994628906,0.6306877136230469,0.6317481994628906,30-44
12.0,15.556811,15.873258,3.5568113327026367,3.873257637023926,3.5568113327026367,3.873257637023926,0-17
43.0,55.56933,55.24455,12.569328308105469,12.244548797607422,12.569328308105469,12.244548797607422,30-44
40.0,31.921875,31.97606,-8.078125,-8.02393913269043,8.078125,8.02393913269043,30-44
33.0,34.805706,34.81368,1.8057060241699219,1.8136787414550781,1.8057060241699219,1.8136787414550781,30-44
18.0,23.461185,23.650959,5.461185455322266,5.650959014892578,5.461185455322266,5.650959014892578,18-29
48.0,62.106987,61.67744,14.106986999511719,13.677440643310547,14.106986999511719,13.677440643310547,45-59
35.0,48.36517,48.15584,13.365169525146484,13.155841827392578,13.365169525146484,13.155841827392578,30-44
73.0,69.1375,68.595276,-3.8625030517578125,-4.40472412109375,3.8625030517578125,4.40472412109375,60-74
48.0,50.58036,50.335533,2.5803604125976562,2.3355331420898438,2.5803604125976562,2.3355331420898438,45-59
33.0,37.749165,37.709965,4.749164581298828,4.709964752197266,4.749164581298828,4.709964752197266,30-44
56.0,65.71074,65.223434,9.710739135742188,9.223434448242188,9.710739135742188,9.223434448242188,45-59
40.0,52.831154,52.550255,12.831153869628906,12.550254821777344,12.831153869628906,12.550254821777344,30-44
52.0,55.22019,54.901005,3.2201881408691406,2.9010047912597656,3.2201881408691406,2.9010047912597656,45-59
54.0,53.792614,53.496307,-0.20738601684570312,-0.503692626953125,0.20738601684570312,0.503692626953125,45-59
36.0,39.91248,39.83861,3.9124794006347656,3.838611602783203,3.9124794006347656,3.838611602783203,30-44
26.0,31.35234,31.415655,5.3523406982421875,5.415655136108398,5.3523406982421875,5.415655136108398,18-29
22.0,27.499483,27.62454,5.499483108520508,5.624540328979492,5.499483108520508,5.624540328979492,18-29
24.0,31.003984,31.072882,7.003984451293945,7.072881698608398,7.003984451293945,7.072881698608398,18-29
23.0,31.218855,31.284307,8.218854904174805,8.284307479858398,8.218854904174805,8.284307479858398,18-29
42.0,60.31361,59.912804,18.313610076904297,17.912803649902344,18.313610076904297,17.912803649902344,30-44
76.0,66.63468,66.13257,-9.365318298339844,-9.867431640625,9.365318298339844,9.867431640625,75+
60.0,58.228916,57.861515,-1.7710838317871094,-2.1384849548339844,1.7710838317871094,2.1384849548339844,60-74
21.0,31.318935,31.382784,10.31893539428711,10.382783889770508,10.31893539428711,10.382783889770508,18-29
45.0,23.079374,23.275267,-21.920625686645508,-21.724733352661133,21.920625686645508,21.724733352661133,45-59
12.0,12.795966,13.156657,0.7959661483764648,1.1566572189331055,0.7959661483764648,1.1566572189331055,0-17
20.0,23.843878,24.02752,3.8438777923583984,4.027519226074219,3.8438777923583984,4.027519226074219,18-29
16.0,13.658247,14.005119,-2.3417530059814453,-1.9948806762695312,2.3417530059814453,1.9948806762695312,0-17
27.0,39.44042,39.374115,12.440418243408203,12.374114990234375,12.440418243408203,12.374114990234375,18-29
49.0,41.533413,41.433567,-7.466587066650391,-7.566432952880859,7.466587066650391,7.566432952880859,45-59
44.0,45.60749,45.442356,1.6074905395507812,1.4423561096191406,1.6074905395507812,1.4423561096191406,30-44
74.0,51.68474,51.422215,-22.315261840820312,-22.57778549194336,22.315261840820312,22.57778549194336,60-74
37.0,36.448757,36.430397,-0.5512428283691406,-0.5696029663085938,0.5512428283691406,0.5696029663085938,30-44
42.0,37.05117,37.023155,-4.948829650878906,-4.976844787597656,4.948829650878906,4.976844787597656,30-44
15.0,18.99769,19.258995,3.997690200805664,4.258995056152344,3.997690200805664,4.258995056152344,0-17
33.0,31.87934,31.934208,-1.1206607818603516,-1.0657920837402344,1.1206607818603516,1.0657920837402344,30-44
12.0,7.994444,8.432082,-4.005556106567383,-3.567917823791504,4.005556106567383,3.567917823791504,0-17
38.0,38.30474,38.256638,0.30474090576171875,0.2566375732421875,0.30474090576171875,0.2566375732421875,30-44
64.0,60.14378,59.745693,-3.856220245361328,-4.254306793212891,3.856220245361328,4.254306793212891,60-74
20.0,31.712978,31.770514,11.71297836303711,11.770513534545898,11.71297836303711,11.770513534545898,18-29
64.0,55.7719,55.443874,-8.228099822998047,-8.55612564086914,8.228099822998047,8.55612564086914,60-74
29.0,36.88884,36.863426,7.8888397216796875,7.863426208496094,7.8888397216796875,7.863426208496094,18-29
19.0,24.646019,24.816805,5.646018981933594,5.816804885864258,5.646018981933594,5.816804885864258,18-29
38.0,40.9752,40.884304,2.975200653076172,2.8843040466308594,2.975200653076172,2.8843040466308594,30-44
67.0,67.403694,66.88927,0.40369415283203125,-0.1107330322265625,0.40369415283203125,0.1107330322265625,60-74
35.0,45.92979,45.75949,10.929790496826172,10.759490966796875,10.929790496826172,10.759490966796875,30-44
65.0,66.45877,65.95949,1.458770751953125,0.9594879150390625,1.458770751953125,0.9594879150390625,60-74
44.0,31.593517,31.652966,-12.406482696533203,-12.347034454345703,12.406482696533203,12.347034454345703,30-44
44.0,44.48628,44.33911,0.4862785339355469,0.339111328125,0.4862785339355469,0.339111328125,30-44
60.0,59.63415,59.244232,-0.3658485412597656,-0.755767822265625,0.3658485412597656,0.755767822265625,60-74
22.0,17.969072,18.24686,-4.030927658081055,-3.7531394958496094,4.030927658081055,3.7531394958496094,18-29
67.0,41.48673,41.387634,-25.51327133178711,-25.61236572265625,25.51327133178711,25.61236572265625,60-74
63.0,47.670662,47.472466,-15.329338073730469,-15.527534484863281,15.329338073730469,15.527534484863281,60-74
18.0,21.514143,21.735119,3.5141429901123047,3.735118865966797,3.5141429901123047,3.735118865966797,18-29
24.0,36.573296,36.55294,12.573295593261719,12.552940368652344,12.573295593261719,12.552940368652344,18-29
64.0,55.594097,55.26892,-8.405902862548828,-8.7310791015625,8.405902862548828,8.7310791015625,60-74
39.0,40.2425,40.163345,1.2425003051757812,1.1633453369140625,1.2425003051757812,1.1633453369140625,30-44
30.0,23.219738,23.413382,-6.780261993408203,-6.586618423461914,6.780261993408203,6.586618423461914,30-44
63.0,27.916742,28.035114,-35.0832576751709,-34.96488571166992,35.0832576751709,34.96488571166992,60-74
57.0,47.22243,47.031418,-9.777568817138672,-9.968582153320312,9.777568817138672,9.968582153320312,45-59
52.0,53.58138,53.28846,1.5813789367675781,1.2884597778320312,1.5813789367675781,1.2884597778320312,45-59
55.0,53.913746,53.6155,-1.0862541198730469,-1.3844985961914062,1.0862541198730469,1.3844985961914062,45-59
65.0,59.494293,59.106617,-5.505706787109375,-5.893383026123047,5.505706787109375,5.893383026123047,60-74
55.0,59.585823,59.19668,4.585823059082031,4.196678161621094,4.585823059082031,4.196678161621094,45-59
17.0,31.773169,31.829739,14.773168563842773,14.82973861694336,14.773168563842773,14.82973861694336,0-17
14.0,18.90688,19.16964,4.906879425048828,5.169639587402344,4.906879425048828,5.169639587402344,0-17
21.0,42.99778,42.87447,21.997779846191406,21.874469757080078,21.997779846191406,21.874469757080078,18-29
70.0,68.697655,68.16249,-1.3023452758789062,-1.8375091552734375,1.3023452758789062,1.8375091552734375,60-74
49.0,56.5851,56.24404,7.5850982666015625,7.244041442871094,7.5850982666015625,7.244041442871094,45-59
52.0,58.06755,57.702736,6.0675506591796875,5.702735900878906,6.0675506591796875,5.702735900878906,45-59
73.0,70.360245,69.79843,-2.6397552490234375,-3.201568603515625,2.6397552490234375,3.201568603515625,60-74
50.0,41.139236,41.045708,-8.860763549804688,-8.954292297363281,8.860763549804688,8.954292297363281,45-59
26.0,14.652292,14.983234,-11.347707748413086,-11.016765594482422,11.347707748413086,11.016765594482422,18-29
59.0,50.26463,50.024864,-8.735370635986328,-8.975135803222656,8.735370635986328,8.975135803222656,45-59
52.0,51.54913,51.288776,-0.4508705139160156,-0.7112236022949219,0.4508705139160156,0.7112236022949219,45-59
18.0,30.057589,30.141651,12.057588577270508,12.141651153564453,12.057588577270508,12.141651153564453,18-29
65.0,56.538433,56.198124,-8.461566925048828,-8.801876068115234,8.461566925048828,8.801876068115234,60-74
33.0,34.22401,34.241302,1.2240104675292969,1.241302490234375,1.2240104675292969,1.241302490234375,30-44
27.0,47.351803,47.158714,20.351802825927734,20.158714294433594,20.351802825927734,20.158714294433594,18-29
77.0,75.737206,75.08922,-1.2627944946289062,-1.9107818603515625,1.2627944946289062,1.9107818603515625,75+
78.0,48.914043,48.69592,-29.085956573486328,-29.304080963134766,29.085956573486328,29.304080963134766,75+
33.0,47.376255,47.182777,14.37625503540039,14.182777404785156,14.37625503540039,14.182777404785156,30-44
47.0,45.51305,45.34943,-1.4869499206542969,-1.6505699157714844,1.4869499206542969,1.6505699157714844,45-59
17.0,28.097593,28.213066,11.097593307495117,11.213066101074219,11.097593307495117,11.213066101074219,0-17
61.0,65.244545,64.76471,4.244544982910156,3.76470947265625,4.244544982910156,3.76470947265625,60-74
70.0,69.48913,68.941284,-0.5108718872070312,-1.0587158203125,0.5108718872070312,1.0587158203125,60-74
12.0,13.125592,13.481001,1.1255922317504883,1.4810009002685547,1.1255922317504883,1.4810009002685547,0-17
63.0,59.46436,59.07716,-3.5356407165527344,-3.922840118408203,3.5356407165527344,3.922840118408203,60-74
26.0,24.263811,24.440723,-1.7361888885498047,-1.5592765808105469,1.7361888885498047,1.5592765808105469,18-29
18.0,32.720753,32.76214,14.720752716064453,14.762138366699219,14.720752716064453,14.762138366699219,18-29
29.0,24.672026,24.842396,-4.327974319458008,-4.157604217529297,4.327974319458008,4.157604217529297,18-29
61.0,59.773853,59.381695,-1.2261466979980469,-1.6183052062988281,1.2261466979980469,1.6183052062988281,60-74
60.0,50.800606,50.55225,-9.199394226074219,-9.447750091552734,9.199394226074219,9.447750091552734,60-74
28.0,29.374935,29.469938,1.3749351501464844,1.4699382781982422,1.3749351501464844,1.4699382781982422,18-29
47.0,45.15932,45.00137,-1.8406791687011719,-1.9986305236816406,1.8406791687011719,1.9986305236816406,45-59
14.0,42.66614,42.548145,28.666141510009766,28.548145294189453,28.666141510009766,28.548145294189453,0-17
64.0,63.455467,63.00431,-0.5445327758789062,-0.9956893920898438,0.5445327758789062,0.9956893920898438,60-74
25.0,30.437721,30.515692,5.437721252441406,5.515691757202148,5.437721252441406,5.515691757202148,18-29
32.0,62.400284,61.966034,30.400283813476562,29.966033935546875,30.400283813476562,29.966033935546875,30-44
30.0,25.028013,25.192678,-4.971986770629883,-4.807321548461914,4.971986770629883,4.807321548461914,30-44
20.0,33.52401,33.55252,13.524009704589844,13.552520751953125,13.524009704589844,13.552520751953125,18-29
67.0,67.24812,66.73619,0.2481231689453125,-0.2638092041015625,0.2481231689453125,0.2638092041015625,60-74
60.0,38.34339,38.29467,-21.65660858154297,-21.70532989501953,21.65660858154297,21.70532989501953,60-74
59.0,57.71714,57.35794,-1.2828598022460938,-1.642059326171875,1.2828598022460938,1.642059326171875,45-59
67.0,44.07474,43.93417,-22.92525863647461,-23.06583023071289,22.92525863647461,23.06583023071289,60-74
39.0,29.12921,29.22815,-9.870790481567383,-9.7718505859375,9.870790481567383,9.7718505859375,30-44
33.0,21.4223,21.644749,-11.577699661254883,-11.35525131225586,11.577699661254883,11.35525131225586,30-44
25.0,35.877754,35.868546,10.877754211425781,10.868545532226562,10.877754211425781,10.868545532226562,18-29
37.0,39.496567,39.429363,2.4965667724609375,2.429363250732422,2.4965667724609375,2.429363250732422,30-44
37.0,62.63387,62.195877,25.633869171142578,25.195877075195312,25.633869171142578,25.195877075195312,30-44
16.0,13.449402,13.799621,-2.55059814453125,-2.2003793716430664,2.55059814453125,2.2003793716430664,0-17
60.0,59.884895,59.49096,-0.11510467529296875,-0.5090408325195312,0.11510467529296875,0.5090408325195312,60-74
62.0,55.05886,54.742264,-6.941139221191406,-7.2577362060546875,6.941139221191406,7.2577362060546875,60-74
29.0,45.73437,45.567204,16.734371185302734,16.567203521728516,16.734371185302734,16.567203521728516,18-29
47.0,49.06623,48.84567,2.0662307739257812,1.8456687927246094,2.0662307739257812,1.8456687927246094,45-59
16.0,19.715687,19.965485,3.715686798095703,3.965484619140625,3.715686798095703,3.965484619140625,0-17
59.0,42.526085,42.41033,-16.473915100097656,-16.58966827392578,16.473915100097656,16.58966827392578,45-59
42.0,33.74021,33.76526,-8.259788513183594,-8.2347412109375,8.259788513183594,8.2347412109375,30-44
32.0,32.710915,32.752457,0.7109146118164062,0.7524566650390625,0.7109146118164062,0.7524566650390625,30-44
64.0,38.520714,38.46915,-25.479286193847656,-25.53084945678711,25.479286193847656,25.53084945678711,60-74
23.0,20.499493,20.73673,-2.500507354736328,-2.2632694244384766,2.500507354736328,2.2632694244384766,18-29
31.0,34.820583,34.828316,3.8205833435058594,3.8283157348632812,3.8205833435058594,3.8283157348632812,30-44
56.0,46.42577,46.247524,-9.574230194091797,-9.75247573852539,9.574230194091797,9.75247573852539,45-59
30.0,32.31402,32.361923,2.3140182495117188,2.3619232177734375,2.3140182495117188,2.3619232177734375,30-44
18.0,19.07226,19.332369,1.0722599029541016,1.3323688507080078,1.0722599029541016,1.3323688507080078,18-29
25.0,25.551153,25.707434,0.5511531829833984,0.7074337005615234,0.5511531829833984,0.7074337005615234,18-29
65.0,63.339172,62.889877,-1.66082763671875,-2.1101226806640625,1.66082763671875,2.1101226806640625,60-74
26.0,49.84477,49.61173,23.844768524169922,23.61172866821289,23.844768524169922,23.61172866821289,18-29
17.0,28.201092,28.314907,11.201091766357422,11.31490707397461,11.201091766357422,11.31490707397461,0-17
73.0,61.995808,61.568043,-11.004192352294922,-11.431957244873047,11.004192352294922,11.431957244873047,60-74
63.0,60.226166,59.82676,-2.773834228515625,-3.1732406616210938,2.773834228515625,3.1732406616210938,60-74
26.0,25.534035,25.69059,-0.46596527099609375,-0.30941009521484375,0.46596527099609375,0.30941009521484375,18-29
56.0,56.469658,56.13045,0.46965789794921875,0.13045120239257812,0.46965789794921875,0.13045120239257812,45-59
73.0,73.73484,73.11894,0.7348403930664062,0.1189422607421875,0.7348403930664062,0.1189422607421875,60-74
78.0,64.71348,64.24216,-13.286521911621094,-13.757843017578125,13.286521911621094,13.757843017578125,75+
71.0,69.738335,69.18649,-1.2616653442382812,-1.813507080078125,1.2616653442382812,1.813507080078125,60-74
15.0,19.44426,19.698408,4.4442596435546875,4.698408126831055,4.4442596435546875,4.698408126831055,0-17
72.0,44.1932,44.05073,-27.806800842285156,-27.949268341064453,27.806800842285156,27.949268341064453,60-74
36.0,37.249912,37.218716,1.2499122619628906,1.2187156677246094,1.2499122619628906,1.2187156677246094,30-44
16.0,8.674717,9.101454,-7.325283050537109,-6.89854621887207,7.325283050537109,6.89854621887207,0-17
56.0,52.30529,52.03282,-3.6947097778320312,-3.9671783447265625,3.6947097778320312,3.9671783447265625,45-59
36.0,35.926502,35.91651,-0.07349777221679688,-0.08348846435546875,0.07349777221679688,0.08348846435546875,30-44
16.0,25.223392,25.384926,9.223392486572266,9.384925842285156,9.223392486572266,9.384925842285156,0-17
34.0,40.487247,40.404167,6.487247467041016,6.404167175292969,6.487247467041016,6.404167175292969,30-44
33.0,41.025864,40.934155,8.025863647460938,7.934154510498047,8.025863647460938,7.934154510498047,30-44
22.0,26.657167,26.795725,4.657167434692383,4.795724868774414,4.657167434692383,4.795724868774414,18-29
35.0,47.219387,47.028423,12.21938705444336,12.028423309326172,12.21938705444336,12.028423309326172,30-44
79.0,64.34247,63.877094,-14.65753173828125,-15.122905731201172,14.65753173828125,15.122905731201172,75+
20.0,57.66716,57.30876,37.66716003417969,37.30876159667969,37.66716003417969,37.30876159667969,18-29
40.0,44.973064,44.818096,4.973064422607422,4.818096160888672,4.973064422607422,4.818096160888672,30-44
38.0,36.145,36.131508,-1.8549995422363281,-1.8684921264648438,1.8549995422363281,1.8684921264648438,30-44
71.0,70.087425,69.52998,-0.9125747680664062,-1.4700164794921875,0.9125747680664062,1.4700164794921875,60-74
44.0,40.72977,40.642807,-3.2702293395996094,-3.3571929931640625,3.2702293395996094,3.3571929931640625,30-44
27.0,32.203094,32.252777,5.203094482421875,5.252777099609375,5.203094482421875,5.252777099609375,18-29
29.0,51.552288,51.291885,22.552288055419922,22.291885375976562,22.552288055419922,22.291885375976562,18-29
64.0,69.06117,68.52017,5.0611724853515625,4.520172119140625,5.0611724853515625,4.520172119140625,60-74
59.0,57.391193,57.03722,-1.6088066101074219,-1.9627799987792969,1.6088066101074219,1.9627799987792969,45-59
46.0,29.59966,29.691063,-16.400339126586914,-16.308937072753906,16.400339126586914,16.308937072753906,45-59
47.0,49.287987,49.06387,2.2879867553710938,2.0638694763183594,2.2879867553710938,2.0638694763183594,45-59
12.0,14.664674,14.995418,2.6646738052368164,2.995417594909668,2.6646738052368164,2.995417594909668,0-17
52.0,61.320232,60.903294,9.320232391357422,8.90329360961914,9.320232391357422,8.90329360961914,45-59
39.0,35.824917,35.816555,-3.1750831604003906,-3.1834449768066406,3.1750831604003906,3.1834449768066406,30-44
51.0,50.72,50.472935,-0.279998779296875,-0.5270652770996094,0.279998779296875,0.5270652770996094,45-59
32.0,26.45727,26.59903,-5.542730331420898,-5.400970458984375,5.542730331420898,5.400970458984375,30-44
37.0,33.09029,33.12575,-3.909709930419922,-3.874248504638672,3.909709930419922,3.874248504638672,30-44
29.0,29.648859,29.739471,0.6488590240478516,0.739471435546875,0.6488590240478516,0.739471435546875,18-29
38.0,42.180508,42.070293,4.180507659912109,4.070293426513672,4.180507659912109,4.070293426513672,30-44
37.0,27.836552,27.956207,-9.163448333740234,-9.043792724609375,9.163448333740234,9.043792724609375,30-44
48.0,42.02676,41.91901,-5.973239898681641,-6.080989837646484,5.973239898681641,6.080989837646484,45-59
15.0,11.579372,11.95956,-3.4206275939941406,-3.0404396057128906,3.4206275939941406,3.0404396057128906,0-17
34.0,58.9489,58.56996,24.948898315429688,24.569961547851562,24.948898315429688,24.569961547851562,30-44
66.0,56.386,56.048138,-9.613998413085938,-9.951862335205078,9.613998413085938,9.951862335205078,60-74
54.0,50.9852,50.733883,-3.014801025390625,-3.2661170959472656,3.014801025390625,3.2661170959472656,45-59
67.0,61.844257,61.41892,-5.155742645263672,-5.581081390380859,5.155742645263672,5.581081390380859,60-74
78.0,67.97399,67.450424,-10.026008605957031,-10.549575805664062,10.026008605957031,10.549575805664062,75+
17.0,21.148144,21.374987,4.148143768310547,4.37498664855957,4.148143768310547,4.37498664855957,0-17
63.0,58.204674,57.83766,-4.795326232910156,-5.1623382568359375,4.795326232910156,5.1623382568359375,60-74
24.0,20.39473,20.633646,-3.6052703857421875,-3.366353988647461,3.6052703857421875,3.366353988647461,18-29
42.0,52.128365,51.85873,10.128364562988281,9.85873031616211,10.128364562988281,9.85873031616211,30-44
16.0,26.876228,27.011274,10.876228332519531,11.011274337768555,10.876228332519531,11.011274337768555,0-17
26.0,46.952045,46.765366,20.952045440673828,20.765365600585938,20.952045440673828,20.765365600585938,18-29
28.0,42.159832,42.04995,14.159832000732422,14.049949645996094,14.159832000732422,14.049949645996094,18-29
68.0,65.30595,64.825134,-2.6940536499023438,-3.17486572265625,2.6940536499023438,3.17486572265625,60-74
71.0,63.66039,63.205948,-7.339611053466797,-7.7940521240234375,7.339611053466797,7.7940521240234375,60-74
35.0,39.758514,39.687115,4.758514404296875,4.687114715576172,4.758514404296875,4.687114715576172,30-44
78.0,70.9847,70.41289,-7.015296936035156,-7.5871124267578125,7.015296936035156,7.5871124267578125,75+
55.0,40.948753,40.85828,-14.051246643066406,-14.141719818115234,14.051246643066406,14.141719818115234,45-59
22.0,30.530876,30.607355,8.530876159667969,8.607355117797852,8.530876159667969,8.607355117797852,18-29
39.0,31.844795,31.900217,-7.155204772949219,-7.099782943725586,7.155204772949219,7.099782943725586,30-44
12.0,25.887386,26.038279,13.887386322021484,14.038278579711914,13.887386322021484,14.038278579711914,0-17
17.0,28.758091,28.86298,11.75809097290039,11.862979888916016,11.75809097290039,11.862979888916016,0-17
38.0,44.27308,44.12933,6.273078918457031,6.129329681396484,6.273078918457031,6.129329681396484,30-44
54.0,52.095837,51.826725,-1.9041633605957031,-2.1732749938964844,1.9041633605957031,2.1732749938964844,45-59
58.0,48.884403,48.666756,-9.115596771240234,-9.333244323730469,9.115596771240234,9.333244323730469,45-59
65.0,70.94904,70.37779,5.949043273925781,5.3777923583984375,5.949043273925781,5.3777923583984375,60-74
18.0,20.366972,20.606333,2.366971969604492,2.606332778930664,2.366971969604492,2.606332778930664,18-29
46.0,21.529858,21.750582,-24.470142364501953,-24.249418258666992,24.470142364501953,24.249418258666992,45-59
50.0,59.344833,58.95955,9.344833374023438,8.959548950195312,9.344833374023438,8.959548950195312,45-59
26.0,34.92106,34.92718,8.921058654785156,8.927181243896484,8.921058654785156,8.927181243896484,18-29
59.0,32.27087,32.319466,-26.729129791259766,-26.68053436279297,26.729129791259766,26.68053436279297,45-59
17.0,21.827383,22.04334,4.827383041381836,5.043340682983398,4.827383041381836,5.043340682983398,0-17
15.0,16.190994,16.497278,1.1909942626953125,1.4972782135009766,1.1909942626953125,1.4972782135009766,0-17
22.0,29.147356,29.246006,7.147356033325195,7.246006011962891,7.147356033325195,7.246006011962891,18-29
29.0,24.164536,24.343039,-4.8354644775390625,-4.656961441040039,4.8354644775390625,4.656961441040039,18-29
39.0,55.11408,54.796597,16.114078521728516,15.79659652709961,16.114078521728516,15.79659652709961,30-44
76.0,60.971447,60.560097,-15.028553009033203,-15.439903259277344,15.028553009033203,15.439903259277344,75+
37.0,29.60754,29.698816,-7.392459869384766,-7.301183700561523,7.392459869384766,7.301183700561523,30-44
40.0,49.089783,48.868843,9.08978271484375,8.868843078613281,9.08978271484375,8.868843078613281,30-44
60.0,54.454002,54.1471,-5.545997619628906,-5.852901458740234,5.545997619628906,5.852901458740234,60-74
68.0,57.273426,56.921337,-10.726573944091797,-11.078662872314453,10.726573944091797,11.078662872314453,60-74
40.0,35.61052,35.605595,-4.3894805908203125,-4.394405364990234,4.3894805908203125,4.394405364990234,30-44
14.0,21.650097,21.868895,7.650096893310547,7.868894577026367,7.650096893310547,7.868894577026367,0-17
25.0,24.563057,24.735172,-0.43694305419921875,-0.2648277282714844,0.43694305419921875,0.2648277282714844,18-29
14.0,13.100264,13.456078,-0.8997364044189453,-0.5439224243164062,0.8997364044189453,0.5439224243164062,0-17
72.0,57.830273,57.46926,-14.169727325439453,-14.530738830566406,14.169727325439453,14.530738830566406,60-74
27.0,27.864708,27.983913,0.8647079467773438,0.9839134216308594,0.8647079467773438,0.9839134216308594,18-29
19.0,30.458158,30.535803,11.458158493041992,11.535802841186523,11.458158493041992,11.535802841186523,18-29
32.0,17.144104,17.435114,-14.85589599609375,-14.564886093139648,14.85589599609375,14.564886093139648,30-44
54.0,55.348503,55.027264,1.3485031127929688,1.0272636413574219,1.3485031127929688,1.0272636413574219,45-59
26.0,26.934992,27.069096,0.9349918365478516,1.0690956115722656,0.9349918365478516,1.0690956115722656,18-29
19.0,26.334702,26.478426,7.3347015380859375,7.478425979614258,7.3347015380859375,7.478425979614258,18-29
37.0,39.953587,39.87906,2.9535865783691406,2.879058837890625,2.9535865783691406,2.879058837890625,30-44
64.0,51.455166,51.19632,-12.54483413696289,-12.803680419921875,12.54483413696289,12.803680419921875,60-74
76.0,71.45316,70.87384,-4.546836853027344,-5.12615966796875,4.546836853027344,5.12615966796875,75+
29.0,33.623608,33.650524,4.623607635498047,4.650524139404297,4.623607635498047,4.650524139404297,18-29
75.0,68.76392,68.22769,-6.236076354980469,-6.772308349609375,6.236076354980469,6.772308349609375,75+
74.0,43.37005,43.240772,-30.62995147705078,-30.759227752685547,30.62995147705078,30.759227752685547,60-74
43.0,36.96003,36.933475,-6.039970397949219,-6.066524505615234,6.039970397949219,6.066524505615234,30-44
55.0,50.56423,50.319664,-4.435768127441406,-4.680335998535156,4.435768127441406,4.680335998535156,45-59
69.0,50.660824,50.414707,-18.339176177978516,-18.58529281616211,18.339176177978516,18.58529281616211,60-74
68.0,61.720333,61.29698,-6.279666900634766,-6.7030181884765625,6.279666900634766,6.7030181884765625,60-74
28.0,38.364395,38.31534,10.364395141601562,10.315338134765625,10.364395141601562,10.315338134765625,18-29
58.0,57.542606,57.186207,-0.4573936462402344,-0.8137931823730469,0.4573936462402344,0.8137931823730469,45-59
49.0,49.15492,48.932934,0.15491867065429688,-0.06706619262695312,0.15491867065429688,0.06706619262695312,45-59
18.0,20.073769,20.31783,2.0737686157226562,2.317829132080078,2.0737686157226562,2.317829132080078,18-29
50.0,48.440887,48.230347,-1.559112548828125,-1.7696533203125,1.559112548828125,1.7696533203125,45-59
50.0,55.325768,55.004894,5.325767517089844,5.004894256591797,5.325767517089844,5.004894256591797,45-59
48.0,65.25535,64.775345,17.255348205566406,16.775344848632812,17.255348205566406,16.775344848632812,45-59
52.0,59.41059,59.024254,7.410591125488281,7.024253845214844,7.410591125488281,7.024253845214844,45-59
65.0,66.02302,65.530716,1.0230178833007812,0.5307159423828125,1.0230178833007812,0.5307159423828125,60-74
50.0,23.687843,23.873985,-26.312156677246094,-26.126014709472656,26.312156677246094,26.126014709472656,45-59
38.0,36.653427,36.631786,-1.3465728759765625,-1.3682136535644531,1.3465728759765625,1.3682136535644531,30-44
21.0,39.31199,39.247746,18.311988830566406,18.247745513916016,18.311988830566406,18.247745513916016,18-29
36.0,37.924416,37.88241,1.9244155883789062,1.8824081420898438,1.9244155883789062,1.8824081420898438,30-44
56.0,47.302914,47.11061,-8.697086334228516,-8.889389038085938,8.697086334228516,8.889389038085938,45-59
16.0,38.576645,38.524185,22.576644897460938,22.524185180664062,22.576644897460938,22.524185180664062,0-17
77.0,57.327732,56.974773,-19.67226791381836,-20.025226593017578,19.67226791381836,20.025226593017578,75+
52.0,52.41158,52.137405,0.4115791320800781,0.1374053955078125,0.4115791320800781,0.1374053955078125,45-59
21.0,27.8119,27.931952,6.811899185180664,6.931951522827148,6.811899185180664,6.931951522827148,18-29
65.0,69.14422,68.6019,4.144218444824219,3.601898193359375,4.144218444824219,3.601898193359375,60-74
54.0,55.183357,54.864765,1.1833572387695312,0.8647651672363281,1.1833572387695312,0.8647651672363281,45-59
25.0,16.708174,17.006168,-8.291826248168945,-7.993831634521484,8.291826248168945,7.993831634521484,18-29
72.0,59.409016,59.022705,-12.590984344482422,-12.977294921875,12.590984344482422,12.977294921875,60-74
37.0,37.3446,37.311886,0.3446006774902344,0.3118858337402344,0.3446006774902344,0.3118858337402344,30-44
14.0,42.016933,41.90934,28.01693344116211,27.909339904785156,28.01693344116211,27.909339904785156,0-17
27.0,35.35767,35.356796,8.357669830322266,8.356796264648438,8.357669830322266,8.356796264648438,18-29
73.0,70.983765,70.41196,-2.0162353515625,-2.588043212890625,2.0162353515625,2.588043212890625,60-74
38.0,47.84084,47.639915,9.840839385986328,9.639915466308594,9.840839385986328,9.639915466308594,30-44
34.0,48.656574,48.442577,14.656574249267578,14.442577362060547,14.656574249267578,14.442577362060547,30-44
38.0,27.534185,27.658688,-10.465814590454102,-10.341312408447266,10.465814590454102,10.341312408447266,30-44
33.0,41.014923,40.92339,8.014923095703125,7.923389434814453,8.014923095703125,7.923389434814453,30-44
17.0,33.64093,33.66757,16.64093017578125,16.66756820678711,16.64093017578125,16.66756820678711,0-17
75.0,64.56957,64.100555,-10.430427551269531,-10.899444580078125,10.430427551269531,10.899444580078125,75+
58.0,34.22253,34.23985,-23.777469635009766,-23.760150909423828,23.777469635009766,23.760150909423828,45-59
70.0,57.06593,56.717167,-12.934070587158203,-13.282833099365234,12.934070587158203,13.282833099365234,60-74
63.0,62.591366,62.154057,-0.4086341857910156,-0.8459434509277344,0.4086341857910156,0.8459434509277344,60-74
36.0,46.65731,46.475353,10.657310485839844,10.475353240966797,10.657310485839844,10.475353240966797,30-44
30.0,23.534933,23.723526,-6.465066909790039,-6.2764739990234375,6.465066909790039,6.2764739990234375,30-44
18.0,42.660233,42.54233,24.660232543945312,24.54233169555664,24.660232543945312,24.54233169555664,18-29
18.0,26.052824,26.201065,8.052824020385742,8.201065063476562,8.052824020385742,8.201065063476562,18-29
77.0,43.795246,43.659153,-33.20475387573242,-33.34084701538086,33.20475387573242,33.34084701538086,75+
32.0,25.0105,25.175446,-6.989500045776367,-6.824554443359375,6.989500045776367,6.824554443359375,30-44
15.0,26.393547,26.53633,11.393547058105469,11.53632926940918,11.393547058105469,11.53632926940918,0-17
42.0,44.84572,44.69279,2.8457183837890625,2.692790985107422,2.8457183837890625,2.692790985107422,30-44
17.0,19.358852,19.614368,2.3588523864746094,2.614368438720703,2.3588523864746094,2.614368438720703,0-17
42.0,40.923344,40.833275,-1.0766563415527344,-1.1667251586914062,1.0766563415527344,1.1667251586914062,30-44
41.0,55.192924,54.87418,14.192924499511719,13.87417984008789,14.192924499511719,13.87417984008789,30-44
53.0,41.769047,41.66543,-11.230953216552734,-11.334571838378906,11.230953216552734,11.334571838378906,45-59
20.0,21.47263,21.694271,1.4726295471191406,1.6942710876464844,1.4726295471191406,1.6942710876464844,18-29
78.0,44.37658,44.23117,-33.62342071533203,-33.768829345703125,33.62342071533203,33.768829345703125,75+
25.0,29.716578,29.806105,4.716577529907227,4.80610466003418,4.716577529907227,4.80610466003418,18-29
35.0,44.34572,44.200806,9.345718383789062,9.2008056640625,9.345718383789062,9.2008056640625,30-44
65.0,53.356976,53.067654,-11.643024444580078,-11.93234634399414,11.643024444580078,11.93234634399414,60-74
26.0,28.815239,28.91921,2.8152389526367188,2.919210433959961,2.8152389526367188,2.919210433959961,18-29
69.0,59.502903,59.115086,-9.49709701538086,-9.88491439819336,9.49709701538086,9.88491439819336,60-74
16.0,12.826856,13.187052,-3.1731443405151367,-2.812948226928711,3.1731443405151367,2.812948226928711,0-17
56.0,61.023155,60.610977,5.023155212402344,4.6109771728515625,5.023155212402344,4.6109771728515625,45-59
36.0,47.98253,47.779335,11.982528686523438,11.779335021972656,11.982528686523438,11.779335021972656,30-44
70.0,56.088554,55.755455,-13.911445617675781,-14.244544982910156,13.911445617675781,14.244544982910156,60-74
69.0,68.98076,68.441055,-0.0192413330078125,-0.5589447021484375,0.0192413330078125,0.5589447021484375,60-74
21.0,26.722715,26.860222,5.722715377807617,5.860221862792969,5.722715377807617,5.860221862792969,18-29
21.0,22.77715,22.977886,1.7771492004394531,1.9778861999511719,1.7771492004394531,1.9778861999511719,18-29
35.0,36.72939,36.70653,1.7293891906738281,1.7065315246582031,1.7293891906738281,1.7065315246582031,30-44
56.0,54.26508,53.961205,-1.7349205017089844,-2.0387954711914062,1.7349205017089844,2.0387954711914062,45-59
19.0,23.600998,23.788532,4.6009979248046875,4.788532257080078,4.6009979248046875,4.788532257080078,18-29
71.0,58.29745,57.92895,-12.70254898071289,-13.071048736572266,12.70254898071289,13.071048736572266,60-74
72.0,55.774208,55.446148,-16.225791931152344,-16.553852081298828,16.225791931152344,16.553852081298828,60-74
43.0,55.370476,55.048885,12.370475769042969,12.048885345458984,12.370475769042969,12.048885345458984,30-44
12.0,12.958804,13.316885,0.9588041305541992,1.316884994506836,0.9588041305541992,1.316884994506836,0-17
58.0,44.95413,44.799465,-13.04587173461914,-13.20053482055664,13.04587173461914,13.20053482055664,45-59
66.0,63.55047,63.097786,-2.4495315551757812,-2.9022140502929688,2.4495315551757812,2.9022140502929688,60-74
19.0,32.45778,32.50338,13.457778930664062,13.503379821777344,13.457778930664062,13.503379821777344,18-29
12.0,11.836573,12.212638,-0.16342735290527344,0.21263790130615234,0.16342735290527344,0.21263790130615234,0-17
31.0,31.080242,31.147917,0.08024215698242188,0.1479167938232422,0.08024215698242188,0.1479167938232422,30-44
43.0,46.233875,46.058704,3.233875274658203,3.058704376220703,3.233875274658203,3.058704376220703,30-44
19.0,29.318497,29.414404,10.318496704101562,10.414403915405273,10.318496704101562,10.414403915405273,18-29
20.0,20.682426,20.916733,0.6824264526367188,0.9167327880859375,0.6824264526367188,0.9167327880859375,18-29
55.0,39.790134,39.718227,-15.20986557006836,-15.28177261352539,15.20986557006836,15.28177261352539,45-59
35.0,59.79199,59.39954,24.791988372802734,24.399539947509766,24.791988372802734,24.399539947509766,30-44
34.0,42.72734,42.608364,8.727340698242188,8.60836410522461,8.727340698242188,8.60836410522461,30-44
39.0,40.844078,40.75528,1.8440780639648438,1.755279541015625,1.8440780639648438,1.755279541015625,30-44
53.0,58.81821,58.44137,5.818210601806641,5.441368103027344,5.818210601806641,5.441368103027344,45-59
64.0,54.735363,54.42395,-9.264636993408203,-9.5760498046875,9.264636993408203,9.5760498046875,60-74
45.0,42.22822,42.117245,-2.771778106689453,-2.8827552795410156,2.771778106689453,2.8827552795410156,45-59
32.0,51.34039,51.08338,19.340389251708984,19.08338165283203,19.340389251708984,19.08338165283203,30-44
44.0,66.70092,66.197754,22.70092010498047,22.19775390625,22.70092010498047,22.19775390625,30-44
40.0,38.850887,38.794033,-1.1491127014160156,-1.2059669494628906,1.1491127014160156,1.2059669494628906,30-44
50.0,49.84879,49.615685,-0.15121078491210938,-0.38431549072265625,0.15121078491210938,0.38431549072265625,45-59
78.0,64.01621,63.55607,-13.983787536621094,-14.443931579589844,13.983787536621094,14.443931579589844,75+
37.0,27.175129,27.305386,-9.824871063232422,-9.69461441040039,9.824871063232422,9.69461441040039,30-44
59.0,45.160717,45.002743,-13.839282989501953,-13.997257232666016,13.839282989501953,13.997257232666016,45-59
41.0,48.883366,48.665733,7.883365631103516,7.665733337402344,7.883365631103516,7.665733337402344,30-44
17.0,30.684826,30.758837,13.684825897216797,13.75883674621582,13.684825897216797,13.75883674621582,0-17
17.0,16.94403,17.238247,-0.05596923828125,0.23824691772460938,0.05596923828125,0.23824691772460938,0-17
14.0,19.168058,19.426632,5.168058395385742,5.426631927490234,5.168058395385742,5.426631927490234,0-17
36.0,38.053173,38.0091,2.053173065185547,2.0091018676757812,2.053173065185547,2.0091018676757812,30-44
36.0,31.264645,31.329363,-4.735355377197266,-4.670637130737305,4.735355377197266,4.670637130737305,30-44
39.0,45.151115,44.993294,6.151115417480469,5.993293762207031,6.151115417480469,5.993293762207031,30-44
35.0,41.819218,41.714794,6.819217681884766,6.714794158935547,6.819217681884766,6.714794158935547,30-44
21.0,37.583847,37.5473,16.583847045898438,16.547298431396484,16.583847045898438,16.547298431396484,18-29
18.0,18.684547,18.95087,0.6845474243164062,0.9508705139160156,0.6845474243164062,0.9508705139160156,18-29
44.0,42.246414,42.135143,-1.7535858154296875,-1.8648567199707031,1.7535858154296875,1.8648567199707031,30-44
77.0,46.909576,46.723576,-30.090423583984375,-30.276424407958984,30.090423583984375,30.276424407958984,75+
12.0,17.115755,17.407219,5.115755081176758,5.407218933105469,5.115755081176758,5.407218933105469,0-17
47.0,48.380524,48.17095,1.380523681640625,1.1709518432617188,1.380523681640625,1.1709518432617188,45-59
13.0,17.989923,18.267378,4.989923477172852,5.267377853393555,4.989923477172852,5.267377853393555,0-17
59.0,58.717422,58.342194,-0.2825775146484375,-0.657806396484375,0.2825775146484375,0.657806396484375,45-59
46.0,52.00911,51.741386,6.0091094970703125,5.741386413574219,6.0091094970703125,5.741386413574219,45-59
14.0,12.869639,13.22915,-1.1303606033325195,-0.7708501815795898,1.1303606033325195,0.7708501815795898,0-17
67.0,67.5904,67.07298,0.5904006958007812,0.0729827880859375,0.5904006958007812,0.0729827880859375,60-74
79.0,73.07811,72.47275,-5.9218902587890625,-6.527252197265625,5.9218902587890625,6.527252197265625,75+
62.0,61.711864,61.288647,-0.2881355285644531,-0.7113533020019531,0.2881355285644531,0.7113533020019531,60-74
41.0,45.935383,45.764996,4.935382843017578,4.764995574951172,4.935382843017578,4.764995574951172,30-44
51.0,61.045193,60.63266,10.04519271850586,9.632659912109375,10.04519271850586,9.632659912109375,45-59
21.0,52.410065,52.135914,31.410064697265625,31.135913848876953,31.410064697265625,31.135913848876953,18-29
39.0,54.505077,54.197353,15.505077362060547,15.19735336303711,15.505077362060547,15.19735336303711,30-44
64.0,60.76324,60.35523,-3.2367591857910156,-3.6447715759277344,3.2367591857910156,3.6447715759277344,60-74
69.0,63.8787,63.42076,-5.121299743652344,-5.5792388916015625,5.121299743652344,5.5792388916015625,60-74
59.0,50.916172,50.665962,-8.08382797241211,-8.334037780761719,8.08382797241211,8.334037780761719,45-59
24.0,31.362139,31.425295,7.362138748168945,7.425294876098633,7.362138748168945,7.425294876098633,18-29
17.0,32.755184,32.796017,15.755184173583984,15.796016693115234,15.755184173583984,15.796016693115234,0-17
30.0,33.895424,33.917984,3.8954238891601562,3.9179840087890625,3.8954238891601562,3.9179840087890625,30-44
25.0,23.475557,23.665102,-1.5244426727294922,-1.3348979949951172,1.5244426727294922,1.3348979949951172,18-29
74.0,64.18132,63.71853,-9.818679809570312,-10.281471252441406,9.818679809570312,10.281471252441406,60-74
35.0,31.090893,31.158396,-3.909107208251953,-3.841604232788086,3.909107208251953,3.841604232788086,30-44
55.0,42.23128,42.120255,-12.768718719482422,-12.879745483398438,12.768718719482422,12.879745483398438,45-59
38.0,45.10582,44.948727,7.1058197021484375,6.948726654052734,7.1058197021484375,6.948726654052734,30-44
41.0,44.65917,44.50923,3.659168243408203,3.5092315673828125,3.659168243408203,3.5092315673828125,30-44
12.0,12.871309,13.230793,0.8713092803955078,1.2307929992675781,0.8713092803955078,1.2307929992675781,0-17
70.0,66.49937,65.999435,-3.5006332397460938,-4.0005645751953125,3.5006332397460938,4.0005645751953125,60-74
44.0,48.581657,48.368862,4.581657409667969,4.368862152099609,4.581657409667969,4.368862152099609,30-44
45.0,39.95743,39.882843,-5.042568206787109,-5.117156982421875,5.042568206787109,5.117156982421875,45-59
41.0,31.922268,31.976448,-9.07773208618164,-9.023551940917969,9.07773208618164,9.023551940917969,30-44
49.0,39.660946,39.59111,-9.339054107666016,-9.408889770507812,9.339054107666016,9.408889770507812,45-59
68.0,48.35049,48.1414,-19.64950942993164,-19.858600616455078,19.64950942993164,19.858600616455078,60-74
20.0,24.481384,24.65481,4.48138427734375,4.654809951782227,4.48138427734375,4.654809951782227,18-29
12.0,12.183516,12.554021,0.1835155487060547,0.554020881652832,0.1835155487060547,0.554020881652832,0-17
66.0,55.863697,55.534203,-10.136302947998047,-10.465797424316406,10.136302947998047,10.465797424316406,60-74
15.0,12.281832,12.650762,-2.718168258666992,-2.349238395690918,2.718168258666992,2.349238395690918,0-17
12.0,30.00336,30.088293,18.003360748291016,18.088293075561523,18.003360748291016,18.088293075561523,0-17
13.0,13.980663,14.322369,0.9806632995605469,1.3223686218261719,0.9806632995605469,1.3223686218261719,0-17
20.0,33.192467,33.22629,13.192466735839844,13.22629165649414,13.192466735839844,13.22629165649414,18-29
75.0,72.33931,71.74579,-2.6606903076171875,-3.25421142578125,2.6606903076171875,3.25421142578125,75+
13.0,11.806297,12.182848,-1.1937026977539062,-0.8171520233154297,1.1937026977539062,0.8171520233154297,0-17
17.0,13.693514,14.039821,-3.306486129760742,-2.960179328918457,3.306486129760742,2.960179328918457,0-17
34.0,37.06388,37.035664,3.0638809204101562,3.035663604736328,3.0638809204101562,3.035663604736328,30-44
33.0,42.153015,42.043243,9.15301513671875,9.043243408203125,9.15301513671875,9.043243408203125,30-44
16.0,15.392105,15.711191,-0.6078948974609375,-0.28880882263183594,0.6078948974609375,0.28880882263183594,0-17
21.0,40.728394,40.64145,19.7283935546875,19.641448974609375,19.7283935546875,19.641448974609375,18-29
62.0,51.53263,51.272545,-10.467369079589844,-10.727455139160156,10.467369079589844,10.727455139160156,60-74
70.0,61.605186,61.18368,-8.394813537597656,-8.81631851196289,8.394813537597656,8.81631851196289,60-74
25.0,35.944473,35.934196,10.944473266601562,10.934196472167969,10.944473266601562,10.934196472167969,18-29
61.0,60.266445,59.866394,-0.7335548400878906,-1.13360595703125,0.7335548400878906,1.13360595703125,60-74
45.0,50.319485,50.07884,5.319484710693359,5.078838348388672,5.319484710693359,5.078838348388672,45-59
42.0,41.415974,41.318012,-0.5840263366699219,-0.6819877624511719,0.5840263366699219,0.6819877624511719,30-44
16.0,13.67236,14.019007,-2.327639579772949,-1.9809932708740234,2.327639579772949,1.9809932708740234,0-17
25.0,65.7008,65.21365,40.70079803466797,40.213653564453125,40.70079803466797,40.213653564453125,18-29
13.0,13.594397,13.942292,0.5943965911865234,0.9422922134399414,0.5943965911865234,0.9422922134399414,0-17
70.0,47.29783,47.105606,-22.702171325683594,-22.894393920898438,22.702171325683594,22.894393920898438,60-74
51.0,65.84157,65.35217,14.841567993164062,14.3521728515625,14.841567993164062,14.3521728515625,45-59
54.0,41.687267,41.584957,-12.312732696533203,-12.415042877197266,12.312732696533203,12.415042877197266,45-59
65.0,49.422974,49.196693,-15.5770263671875,-15.803306579589844,15.5770263671875,15.803306579589844,60-74
57.0,54.31157,54.006947,-2.6884307861328125,-2.993053436279297,2.6884307861328125,2.993053436279297,45-59
28.0,28.529121,28.637678,0.5291213989257812,0.6376781463623047,0.5291213989257812,0.6376781463623047,18-29
56.0,33.820892,33.844646,-22.179107666015625,-22.155353546142578,22.179107666015625,22.155353546142578,45-59
36.0,36.781002,36.757317,0.7810020446777344,0.7573165893554688,0.7810020446777344,0.7573165893554688,30-44
46.0,47.354694,47.16156,1.3546943664550781,1.16156005859375,1.3546943664550781,1.16156005859375,45-59
13.0,25.163572,25.326065,12.163572311401367,12.326065063476562,12.163572311401367,12.326065063476562,0-17
15.0,25.567852,25.723866,10.567852020263672,10.723865509033203,10.567852020263672,10.723865509033203,0-17
60.0,58.084656,57.719566,-1.91534423828125,-2.2804336547851562,1.91534423828125,2.2804336547851562,60-74
25.0,28.34864,28.46009,3.3486404418945312,3.4600906372070312,3.3486404418945312,3.4600906372070312,18-29
18.0,28.775558,28.880167,10.775558471679688,10.880167007446289,10.775558471679688,10.880167007446289,18-29
69.0,71.24066,70.664734,2.24066162109375,1.66473388671875,2.24066162109375,1.66473388671875,60-74
12.0,20.514378,20.751377,8.51437759399414,8.75137710571289,8.51437759399414,8.75137710571289,0-17
18.0,20.607616,20.84312,2.607616424560547,2.843120574951172,2.607616424560547,2.843120574951172,18-29
73.0,56.11423,55.78072,-16.88576889038086,-17.219280242919922,16.88576889038086,17.219280242919922,60-74
17.0,10.778344,11.171369,-6.22165584564209,-5.828631401062012,6.22165584564209,5.828631401062012,0-17
18.0,20.363308,20.602728,2.3633079528808594,2.6027278900146484,2.3633079528808594,2.6027278900146484,18-29
30.0,48.006283,47.802708,18.006282806396484,17.80270767211914,18.006282806396484,17.80270767211914,30-44
26.0,20.824638,21.056665,-5.175361633300781,-4.943334579467773,5.175361633300781,4.943334579467773,18-29
39.0,33.437614,33.46751,-5.562385559082031,-5.532489776611328,5.562385559082031,5.532489776611328,30-44
38.0,26.033094,26.181652,-11.96690559387207,-11.818347930908203,11.96690559387207,11.818347930908203,30-44
57.0,53.904697,53.606598,-3.0953025817871094,-3.393402099609375,3.0953025817871094,3.393402099609375,45-59
38.0,49.503716,49.276142,11.503715515136719,11.276142120361328,11.503715515136719,11.276142120361328,30-44
55.0,60.077656,59.68063,5.077655792236328,4.680629730224609,5.077655792236328,4.680629730224609,45-59
60.0,44.430767,44.284492,-15.569232940673828,-15.715507507324219,15.569232940673828,15.715507507324219,60-74
78.0,69.311,68.76601,-8.689002990722656,-9.233993530273438,8.689002990722656,9.233993530273438,75+
69.0,64.73202,64.26041,-4.267982482910156,-4.739593505859375,4.267982482910156,4.739593505859375,60-74
34.0,22.099403,22.311,-11.900596618652344,-11.68899917602539,11.900596618652344,11.68899917602539,30-44
24.0,24.198664,24.37662,0.19866371154785156,0.3766193389892578,0.19866371154785156,0.3766193389892578,18-29
65.0,49.23759,49.014282,-15.762409210205078,-15.9857177734375,15.762409210205078,15.9857177734375,60-74
34.0,40.590134,40.505405,6.5901336669921875,6.505405426025391,6.5901336669921875,6.505405426025391,30-44
84.0,58.60694,58.233482,-25.39305877685547,-25.766517639160156,25.39305877685547,25.766517639160156,75+
76.0,75.2122,74.57263,-0.7878036499023438,-1.4273681640625,0.7878036499023438,1.4273681640625,75+
47.0,49.6672,49.437004,2.6671981811523438,2.4370040893554688,2.6671981811523438,2.4370040893554688,45-59
58.0,58.940647,58.56184,0.9406471252441406,0.5618400573730469,0.9406471252441406,0.5618400573730469,45-59
12.0,14.715353,15.045284,2.715353012084961,3.0452842712402344,2.715353012084961,3.0452842712402344,0-17
49.0,50.595596,50.350525,1.5955963134765625,1.35052490234375,1.5955963134765625,1.35052490234375,45-59
17.0,35.215145,35.216557,18.215145111083984,18.216556549072266,18.215145111083984,18.216556549072266,0-17
66.0,62.510853,62.074833,-3.489147186279297,-3.9251670837402344,3.489147186279297,3.9251670837402344,60-74
61.0,55.555164,55.230614,-5.444835662841797,-5.769386291503906,5.444835662841797,5.769386291503906,60-74
54.0,69.291046,68.74637,15.291046142578125,14.746368408203125,15.291046142578125,14.746368408203125,45-59
60.0,44.877758,44.72432,-15.122241973876953,-15.275680541992188,15.122241973876953,15.275680541992188,60-74
75.0,58.436638,58.06591,-16.56336212158203,-16.93408966064453,16.56336212158203,16.93408966064453,75+
19.0,21.447914,21.669952,2.4479141235351562,2.669952392578125,2.4479141235351562,2.669952392578125,18-29
78.0,63.722317,63.266884,-14.27768325805664,-14.733116149902344,14.27768325805664,14.733116149902344,75+
70.0,52.823044,52.54228,-17.176956176757812,-17.457721710205078,17.176956176757812,17.457721710205078,60-74
37.0,44.876003,44.72259,7.876003265380859,7.722591400146484,7.876003265380859,7.722591400146484,30-44
48.0,37.996334,37.953175,-10.003665924072266,-10.046825408935547,10.003665924072266,10.046825408935547,45-59
29.0,36.027584,36.015976,7.027584075927734,7.0159759521484375,7.027584075927734,7.0159759521484375,18-29
21.0,25.729843,25.88326,4.7298431396484375,4.883260726928711,4.7298431396484375,4.883260726928711,18-29
53.0,56.27506,55.938972,3.2750587463378906,2.9389724731445312,3.2750587463378906,2.9389724731445312,45-59
60.0,42.442787,42.32837,-17.557212829589844,-17.671630859375,17.557212829589844,17.671630859375,60-74
40.0,50.392307,50.150494,10.39230728149414,10.150493621826172,10.39230728149414,10.150493621826172,30-44
54.0,63.56235,63.10948,9.56235122680664,9.109481811523438,9.56235122680664,9.109481811523438,45-59
75.0,72.48023,71.884445,-2.5197677612304688,-3.1155548095703125,2.5197677612304688,3.1155548095703125,75+
81.0,61.941086,61.5142,-19.058914184570312,-19.485801696777344,19.058914184570312,19.485801696777344,75+
30.0,22.449162,22.655153,-7.550838470458984,-7.344846725463867,7.550838470458984,7.344846725463867,30-44
45.0,49.248493,49.02501,4.248493194580078,4.0250091552734375,4.248493194580078,4.0250091552734375,45-59
57.0,53.962574,53.663544,-3.037425994873047,-3.336456298828125,3.037425994873047,3.336456298828125,45-59
30.0,24.269089,24.445915,-5.7309112548828125,-5.554084777832031,5.7309112548828125,5.554084777832031,30-44
65.0,65.18835,64.70941,0.18834686279296875,-0.29058837890625,0.18834686279296875,0.29058837890625,60-74
41.0,44.058537,43.918224,3.0585365295410156,2.918224334716797,3.0585365295410156,2.918224334716797,30-44
22.0,53.04384,52.759533,31.043838500976562,30.759532928466797,31.043838500976562,30.759532928466797,18-29
26.0,18.886517,19.149603,-7.113483428955078,-6.850397109985352,7.113483428955078,6.850397109985352,18-29
35.0,48.665085,48.45095,13.665084838867188,13.450950622558594,13.665084838867188,13.450950622558594,30-44
71.0,52.749073,52.46949,-18.250926971435547,-18.53050994873047,18.250926971435547,18.53050994873047,60-74
49.0,36.995045,36.96793,-12.004955291748047,-12.03207015991211,12.004955291748047,12.03207015991211,45-59
19.0,27.739536,27.860748,8.73953628540039,8.860748291015625,8.73953628540039,8.860748291015625,18-29
18.0,15.936912,16.247267,-2.0630884170532227,-1.7527332305908203,2.0630884170532227,1.7527332305908203,18-29
21.0,30.656607,30.73107,9.656606674194336,9.731069564819336,9.656606674194336,9.731069564819336,18-29
13.0,34.172787,34.190903,21.172786712646484,21.190902709960938,21.172786712646484,21.190902709960938,0-17
45.0,43.663593,43.529613,-1.3364067077636719,-1.4703865051269531,1.3364067077636719,1.4703865051269531,45-59
65.0,57.050964,56.702442,-7.94903564453125,-8.297557830810547,7.94903564453125,8.297557830810547,60-74
24.0,31.301876,31.366,7.301876068115234,7.365999221801758,7.301876068115234,7.365999221801758,18-29
16.0,18.255259,18.528461,2.255258560180664,2.528461456298828,2.255258560180664,2.528461456298828,0-17
73.0,61.219875,60.804543,-11.78012466430664,-12.195457458496094,11.78012466430664,12.195457458496094,60-74
13.0,13.59922,13.947039,0.5992202758789062,0.9470386505126953,0.5992202758789062,0.9470386505126953,0-17
71.0,72.16178,71.571106,1.1617813110351562,0.57110595703125,1.1617813110351562,0.57110595703125,60-74
17.0,38.905163,38.84744,21.905162811279297,21.84743881225586,21.905162811279297,21.84743881225586,0-17
38.0,28.774864,28.879484,-9.225135803222656,-9.120515823364258,9.225135803222656,9.120515823364258,30-44
28.0,35.760445,35.753117,7.760444641113281,7.753116607666016,7.760444641113281,7.753116607666016,18-29
32.0,41.46185,41.36315,9.461849212646484,9.363151550292969,9.461849212646484,9.363151550292969,30-44
14.0,19.94986,20.195906,5.949859619140625,6.195905685424805,5.949859619140625,6.195905685424805,0-17
35.0,48.610153,48.3969,13.610153198242188,13.396900177001953,13.610153198242188,13.396900177001953,30-44
57.0,34.57145,34.583176,-22.428550720214844,-22.416824340820312,22.428550720214844,22.416824340820312,45-59
39.0,62.046112,61.61754,23.046112060546875,22.617538452148438,23.046112060546875,22.617538452148438,30-44
60.0,56.8662,56.520638,-3.133800506591797,-3.4793624877929688,3.133800506591797,3.4793624877929688,60-74
53.0,48.6687,48.45451,-4.331298828125,-4.545490264892578,4.331298828125,4.545490264892578,45-59
70.0,45.75726,45.589725,-24.242740631103516,-24.410274505615234,24.242740631103516,24.410274505615234,60-74
75.0,58.848568,58.471237,-16.151432037353516,-16.528762817382812,16.151432037353516,16.528762817382812,75+
29.0,36.78952,36.7657,7.789520263671875,7.7657012939453125,7.789520263671875,7.7657012939453125,18-29
37.0,37.018883,36.991386,0.01888275146484375,-0.00861358642578125,0.01888275146484375,0.00861358642578125,30-44
12.0,10.155302,10.558311,-1.8446979522705078,-1.4416885375976562,1.8446979522705078,1.4416885375976562,0-17
39.0,59.136993,58.755043,20.136993408203125,19.755043029785156,20.136993408203125,19.755043029785156,30-44
16.0,31.04016,31.108477,15.040159225463867,15.108476638793945,15.040159225463867,15.108476638793945,0-17
39.0,37.30049,37.268482,-1.6995086669921875,-1.7315177917480469,1.6995086669921875,1.7315177917480469,30-44
45.0,44.751194,44.599785,-0.24880599975585938,-0.40021514892578125,0.24880599975585938,0.40021514892578125,45-59
75.0,35.13416,35.136868,-39.865840911865234,-39.86313247680664,39.865840911865234,39.86313247680664,75+
76.0,72.16775,71.576965,-3.8322525024414062,-4.42303466796875,3.8322525024414062,4.42303466796875,75+
47.0,28.85604,28.959358,-18.14396095275879,-18.04064178466797,18.14396095275879,18.04064178466797,45-59
18.0,21.314737,21.53891,3.314737319946289,3.538909912109375,3.314737319946289,3.538909912109375,18-29
55.0,64.66286,64.19235,9.662857055664062,9.192352294921875,9.662857055664062,9.192352294921875,45-59
13.0,43.612686,43.47952,30.612686157226562,30.47951889038086,30.612686157226562,30.47951889038086,0-17
30.0,29.408127,29.502598,-0.5918731689453125,-0.4974021911621094,0.5918731689453125,0.4974021911621094,30-44
55.0,63.843475,63.3861,8.843475341796875,8.386100769042969,8.843475341796875,8.386100769042969,45-59
24.0,40.556236,40.472054,16.556236267089844,16.47205352783203,16.556236267089844,16.47205352783203,18-29
40.0,47.901157,47.699265,7.901157379150391,7.6992645263671875,7.901157379150391,7.6992645263671875,30-44
15.0,14.757647,15.086901,-0.2423534393310547,0.08690071105957031,0.2423534393310547,0.08690071105957031,0-17
55.0,49.44359,49.21698,-5.5564117431640625,-5.78302001953125,5.5564117431640625,5.78302001953125,45-59
21.0,51.66283,51.400658,30.662830352783203,30.400657653808594,30.662830352783203,30.400657653808594,18-29
20.0,27.275446,27.404095,7.275445938110352,7.404094696044922,7.275445938110352,7.404094696044922,18-29
64.0,48.699802,48.48511,-15.30019760131836,-15.514888763427734,15.30019760131836,15.514888763427734,60-74
55.0,60.257984,59.858067,5.257984161376953,4.858066558837891,5.257984161376953,4.858066558837891,45-59
17.0,25.628113,25.783161,8.62811279296875,8.783161163330078,8.62811279296875,8.783161163330078,0-17
20.0,32.295166,32.34337,12.295166015625,12.343368530273438,12.295166015625,12.343368530273438,18-29
22.0,21.795977,22.012438,-0.2040233612060547,0.012437820434570312,0.2040233612060547,0.012437820434570312,18-29
46.0,34.349903,34.36518,-11.650096893310547,-11.634819030761719,11.650096893310547,11.634819030761719,45-59
15.0,13.783018,14.127891,-1.2169818878173828,-0.8721094131469727,1.2169818878173828,0.8721094131469727,0-17
74.0,74.5103,73.88199,0.5102996826171875,-0.118011474609375,0.5102996826171875,0.118011474609375,60-74
20.0,55.632725,55.30693,35.63272476196289,35.30693054199219,35.63272476196289,35.30693054199219,18-29
66.0,52.9908,52.707344,-13.009201049804688,-13.292655944824219,13.009201049804688,13.292655944824219,60-74
47.0,56.38527,56.047417,9.385269165039062,9.047416687011719,9.385269165039062,9.047416687011719,45-59
65.0,40.917953,40.827972,-24.082046508789062,-24.172027587890625,24.082046508789062,24.172027587890625,60-74
56.0,61.141125,60.727055,5.141124725341797,4.727054595947266,5.141124725341797,4.727054595947266,45-59
50.0,17.876999,18.156263,-32.12300109863281,-31.84373664855957,32.12300109863281,31.84373664855957,45-59
42.0,28.398247,28.508902,-13.601753234863281,-13.491098403930664,13.601753234863281,13.491098403930664,30-44
15.0,14.7674,15.096498,-0.23260021209716797,0.0964975357055664,0.23260021209716797,0.0964975357055664,0-17
41.0,21.380527,21.603645,-19.61947250366211,-19.39635467529297,19.61947250366211,19.39635467529297,30-44
53.0,37.168312,37.13842,-15.831687927246094,-15.861579895019531,15.831687927246094,15.861579895019531,45-59
58.0,50.838505,50.589542,-7.161495208740234,-7.410457611083984,7.161495208740234,7.410457611083984,45-59
41.0,43.142162,43.016537,2.142162322998047,2.0165367126464844,2.142162322998047,2.0165367126464844,30-44
17.0,24.18958,24.367682,7.189580917358398,7.367681503295898,7.189580917358398,7.367681503295898,0-17
18.0,21.856888,22.072372,3.8568878173828125,4.0723724365234375,3.8568878173828125,4.0723724365234375,18-29
32.0,24.745161,24.914358,-7.254838943481445,-7.085641860961914,7.254838943481445,7.085641860961914,30-44
14.0,17.1258,17.417103,3.1257991790771484,3.417102813720703,3.1257991790771484,3.417102813720703,0-17
14.0,16.514397,16.815498,2.5143966674804688,2.8154983520507812,2.5143966674804688,2.8154983520507812,0-17
14.0,11.153185,11.540202,-2.8468151092529297,-2.4597978591918945,2.8468151092529297,2.4597978591918945,0-17
65.0,48.62335,48.409885,-16.376651763916016,-16.59011459350586,16.376651763916016,16.59011459350586,60-74
12.0,14.156104,14.494998,2.15610408782959,2.494997978210449,2.15610408782959,2.494997978210449,0-17
43.0,67.65961,67.14107,24.65960693359375,24.141067504882812,24.65960693359375,24.141067504882812,30-44
16.0,23.342066,23.533749,7.342065811157227,7.533748626708984,7.342065811157227,7.533748626708984,0-17
48.0,52.606167,52.328876,4.606166839599609,4.328876495361328,4.606166839599609,4.328876495361328,45-59
69.0,61.275906,60.859676,-7.724094390869141,-8.140323638916016,7.724094390869141,8.140323638916016,60-74
24.0,19.452023,19.706045,-4.547977447509766,-4.293954849243164,4.547977447509766,4.293954849243164,18-29
70.0,46.21768,46.04277,-23.782318115234375,-23.957229614257812,23.782318115234375,23.957229614257812,60-74
38.0,37.564644,37.5284,-0.43535614013671875,-0.4715995788574219,0.43535614013671875,0.4715995788574219,30-44
66.0,27.428728,27.55492,-38.571271896362305,-38.4450798034668,38.571271896362305,38.4450798034668,60-74
75.0,62.14025,61.71017,-12.859748840332031,-13.28982925415039,12.859748840332031,13.28982925415039,75+
13.0,18.070591,18.346752,5.070590972900391,5.346752166748047,5.070590972900391,5.346752166748047,0-17
79.0,55.867985,55.53842,-23.132015228271484,-23.461578369140625,23.132015228271484,23.461578369140625,75+
53.0,62.090797,61.66151,9.090797424316406,8.661510467529297,9.090797424316406,8.661510467529297,45-59
72.0,60.150078,59.751892,-11.849922180175781,-12.24810791015625,11.849922180175781,12.24810791015625,60-74
61.0,57.009754,56.661892,-3.990245819091797,-4.338108062744141,3.990245819091797,4.338108062744141,60-74
43.0,42.61751,42.500294,-0.3824882507324219,-0.4997062683105469,0.3824882507324219,0.4997062683105469,30-44
12.0,10.680927,11.075513,-1.3190727233886719,-0.9244871139526367,1.3190727233886719,0.9244871139526367,0-17
58.0,43.32331,43.194782,-14.676689147949219,-14.805217742919922,14.676689147949219,14.805217742919922,45-59
65.0,65.73234,65.24469,0.7323379516601562,0.24468994140625,0.7323379516601562,0.24468994140625,60-74
52.0,41.999344,41.892033,-10.000656127929688,-10.107967376708984,10.000656127929688,10.107967376708984,45-59
69.0,57.939774,57.577007,-11.060226440429688,-11.422992706298828,11.060226440429688,11.422992706298828,60-74
22.0,26.85405,26.98945,4.8540496826171875,4.989450454711914,4.8540496826171875,4.989450454711914,18-29
18.0,13.572541,13.920787,-4.427458763122559,-4.0792131423950195,4.427458763122559,4.0792131423950195,18-29
40.0,23.225489,23.41904,-16.774511337280273,-16.58095932006836,16.774511337280273,16.58095932006836,30-44
16.0,16.83967,17.13556,0.8396701812744141,1.13555908203125,0.8396701812744141,1.13555908203125,0-17
37.0,39.277737,39.214043,2.2777366638183594,2.2140426635742188,2.2777366638183594,2.2140426635742188,30-44
37.0,47.151554,46.961678,10.151554107666016,9.961677551269531,10.151554107666016,9.961677551269531,30-44
44.0,60.378113,59.976273,16.37811279296875,15.976272583007812,16.37811279296875,15.976272583007812,30-44
38.0,27.732088,27.853418,-10.267911911010742,-10.146581649780273,10.267911911010742,10.146581649780273,30-44
51.0,51.704037,51.441204,0.7040367126464844,0.4412040710449219,0.7040367126464844,0.4412040710449219,45-59
14.0,22.511417,22.716412,8.511417388916016,8.716411590576172,8.511417388916016,8.716411590576172,0-17
67.0,41.953075,41.846504,-25.046924591064453,-25.15349578857422,25.046924591064453,25.15349578857422,60-74
45.0,43.23385,43.106754,-1.7661514282226562,-1.8932456970214844,1.7661514282226562,1.8932456970214844,45-59
16.0,18.777027,19.041868,2.777027130126953,3.041868209838867,2.777027130126953,3.041868209838867,0-17
64.0,60.740288,60.33264,-3.2597122192382812,-3.6673583984375,3.2597122192382812,3.6673583984375,60-74
28.0,26.176334,26.322598,-1.8236656188964844,-1.6774024963378906,1.8236656188964844,1.6774024963378906,18-29
38.0,53.95223,53.653366,15.952228546142578,15.653366088867188,15.952228546142578,15.653366088867188,30-44
16.0,18.312544,18.584827,2.3125438690185547,2.584827423095703,2.3125438690185547,2.584827423095703,0-17
53.0,42.236286,42.12518,-10.763713836669922,-10.874820709228516,10.763713836669922,10.874820709228516,45-59
73.0,63.839405,63.382095,-9.160594940185547,-9.617904663085938,9.160594940185547,9.617904663085938,60-74
15.0,15.015759,15.340877,0.01575946807861328,0.34087657928466797,0.01575946807861328,0.34087657928466797,0-17
41.0,42.065502,41.95713,1.0655021667480469,0.9571304321289062,1.0655021667480469,0.9571304321289062,30-44
19.0,19.22976,19.487345,0.22975921630859375,0.48734474182128906,0.22975921630859375,0.48734474182128906,18-29
14.0,16.605677,16.905315,2.6056766510009766,2.905315399169922,2.6056766510009766,2.905315399169922,0-17
76.0,68.798805,68.262024,-7.201194763183594,-7.73797607421875,7.201194763183594,7.73797607421875,75+
50.0,55.770058,55.442062,5.770057678222656,5.4420623779296875,5.770057678222656,5.4420623779296875,45-59
29.0,24.143955,24.322788,-4.856044769287109,-4.677211761474609,4.856044769287109,4.677211761474609,18-29
75.0,54.31878,54.01404,-20.68122100830078,-20.985958099365234,20.68122100830078,20.985958099365234,75+
25.0,13.951583,14.293755,-11.048417091369629,-10.706245422363281,11.048417091369629,10.706245422363281,18-29
52.0,46.90405,46.718136,-5.095951080322266,-5.281864166259766,5.095951080322266,5.281864166259766,45-59
19.0,26.748287,26.885384,7.748287200927734,7.885383605957031,7.748287200927734,7.885383605957031,18-29
63.0,65.42433,64.94162,2.4243316650390625,1.941619873046875,2.4243316650390625,1.941619873046875,60-74
60.0,57.36524,57.01168,-2.6347618103027344,-2.9883193969726562,2.6347618103027344,2.9883193969726562,60-74
30.0,37.295624,37.263695,7.295623779296875,7.263694763183594,7.295623779296875,7.263694763183594,30-44
52.0,73.31678,72.707596,21.31678009033203,20.707595825195312,21.31678009033203,20.707595825195312,45-59
40.0,51.38892,51.131134,11.388919830322266,11.131134033203125,11.388919830322266,11.131134033203125,30-44
47.0,42.591347,42.47455,-4.408653259277344,-4.52545166015625,4.408653259277344,4.52545166015625,45-59
60.0,53.12211,52.836548,-6.877891540527344,-7.1634521484375,6.877891540527344,7.1634521484375,60-74
65.0,57.0538,56.70523,-7.946201324462891,-8.294769287109375,7.946201324462891,8.294769287109375,60-74
14.0,14.476806,14.81056,0.4768056869506836,0.8105602264404297,0.4768056869506836,0.8105602264404297,0-17
35.0,44.527027,44.379208,9.527027130126953,9.379207611083984,9.527027130126953,9.379207611083984,30-44
76.0,70.19588,69.6367,-5.8041229248046875,-6.3632965087890625,5.8041229248046875,6.3632965087890625,75+
46.0,47.845387,47.64439,1.8453865051269531,1.6443901062011719,1.8453865051269531,1.6443901062011719,45-59
18.0,26.142311,26.289118,8.142311096191406,8.289117813110352,8.142311096191406,8.289117813110352,18-29
39.0,38.313103,38.264866,-0.6868972778320312,-0.7351341247558594,0.6868972778320312,0.7351341247558594,30-44
53.0,55.61395,55.288456,2.6139488220214844,2.2884559631347656,2.6139488220214844,2.2884559631347656,45-59
15.0,29.857224,29.944498,14.857223510742188,14.944498062133789,14.857223510742188,14.944498062133789,0-17
58.0,39.645775,39.57618,-18.354225158691406,-18.42382049560547,18.354225158691406,18.42382049560547,45-59
28.0,24.41479,24.589281,-3.5852108001708984,-3.4107189178466797,3.5852108001708984,3.4107189178466797,18-29
76.0,58.367085,57.99747,-17.632915496826172,-18.00252914428711,17.632915496826172,18.00252914428711,75+
21.0,23.336073,23.527853,2.3360729217529297,2.527853012084961,2.3360729217529297,2.527853012084961,18-29
68.0,45.11598,44.95872,-22.884021759033203,-23.041278839111328,22.884021759033203,23.041278839111328,60-74
60.0,62.903557,62.461243,2.9035568237304688,2.46124267578125,2.9035568237304688,2.46124267578125,60-74
39.0,66.90281,66.39641,27.902809143066406,27.396408081054688,27.902809143066406,27.396408081054688,30-44
36.0,36.36354,36.346546,0.3635406494140625,0.3465461730957031,0.3635406494140625,0.3465461730957031,30-44
38.0,51.698116,51.435375,13.698116302490234,13.435375213623047,13.698116302490234,13.435375213623047,30-44
69.0,56.873474,56.527798,-12.12652587890625,-12.47220230102539,12.12652587890625,12.47220230102539,60-74
43.0,45.598495,45.433506,2.5984954833984375,2.4335060119628906,2.5984954833984375,2.4335060119628906,30-44
57.0,59.530243,59.14199,2.530242919921875,2.1419906616210938,2.530242919921875,2.1419906616210938,45-59
14.0,13.186986,13.54141,-0.813014030456543,-0.4585895538330078,0.813014030456543,0.4585895538330078,0-17
66.0,57.396706,57.042645,-8.603294372558594,-8.957355499267578,8.603294372558594,8.957355499267578,60-74
34.0,14.621693,14.953125,-19.378307342529297,-19.046875,19.378307342529297,19.046875,30-44
74.0,72.26273,71.67044,-1.7372665405273438,-2.329559326171875,1.7372665405273438,2.329559326171875,60-74
34.0,28.969433,29.070934,-5.030567169189453,-4.929065704345703,5.030567169189453,4.929065704345703,30-44
31.0,33.394054,33.42465,2.394054412841797,2.4246482849121094,2.394054412841797,2.4246482849121094,30-44
19.0,23.888786,24.071709,4.888786315917969,5.071708679199219,4.888786315917969,5.071708679199219,18-29
53.0,62.581856,62.1447,9.581855773925781,9.144699096679688,9.581855773925781,9.144699096679688,45-59
73.0,68.66038,68.12581,-4.339622497558594,-4.8741912841796875,4.339622497558594,4.8741912841796875,60-74
27.0,17.027987,17.320856,-9.972013473510742,-9.679143905639648,9.972013473510742,9.679143905639648,18-29
18.0,33.70617,33.731762,15.706169128417969,15.731761932373047,15.706169128417969,15.731761932373047,18-29
57.0,46.938675,46.75221,-10.061325073242188,-10.247791290283203,10.061325073242188,10.247791290283203,45-59
17.0,18.30513,18.577534,1.3051300048828125,1.5775337219238281,1.3051300048828125,1.5775337219238281,0-17
44.0,42.294327,42.18229,-1.7056732177734375,-1.8177108764648438,1.7056732177734375,1.8177108764648438,30-44
26.0,9.916748,10.32358,-16.083251953125,-15.676420211791992,16.083251953125,15.676420211791992,18-29
18.0,26.74115,26.87836,8.74114990234375,8.878360748291016,8.74114990234375,8.878360748291016,18-29
69.0,71.72547,71.141785,2.7254714965820312,2.14178466796875,2.7254714965820312,2.14178466796875,60-74
14.0,13.661111,14.007937,-0.33888912200927734,0.007937431335449219,0.33888912200927734,0.007937431335449219,0-17
73.0,65.15265,64.674286,-7.84735107421875,-8.325714111328125,7.84735107421875,8.325714111328125,60-74
36.0,49.052383,48.832043,13.052383422851562,12.832042694091797,13.052383422851562,12.832042694091797,30-44
61.0,51.880535,51.614872,-9.119464874267578,-9.385128021240234,9.119464874267578,9.385128021240234,60-74
21.0,38.504707,38.4534,17.50470733642578,17.453399658203125,17.50470733642578,17.453399658203125,18-29
19.0,25.20637,25.368176,6.206369400024414,6.368175506591797,6.206369400024414,6.368175506591797,18-29
45.0,47.849293,47.64823,2.849292755126953,2.6482315063476562,2.849292755126953,2.6482315063476562,45-59
18.0,23.930365,24.11262,5.930364608764648,6.112619400024414,5.930364608764648,6.112619400024414,18-29
40.0,45.383305,45.221764,5.383304595947266,5.221763610839844,5.383304595947266,5.221763610839844,30-44
19.0,25.375679,25.534773,6.375679016113281,6.534772872924805,6.375679016113281,6.534772872924805,18-29
43.0,42.793804,42.673763,-0.20619583129882812,-0.3262367248535156,0.20619583129882812,0.3262367248535156,30-44
17.0,16.14138,16.44846,-0.8586196899414062,-0.5515403747558594,0.8586196899414062,0.5515403747558594,0-17
57.0,51.088882,50.835907,-5.9111175537109375,-6.164093017578125,5.9111175537109375,6.164093017578125,45-59
13.0,17.195871,17.486052,4.195871353149414,4.486051559448242,4.195871353149414,4.486051559448242,0-17
17.0,21.756413,21.973507,4.756412506103516,4.973506927490234,4.756412506103516,4.973506927490234,0-17
58.0,54.460804,54.15379,-3.539196014404297,-3.846210479736328,3.539196014404297,3.846210479736328,45-59
21.0,33.932957,33.954914,12.93295669555664,12.954914093017578,12.93295669555664,12.954914093017578,18-29
66.0,64.15903,63.696594,-1.840972900390625,-2.30340576171875,1.840972900390625,2.30340576171875,60-74
33.0,44.696815,44.546276,11.696815490722656,11.546276092529297,11.696815490722656,11.546276092529297,30-44
24.0,32.214764,32.26426,8.214763641357422,8.264259338378906,8.214763641357422,8.264259338378906,18-29
53.0,57.552612,57.196053,4.5526123046875,4.196052551269531,4.5526123046875,4.196052551269531,45-59
36.0,71.021416,70.449005,35.02141571044922,34.449005126953125,35.02141571044922,34.449005126953125,30-44
65.0,67.49455,66.97867,2.4945526123046875,1.978668212890625,2.4945526123046875,1.978668212890625,60-74
33.0,29.379074,29.47401,-3.6209259033203125,-3.525989532470703,3.6209259033203125,3.525989532470703,30-44
33.0,29.422117,29.516363,-3.577882766723633,-3.4836368560791016,3.577882766723633,3.4836368560791016,30-44
51.0,52.96738,52.6843,1.9673805236816406,1.6842994689941406,1.9673805236816406,1.6842994689941406,45-59
23.0,44.684753,44.53441,21.68475341796875,21.534408569335938,21.68475341796875,21.534408569335938,18-29
55.0,43.647278,43.513557,-11.35272216796875,-11.486442565917969,11.35272216796875,11.486442565917969,45-59
49.0,29.200294,29.298096,-19.799705505371094,-19.701904296875,19.799705505371094,19.701904296875,45-59
30.0,22.890203,23.089128,-7.109796524047852,-6.910871505737305,7.109796524047852,6.910871505737305,30-44
67.0,51.10967,50.856358,-15.890331268310547,-16.14364242553711,15.890331268310547,16.14364242553711,60-74
66.0,58.041103,57.676712,-7.958896636962891,-8.323287963867188,7.958896636962891,8.323287963867188,60-74
57.0,55.966343,55.635204,-1.0336570739746094,-1.3647956848144531,1.0336570739746094,1.3647956848144531,45-59
32.0,25.731941,25.885324,-6.268058776855469,-6.114675521850586,6.268058776855469,6.114675521850586,30-44
17.0,42.65887,42.54099,25.658870697021484,25.54098892211914,25.658870697021484,25.54098892211914,0-17
61.0,58.813145,58.436382,-2.1868553161621094,-2.563617706298828,2.1868553161621094,2.563617706298828,60-74
33.0,29.367842,29.462957,-3.6321582794189453,-3.5370426177978516,3.6321582794189453,3.5370426177978516,30-44
55.0,67.117195,66.60736,12.117195129394531,11.60736083984375,12.117195129394531,11.60736083984375,45-59
40.0,31.237877,31.303024,-8.762123107910156,-8.696975708007812,8.762123107910156,8.696975708007812,30-44
12.0,13.145572,13.50066,1.1455717086791992,1.5006599426269531,1.1455717086791992,1.5006599426269531,0-17
64.0,53.14476,52.858837,-10.855239868164062,-11.141162872314453,10.855239868164062,11.141162872314453,60-74
20.0,23.82454,24.00849,3.8245391845703125,4.008489608764648,3.8245391845703125,4.008489608764648,18-29
60.0,47.392124,47.19839,-12.60787582397461,-12.80160903930664,12.60787582397461,12.80160903930664,60-74
31.0,41.74938,41.646072,10.749378204345703,10.646072387695312,10.749378204345703,10.646072387695312,30-44
41.0,50.39244,50.150627,9.392440795898438,9.150627136230469,9.392440795898438,9.150627136230469,30-44
66.0,58.63822,58.264263,-7.361778259277344,-7.735736846923828,7.361778259277344,7.735736846923828,60-74
35.0,28.383793,28.494678,-6.616207122802734,-6.505321502685547,6.616207122802734,6.505321502685547,30-44
16.0,24.313597,24.48971,8.313596725463867,8.489709854125977,8.313596725463867,8.489709854125977,0-17
35.0,36.168137,36.154274,1.1681365966796875,1.1542739868164062,1.1681365966796875,1.1542739868164062,30-44
73.0,68.93136,68.39244,-4.068641662597656,-4.6075592041015625,4.068641662597656,4.6075592041015625,60-74
46.0,55.19635,54.87755,9.19635009765625,8.877548217773438,9.19635009765625,8.877548217773438,45-59
16.0,49.167072,48.944893,33.16707229614258,32.94489288330078,33.16707229614258,32.94489288330078,0-17
37.0,53.729477,53.434185,16.729476928710938,16.434185028076172,16.729476928710938,16.434185028076172,30-44
51.0,55.547848,55.223415,4.547847747802734,4.223415374755859,4.547847747802734,4.223415374755859,45-59
38.0,55.85565,55.526287,17.85565185546875,17.526287078857422,17.85565185546875,17.526287078857422,30-44
14.0,33.775826,33.8003,19.77582550048828,19.80030059814453,19.77582550048828,19.80030059814453,0-17
13.0,23.866114,24.049398,10.866113662719727,11.049398422241211,10.866113662719727,11.049398422241211,0-17
15.0,35.6386,35.633224,20.638599395751953,20.633224487304688,20.638599395751953,20.633224487304688,0-17
18.0,21.006365,21.23548,3.0063648223876953,3.2354793548583984,3.0063648223876953,3.2354793548583984,18-29
30.0,39.886166,39.81272,9.886165618896484,9.812721252441406,9.886165618896484,9.812721252441406,30-44
21.0,36.044586,36.032703,15.044586181640625,15.032703399658203,15.044586181640625,15.032703399658203,18-29
71.0,55.451057,55.128174,-15.548942565917969,-15.871826171875,15.548942565917969,15.871826171875,60-74
17.0,18.58399,18.851925,1.5839900970458984,1.8519248962402344,1.5839900970458984,1.8519248962402344,0-17
59.0,61.4717,61.05233,2.471698760986328,2.0523300170898438,2.471698760986328,2.0523300170898438,45-59
62.0,60.576283,60.171265,-1.4237174987792969,-1.8287353515625,1.4237174987792969,1.8287353515625,60-74
76.0,63.93816,63.479267,-12.061840057373047,-12.520732879638672,12.061840057373047,12.520732879638672,75+
32.0,23.152105,23.346832,-8.847894668579102,-8.653167724609375,8.847894668579102,8.653167724609375,30-44
61.0,42.813995,42.69363,-18.186004638671875,-18.30636978149414,18.186004638671875,18.30636978149414,60-74
75.0,72.99926,72.39516,-2.0007400512695312,-2.6048431396484375,2.0007400512695312,2.6048431396484375,75+
67.0,53.393585,53.103676,-13.606414794921875,-13.896324157714844,13.606414794921875,13.896324157714844,60-74
37.0,38.49719,38.446003,1.4971885681152344,1.4460029602050781,1.4971885681152344,1.4460029602050781,30-44
66.0,65.02718,64.55084,-0.9728164672851562,-1.44915771484375,0.9728164672851562,1.44915771484375,60-74
39.0,57.319378,56.966553,18.319377899169922,17.966552734375,18.319377899169922,17.966552734375,30-44
49.0,60.36205,59.960464,11.362049102783203,10.960464477539062,11.362049102783203,10.960464477539062,45-59
18.0,28.10699,28.222313,10.106990814208984,10.222312927246094,10.106990814208984,10.222312927246094,18-29
48.0,39.6067,39.537735,-8.393299102783203,-8.462265014648438,8.393299102783203,8.462265014648438,45-59
45.0,50.5435,50.299263,5.543498992919922,5.299263000488281,5.543498992919922,5.299263000488281,45-59
69.0,66.44393,65.944885,-2.5560684204101562,-3.05511474609375,2.5560684204101562,3.05511474609375,60-74
55.0,44.58461,44.435867,-10.415390014648438,-10.564132690429688,10.415390014648438,10.564132690429688,45-59
47.0,51.544067,51.2838,4.5440673828125,4.2837982177734375,4.5440673828125,4.2837982177734375,45-59
36.0,19.663822,19.914452,-16.336177825927734,-16.085548400878906,16.336177825927734,16.085548400878906,30-44
54.0,54.093628,53.7925,0.0936279296875,-0.20750045776367188,0.0936279296875,0.20750045776367188,45-59
59.0,52.335537,52.062584,-6.664463043212891,-6.937416076660156,6.664463043212891,6.937416076660156,45-59
26.0,25.589434,25.745102,-0.4105663299560547,-0.2548980712890625,0.4105663299560547,0.2548980712890625,18-29
71.0,66.514626,66.01445,-4.485374450683594,-4.9855499267578125,4.485374450683594,4.9855499267578125,60-74
35.0,53.817345,53.52064,18.817344665527344,18.520641326904297,18.817344665527344,18.520641326904297,30-44
52.0,65.146675,64.66841,13.146675109863281,12.668411254882812,13.146675109863281,12.668411254882812,45-59
41.0,33.65783,33.684196,-7.342170715332031,-7.315803527832031,7.342170715332031,7.315803527832031,30-44
67.0,61.16586,60.751392,-5.834140777587891,-6.248607635498047,5.834140777587891,6.248607635498047,60-74
46.0,48.314053,48.105545,2.3140525817871094,2.1055450439453125,2.3140525817871094,2.1055450439453125,45-59
59.0,50.021877,49.786,-8.97812271118164,-9.214000701904297,8.97812271118164,9.214000701904297,45-59
55.0,46.28751,46.111477,-8.71249008178711,-8.88852310180664,8.71249008178711,8.88852310180664,45-59
35.0,25.293417,25.453829,-9.706583023071289,-9.546171188354492,9.706583023071289,9.546171188354492,30-44
47.0,44.486546,44.339375,-2.5134544372558594,-2.660625457763672,2.5134544372558594,2.660625457763672,45-59
20.0,40.221554,40.142735,20.221553802490234,20.14273452758789,20.221553802490234,20.14273452758789,18-29
56.0,54.78779,54.475536,-1.2122116088867188,-1.5244636535644531,1.2122116088867188,1.5244636535644531,45-59
48.0,45.350258,45.189247,-2.6497421264648438,-2.8107528686523438,2.6497421264648438,2.8107528686523438,45-59
25.0,25.21486,25.376532,0.2148609161376953,0.37653160095214844,0.2148609161376953,0.37653160095214844,18-29
39.0,33.87179,33.89473,-5.128208160400391,-5.1052703857421875,5.128208160400391,5.1052703857421875,30-44
36.0,55.78266,55.454464,19.78266143798828,19.454463958740234,19.78266143798828,19.454463958740234,30-44
48.0,53.980686,53.681366,5.980686187744141,5.681365966796875,5.980686187744141,5.681365966796875,45-59
18.0,40.206066,40.127495,22.206066131591797,22.12749481201172,22.206066131591797,22.12749481201172,18-29
29.0,41.395897,41.298256,12.395896911621094,12.298255920410156,12.395896911621094,12.298255920410156,18-29
19.0,23.35584,23.547302,4.355840682983398,4.54730224609375,4.355840682983398,4.54730224609375,18-29
27.0,28.79161,28.895962,1.7916107177734375,1.8959617614746094,1.7916107177734375,1.8959617614746094,18-29
12.0,14.856012,15.18369,2.8560123443603516,3.183690071105957,2.8560123443603516,3.183690071105957,0-17
67.0,63.890892,63.432755,-3.1091079711914062,-3.5672454833984375,3.1091079711914062,3.5672454833984375,60-74
36.0,40.4647,40.38198,4.464698791503906,4.381980895996094,4.464698791503906,4.381980895996094,30-44
15.0,16.428083,16.730568,1.4280834197998047,1.7305679321289062,1.4280834197998047,1.7305679321289062,0-17
37.0,60.612694,60.207092,23.612693786621094,23.20709228515625,23.612693786621094,23.20709228515625,30-44
60.0,29.746498,29.835546,-30.253501892089844,-30.164453506469727,30.253501892089844,30.164453506469727,60-74
16.0,20.431635,20.66996,4.431634902954102,4.669960021972656,4.431634902954102,4.669960021972656,0-17
65.0,50.13604,49.898335,-14.863960266113281,-15.101665496826172,14.863960266113281,15.101665496826172,60-74
22.0,26.404758,26.54736,4.404758453369141,4.547359466552734,4.404758453369141,4.547359466552734,18-29
66.0,66.12654,65.63258,0.1265411376953125,-0.3674163818359375,0.1265411376953125,0.3674163818359375,60-74
36.0,49.96774,49.73273,13.96773910522461,13.732730865478516,13.96773910522461,13.732730865478516,30-44
73.0,61.86553,61.43985,-11.134471893310547,-11.560150146484375,11.134471893310547,11.560150146484375,60-74
64.0,50.86618,50.61677,-13.133819580078125,-13.383228302001953,13.133819580078125,13.383228302001953,60-74
61.0,52.486523,52.211147,-8.513477325439453,-8.78885269165039,8.513477325439453,8.78885269165039,60-74
79.0,55.75942,55.431595,-23.240581512451172,-23.568405151367188,23.240581512451172,23.568405151367188,75+
46.0,48.2855,48.07745,2.2854995727539062,2.0774497985839844,2.2854995727539062,2.0774497985839844,45-59
70.0,62.683414,62.24463,-7.316585540771484,-7.75537109375,7.316585540771484,7.75537109375,60-74
18.0,40.307552,40.227352,22.307552337646484,22.227352142333984,22.307552337646484,22.227352142333984,18-29
79.0,56.422012,56.08357,-22.577987670898438,-22.916431427001953,22.577987670898438,22.916431427001953,75+
55.0,35.21561,35.217014,-19.78438949584961,-19.78298568725586,19.78438949584961,19.78298568725586,45-59
62.0,62.329067,61.89596,0.3290672302246094,-0.10403823852539062,0.3290672302246094,0.10403823852539062,60-74
32.0,33.681255,33.70725,1.6812553405761719,1.7072486877441406,1.6812553405761719,1.7072486877441406,30-44
55.0,53.13378,52.848034,-1.8662185668945312,-2.151966094970703,1.8662185668945312,2.151966094970703,45-59
85.0,51.5468,51.286484,-33.45320129394531,-33.71351623535156,33.45320129394531,33.71351623535156,75+
37.0,41.447166,41.348705,4.447166442871094,4.348705291748047,4.447166442871094,4.348705291748047,30-44
18.0,24.116373,24.295647,6.116373062133789,6.295646667480469,6.116373062133789,6.295646667480469,18-29
14.0,25.445717,25.603687,11.445716857910156,11.603687286376953,11.445716857910156,11.603687286376953,0-17
39.0,39.853775,39.78085,0.8537750244140625,0.7808494567871094,0.8537750244140625,0.7808494567871094,30-44
23.0,22.613867,22.81722,-0.38613319396972656,-0.18277931213378906,0.38613319396972656,0.18277931213378906,18-29
56.0,58.724022,58.348686,2.7240219116210938,2.3486862182617188,2.7240219116210938,2.3486862182617188,45-59
41.0,22.596743,22.80037,-18.403257369995117,-18.199630737304688,18.403257369995117,18.199630737304688,30-44
49.0,61.816357,61.391468,12.816356658935547,12.391468048095703,12.816356658935547,12.391468048095703,45-59
30.0,25.612093,25.767397,-4.387907028198242,-4.232603073120117,4.387907028198242,4.232603073120117,30-44
24.0,25.894936,26.045708,1.8949356079101562,2.0457077026367188,1.8949356079101562,2.0457077026367188,18-29
62.0,54.998344,54.682716,-7.001655578613281,-7.317283630371094,7.001655578613281,7.317283630371094,60-74
15.0,11.81582,12.192218,-3.18418025970459,-2.8077821731567383,3.18418025970459,2.8077821731567383,0-17
74.0,41.94248,41.83608,-32.05752182006836,-32.16392135620117,32.05752182006836,32.16392135620117,60-74
45.0,52.269535,51.99764,7.269535064697266,6.997638702392578,7.269535064697266,6.997638702392578,45-59
25.0,35.95419,35.943756,10.95418930053711,10.943756103515625,10.95418930053711,10.943756103515625,18-29
27.0,34.039715,34.059963,7.039714813232422,7.059963226318359,7.039714813232422,7.059963226318359,18-29
34.0,56.193775,55.85899,22.193775177001953,21.858989715576172,22.193775177001953,21.858989715576172,30-44
62.0,63.47351,63.022064,1.4735107421875,1.022064208984375,1.4735107421875,1.022064208984375,60-74
15.0,11.813857,12.190287,-3.186142921447754,-2.809713363647461,3.186142921447754,2.809713363647461,0-17
67.0,57.402855,57.048695,-9.597145080566406,-9.951305389404297,9.597145080566406,9.951305389404297,60-74
58.0,60.219383,59.820084,2.2193832397460938,1.8200836181640625,2.2193832397460938,1.8200836181640625,45-59
45.0,53.924507,53.626087,8.924507141113281,8.626087188720703,8.924507141113281,8.626087188720703,45-59
23.0,29.63177,29.722656,6.631769180297852,6.72265625,6.631769180297852,6.72265625,18-29
64.0,48.63213,48.418526,-15.367870330810547,-15.581474304199219,15.367870330810547,15.581474304199219,60-74
29.0,23.550787,23.739126,-5.449213027954102,-5.260873794555664,5.449213027954102,5.260873794555664,18-29
15.0,15.101857,15.425594,0.10185718536376953,0.4255943298339844,0.10185718536376953,0.4255943298339844,0-17
16.0,27.230038,27.359413,11.230037689208984,11.359413146972656,11.230037689208984,11.359413146972656,0-17
38.0,22.306326,22.514608,-15.693674087524414,-15.485391616821289,15.693674087524414,15.485391616821289,30-44
15.0,31.923676,31.977833,16.923675537109375,16.977832794189453,16.923675537109375,16.977832794189453,0-17
18.0,24.458164,24.631962,6.458164215087891,6.631961822509766,6.458164215087891,6.631961822509766,18-29
23.0,33.42787,33.457924,10.427871704101562,10.457923889160156,10.427871704101562,10.457923889160156,18-29
52.0,43.97232,43.833393,-8.027679443359375,-8.166606903076172,8.027679443359375,8.166606903076172,45-59
31.0,48.54038,48.328243,17.54037857055664,17.328243255615234,17.54037857055664,17.328243255615234,30-44
66.0,54.83762,54.524567,-11.16238021850586,-11.475433349609375,11.16238021850586,11.475433349609375,60-74
55.0,37.29308,37.26119,-17.706920623779297,-17.738811492919922,17.706920623779297,17.738811492919922,45-59
78.0,59.241943,58.85831,-18.758056640625,-19.14168930053711,18.758056640625,19.14168930053711,75+
43.0,39.318546,39.254196,-3.6814537048339844,-3.7458038330078125,3.6814537048339844,3.7458038330078125,30-44
42.0,52.67764,52.3992,10.67763900756836,10.399200439453125,10.67763900756836,10.399200439453125,30-44
25.0,51.236393,50.981052,26.236392974853516,25.98105239868164,26.236392974853516,25.98105239868164,18-29
30.0,47.16693,46.976807,17.16693115234375,16.976806640625,17.16693115234375,16.976806640625,30-44
19.0,25.328022,25.487879,6.328022003173828,6.487878799438477,6.328022003173828,6.487878799438477,18-29
33.0,44.727837,44.5768,11.727836608886719,11.576801300048828,11.727836608886719,11.576801300048828,30-44
77.0,54.89749,54.58348,-22.102508544921875,-22.416519165039062,22.102508544921875,22.416519165039062,75+
63.0,54.084137,53.78316,-8.915863037109375,-9.216838836669922,8.915863037109375,9.216838836669922,60-74
70.0,50.344223,50.10318,-19.655776977539062,-19.896820068359375,19.655776977539062,19.896820068359375,60-74
19.0,15.175768,15.498321,-3.8242321014404297,-3.5016794204711914,3.8242321014404297,3.5016794204711914,18-29
75.0,58.2035,57.836506,-16.79650115966797,-17.163494110107422,16.79650115966797,17.163494110107422,75+
14.0,14.997666,15.323073,0.9976663589477539,1.323073387145996,0.9976663589477539,1.323073387145996,0-17
33.0,49.135117,48.913452,16.135116577148438,15.9134521484375,16.135116577148438,15.9134521484375,30-44
37.0,50.536366,50.292244,13.536365509033203,13.292243957519531,13.536365509033203,13.292243957519531,30-44
54.0,51.639626,51.377823,-2.3603744506835938,-2.6221771240234375,2.3603744506835938,2.6221771240234375,45-59
66.0,47.90645,47.70447,-18.093551635742188,-18.295528411865234,18.093551635742188,18.295528411865234,60-74
26.0,25.615473,25.770723,-0.38452720642089844,-0.2292766571044922,0.38452720642089844,0.2292766571044922,18-29
61.0,58.204132,57.83713,-2.795867919921875,-3.1628684997558594,2.795867919921875,3.1628684997558594,60-74
19.0,23.850046,24.033588,4.850046157836914,5.033588409423828,4.850046157836914,5.033588409423828,18-29
60.0,45.585632,45.42085,-14.41436767578125,-14.579151153564453,14.41436767578125,14.579151153564453,60-74
62.0,59.483166,59.095665,-2.516834259033203,-2.9043350219726562,2.516834259033203,2.9043350219726562,60-74
60.0,51.86653,51.601093,-8.133468627929688,-8.398906707763672,8.133468627929688,8.398906707763672,60-74
20.0,64.75485,64.28287,44.754852294921875,44.282867431640625,44.754852294921875,44.282867431640625,18-29
42.0,39.801823,39.72973,-2.1981773376464844,-2.2702713012695312,2.1981773376464844,2.2702713012695312,30-44
27.0,30.632002,30.70686,3.6320018768310547,3.706859588623047,3.6320018768310547,3.706859588623047,18-29
41.0,18.784033,19.048761,-22.215967178344727,-21.95123863220215,22.215967178344727,21.95123863220215,30-44
42.0,27.728209,27.849602,-14.271791458129883,-14.150398254394531,14.271791458129883,14.150398254394531,30-44
33.0,25.45328,25.61113,-7.546720504760742,-7.3888702392578125,7.546720504760742,7.3888702392578125,30-44
69.0,69.74158,69.18968,0.7415771484375,0.1896820068359375,0.7415771484375,0.1896820068359375,60-74
36.0,39.91248,39.83861,3.9124794006347656,3.838611602783203,3.9124794006347656,3.838611602783203,30-44
23.0,35.02575,35.030193,12.025749206542969,12.030193328857422,12.025749206542969,12.030193328857422,18-29
68.0,61.10152,60.688087,-6.898479461669922,-7.311912536621094,6.898479461669922,7.311912536621094,60-74
20.0,44.038986,43.89899,24.038986206054688,23.898990631103516,24.038986206054688,23.898990631103516,18-29
50.0,53.38046,53.09076,3.3804588317871094,3.09075927734375,3.3804588317871094,3.09075927734375,45-59
53.0,44.19264,44.05018,-8.807361602783203,-8.949821472167969,8.807361602783203,8.949821472167969,45-59
70.0,54.862686,54.549232,-15.137313842773438,-15.450767517089844,15.137313842773438,15.450767517089844,60-74
21.0,59.023163,58.643036,38.023162841796875,37.643035888671875,38.023162841796875,37.643035888671875,18-29
78.0,64.71348,64.24216,-13.286521911621094,-13.757843017578125,13.286521911621094,13.757843017578125,75+
54.0,48.535713,48.323654,-5.464286804199219,-5.6763458251953125,5.464286804199219,5.6763458251953125,45-59
61.0,50.501827,50.25826,-10.498172760009766,-10.741741180419922,10.498172760009766,10.741741180419922,60-74
17.0,20.603512,20.839083,3.6035118103027344,3.839082717895508,3.6035118103027344,3.839082717895508,0-17
30.0,55.313316,54.99264,25.313316345214844,24.99264144897461,25.313316345214844,24.99264144897461,30-44
45.0,52.619617,52.34211,7.619617462158203,7.342109680175781,7.619617462158203,7.342109680175781,45-59
73.0,56.633286,56.29146,-16.366714477539062,-16.708541870117188,16.366714477539062,16.708541870117188,60-74
40.0,32.395885,32.442474,-7.604114532470703,-7.557525634765625,7.604114532470703,7.557525634765625,30-44
67.0,64.37033,63.90451,-2.629669189453125,-3.095489501953125,2.629669189453125,3.095489501953125,60-74
39.0,30.192196,30.274101,-8.807804107666016,-8.725898742675781,8.807804107666016,8.725898742675781,30-44
22.0,29.094692,29.194185,7.094692230224609,7.194185256958008,7.094692230224609,7.194185256958008,18-29
18.0,16.34981,16.653547,-1.6501903533935547,-1.3464527130126953,1.6501903533935547,1.3464527130126953,18-29
53.0,30.431107,30.509184,-22.568893432617188,-22.490816116333008,22.568893432617188,22.490816116333008,45-59
52.0,70.227715,69.66803,18.22771453857422,17.66802978515625,18.22771453857422,17.66802978515625,45-59
28.0,32.353897,32.40116,4.3538970947265625,4.401161193847656,4.3538970947265625,4.401161193847656,18-29
63.0,56.399326,56.06125,-6.600673675537109,-6.938751220703125,6.600673675537109,6.938751220703125,60-74
19.0,29.46506,29.558619,10.465059280395508,10.558618545532227,10.465059280395508,10.558618545532227,18-29
66.0,41.676624,41.574486,-24.323375701904297,-24.425514221191406,24.323375701904297,24.425514221191406,60-74
56.0,54.644993,54.33503,-1.3550071716308594,-1.6649703979492188,1.3550071716308594,1.6649703979492188,45-59
21.0,22.218695,22.428381,1.2186946868896484,1.4283809661865234,1.2186946868896484,1.4283809661865234,18-29
60.0,43.358532,43.22944,-16.641468048095703,-16.77056121826172,16.641468048095703,16.77056121826172,60-74
12.0,18.832722,19.09667,6.832721710205078,7.096670150756836,6.832721710205078,7.096670150756836,0-17
69.0,67.159325,66.6488,-1.8406753540039062,-2.3511962890625,1.8406753540039062,2.3511962890625,60-74
47.0,36.501213,36.482014,-10.498786926269531,-10.517986297607422,10.498786926269531,10.517986297607422,45-59
15.0,26.790192,26.926617,11.790191650390625,11.926616668701172,11.790191650390625,11.926616668701172,0-17
35.0,47.856323,47.65515,12.8563232421875,12.6551513671875,12.8563232421875,12.6551513671875,30-44
61.0,28.092346,28.207903,-32.90765380859375,-32.792097091674805,32.90765380859375,32.792097091674805,60-74
64.0,47.47293,47.2779,-16.527069091796875,-16.72209930419922,16.527069091796875,16.72209930419922,60-74
19.0,20.444344,20.682465,1.4443435668945312,1.682464599609375,1.4443435668945312,1.682464599609375,18-29
43.0,43.477192,43.3462,0.4771919250488281,0.34619903564453125,0.4771919250488281,0.34619903564453125,30-44
66.0,67.89412,67.371826,1.8941192626953125,1.371826171875,1.8941192626953125,1.371826171875,60-74
17.0,24.06228,24.242422,7.062280654907227,7.242422103881836,7.062280654907227,7.242422103881836,0-17
40.0,62.750023,62.31017,22.750022888183594,22.310169219970703,22.750022888183594,22.310169219970703,30-44
75.0,60.43796,60.03516,-14.56203842163086,-14.964839935302734,14.56203842163086,14.964839935302734,75+
13.0,13.7940035,14.1387005,0.7940034866333008,1.1387004852294922,0.7940034866333008,1.1387004852294922,0-17
40.0,40.657825,40.572014,0.6578254699707031,0.5720138549804688,0.6578254699707031,0.5720138549804688,30-44
30.0,32.58062,32.62425,2.5806198120117188,2.624248504638672,2.5806198120117188,2.624248504638672,30-44
73.0,72.000046,71.41196,-0.9999542236328125,-1.588043212890625,0.9999542236328125,1.588043212890625,60-74
15.0,24.459227,24.633007,9.459226608276367,9.633007049560547,9.459226608276367,9.633007049560547,0-17
16.0,26.936749,27.070826,10.936748504638672,11.070825576782227,10.936748504638672,11.070825576782227,0-17
34.0,51.432198,51.17372,17.43219757080078,17.173721313476562,17.43219757080078,17.173721313476562,30-44
79.0,64.591354,64.121994,-14.408645629882812,-14.878005981445312,14.408645629882812,14.878005981445312,75+
39.0,44.868484,44.715195,5.8684844970703125,5.7151947021484375,5.8684844970703125,5.7151947021484375,30-44
40.0,41.858627,41.75357,1.8586273193359375,1.753570556640625,1.8586273193359375,1.753570556640625,30-44
49.0,53.07316,52.788383,4.073158264160156,3.7883834838867188,4.073158264160156,3.7883834838867188,45-59
15.0,40.165043,40.087128,25.165042877197266,25.087127685546875,25.165042877197266,25.087127685546875,0-17
33.0,45.55002,45.385807,12.550018310546875,12.385807037353516,12.550018310546875,12.385807037353516,30-44
68.0,62.66526,62.226765,-5.334739685058594,-5.773235321044922,5.334739685058594,5.773235321044922,60-74
68.0,71.88668,71.3004,3.8866806030273438,3.3003997802734375,3.8866806030273438,3.3003997802734375,60-74
66.0,72.9022,72.29965,6.902198791503906,6.299652099609375,6.902198791503906,6.299652099609375,60-74
56.0,58.58914,58.21597,2.589141845703125,2.2159690856933594,2.589141845703125,2.2159690856933594,45-59
13.0,9.381866,9.797271,-3.618133544921875,-3.2027292251586914,3.618133544921875,3.2027292251586914,0-17
26.0,29.1288,29.227747,3.1287994384765625,3.2277469635009766,3.1287994384765625,3.2277469635009766,18-29
58.0,58.266026,57.898033,0.2660255432128906,-0.10196685791015625,0.2660255432128906,0.10196685791015625,45-59
43.0,48.619804,48.406395,5.619804382324219,5.406394958496094,5.619804382324219,5.406394958496094,30-44
49.0,40.31437,40.234062,-8.685630798339844,-8.765937805175781,8.685630798339844,8.765937805175781,45-59
37.0,47.995926,47.792515,10.995925903320312,10.79251480102539,10.995925903320312,10.79251480102539,30-44
51.0,28.412718,28.52314,-22.587282180786133,-22.47686004638672,22.587282180786133,22.47686004638672,45-59
16.0,37.18054,37.15045,21.180538177490234,21.15045166015625,21.180538177490234,21.15045166015625,0-17
66.0,57.979557,57.616154,-8.020442962646484,-8.383846282958984,8.020442962646484,8.383846282958984,60-74
28.0,49.05907,48.838623,21.059070587158203,20.838623046875,21.059070587158203,20.838623046875,18-29
39.0,37.000225,36.973026,-1.9997749328613281,-2.0269737243652344,1.9997749328613281,2.0269737243652344,30-44
58.0,33.83542,33.85894,-24.164581298828125,-24.14105987548828,24.164581298828125,24.14105987548828,45-59
58.0,52.533283,52.25716,-5.466716766357422,-5.742839813232422,5.466716766357422,5.742839813232422,45-59
62.0,60.474125,60.070744,-1.5258750915527344,-1.9292564392089844,1.5258750915527344,1.9292564392089844,60-74
64.0,53.771637,53.47567,-10.228363037109375,-10.524330139160156,10.228363037109375,10.524330139160156,60-74
72.0,70.33175,69.7704,-1.6682510375976562,-2.2295989990234375,1.6682510375976562,2.2295989990234375,60-74
23.0,24.656418,24.827038,1.6564178466796875,1.8270378112792969,1.6564178466796875,1.8270378112792969,18-29
40.0,40.037376,39.961506,0.03737640380859375,-0.038494110107421875,0.03737640380859375,0.038494110107421875,30-44
47.0,35.14022,35.14283,-11.859779357910156,-11.857170104980469,11.859779357910156,11.857170104980469,45-59
27.0,48.40948,48.199444,21.409481048583984,21.199443817138672,21.409481048583984,21.199443817138672,18-29
43.0,45.873955,45.70455,2.8739547729492188,2.7045516967773438,2.8739547729492188,2.7045516967773438,30-44
44.0,41.67226,41.57019,-2.327739715576172,-2.4298095703125,2.327739715576172,2.4298095703125,30-44
66.0,70.56276,69.997696,4.5627593994140625,3.9976959228515625,4.5627593994140625,3.9976959228515625,60-74
68.0,47.3999,47.20604,-20.600101470947266,-20.793960571289062,20.600101470947266,20.793960571289062,60-74
68.0,63.04713,62.602516,-4.952869415283203,-5.397483825683594,4.952869415283203,5.397483825683594,60-74
61.0,60.636585,60.230602,-0.3634147644042969,-0.7693977355957031,0.3634147644042969,0.7693977355957031,60-74
51.0,53.884846,53.587063,2.884845733642578,2.5870628356933594,2.884845733642578,2.5870628356933594,45-59
65.0,66.01973,65.52748,1.0197296142578125,0.5274810791015625,1.0197296142578125,0.5274810791015625,60-74
12.0,18.496403,18.765741,6.496402740478516,6.765741348266602,6.496402740478516,6.765741348266602,0-17
62.0,36.784885,36.76114,-25.21511459350586,-25.238861083984375,25.21511459350586,25.238861083984375,60-74
70.0,53.85858,53.56122,-16.14141845703125,-16.43878173828125,16.14141845703125,16.43878173828125,60-74
18.0,22.913076,23.111635,4.913076400756836,5.111635208129883,4.913076400756836,5.111635208129883,18-29
33.0,23.293749,23.486206,-9.70625114440918,-9.5137939453125,9.70625114440918,9.5137939453125,30-44
49.0,57.993633,57.630005,8.993633270263672,8.6300048828125,8.993633270263672,8.6300048828125,45-59
59.0,48.568108,48.35553,-10.431892395019531,-10.64447021484375,10.431892395019531,10.64447021484375,45-59
58.0,60.03952,59.643105,2.039520263671875,1.6431045532226562,2.039520263671875,1.6431045532226562,45-59
15.0,21.95238,22.166332,6.95237922668457,7.166332244873047,6.95237922668457,7.166332244873047,0-17
74.0,29.411394,29.505814,-44.588605880737305,-44.49418640136719,44.588605880737305,44.49418640136719,60-74
38.0,24.5077,24.680704,-13.492300033569336,-13.319295883178711,13.492300033569336,13.319295883178711,30-44
33.0,26.592766,26.732355,-6.407234191894531,-6.267644882202148,6.407234191894531,6.267644882202148,30-44
72.0,70.01807,69.46175,-1.98193359375,-2.5382537841796875,1.98193359375,2.5382537841796875,60-74
41.0,54.04068,53.7404,13.040679931640625,12.740398406982422,13.040679931640625,12.740398406982422,30-44
53.0,55.744633,55.417046,2.7446327209472656,2.4170455932617188,2.7446327209472656,2.4170455932617188,45-59
54.0,56.930046,56.58346,2.9300460815429688,2.5834617614746094,2.9300460815429688,2.5834617614746094,45-59
67.0,65.973236,65.481735,-1.026763916015625,-1.5182647705078125,1.026763916015625,1.5182647705078125,60-74
14.0,12.691363,13.053731,-1.3086366653442383,-0.9462690353393555,1.3086366653442383,0.9462690353393555,0-17
18.0,31.150936,31.217478,13.150936126708984,13.217477798461914,13.150936126708984,13.217477798461914,18-29
19.0,34.456116,34.46969,15.45611572265625,15.469688415527344,15.45611572265625,15.469688415527344,18-29
62.0,49.11255,48.891243,-12.887451171875,-13.108757019042969,12.887451171875,13.108757019042969,60-74
30.0,40.60974,40.5247,10.6097412109375,10.524700164794922,10.6097412109375,10.524700164794922,30-44
13.0,14.741554,15.071066,1.7415542602539062,2.071065902709961,1.7415542602539062,2.071065902709961,0-17
65.0,55.374153,55.0525,-9.625846862792969,-9.947498321533203,9.625846862792969,9.947498321533203,60-74
52.0,52.598713,52.32154,0.5987129211425781,0.32154083251953125,0.5987129211425781,0.32154083251953125,45-59
69.0,56.951855,56.60492,-12.048145294189453,-12.39508056640625,12.048145294189453,12.39508056640625,60-74
66.0,65.254486,64.77449,-0.745513916015625,-1.2255096435546875,0.745513916015625,1.2255096435546875,60-74
77.0,37.252686,37.221443,-39.747314453125,-39.77855682373047,39.747314453125,39.77855682373047,75+
46.0,42.8132,42.69285,-3.186798095703125,-3.3071517944335938,3.186798095703125,3.3071517944335938,45-59
66.0,58.645966,58.27188,-7.354034423828125,-7.728118896484375,7.354034423828125,7.728118896484375,60-74
46.0,51.037777,50.78562,5.037776947021484,4.785621643066406,5.037776947021484,4.785621643066406,45-59
29.0,40.2676,40.18804,11.267601013183594,11.188041687011719,11.267601013183594,11.188041687011719,18-29
28.0,40.512775,40.429287,12.512775421142578,12.42928695678711,12.512775421142578,12.42928695678711,18-29
41.0,31.507875,31.568697,-9.492124557495117,-9.431303024291992,9.492124557495117,9.431303024291992,30-44
17.0,23.810205,23.994387,6.810205459594727,6.994386672973633,6.810205459594727,6.994386672973633,0-17
41.0,26.514889,26.655725,-14.485111236572266,-14.344274520874023,14.485111236572266,14.344274520874023,30-44
30.0,27.636766,27.759624,-2.3632335662841797,-2.240375518798828,2.3632335662841797,2.240375518798828,30-44
68.0,74.37014,73.744064,6.370140075683594,5.7440643310546875,6.370140075683594,5.7440643310546875,60-74
41.0,44.16822,44.026154,3.1682205200195312,3.026153564453125,3.1682205200195312,3.026153564453125,30-44
12.0,17.764984,18.046043,5.764984130859375,6.046043395996094,5.764984130859375,6.046043395996094,0-17
14.0,27.849503,27.968952,13.849502563476562,13.968952178955078,13.849502563476562,13.968952178955078,0-17
58.0,68.56016,68.02719,10.560157775878906,10.027191162109375,10.560157775878906,10.027191162109375,45-59
30.0,30.323423,30.403227,0.3234233856201172,0.4032268524169922,0.3234233856201172,0.4032268524169922,30-44
29.0,48.467823,48.25685,19.467823028564453,19.256851196289062,19.467823028564453,19.256851196289062,18-29
76.0,70.17674,69.617874,-5.8232574462890625,-6.3821258544921875,5.8232574462890625,6.3821258544921875,75+
17.0,19.858965,20.106466,2.8589649200439453,3.106466293334961,2.8589649200439453,3.106466293334961,0-17
17.0,43.437927,43.307564,26.43792724609375,26.30756378173828,26.43792724609375,26.30756378173828,0-17
23.0,25.634007,25.78896,2.6340065002441406,2.788959503173828,2.6340065002441406,2.788959503173828,18-29
63.0,69.92082,69.36606,6.9208221435546875,6.366058349609375,6.9208221435546875,6.366058349609375,60-74
60.0,59.915268,59.520844,-0.0847320556640625,-0.479156494140625,0.0847320556640625,0.479156494140625,60-74
67.0,48.816322,48.599766,-18.183677673339844,-18.40023422241211,18.183677673339844,18.40023422241211,60-74
13.0,12.912245,13.271072,-0.08775520324707031,0.2710723876953125,0.08775520324707031,0.2710723876953125,0-17
33.0,47.45504,47.2603,14.455039978027344,14.260299682617188,14.455039978027344,14.260299682617188,30-44
36.0,40.215687,40.13696,4.215686798095703,4.136959075927734,4.215686798095703,4.136959075927734,30-44
27.0,19.286541,19.543217,-7.713459014892578,-7.456783294677734,7.713459014892578,7.456783294677734,18-29
53.0,52.52121,52.24528,-0.478790283203125,-0.7547187805175781,0.478790283203125,0.7547187805175781,45-59
66.0,52.385014,52.111267,-13.614986419677734,-13.88873291015625,13.614986419677734,13.88873291015625,60-74
72.0,68.24881,67.72084,-3.751190185546875,-4.2791595458984375,3.751190185546875,4.2791595458984375,60-74
19.0,18.57126,18.8394,-0.4287395477294922,-0.1606006622314453,0.4287395477294922,0.1606006622314453,18-29
52.0,30.545856,30.622095,-21.454143524169922,-21.377904891967773,21.454143524169922,21.377904891967773,45-59
12.0,13.76819,14.1133,1.7681903839111328,2.113300323486328,1.7681903839111328,2.113300323486328,0-17
22.0,48.77547,48.559566,26.775470733642578,26.559566497802734,26.775470733642578,26.559566497802734,18-29
17.0,29.754242,29.843166,12.754241943359375,12.84316635131836,12.754241943359375,12.84316635131836,0-17
41.0,49.445187,49.21855,8.445186614990234,8.218551635742188,8.445186614990234,8.218551635742188,30-44
45.0,25.76303,25.915915,-19.236970901489258,-19.08408546447754,19.236970901489258,19.08408546447754,45-59
62.0,58.499207,58.127476,-3.50079345703125,-3.8725242614746094,3.50079345703125,3.8725242614746094,60-74
25.0,41.278824,41.18306,16.278823852539062,16.183059692382812,16.278823852539062,16.183059692382812,18-29
61.0,58.822506,58.445595,-2.1774940490722656,-2.5544052124023438,2.1774940490722656,2.5544052124023438,60-74
23.0,27.139074,27.269909,4.139074325561523,4.269908905029297,4.139074325561523,4.269908905029297,18-29
40.0,44.150486,44.0087,4.150485992431641,4.008701324462891,4.150485992431641,4.008701324462891,30-44
14.0,27.715397,27.836994,13.715396881103516,13.836994171142578,13.715396881103516,13.836994171142578,0-17
19.0,18.72888,18.994492,-0.2711200714111328,-0.0055084228515625,0.2711200714111328,0.0055084228515625,18-29
53.0,53.211567,52.924572,0.21156692504882812,-0.07542800903320312,0.21156692504882812,0.07542800903320312,45-59
52.0,54.168617,53.866287,2.1686172485351562,1.8662872314453125,2.1686172485351562,1.8662872314453125,45-59
38.0,37.95073,37.9083,-0.0492706298828125,-0.09170150756835938,0.0492706298828125,0.09170150756835938,30-44
32.0,33.167835,33.202053,1.1678352355957031,1.2020530700683594,1.1678352355957031,1.2020530700683594,30-44
13.0,10.6534605,11.048487,-2.3465394973754883,-1.9515132904052734,2.3465394973754883,1.9515132904052734,0-17
61.0,60.460186,60.05703,-0.5398139953613281,-0.9429702758789062,0.5398139953613281,0.9429702758789062,60-74
73.0,68.73946,68.20363,-4.260536193847656,-4.7963714599609375,4.260536193847656,4.7963714599609375,60-74
30.0,32.464508,32.51,2.464508056640625,2.509998321533203,2.464508056640625,2.509998321533203,30-44
67.0,59.807568,59.414867,-7.192432403564453,-7.585132598876953,7.192432403564453,7.585132598876953,60-74
69.0,51.72684,51.463642,-17.27315902709961,-17.536357879638672,17.27315902709961,17.536357879638672,60-74
31.0,34.367844,34.38283,3.3678436279296875,3.382831573486328,3.3678436279296875,3.382831573486328,30-44
57.0,46.092716,45.919807,-10.907283782958984,-11.080192565917969,10.907283782958984,11.080192565917969,45-59
16.0,41.455654,41.357056,25.45565414428711,25.3570556640625,25.45565414428711,25.3570556640625,0-17
16.0,14.901345,15.228296,-1.0986547470092773,-0.7717037200927734,1.0986547470092773,0.7717037200927734,0-17
28.0,45.803524,45.63525,17.803524017333984,17.635250091552734,17.803524017333984,17.635250091552734,18-29
18.0,32.208042,32.257645,14.20804214477539,14.257644653320312,14.20804214477539,14.257644653320312,18-29
47.0,52.53685,52.26067,5.5368499755859375,5.260669708251953,5.5368499755859375,5.260669708251953,45-59
19.0,25.620502,25.775673,6.620502471923828,6.775672912597656,6.620502471923828,6.775672912597656,18-29
59.0,48.153164,47.947235,-10.84683609008789,-11.052764892578125,10.84683609008789,11.052764892578125,45-59
60.0,47.82162,47.621006,-12.17837905883789,-12.37899398803711,12.17837905883789,12.37899398803711,60-74
41.0,47.981842,47.77866,6.981842041015625,6.778659820556641,6.981842041015625,6.778659820556641,30-44
33.0,32.11013,32.1613,-0.8898696899414062,-0.8386993408203125,0.8898696899414062,0.8386993408203125,30-44
64.0,54.296925,53.99254,-9.703075408935547,-10.007461547851562,9.703075408935547,10.007461547851562,60-74
14.0,17.170149,17.460741,3.1701488494873047,3.4607410430908203,3.1701488494873047,3.4607410430908203,0-17
13.0,17.529808,17.814636,4.529808044433594,4.81463623046875,4.529808044433594,4.81463623046875,0-17
40.0,35.346462,35.345768,-4.653537750244141,-4.654232025146484,4.653537750244141,4.654232025146484,30-44
79.0,61.161495,60.7471,-17.838504791259766,-18.252899169921875,17.838504791259766,18.252899169921875,75+
40.0,38.765995,38.7105,-1.2340049743652344,-1.2895011901855469,1.2340049743652344,1.2895011901855469,30-44
36.0,51.54598,51.28568,15.545978546142578,15.28567886352539,15.545978546142578,15.28567886352539,30-44
30.0,36.627525,36.6063,6.627525329589844,6.606300354003906,6.627525329589844,6.606300354003906,30-44
16.0,19.792332,20.040901,3.7923316955566406,4.040901184082031,3.7923316955566406,4.040901184082031,0-17
35.0,29.418777,29.513079,-5.5812225341796875,-5.486921310424805,5.5812225341796875,5.486921310424805,30-44
23.0,49.216167,48.993202,26.216167449951172,25.993202209472656,26.216167449951172,25.993202209472656,18-29
44.0,39.034157,38.974365,-4.965843200683594,-5.025634765625,4.965843200683594,5.025634765625,30-44
61.0,48.226486,48.019382,-12.773513793945312,-12.98061752319336,12.773513793945312,12.98061752319336,60-74
33.0,31.642609,31.701271,-1.357391357421875,-1.2987289428710938,1.357391357421875,1.2987289428710938,30-44
60.0,48.158512,47.952496,-11.841487884521484,-12.047504425048828,11.841487884521484,12.047504425048828,60-74
46.0,48.18145,47.975067,2.1814498901367188,1.975067138671875,2.1814498901367188,1.975067138671875,45-59
28.0,31.71314,31.770672,3.7131404876708984,3.770671844482422,3.7131404876708984,3.770671844482422,18-29
13.0,21.372292,21.595541,8.372291564941406,8.595541000366211,8.372291564941406,8.595541000366211,0-17
22.0,31.835667,31.891235,9.83566665649414,9.8912353515625,9.83566665649414,9.8912353515625,18-29
26.0,24.784542,24.95311,-1.2154579162597656,-1.0468902587890625,1.2154579162597656,1.0468902587890625,18-29
31.0,30.517294,30.59399,-0.48270606994628906,-0.4060096740722656,0.48270606994628906,0.4060096740722656,30-44
52.0,52.953762,52.6709,0.9537620544433594,0.6708984375,0.9537620544433594,0.6708984375,45-59
74.0,73.6886,73.073456,-0.3114013671875,-0.926544189453125,0.3114013671875,0.926544189453125,60-74
37.0,45.382748,45.221214,8.382747650146484,8.221214294433594,8.382747650146484,8.221214294433594,30-44
68.0,66.407394,65.908936,-1.5926055908203125,-2.091064453125,1.5926055908203125,2.091064453125,60-74
78.0,62.17568,61.74503,-15.824321746826172,-16.25497055053711,15.824321746826172,16.25497055053711,75+
53.0,48.762127,48.54644,-4.237873077392578,-4.453559875488281,4.237873077392578,4.453559875488281,45-59
28.0,33.404636,33.435062,5.404636383056641,5.435062408447266,5.404636383056641,5.435062408447266,18-29
48.0,37.28882,37.256996,-10.711181640625,-10.743003845214844,10.711181640625,10.743003845214844,45-59
16.0,14.338132,14.6741085,-1.6618680953979492,-1.3258914947509766,1.6618680953979492,1.3258914947509766,0-17
46.0,43.570675,43.438183,-2.4293251037597656,-2.561817169189453,2.4293251037597656,2.561817169189453,45-59
30.0,31.315619,31.37952,1.3156185150146484,1.3795204162597656,1.3156185150146484,1.3795204162597656,30-44
69.0,56.960396,56.613323,-12.039604187011719,-12.386676788330078,12.039604187011719,12.386676788330078,60-74
15.0,17.212296,17.502213,2.2122955322265625,2.5022125244140625,2.2122955322265625,2.5022125244140625,0-17
61.0,74.15942,73.53673,13.159416198730469,12.536727905273438,13.159416198730469,12.536727905273438,60-74
36.0,46.19468,46.020134,10.194679260253906,10.020133972167969,10.194679260253906,10.020133972167969,30-44
63.0,62.860382,62.418762,-0.139617919921875,-0.58123779296875,0.139617919921875,0.58123779296875,60-74
56.0,50.05434,49.817944,-5.945659637451172,-6.182056427001953,5.945659637451172,6.182056427001953,45-59
72.0,57.104195,56.754818,-14.895805358886719,-15.245182037353516,14.895805358886719,15.245182037353516,60-74
49.0,59.223724,58.84038,10.223724365234375,9.840381622314453,10.223724365234375,9.840381622314453,45-59
76.0,66.60451,66.10289,-9.395492553710938,-9.897109985351562,9.395492553710938,9.897109985351562,75+
22.0,18.822983,19.087088,-3.1770172119140625,-2.912912368774414,3.1770172119140625,2.912912368774414,18-29
14.0,13.711925,14.057937,-0.28807544708251953,0.057936668395996094,0.28807544708251953,0.057936668395996094,0-17
32.0,31.629131,31.68801,-0.3708686828613281,-0.31199073791503906,0.3708686828613281,0.31199073791503906,30-44
55.0,57.161587,56.81129,2.1615867614746094,1.8112907409667969,2.1615867614746094,1.8112907409667969,45-59
45.0,45.57029,45.405754,0.5702896118164062,0.40575408935546875,0.5702896118164062,0.40575408935546875,45-59
45.0,44.102604,43.961586,-0.8973960876464844,-1.0384140014648438,0.8973960876464844,1.0384140014648438,45-59
21.0,20.0747,20.318745,-0.9253005981445312,-0.6812553405761719,0.9253005981445312,0.6812553405761719,18-29
50.0,61.388752,60.970715,11.388751983642578,10.970714569091797,11.388751983642578,10.970714569091797,45-59
19.0,21.281792,21.506493,2.2817916870117188,2.5064926147460938,2.2817916870117188,2.5064926147460938,18-29
39.0,36.935307,36.90915,-2.0646934509277344,-2.090850830078125,2.0646934509277344,2.090850830078125,30-44
70.0,71.084625,70.5112,1.084625244140625,0.511199951171875,1.084625244140625,0.511199951171875,60-74
39.0,54.719784,54.40862,15.719783782958984,15.408618927001953,15.719783782958984,15.408618927001953,30-44
55.0,41.121044,41.02781,-13.878955841064453,-13.972190856933594,13.878955841064453,13.972190856933594,45-59
73.0,37.978077,37.93521,-35.02192306518555,-35.064788818359375,35.02192306518555,35.064788818359375,60-74
79.0,53.637337,53.34352,-25.36266326904297,-25.656478881835938,25.36266326904297,25.656478881835938,75+
23.0,35.02575,35.030193,12.025749206542969,12.030193328857422,12.025749206542969,12.030193328857422,18-29
77.0,73.358025,72.74817,-3.6419754028320312,-4.2518310546875,3.6419754028320312,4.2518310546875,75+
13.0,18.849586,19.113264,5.849586486816406,6.113264083862305,5.849586486816406,6.113264083862305,0-17
65.0,64.765625,64.29347,-0.234375,-0.7065277099609375,0.234375,0.7065277099609375,60-74
30.0,35.580463,35.57602,5.580463409423828,5.576019287109375,5.580463409423828,5.576019287109375,30-44
74.0,75.15324,74.51462,1.1532363891601562,0.514617919921875,1.1532363891601562,0.514617919921875,60-74
59.0,52.335537,52.062584,-6.664463043212891,-6.937416076660156,6.664463043212891,6.937416076660156,45-59
20.0,19.3712,19.62652,-0.6287994384765625,-0.37347984313964844,0.6287994384765625,0.37347984313964844,18-29
57.0,53.00282,52.71917,-3.997180938720703,-4.280830383300781,3.997180938720703,4.280830383300781,45-59
62.0,60.49799,60.094227,-1.5020103454589844,-1.9057731628417969,1.5020103454589844,1.9057731628417969,60-74
50.0,53.020905,52.736965,3.020904541015625,2.7369651794433594,3.020904541015625,2.7369651794433594,45-59
27.0,48.540165,48.328033,21.540164947509766,21.328033447265625,21.540164947509766,21.328033447265625,18-29
46.0,52.623745,52.346172,6.623744964599609,6.346172332763672,6.623744964599609,6.346172332763672,45-59
29.0,37.496887,37.46173,8.49688720703125,8.46173095703125,8.49688720703125,8.46173095703125,18-29
16.0,17.009098,17.30227,1.0090980529785156,1.3022708892822266,1.0090980529785156,1.3022708892822266,0-17
13.0,22.280024,22.488728,9.280023574829102,9.488727569580078,9.280023574829102,9.488727569580078,0-17
15.0,16.412365,16.715101,1.4123649597167969,1.7151012420654297,1.4123649597167969,1.7151012420654297,0-17
69.0,61.594894,61.173553,-7.4051055908203125,-7.826446533203125,7.4051055908203125,7.826446533203125,60-74
51.0,62.04724,61.618652,11.0472412109375,10.61865234375,11.0472412109375,10.61865234375,45-59
55.0,40.756607,40.669212,-14.243392944335938,-14.330787658691406,14.243392944335938,14.330787658691406,45-59
28.0,32.96409,33.00157,4.964088439941406,5.0015716552734375,4.964088439941406,5.0015716552734375,18-29
51.0,62.484604,62.049004,11.484603881835938,11.049003601074219,11.484603881835938,11.049003601074219,45-59
25.0,39.4267,39.36062,14.426700592041016,14.360618591308594,14.426700592041016,14.360618591308594,18-29
30.0,36.953766,36.927315,6.953765869140625,6.927314758300781,6.953765869140625,6.927314758300781,30-44
24.0,35.755177,35.747932,11.755176544189453,11.747932434082031,11.755176544189453,11.747932434082031,18-29
32.0,31.38643,31.449198,-0.6135692596435547,-0.5508022308349609,0.6135692596435547,0.5508022308349609,30-44
16.0,39.26534,39.201843,23.265338897705078,23.20184326171875,23.265338897705078,23.20184326171875,0-17
27.0,31.494688,31.555721,4.494688034057617,4.555721282958984,4.494688034057617,4.555721282958984,18-29
17.0,21.616068,21.835411,4.616067886352539,4.835411071777344,4.616067886352539,4.835411071777344,0-17
78.0,51.942936,51.676273,-26.057064056396484,-26.323726654052734,26.057064056396484,26.323726654052734,75+
34.0,35.7712,35.7637,1.7711982727050781,1.7636985778808594,1.7711982727050781,1.7636985778808594,30-44
39.0,57.51885,57.162827,18.518848419189453,18.162826538085938,18.518848419189453,18.162826538085938,30-44
17.0,23.099022,23.2946,6.099021911621094,6.294599533081055,6.099021911621094,6.294599533081055,0-17
30.0,36.32604,36.309647,6.326038360595703,6.3096466064453125,6.326038360595703,6.3096466064453125,30-44
36.0,36.677937,36.655903,0.6779365539550781,0.6559028625488281,0.6779365539550781,0.6559028625488281,30-44
65.0,50.346607,50.105526,-14.653392791748047,-14.894474029541016,14.653392791748047,14.894474029541016,60-74
27.0,25.890966,26.041801,-1.1090335845947266,-0.9581985473632812,1.1090335845947266,0.9581985473632812,18-29
54.0,50.167484,49.929276,-3.8325157165527344,-4.0707244873046875,3.8325157165527344,4.0707244873046875,45-59
58.0,57.02922,56.681046,-0.9707794189453125,-1.3189544677734375,0.9707794189453125,1.3189544677734375,45-59
47.0,35.03279,35.037125,-11.967208862304688,-11.962875366210938,11.967208862304688,11.962875366210938,45-59
70.0,66.14228,65.64807,-3.8577194213867188,-4.3519287109375,3.8577194213867188,4.3519287109375,60-74
36.0,36.688408,36.666206,0.6884078979492188,0.6662063598632812,0.6884078979492188,0.6662063598632812,30-44
17.0,38.82394,38.767517,21.82394027709961,21.76751708984375,21.82394027709961,21.76751708984375,0-17
45.0,41.068764,40.976364,-3.9312362670898438,-4.0236358642578125,3.9312362670898438,4.0236358642578125,45-59
39.0,23.006111,23.203178,-15.993888854980469,-15.796821594238281,15.993888854980469,15.796821594238281,30-44
71.0,66.514626,66.01445,-4.485374450683594,-4.9855499267578125,4.485374450683594,4.9855499267578125,60-74
13.0,14.306997,14.643473,1.306997299194336,1.643472671508789,1.306997299194336,1.643472671508789,0-17
48.0,49.408054,49.182014,1.4080543518066406,1.1820144653320312,1.4080543518066406,1.1820144653320312,45-59
57.0,62.276527,61.84426,5.276527404785156,4.844261169433594,5.276527404785156,4.844261169433594,45-59
34.0,29.729195,29.81852,-4.270805358886719,-4.181480407714844,4.270805358886719,4.181480407714844,30-44
51.0,64.613205,64.14349,13.613204956054688,13.14349365234375,13.613204956054688,13.14349365234375,45-59
81.0,57.297493,56.94502,-23.70250701904297,-24.054981231689453,23.70250701904297,24.054981231689453,75+
85.0,64.01967,63.559467,-20.980331420898438,-21.440532684326172,20.980331420898438,21.440532684326172,75+
28.0,28.412865,28.523285,0.41286468505859375,0.523284912109375,0.41286468505859375,0.523284912109375,18-29
14.0,38.216255,38.16957,24.21625518798828,24.169570922851562,24.21625518798828,24.169570922851562,0-17
55.0,43.357464,43.22839,-11.642536163330078,-11.771610260009766,11.642536163330078,11.771610260009766,45-59
25.0,26.854134,26.989534,1.8541336059570312,1.9895343780517578,1.8541336059570312,1.9895343780517578,18-29
71.0,60.672455,60.265896,-10.327545166015625,-10.73410415649414,10.327545166015625,10.73410415649414,60-74
36.0,30.84052,30.912037,-5.159479141235352,-5.087963104248047,5.159479141235352,5.087963104248047,30-44
43.0,44.727505,44.576473,1.7275047302246094,1.5764732360839844,1.7275047302246094,1.5764732360839844,30-44
75.0,62.707516,62.268345,-12.292484283447266,-12.73165512084961,12.292484283447266,12.73165512084961,75+
42.0,67.262566,66.7504,25.26256561279297,24.750396728515625,25.26256561279297,24.750396728515625,30-44
16.0,25.283232,25.443806,9.283231735229492,9.443805694580078,9.283231735229492,9.443805694580078,0-17
21.0,42.60008,42.48314,21.600078582763672,21.483139038085938,21.600078582763672,21.483139038085938,18-29
14.0,17.037663,17.330378,3.0376625061035156,3.3303775787353516,3.0376625061035156,3.3303775787353516,0-17
49.0,58.308796,57.940117,9.308795928955078,8.940116882324219,9.308795928955078,8.940116882324219,45-59
69.0,54.02712,53.727055,-14.972881317138672,-15.272945404052734,14.972881317138672,15.272945404052734,60-74
68.0,69.22151,68.67795,1.2215118408203125,0.677947998046875,1.2215118408203125,0.677947998046875,60-74
15.0,18.296192,18.568739,3.296192169189453,3.5687389373779297,3.296192169189453,3.5687389373779297,0-17
25.0,23.892002,24.074873,-1.1079978942871094,-0.9251270294189453,1.1079978942871094,0.9251270294189453,18-29
59.0,70.6328,70.06662,11.632797241210938,11.066619873046875,11.632797241210938,11.066619873046875,45-59
16.0,9.784391,10.193344,-6.215608596801758,-5.8066558837890625,6.215608596801758,5.8066558837890625,0-17
71.0,50.059956,49.823467,-20.940044403076172,-21.176532745361328,20.940044403076172,21.176532745361328,60-74
17.0,24.46401,24.637714,7.464010238647461,7.637714385986328,7.464010238647461,7.637714385986328,0-17
32.0,36.11563,36.10261,4.115631103515625,4.102611541748047,4.115631103515625,4.102611541748047,30-44
21.0,30.994484,31.063532,9.994483947753906,10.063531875610352,9.994483947753906,10.063531875610352,18-29
61.0,60.63937,60.23334,-0.3606300354003906,-0.7666587829589844,0.3606300354003906,0.7666587829589844,60-74
77.0,71.3063,70.729324,-5.693702697753906,-6.2706756591796875,5.693702697753906,6.2706756591796875,75+
38.0,46.83023,46.6455,8.830230712890625,8.645500183105469,8.830230712890625,8.645500183105469,30-44
43.0,46.808857,46.62447,3.808856964111328,3.624469757080078,3.808856964111328,3.624469757080078,30-44
78.0,71.60543,71.02367,-6.394569396972656,-6.9763336181640625,6.394569396972656,6.9763336181640625,75+
63.0,58.160007,57.793713,-4.839992523193359,-5.206287384033203,4.839992523193359,5.206287384033203,60-74
53.0,34.798927,34.807007,-18.201072692871094,-18.1929931640625,18.201072692871094,18.1929931640625,45-59
25.0,28.745834,28.85092,3.7458343505859375,3.850919723510742,3.7458343505859375,3.850919723510742,18-29
24.0,31.939781,31.993681,7.939781188964844,7.993680953979492,7.939781188964844,7.993680953979492,18-29
29.0,30.455917,30.533596,1.4559173583984375,1.5335960388183594,1.4559173583984375,1.5335960388183594,18-29
42.0,57.324417,56.97151,15.324417114257812,14.971511840820312,15.324417114257812,14.971511840820312,30-44
12.0,10.438145,10.836621,-1.5618553161621094,-1.1633787155151367,1.5618553161621094,1.1633787155151367,0-17
74.0,67.38261,66.868515,-6.617393493652344,-7.1314849853515625,6.617393493652344,7.1314849853515625,60-74
28.0,41.415073,41.317127,13.41507339477539,13.317127227783203,13.41507339477539,13.317127227783203,18-29
30.0,25.77747,25.930124,-4.222530364990234,-4.069875717163086,4.222530364990234,4.069875717163086,30-44
65.0,63.3294,62.88026,-1.6706008911132812,-2.119739532470703,1.6706008911132812,2.119739532470703,60-74
31.0,27.90077,28.019398,-3.0992298126220703,-2.980602264404297,3.0992298126220703,2.980602264404297,30-44
24.0,50.47347,50.230354,26.473468780517578,26.23035430908203,26.473468780517578,26.23035430908203,18-29
14.0,12.421397,12.788091,-1.5786027908325195,-1.211909294128418,1.5786027908325195,1.211909294128418,0-17
62.0,48.12054,47.915134,-13.879459381103516,-14.08486557006836,13.879459381103516,14.08486557006836,60-74
13.0,14.31034,14.646762,1.3103399276733398,1.6467618942260742,1.3103399276733398,1.6467618942260742,0-17
17.0,17.713945,17.995823,0.7139453887939453,0.9958229064941406,0.7139453887939453,0.9958229064941406,0-17
50.0,53.66319,53.368958,3.663188934326172,3.36895751953125,3.663188934326172,3.36895751953125,45-59
46.0,33.949,33.970703,-12.05099868774414,-12.029296875,12.05099868774414,12.029296875,45-59
25.0,55.456913,55.133938,30.456912994384766,30.13393783569336,30.456912994384766,30.13393783569336,18-29
82.0,59.428753,59.042126,-22.571247100830078,-22.957874298095703,22.571247100830078,22.957874298095703,75+
38.0,58.852207,58.47482,20.85220718383789,20.47481918334961,20.85220718383789,20.47481918334961,30-44
73.0,62.563686,62.12682,-10.43631362915039,-10.873180389404297,10.43631362915039,10.873180389404297,60-74
67.0,76.54879,75.8878,9.548789978027344,8.887802124023438,9.548789978027344,8.887802124023438,60-74
42.0,67.66976,67.15106,25.669761657714844,25.15106201171875,25.669761657714844,25.15106201171875,30-44
30.0,33.155823,33.190235,3.15582275390625,3.190235137939453,3.15582275390625,3.190235137939453,30-44
59.0,71.94117,71.35402,12.941169738769531,12.354019165039062,12.941169738769531,12.354019165039062,45-59
68.0,55.065212,54.748512,-12.93478775024414,-13.251487731933594,12.93478775024414,13.251487731933594,60-74
62.0,59.952404,59.557384,-2.047595977783203,-2.442615509033203,2.047595977783203,2.442615509033203,60-74
13.0,14.2929945,14.629695,1.292994499206543,1.629694938659668,1.292994499206543,1.629694938659668,0-17
22.0,27.272522,27.401217,5.27252197265625,5.401216506958008,5.27252197265625,5.401216506958008,18-29
43.0,48.611713,48.398434,5.611713409423828,5.398433685302734,5.611713409423828,5.398433685302734,30-44
34.0,28.917408,29.019743,-5.082592010498047,-4.980257034301758,5.082592010498047,4.980257034301758,30-44
48.0,46.441216,46.262722,-1.5587844848632812,-1.7372779846191406,1.5587844848632812,1.7372779846191406,45-59
26.0,19.100365,19.360023,-6.899635314941406,-6.639976501464844,6.899635314941406,6.639976501464844,18-29
71.0,60.296547,59.89601,-10.703453063964844,-11.103988647460938,10.703453063964844,11.103988647460938,60-74
61.0,53.287586,52.999374,-7.712413787841797,-8.000625610351562,7.712413787841797,8.000625610351562,60-74
34.0,33.837837,33.86132,-0.16216278076171875,-0.13867950439453125,0.16216278076171875,0.13867950439453125,30-44
75.0,59.249153,58.865402,-15.750846862792969,-16.134597778320312,15.750846862792969,16.134597778320312,75+
44.0,54.411114,54.104897,10.411113739013672,10.104896545410156,10.411113739013672,10.104896545410156,30-44
45.0,48.432087,48.221687,3.432086944580078,3.2216873168945312,3.432086944580078,3.2216873168945312,45-59
25.0,50.871586,50.622093,25.871585845947266,25.622093200683594,25.871585845947266,25.622093200683594,18-29
16.0,18.020666,18.297628,2.0206661224365234,2.297628402709961,2.0206661224365234,2.297628402709961,0-17
36.0,37.850723,37.8099,1.8507232666015625,1.8098983764648438,1.8507232666015625,1.8098983764648438,30-44
24.0,24.220682,24.398285,0.22068214416503906,0.398284912109375,0.22068214416503906,0.398284912109375,18-29
40.0,41.374897,41.27759,1.3748970031738281,1.2775917053222656,1.3748970031738281,1.2775917053222656,30-44
13.0,26.347704,26.49122,13.34770393371582,13.491220474243164,13.34770393371582,13.491220474243164,0-17
14.0,39.738285,39.66721,25.738285064697266,25.66720962524414,25.738285064697266,25.66720962524414,0-17
72.0,61.810375,61.385582,-10.189624786376953,-10.614418029785156,10.189624786376953,10.614418029785156,60-74
49.0,52.746117,52.466583,3.7461166381835938,3.466583251953125,3.7461166381835938,3.466583251953125,45-59
51.0,59.838757,59.445557,8.838756561279297,8.445556640625,8.838756561279297,8.445556640625,45-59
68.0,52.185204,51.914658,-15.814796447753906,-16.085342407226562,15.814796447753906,16.085342407226562,60-74
52.0,45.202812,45.044163,-6.797187805175781,-6.955837249755859,6.797187805175781,6.955837249755859,45-59
61.0,58.45953,58.088436,-2.5404701232910156,-2.9115638732910156,2.5404701232910156,2.9115638732910156,60-74
69.0,63.83906,63.381756,-5.160938262939453,-5.618244171142578,5.160938262939453,5.618244171142578,60-74
48.0,46.24837,46.072968,-1.7516288757324219,-1.927032470703125,1.7516288757324219,1.927032470703125,45-59
22.0,33.985527,34.00664,11.985527038574219,12.006641387939453,11.985527038574219,12.006641387939453,18-29
71.0,67.313995,66.800995,-3.686004638671875,-4.199005126953125,3.686004638671875,4.199005126953125,60-74
49.0,42.119347,42.010113,-6.880653381347656,-6.989887237548828,6.880653381347656,6.989887237548828,45-59
24.0,27.990038,28.107235,3.9900379180908203,4.107234954833984,3.9900379180908203,4.107234954833984,18-29
13.0,12.654609,13.017565,-0.34539127349853516,0.017564773559570312,0.34539127349853516,0.017564773559570312,0-17
17.0,18.160255,18.43498,1.1602554321289062,1.4349803924560547,1.1602554321289062,1.4349803924560547,0-17
45.0,46.386185,46.208572,1.3861846923828125,1.2085723876953125,1.3861846923828125,1.2085723876953125,45-59
52.0,35.436275,35.434143,-16.563724517822266,-16.56585693359375,16.563724517822266,16.56585693359375,45-59
46.0,67.4548,66.93956,21.454803466796875,20.939559936523438,21.454803466796875,20.939559936523438,45-59
57.0,56.966465,56.619297,-0.033535003662109375,-0.3807029724121094,0.033535003662109375,0.3807029724121094,45-59
71.0,69.464226,68.91678,-1.5357742309570312,-2.083221435546875,1.5357742309570312,2.083221435546875,60-74
14.0,14.874575,15.201955,0.8745746612548828,1.2019548416137695,0.8745746612548828,1.2019548416137695,0-17
15.0,18.441607,18.711823,3.4416065216064453,3.711822509765625,3.4416065216064453,3.711822509765625,0-17
30.0,45.707085,45.540356,15.707084655761719,15.540355682373047,15.707084655761719,15.540355682373047,30-44
18.0,15.977031,16.286743,-2.0229692459106445,-1.7132568359375,2.0229692459106445,1.7132568359375,18-29
36.0,38.896088,38.83851,2.896087646484375,2.8385086059570312,2.896087646484375,2.8385086059570312,30-44
32.0,32.743397,32.784416,0.7433967590332031,0.7844161987304688,0.7433967590332031,0.7844161987304688,30-44
38.0,39.60741,39.538433,1.6074104309082031,1.5384330749511719,1.6074104309082031,1.5384330749511719,30-44
66.0,43.77218,43.636456,-22.227821350097656,-22.363544464111328,22.227821350097656,22.363544464111328,60-74
19.0,27.469093,27.594639,8.469093322753906,8.59463882446289,8.469093322753906,8.59463882446289,18-29
56.0,35.50432,35.501095,-20.495681762695312,-20.498905181884766,20.495681762695312,20.498905181884766,45-59
33.0,47.87192,47.670498,14.87192153930664,14.67049789428711,14.87192153930664,14.67049789428711,30-44
46.0,46.58493,46.404133,0.584930419921875,0.4041328430175781,0.584930419921875,0.4041328430175781,45-59
54.0,50.23213,49.99288,-3.767871856689453,-4.007118225097656,3.767871856689453,4.007118225097656,45-59
61.0,73.132645,72.5264,12.132644653320312,11.526397705078125,12.132644653320312,11.526397705078125,60-74
42.0,52.4545,52.179638,10.454498291015625,10.179637908935547,10.454498291015625,10.179637908935547,30-44
43.0,60.408848,60.00651,17.40884780883789,17.006511688232422,17.40884780883789,17.006511688232422,30-44
20.0,24.170612,24.349018,4.170612335205078,4.349018096923828,4.170612335205078,4.349018096923828,18-29
37.0,36.43239,36.41429,-0.5676116943359375,-0.5857086181640625,0.5676116943359375,0.5857086181640625,30-44
69.0,60.132744,59.734833,-8.867256164550781,-9.265167236328125,8.867256164550781,9.265167236328125,60-74
27.0,28.70315,28.808918,1.7031497955322266,1.8089179992675781,1.7031497955322266,1.8089179992675781,18-29
15.0,14.236974,14.574572,-0.763026237487793,-0.4254283905029297,0.763026237487793,0.4254283905029297,0-17
64.0,59.609768,59.220238,-4.390232086181641,-4.779762268066406,4.390232086181641,4.779762268066406,60-74
19.0,31.990288,32.04338,12.990287780761719,13.043380737304688,12.990287780761719,13.043380737304688,18-29
73.0,59.532177,59.14389,-13.467823028564453,-13.856109619140625,13.467823028564453,13.856109619140625,60-74
12.0,11.536581,11.917455,-0.46341896057128906,-0.08254528045654297,0.46341896057128906,0.08254528045654297,0-17
19.0,30.529766,30.606262,11.529766082763672,11.60626220703125,11.529766082763672,11.60626220703125,18-29
68.0,71.13764,70.56337,3.1376419067382812,2.5633697509765625,3.1376419067382812,2.5633697509765625,60-74
14.0,12.420904,12.787605,-1.5790958404541016,-1.2123947143554688,1.5790958404541016,1.2123947143554688,0-17
63.0,64.30438,63.83962,1.30438232421875,0.8396186828613281,1.30438232421875,0.8396186828613281,60-74
19.0,33.68436,33.7103,14.68436050415039,14.71030044555664,14.68436050415039,14.71030044555664,18-29
21.0,14.598683,14.930485,-6.4013166427612305,-6.069515228271484,6.4013166427612305,6.069515228271484,18-29
48.0,61.982334,61.554783,13.98233413696289,13.55478286743164,13.98233413696289,13.55478286743164,45-59
54.0,45.182266,45.02395,-8.817733764648438,-8.976051330566406,8.817733764648438,8.976051330566406,45-59
62.0,59.7201,59.328804,-2.2798995971679688,-2.6711959838867188,2.2798995971679688,2.6711959838867188,60-74
18.0,29.753777,29.842709,11.753776550292969,11.842708587646484,11.753776550292969,11.842708587646484,18-29
84.0,71.583275,71.00186,-12.416725158691406,-12.998138427734375,12.416725158691406,12.998138427734375,75+
47.0,47.55667,47.360302,0.556671142578125,0.3603019714355469,0.556671142578125,0.3603019714355469,45-59
33.0,34.654602,34.664993,1.65460205078125,1.6649932861328125,1.65460205078125,1.6649932861328125,30-44
39.0,38.417377,38.36747,-0.5826225280761719,-0.6325302124023438,0.5826225280761719,0.6325302124023438,30-44
38.0,50.92903,50.678616,12.929031372070312,12.67861557006836,12.929031372070312,12.67861557006836,30-44
63.0,64.45337,63.986217,1.453369140625,0.9862174987792969,1.453369140625,0.9862174987792969,60-74
70.0,55.23296,54.91357,-14.767040252685547,-15.086429595947266,14.767040252685547,15.086429595947266,60-74
15.0,24.764675,24.93356,9.76467514038086,9.93355941772461,9.76467514038086,9.93355941772461,0-17
68.0,65.66448,65.17792,-2.3355178833007812,-2.82208251953125,2.3355178833007812,2.82208251953125,60-74
42.0,37.830822,37.790314,-4.169178009033203,-4.209686279296875,4.169178009033203,4.209686279296875,30-44
69.0,76.37677,75.71854,7.37677001953125,6.718536376953125,7.37677001953125,6.718536376953125,60-74
42.0,50.211926,49.973003,8.211925506591797,7.973003387451172,8.211925506591797,7.973003387451172,30-44
61.0,54.166542,53.864246,-6.833457946777344,-7.135753631591797,6.833457946777344,7.135753631591797,60-74
66.0,65.254486,64.77449,-0.745513916015625,-1.2255096435546875,0.745513916015625,1.2255096435546875,60-74
43.0,44.056545,43.916267,1.0565452575683594,0.9162673950195312,1.0565452575683594,0.9162673950195312,30-44
54.0,47.518986,47.32322,-6.481014251708984,-6.676780700683594,6.481014251708984,6.676780700683594,45-59
31.0,40.58997,40.505245,9.589969635009766,9.505245208740234,9.589969635009766,9.505245208740234,30-44
70.0,66.12454,65.630615,-3.875457763671875,-4.369384765625,3.875457763671875,4.369384765625,60-74
15.0,19.836853,20.08471,4.83685302734375,5.084709167480469,4.83685302734375,5.084709167480469,0-17
20.0,19.61183,19.863293,-0.3881702423095703,-0.13670730590820312,0.3881702423095703,0.13670730590820312,18-29
51.0,32.240864,32.28994,-18.759136199951172,-18.710060119628906,18.759136199951172,18.710060119628906,45-59
71.0,62.311718,61.878887,-8.688282012939453,-9.121112823486328,8.688282012939453,9.121112823486328,60-74
32.0,49.329453,49.10467,17.329452514648438,17.104671478271484,17.329452514648438,17.104671478271484,30-44
54.0,35.40068,35.399117,-18.599319458007812,-18.60088348388672,18.599319458007812,18.60088348388672,45-59
18.0,30.144035,30.226713,12.144035339355469,12.226713180541992,12.144035339355469,12.226713180541992,18-29
41.0,21.227423,21.452995,-19.7725772857666,-19.54700469970703,19.7725772857666,19.54700469970703,30-44
30.0,28.634844,28.741707,-1.3651561737060547,-1.2582931518554688,1.3651561737060547,1.2582931518554688,30-44
61.0,61.92732,61.50065,0.9273185729980469,0.5006484985351562,0.9273185729980469,0.5006484985351562,60-74
57.0,56.68341,56.34078,-0.31658935546875,-0.6592216491699219,0.31658935546875,0.6592216491699219,45-59
72.0,39.386272,39.32084,-32.61372756958008,-32.679161071777344,32.61372756958008,32.679161071777344,60-74
57.0,55.902233,55.57212,-1.0977668762207031,-1.4278793334960938,1.0977668762207031,1.4278793334960938,45-59
49.0,59.179417,58.796783,10.17941665649414,9.796783447265625,10.17941665649414,9.796783447265625,45-59
73.0,72.68088,72.08188,-0.319122314453125,-0.918121337890625,0.319122314453125,0.918121337890625,60-74
51.0,47.655735,47.45778,-3.3442649841308594,-3.5422210693359375,3.3442649841308594,3.5422210693359375,45-59
74.0,53.548607,53.25621,-20.451393127441406,-20.743789672851562,20.451393127441406,20.743789672851562,60-74
57.0,47.536243,47.3402,-9.463756561279297,-9.659801483154297,9.463756561279297,9.659801483154297,45-59
62.0,66.293465,65.79683,4.293464660644531,3.7968292236328125,4.293464660644531,3.7968292236328125,60-74
53.0,56.125313,55.791626,3.1253128051757812,2.7916259765625,3.1253128051757812,2.7916259765625,45-59
53.0,59.174435,58.79188,6.174434661865234,5.791881561279297,6.174434661865234,5.791881561279297,45-59
72.0,50.14093,49.903145,-21.85906982421875,-22.09685516357422,21.85906982421875,22.09685516357422,60-74
29.0,47.105423,46.916283,18.105422973632812,17.916282653808594,18.105422973632812,17.916282653808594,18-29
30.0,38.5493,38.49728,8.549301147460938,8.49728012084961,8.549301147460938,8.49728012084961,30-44
39.0,38.89985,38.84221,-0.10015106201171875,-0.1577911376953125,0.10015106201171875,0.1577911376953125,30-44
54.0,55.200737,54.881866,1.2007369995117188,0.881866455078125,1.2007369995117188,0.881866455078125,45-59
47.0,37.190178,37.159935,-9.809822082519531,-9.840065002441406,9.809822082519531,9.840065002441406,45-59
62.0,57.925175,57.56264,-4.074825286865234,-4.437358856201172,4.074825286865234,4.437358856201172,60-74
42.0,24.01875,24.199589,-17.981250762939453,-17.800411224365234,17.981250762939453,17.800411224365234,30-44
44.0,45.940643,45.770172,1.940643310546875,1.770172119140625,1.940643310546875,1.770172119140625,30-44
41.0,58.726868,58.35149,17.72686767578125,17.351490020751953,17.72686767578125,17.351490020751953,30-44
48.0,43.323917,43.19538,-4.676082611083984,-4.804618835449219,4.676082611083984,4.804618835449219,45-59
45.0,47.37952,47.18599,2.3795204162597656,2.1859893798828125,2.3795204162597656,2.1859893798828125,45-59
61.0,61.43525,61.016468,0.43524932861328125,0.016468048095703125,0.43524932861328125,0.016468048095703125,60-74
12.0,10.910303,11.301213,-1.0896968841552734,-0.698786735534668,1.0896968841552734,0.698786735534668,0-17
39.0,46.148846,45.975037,7.148845672607422,6.97503662109375,7.148845672607422,6.97503662109375,30-44
14.0,16.86974,17.165146,2.869739532470703,3.1651458740234375,2.869739532470703,3.1651458740234375,0-17
74.0,48.00471,47.80116,-25.995288848876953,-26.198841094970703,25.995288848876953,26.198841094970703,60-74
17.0,41.709026,41.60637,24.709026336669922,24.606369018554688,24.709026336669922,24.606369018554688,0-17
52.0,39.489067,39.421986,-12.510932922363281,-12.578014373779297,12.510932922363281,12.578014373779297,45-59
39.0,22.295904,22.504353,-16.7040958404541,-16.495647430419922,16.7040958404541,16.495647430419922,30-44
17.0,19.191822,19.450016,2.191822052001953,2.4500160217285156,2.191822052001953,2.4500160217285156,0-17
44.0,53.983326,53.683964,9.983325958251953,9.683963775634766,9.983325958251953,9.683963775634766,30-44
33.0,22.986012,23.183401,-10.013988494873047,-9.816598892211914,10.013988494873047,9.816598892211914,30-44
31.0,48.181103,47.974724,17.181102752685547,16.97472381591797,17.181102752685547,16.97472381591797,30-44
41.0,57.662483,57.30416,16.66248321533203,16.304161071777344,16.66248321533203,16.304161071777344,30-44
50.0,48.595673,48.382652,-1.404327392578125,-1.6173477172851562,1.404327392578125,1.6173477172851562,45-59
47.0,47.139908,46.95022,0.1399078369140625,-0.04978179931640625,0.1399078369140625,0.04978179931640625,45-59
61.0,60.81366,60.40484,-0.18634033203125,-0.5951614379882812,0.18634033203125,0.5951614379882812,60-74
33.0,40.846275,40.757442,7.846275329589844,7.757442474365234,7.846275329589844,7.757442474365234,30-44
17.0,40.671658,40.585625,23.67165756225586,23.58562469482422,23.67165756225586,23.58562469482422,0-17
54.0,61.200325,60.785305,7.200325012207031,6.785305023193359,7.200325012207031,6.785305023193359,45-59
15.0,18.252821,18.526062,3.2528209686279297,3.52606201171875,3.2528209686279297,3.52606201171875,0-17
70.0,44.105953,43.96488,-25.894046783447266,-26.035118103027344,25.894046783447266,26.035118103027344,60-74
57.0,57.46443,57.109283,0.4644317626953125,0.109283447265625,0.4644317626953125,0.109283447265625,45-59
52.0,69.22155,68.67799,17.22154998779297,16.677993774414062,17.22154998779297,16.677993774414062,45-59
19.0,26.339737,26.483381,7.3397369384765625,7.483381271362305,7.3397369384765625,7.483381271362305,18-29
18.0,28.100832,28.216253,10.100831985473633,10.216253280639648,10.100831985473633,10.216253280639648,18-29
70.0,69.54263,68.99393,-0.457366943359375,-1.006072998046875,0.457366943359375,1.006072998046875,60-74
22.0,29.646486,29.737137,7.646486282348633,7.7371368408203125,7.646486282348633,7.7371368408203125,18-29
15.0,9.039274,9.460168,-5.960725784301758,-5.53983211517334,5.960725784301758,5.53983211517334,0-17
44.0,42.857376,42.736313,-1.1426239013671875,-1.2636871337890625,1.1426239013671875,1.2636871337890625,30-44
49.0,44.922028,44.76788,-4.077972412109375,-4.232120513916016,4.077972412109375,4.232120513916016,45-59
25.0,49.817078,49.584484,24.81707763671875,24.584484100341797,24.81707763671875,24.584484100341797,18-29
62.0,58.03672,57.6724,-3.9632797241210938,-4.327598571777344,3.9632797241210938,4.327598571777344,60-74
61.0,38.098045,38.053257,-22.901954650878906,-22.94674301147461,22.901954650878906,22.94674301147461,60-74
64.0,46.758404,46.574825,-17.241596221923828,-17.425174713134766,17.241596221923828,17.425174713134766,60-74
65.0,48.81894,48.60234,-16.181060791015625,-16.397659301757812,16.181060791015625,16.397659301757812,60-74
75.0,32.297638,32.345802,-42.702362060546875,-42.654197692871094,42.702362060546875,42.654197692871094,75+
17.0,49.763725,49.531986,32.76372528076172,32.531986236572266,32.76372528076172,32.531986236572266,0-17
12.0,11.587324,11.967384,-0.4126758575439453,-0.03261566162109375,0.4126758575439453,0.03261566162109375,0-17
23.0,35.298256,35.298332,12.298255920410156,12.298332214355469,12.298255920410156,12.298332214355469,18-29
76.0,74.544464,73.9156,-1.455535888671875,-2.0843963623046875,1.455535888671875,2.0843963623046875,75+
12.0,13.77907,14.124006,1.7790699005126953,2.1240062713623047,1.7790699005126953,2.1240062713623047,0-17
42.0,37.322258,37.2899,-4.677742004394531,-4.7100982666015625,4.677742004394531,4.7100982666015625,30-44
23.0,23.999395,24.180544,0.9993953704833984,1.1805438995361328,0.9993953704833984,1.1805438995361328,18-29
37.0,47.151554,46.961678,10.151554107666016,9.961677551269531,10.151554107666016,9.961677551269531,30-44
69.0,57.088898,56.73977,-11.911102294921875,-12.260231018066406,11.911102294921875,12.260231018066406,60-74
47.0,48.97307,48.753998,1.9730682373046875,1.753997802734375,1.9730682373046875,1.753997802734375,45-59
12.0,10.304776,10.70539,-1.6952238082885742,-1.2946100234985352,1.6952238082885742,1.2946100234985352,0-17
73.0,71.931496,71.3445,-1.0685043334960938,-1.6555023193359375,1.0685043334960938,1.6555023193359375,60-74
69.0,49.49326,49.265854,-19.50674057006836,-19.734146118164062,19.50674057006836,19.734146118164062,60-74
38.0,27.879383,27.998354,-10.120616912841797,-10.001646041870117,10.120616912841797,10.001646041870117,30-44
17.0,20.456375,20.694304,3.4563751220703125,3.694303512573242,3.4563751220703125,3.694303512573242,0-17
28.0,27.8489,27.968359,-0.15110015869140625,-0.03164100646972656,0.15110015869140625,0.03164100646972656,18-29
54.0,59.413216,59.026836,5.413215637207031,5.026836395263672,5.413215637207031,5.026836395263672,45-59
40.0,38.17198,38.126007,-1.8280181884765625,-1.873992919921875,1.8280181884765625,1.873992919921875,30-44
30.0,29.442997,29.53691,-0.5570030212402344,-0.4630908966064453,0.5570030212402344,0.4630908966064453,30-44
74.0,58.595676,58.2224,-15.40432357788086,-15.777599334716797,15.40432357788086,15.777599334716797,60-74
55.0,50.850872,50.60171,-4.149127960205078,-4.398288726806641,4.149127960205078,4.398288726806641,45-59
19.0,36.415234,36.39741,17.415233612060547,17.397411346435547,17.415233612060547,17.397411346435547,18-29
57.0,60.702778,60.295734,3.702777862548828,3.295734405517578,3.702777862548828,3.295734405517578,45-59
21.0,40.698986,40.612514,19.698986053466797,19.61251449584961,19.698986053466797,19.61251449584961,18-29
75.0,74.93985,74.30464,-0.060150146484375,-0.6953582763671875,0.060150146484375,0.6953582763671875,75+
60.0,59.37578,58.989998,-0.6242218017578125,-1.0100021362304688,0.6242218017578125,1.0100021362304688,60-74
42.0,43.40104,43.271267,1.4010391235351562,1.2712669372558594,1.4010391235351562,1.2712669372558594,30-44
40.0,46.95489,46.768166,6.954891204833984,6.768165588378906,6.954891204833984,6.768165588378906,30-44
64.0,55.96176,55.630695,-8.038238525390625,-8.369304656982422,8.038238525390625,8.369304656982422,60-74
38.0,53.02429,52.740295,15.024288177490234,14.74029541015625,15.024288177490234,14.74029541015625,30-44
23.0,23.547153,23.73555,0.5471534729003906,0.7355499267578125,0.5471534729003906,0.7355499267578125,18-29
13.0,20.08453,20.328417,7.084529876708984,7.32841682434082,7.084529876708984,7.32841682434082,0-17
18.0,30.1227,30.205719,12.122699737548828,12.205718994140625,12.122699737548828,12.205718994140625,18-29
19.0,37.02633,36.998714,18.026329040527344,17.998714447021484,18.026329040527344,17.998714447021484,18-29
71.0,69.11727,68.57538,-1.8827285766601562,-2.42462158203125,1.8827285766601562,2.42462158203125,60-74
15.0,20.052393,20.296795,5.052392959594727,5.296794891357422,5.052392959594727,5.296794891357422,0-17
71.0,68.667755,68.13307,-2.332244873046875,-2.8669281005859375,2.332244873046875,2.8669281005859375,60-74
55.0,45.40053,45.238716,-9.599468231201172,-9.761283874511719,9.599468231201172,9.761283874511719,45-59
57.0,56.862606,56.5171,-0.13739395141601562,-0.4828987121582031,0.13739395141601562,0.4828987121582031,45-59
50.0,64.686104,64.215225,14.686103820800781,14.215225219726562,14.686103820800781,14.215225219726562,45-59
42.0,46.352745,46.175667,4.352745056152344,4.175666809082031,4.352745056152344,4.175666809082031,30-44
56.0,45.32441,45.16381,-10.675590515136719,-10.836189270019531,10.675590515136719,10.836189270019531,45-59
77.0,54.51822,54.210285,-22.481781005859375,-22.789714813232422,22.481781005859375,22.789714813232422,75+
43.0,48.33245,48.12365,5.332450866699219,5.123649597167969,5.332450866699219,5.123649597167969,30-44
32.0,37.595398,37.558662,5.59539794921875,5.558662414550781,5.59539794921875,5.558662414550781,30-44
59.0,57.578033,57.221066,-1.421966552734375,-1.7789344787597656,1.421966552734375,1.7789344787597656,45-59
61.0,59.32168,58.936768,-1.6783218383789062,-2.063232421875,1.6783218383789062,2.063232421875,60-74
17.0,23.429262,23.619549,6.429262161254883,6.619548797607422,6.429262161254883,6.619548797607422,0-17
72.0,54.583103,54.27413,-17.41689682006836,-17.725868225097656,17.41689682006836,17.725868225097656,60-74
41.0,37.508137,37.4728,-3.491863250732422,-3.5271987915039062,3.491863250732422,3.5271987915039062,30-44
52.0,40.20912,40.1305,-11.790878295898438,-11.869499206542969,11.790878295898438,11.869499206542969,45-59
49.0,35.628487,35.623272,-13.371513366699219,-13.376728057861328,13.371513366699219,13.376728057861328,45-59
51.0,24.667212,24.837658,-26.332788467407227,-26.162342071533203,26.332788467407227,26.162342071533203,45-59
26.0,20.254492,20.495655,-5.745508193969727,-5.504344940185547,5.745508193969727,5.504344940185547,18-29
55.0,48.995693,48.77626,-6.004306793212891,-6.2237396240234375,6.004306793212891,6.2237396240234375,45-59
13.0,15.283944,15.604764,2.2839441299438477,2.604763984680176,2.2839441299438477,2.604763984680176,0-17
19.0,22.367552,22.574852,3.367551803588867,3.5748519897460938,3.367551803588867,3.5748519897460938,18-29
17.0,31.63395,31.69275,14.633949279785156,14.692750930786133,14.633949279785156,14.692750930786133,0-17
19.0,34.454178,34.46778,15.454177856445312,15.467781066894531,15.454177856445312,15.467781066894531,18-29
15.0,23.452942,23.642849,8.45294189453125,8.64284896850586,8.45294189453125,8.64284896850586,0-17
74.0,57.263847,56.911915,-16.73615264892578,-17.088085174560547,16.73615264892578,17.088085174560547,60-74
71.0,66.79452,66.289856,-4.205482482910156,-4.71014404296875,4.205482482910156,4.71014404296875,60-74
46.0,44.123955,43.982597,-1.8760452270507812,-2.0174026489257812,1.8760452270507812,2.0174026489257812,45-59
55.0,63.899033,63.440765,8.899032592773438,8.440765380859375,8.899032592773438,8.440765380859375,45-59
72.0,66.55586,66.05502,-5.4441375732421875,-5.944976806640625,5.4441375732421875,5.944976806640625,60-74
30.0,47.255074,47.063538,17.25507354736328,17.06353759765625,17.25507354736328,17.06353759765625,30-44
14.0,24.395401,24.570204,10.395401000976562,10.57020378112793,10.395401000976562,10.57020378112793,0-17
16.0,59.771202,59.379086,43.771202087402344,43.379085540771484,43.771202087402344,43.379085540771484,0-17
15.0,44.169537,44.027447,29.169536590576172,29.027446746826172,29.169536590576172,29.027446746826172,0-17
64.0,69.794014,69.24127,5.794013977050781,5.24127197265625,5.794013977050781,5.24127197265625,60-74
72.0,72.56497,71.967834,0.564971923828125,-0.03216552734375,0.564971923828125,0.03216552734375,60-74
77.0,65.389275,64.90712,-11.610725402832031,-12.092880249023438,11.610725402832031,12.092880249023438,75+
50.0,60.61917,60.213467,10.619171142578125,10.21346664428711,10.619171142578125,10.21346664428711,45-59
82.0,58.494495,58.12284,-23.505504608154297,-23.877159118652344,23.505504608154297,23.877159118652344,75+
36.0,33.467987,33.497395,-2.532012939453125,-2.502605438232422,2.532012939453125,2.502605438232422,30-44
75.0,53.66664,53.372356,-21.333358764648438,-21.627643585205078,21.333358764648438,21.627643585205078,75+
23.0,35.1907,35.1925,12.19070053100586,12.192501068115234,12.19070053100586,12.192501068115234,18-29
53.0,71.09141,70.51788,18.091407775878906,17.51788330078125,18.091407775878906,17.51788330078125,45-59
85.0,42.705017,42.5864,-42.29498291015625,-42.41360092163086,42.29498291015625,42.41360092163086,75+
30.0,24.678402,24.84867,-5.321598052978516,-5.151330947875977,5.321598052978516,5.151330947875977,30-44
29.0,34.505043,34.517834,5.505043029785156,5.517833709716797,5.505043029785156,5.517833709716797,18-29
68.0,73.104744,72.49895,5.104743957519531,4.4989471435546875,5.104743957519531,4.4989471435546875,60-74
73.0,68.28695,67.75836,-4.713050842285156,-5.24163818359375,4.713050842285156,5.24163818359375,60-74
71.0,54.319492,54.014744,-16.68050765991211,-16.98525619506836,16.68050765991211,16.98525619506836,60-74
79.0,48.733845,48.51861,-30.266155242919922,-30.48139190673828,30.266155242919922,30.48139190673828,75+
44.0,45.592968,45.428066,1.5929679870605469,1.4280662536621094,1.5929679870605469,1.4280662536621094,30-44
13.0,13.212616,13.566629,0.212615966796875,0.5666294097900391,0.212615966796875,0.5666294097900391,0-17
63.0,63.403233,62.95291,0.4032325744628906,-0.047088623046875,0.4032325744628906,0.047088623046875,60-74
29.0,31.331047,31.394703,2.3310470581054688,2.394702911376953,2.3310470581054688,2.394702911376953,18-29
30.0,62.30475,61.872032,32.30474853515625,31.872032165527344,32.30474853515625,31.872032165527344,30-44
41.0,46.450523,46.27188,5.450523376464844,5.271881103515625,5.450523376464844,5.271881103515625,30-44
40.0,28.715475,28.821047,-11.284524917602539,-11.178953170776367,11.284524917602539,11.178953170776367,30-44
61.0,39.039246,38.979374,-21.96075439453125,-22.020626068115234,21.96075439453125,22.020626068115234,60-74
60.0,58.21464,57.84747,-1.7853584289550781,-2.1525306701660156,1.7853584289550781,2.1525306701660156,60-74
75.0,55.71922,55.39204,-19.280780792236328,-19.607959747314453,19.280780792236328,19.607959747314453,75+
36.0,19.925861,20.17229,-16.074138641357422,-15.827709197998047,16.074138641357422,15.827709197998047,30-44
34.0,32.751522,32.79241,-1.2484779357910156,-1.2075881958007812,1.2484779357910156,1.2075881958007812,30-44
40.0,38.15719,38.11145,-1.8428115844726562,-1.8885498046875,1.8428115844726562,1.8885498046875,30-44
13.0,13.44359,13.793902,0.4435901641845703,0.7939023971557617,0.4435901641845703,0.7939023971557617,0-17
50.0,46.31803,46.14151,-3.6819686889648438,-3.858489990234375,3.6819686889648438,3.858489990234375,45-59
54.0,54.968803,54.65365,0.9688034057617188,0.6536483764648438,0.9688034057617188,0.6536483764648438,45-59
28.0,28.300816,28.413033,0.3008155822753906,0.41303253173828125,0.3008155822753906,0.41303253173828125,18-29
64.0,62.4274,61.992718,-1.572601318359375,-2.007282257080078,1.572601318359375,2.007282257080078,60-74
64.0,65.873856,65.38394,1.8738555908203125,1.383941650390625,1.8738555908203125,1.383941650390625,60-74
33.0,40.86371,40.774597,7.86370849609375,7.77459716796875,7.86370849609375,7.77459716796875,30-44
36.0,37.002945,36.975704,1.0029449462890625,0.9757041931152344,1.0029449462890625,0.9757041931152344,30-44
28.0,31.45446,31.516138,3.4544601440429688,3.5161380767822266,3.4544601440429688,3.5161380767822266,18-29
32.0,32.97207,33.009426,0.9720687866210938,1.0094261169433594,0.9720687866210938,1.0094261169433594,30-44
46.0,30.793911,30.866175,-15.20608901977539,-15.133825302124023,15.20608901977539,15.133825302124023,45-59
46.0,51.3402,51.083195,5.340198516845703,5.083194732666016,5.340198516845703,5.083194732666016,45-59
59.0,57.837147,57.476025,-1.1628532409667969,-1.5239753723144531,1.1628532409667969,1.5239753723144531,45-59
42.0,44.55607,44.407784,2.5560684204101562,2.4077835083007812,2.5560684204101562,2.4077835083007812,30-44
70.0,50.157715,49.919662,-19.84228515625,-20.080337524414062,19.84228515625,20.080337524414062,60-74
14.0,12.969596,13.327504,-1.0304040908813477,-0.6724958419799805,1.0304040908813477,0.6724958419799805,0-17
38.0,39.17508,39.11303,1.175079345703125,1.1130294799804688,1.175079345703125,1.1130294799804688,30-44
62.0,55.02307,54.707047,-6.9769287109375,-7.2929534912109375,6.9769287109375,7.2929534912109375,60-74
14.0,20.473078,20.71074,6.473077774047852,6.7107391357421875,6.473077774047852,6.7107391357421875,0-17
20.0,26.117935,26.265133,6.1179351806640625,6.265132904052734,6.1179351806640625,6.265132904052734,18-29
35.0,33.48581,33.514935,-1.514190673828125,-1.4850654602050781,1.514190673828125,1.4850654602050781,30-44
46.0,44.266045,44.12241,-1.7339553833007812,-1.8775901794433594,1.7339553833007812,1.8775901794433594,45-59
37.0,41.510376,41.4109,4.5103759765625,4.410900115966797,4.5103759765625,4.410900115966797,30-44
36.0,55.740913,55.413387,19.74091339111328,19.413387298583984,19.74091339111328,19.413387298583984,30-44
46.0,34.511093,34.523785,-11.488906860351562,-11.476215362548828,11.488906860351562,11.476215362548828,45-59
31.0,31.28018,31.34465,0.2801799774169922,0.3446502685546875,0.2801799774169922,0.3446502685546875,30-44
64.0,61.349476,60.932068,-2.650524139404297,-3.06793212890625,2.650524139404297,3.06793212890625,60-74
18.0,17.823547,18.103668,-0.17645263671875,0.103668212890625,0.17645263671875,0.103668212890625,18-29
62.0,61.908546,61.482178,-0.09145355224609375,-0.517822265625,0.09145355224609375,0.517822265625,60-74
25.0,25.611856,25.767164,0.6118564605712891,0.7671642303466797,0.6118564605712891,0.7671642303466797,18-29
25.0,25.463058,25.620752,0.4630584716796875,0.6207523345947266,0.4630584716796875,0.6207523345947266,18-29
60.0,40.16039,40.08255,-19.839611053466797,-19.917449951171875,19.839611053466797,19.917449951171875,60-74
43.0,54.357307,54.051952,11.357307434082031,11.051952362060547,11.357307434082031,11.051952362060547,30-44
35.0,50.395348,50.153484,15.395347595214844,15.153484344482422,15.395347595214844,15.153484344482422,30-44
56.0,58.60544,58.232006,2.605438232421875,2.232006072998047,2.605438232421875,2.232006072998047,45-59
58.0,54.82833,54.515427,-3.1716690063476562,-3.4845733642578125,3.1716690063476562,3.4845733642578125,45-59
38.0,43.05161,42.927437,5.051609039306641,4.927436828613281,5.051609039306641,4.927436828613281,30-44
41.0,37.556194,37.52009,-3.443805694580078,-3.4799118041992188,3.443805694580078,3.4799118041992188,30-44
67.0,59.65233,59.26212,-7.3476715087890625,-7.737880706787109,7.3476715087890625,7.737880706787109,60-74
39.0,38.23757,38.190544,-0.7624282836914062,-0.8094558715820312,0.7624282836914062,0.8094558715820312,30-44
30.0,41.64615,41.5445,11.646148681640625,11.544498443603516,11.646148681640625,11.544498443603516,30-44
46.0,44.318947,44.17446,-1.6810531616210938,-1.8255386352539062,1.6810531616210938,1.8255386352539062,45-59
39.0,21.066013,21.294172,-17.93398666381836,-17.705827713012695,17.93398666381836,17.705827713012695,30-44
26.0,29.862062,29.949259,3.862062454223633,3.949258804321289,3.862062454223633,3.949258804321289,18-29
47.0,47.78336,47.583355,0.7833595275878906,0.5833549499511719,0.7833595275878906,0.5833549499511719,45-59
15.0,13.05911,13.415584,-1.9408903121948242,-1.584416389465332,1.9408903121948242,1.584416389465332,0-17
54.0,55.013428,54.69756,1.013427734375,0.6975593566894531,1.013427734375,0.6975593566894531,45-59
45.0,39.268425,39.20488,-5.731575012207031,-5.7951202392578125,5.731575012207031,5.7951202392578125,45-59
37.0,36.69847,36.67611,-0.3015289306640625,-0.32389068603515625,0.3015289306640625,0.32389068603515625,30-44
31.0,28.136505,28.251354,-2.863494873046875,-2.748645782470703,2.863494873046875,2.748645782470703,30-44
76.0,57.36371,57.010174,-18.63629150390625,-18.989826202392578,18.63629150390625,18.989826202392578,75+
45.0,54.814938,54.50225,9.814937591552734,9.502250671386719,9.814937591552734,9.502250671386719,45-59
16.0,26.090528,26.238167,10.09052848815918,10.238166809082031,10.09052848815918,10.238166809082031,0-17
32.0,35.576363,35.571983,3.5763626098632812,3.5719833374023438,3.5763626098632812,3.5719833374023438,30-44
27.0,23.08327,23.2791,-3.9167308807373047,-3.7208995819091797,3.9167308807373047,3.7208995819091797,18-29
13.0,9.946908,10.353257,-3.0530920028686523,-2.646742820739746,3.0530920028686523,2.646742820739746,0-17
16.0,39.266357,39.202843,23.266357421875,23.202842712402344,23.266357421875,23.202842712402344,0-17
40.0,39.048462,38.98844,-0.9515380859375,-1.0115585327148438,0.9515380859375,1.0115585327148438,30-44
65.0,64.49992,64.03203,-0.5000762939453125,-0.9679718017578125,0.5000762939453125,0.9679718017578125,60-74
13.0,15.684357,15.998759,2.684356689453125,2.9987592697143555,2.684356689453125,2.9987592697143555,0-17
64.0,52.362953,52.089558,-11.637046813964844,-11.910442352294922,11.637046813964844,11.910442352294922,60-74
22.0,28.923662,29.025896,6.923662185668945,7.025896072387695,6.923662185668945,7.025896072387695,18-29
63.0,58.479225,58.107815,-4.520774841308594,-4.892185211181641,4.520774841308594,4.892185211181641,60-74
44.0,42.840546,42.719753,-1.159454345703125,-1.2802467346191406,1.159454345703125,1.2802467346191406,30-44
17.0,21.293276,21.517792,4.293275833129883,4.517791748046875,4.293275833129883,4.517791748046875,0-17
17.0,26.55734,26.697496,9.557340621948242,9.69749641418457,9.557340621948242,9.69749641418457,0-17
50.0,56.67883,56.33627,6.678829193115234,6.336269378662109,6.678829193115234,6.336269378662109,45-59
37.0,33.892822,33.915424,-3.107177734375,-3.084575653076172,3.107177734375,3.084575653076172,30-44
64.0,38.021713,37.978146,-25.978286743164062,-26.021854400634766,25.978286743164062,26.021854400634766,60-74
16.0,28.563482,28.67149,12.563482284545898,12.671489715576172,12.563482284545898,12.671489715576172,0-17
34.0,35.334286,35.333786,1.3342857360839844,1.3337860107421875,1.3342857360839844,1.3337860107421875,30-44
20.0,10.625908,11.021376,-9.374092102050781,-8.97862434387207,9.374092102050781,8.97862434387207,18-29
69.0,65.62587,65.13992,-3.3741302490234375,-3.860076904296875,3.3741302490234375,3.860076904296875,60-74
39.0,31.124443,31.191408,-7.875556945800781,-7.808591842651367,7.875556945800781,7.808591842651367,30-44
24.0,22.994837,23.192085,-1.0051631927490234,-0.8079147338867188,1.0051631927490234,0.8079147338867188,18-29
68.0,56.90979,56.56353,-11.0902099609375,-11.436470031738281,11.0902099609375,11.436470031738281,60-74
29.0,30.345049,30.424505,1.3450489044189453,1.4245052337646484,1.3450489044189453,1.4245052337646484,18-29
36.0,34.109245,34.12838,-1.8907546997070312,-1.8716201782226562,1.8907546997070312,1.8716201782226562,30-44
37.0,58.900864,58.522697,21.900863647460938,21.52269744873047,21.900863647460938,21.52269744873047,30-44
71.0,66.80991,66.30499,-4.190086364746094,-4.69500732421875,4.190086364746094,4.69500732421875,60-74
19.0,34.335865,34.351364,15.335865020751953,15.351364135742188,15.335865020751953,15.351364135742188,18-29
78.0,76.31123,75.65405,-1.6887664794921875,-2.345947265625,1.6887664794921875,2.345947265625,75+
21.0,32.447617,32.493378,11.447616577148438,11.493377685546875,11.447616577148438,11.493377685546875,18-29
12.0,12.231789,12.601521,0.23178863525390625,0.6015205383300781,0.23178863525390625,0.6015205383300781,0-17
12.0,10.352356,10.752207,-1.64764404296875,-1.247793197631836,1.64764404296875,1.247793197631836,0-17
51.0,41.06739,40.975014,-9.932609558105469,-10.024986267089844,9.932609558105469,10.024986267089844,45-59
62.0,62.949333,62.506287,0.9493331909179688,0.50628662109375,0.9493331909179688,0.50628662109375,60-74
50.0,51.89889,51.632935,1.8988914489746094,1.6329345703125,1.8988914489746094,1.6329345703125,45-59
37.0,50.345005,50.10395,13.34500503540039,13.103950500488281,13.34500503540039,13.103950500488281,30-44
12.0,12.316914,12.685282,0.3169136047363281,0.6852817535400391,0.3169136047363281,0.6852817535400391,0-17
34.0,39.333996,39.269398,5.333995819091797,5.269397735595703,5.333995819091797,5.269397735595703,30-44
44.0,51.056183,50.80373,7.056182861328125,6.803730010986328,7.056182861328125,6.803730010986328,30-44
58.0,59.137917,58.75595,1.1379165649414062,0.755950927734375,1.1379165649414062,0.755950927734375,45-59
38.0,48.323627,48.114967,10.323627471923828,10.114967346191406,10.323627471923828,10.114967346191406,30-44
35.0,40.07773,40.001213,5.077728271484375,5.001213073730469,5.077728271484375,5.001213073730469,30-44
39.0,67.12667,66.616684,28.126670837402344,27.616683959960938,28.126670837402344,27.616683959960938,30-44
35.0,45.312737,45.152325,10.312736511230469,10.152324676513672,10.312736511230469,10.152324676513672,30-44
45.0,41.527863,41.42811,-3.472137451171875,-3.5718917846679688,3.472137451171875,3.5718917846679688,45-59
12.0,8.596184,9.0241785,-3.4038162231445312,-2.9758214950561523,3.4038162231445312,2.9758214950561523,0-17
73.0,68.36741,67.83754,-4.632591247558594,-5.1624603271484375,4.632591247558594,5.1624603271484375,60-74
34.0,40.800014,40.711926,6.800014495849609,6.711925506591797,6.800014495849609,6.711925506591797,30-44
15.0,20.463352,20.701168,5.463352203369141,5.701168060302734,5.463352203369141,5.701168060302734,0-17
69.0,56.761257,56.417377,-12.23874282836914,-12.582622528076172,12.23874282836914,12.582622528076172,60-74
70.0,52.22883,51.957584,-17.77117156982422,-18.042415618896484,17.77117156982422,18.042415618896484,60-74
12.0,25.18123,25.343441,13.181230545043945,13.343441009521484,13.181230545043945,13.343441009521484,0-17
50.0,48.85636,48.639164,-1.1436386108398438,-1.3608360290527344,1.1436386108398438,1.3608360290527344,45-59
28.0,51.479267,51.220036,23.479267120361328,23.220035552978516,23.479267120361328,23.220035552978516,18-29
14.0,30.057226,30.141294,16.057226181030273,16.141294479370117,16.057226181030273,16.141294479370117,0-17
33.0,25.325903,25.485794,-7.674097061157227,-7.5142059326171875,7.674097061157227,7.5142059326171875,30-44
26.0,32.687477,32.729393,6.687477111816406,6.729393005371094,6.687477111816406,6.729393005371094,18-29
85.0,59.42095,59.03445,-25.57904815673828,-25.96554946899414,25.57904815673828,25.96554946899414,75+
29.0,28.726906,28.832294,-0.27309417724609375,-0.16770553588867188,0.27309417724609375,0.16770553588867188,18-29
12.0,11.656032,12.03499,-0.34396839141845703,0.03499031066894531,0.34396839141845703,0.03499031066894531,0-17
65.0,60.645924,60.23979,-4.354076385498047,-4.7602081298828125,4.354076385498047,4.7602081298828125,60-74
65.0,49.21216,48.989258,-15.787841796875,-16.0107421875,15.787841796875,16.0107421875,60-74
42.0,42.909996,42.78809,0.9099960327148438,0.7880897521972656,0.9099960327148438,0.7880897521972656,30-44
25.0,50.574623,50.329887,25.574623107910156,25.32988739013672,25.574623107910156,25.32988739013672,18-29
70.0,43.232445,43.105373,-26.767555236816406,-26.89462661743164,26.767555236816406,26.89462661743164,60-74
58.0,47.361988,47.16874,-10.638011932373047,-10.831260681152344,10.638011932373047,10.831260681152344,45-59
57.0,47.985153,47.781918,-9.014846801757812,-9.218082427978516,9.014846801757812,9.218082427978516,45-59
49.0,54.42102,54.114643,5.4210205078125,5.114643096923828,5.4210205078125,5.114643096923828,45-59
48.0,44.96033,44.80557,-3.0396690368652344,-3.1944313049316406,3.0396690368652344,3.1944313049316406,45-59
62.0,46.265057,46.089386,-15.734943389892578,-15.910614013671875,15.734943389892578,15.910614013671875,60-74
31.0,36.24145,36.226414,5.241451263427734,5.226413726806641,5.241451263427734,5.226413726806641,30-44
64.0,50.388718,50.14696,-13.611282348632812,-13.853038787841797,13.611282348632812,13.853038787841797,60-74
75.0,68.89686,68.358505,-6.103141784667969,-6.6414947509765625,6.103141784667969,6.6414947509765625,75+
72.0,65.216896,64.7375,-6.783103942871094,-7.2624969482421875,6.783103942871094,7.2624969482421875,60-74
63.0,69.64323,69.09291,6.643226623535156,6.0929107666015625,6.643226623535156,6.0929107666015625,60-74
56.0,58.868027,58.490383,2.8680267333984375,2.4903831481933594,2.8680267333984375,2.4903831481933594,45-59
12.0,20.10199,20.345596,8.10198974609375,8.345596313476562,8.10198974609375,8.345596313476562,0-17
18.0,14.816137,15.144454,-3.1838626861572266,-2.855545997619629,3.1838626861572266,2.855545997619629,18-29
51.0,47.27771,47.08581,-3.7222900390625,-3.9141883850097656,3.7222900390625,3.9141883850097656,45-59
61.0,43.011314,42.887787,-17.988685607910156,-18.112213134765625,17.988685607910156,18.112213134765625,60-74
67.0,54.68834,54.377678,-12.311660766601562,-12.622322082519531,12.311660766601562,12.622322082519531,60-74
74.0,59.68322,59.292515,-14.316780090332031,-14.70748519897461,14.316780090332031,14.70748519897461,60-74
34.0,55.55504,55.230488,21.555038452148438,21.230487823486328,21.555038452148438,21.230487823486328,30-44
54.0,35.262833,35.263477,-18.737167358398438,-18.736522674560547,18.737167358398438,18.736522674560547,45-59
79.0,54.215412,53.91233,-24.784587860107422,-25.087669372558594,24.784587860107422,25.087669372558594,75+
63.0,37.422104,37.388145,-25.577896118164062,-25.611854553222656,25.577896118164062,25.611854553222656,60-74
15.0,44.298214,44.154064,29.298213958740234,29.154064178466797,29.298213958740234,29.154064178466797,0-17
48.0,44.581516,44.432823,-3.4184837341308594,-3.5671768188476562,3.4184837341308594,3.5671768188476562,45-59
70.0,58.857964,58.480484,-11.142036437988281,-11.519515991210938,11.142036437988281,11.519515991210938,60-74
13.0,9.542891,9.955714,-3.4571094512939453,-3.044285774230957,3.4571094512939453,3.044285774230957,0-17
35.0,27.49159,27.616776,-7.50840950012207,-7.3832244873046875,7.50840950012207,7.3832244873046875,30-44
16.0,16.627396,16.926685,0.6273956298828125,0.9266853332519531,0.6273956298828125,0.9266853332519531,0-17
34.0,34.73799,34.747047,0.7379913330078125,0.7470474243164062,0.7379913330078125,0.7470474243164062,30-44
53.0,48.46703,48.25607,-4.532970428466797,-4.743930816650391,4.532970428466797,4.743930816650391,45-59
70.0,36.73282,36.709908,-33.267181396484375,-33.29009246826172,33.267181396484375,33.29009246826172,60-74
71.0,70.595,70.029434,-0.404998779296875,-0.9705657958984375,0.404998779296875,0.9705657958984375,60-74
52.0,46.37335,46.195942,-5.626651763916016,-5.804058074951172,5.626651763916016,5.804058074951172,45-59
67.0,63.77896,63.32262,-3.221038818359375,-3.677379608154297,3.221038818359375,3.677379608154297,60-74
48.0,52.80754,52.527023,4.8075408935546875,4.5270233154296875,4.8075408935546875,4.5270233154296875,45-59
46.0,37.98636,37.94336,-8.013641357421875,-8.056640625,8.013641357421875,8.056640625,45-59
41.0,33.795494,33.819656,-7.204505920410156,-7.1803436279296875,7.204505920410156,7.1803436279296875,30-44
24.0,25.636936,25.791843,1.6369361877441406,1.7918434143066406,1.6369361877441406,1.7918434143066406,18-29
43.0,41.55611,41.455902,-1.4438896179199219,-1.544097900390625,1.4438896179199219,1.544097900390625,30-44
44.0,48.76417,48.54845,4.764171600341797,4.548450469970703,4.764171600341797,4.548450469970703,30-44
45.0,44.66271,44.512714,-0.3372917175292969,-0.4872856140136719,0.3372917175292969,0.4872856140136719,45-59
67.0,54.710705,54.399685,-12.289295196533203,-12.60031509399414,12.289295196533203,12.60031509399414,60-74
16.0,22.58565,22.789455,6.585649490356445,6.789455413818359,6.585649490356445,6.789455413818359,0-17
32.0,35.006485,35.01124,3.0064849853515625,3.0112380981445312,3.0064849853515625,3.0112380981445312,30-44
30.0,25.31522,25.475283,-4.684780120849609,-4.524717330932617,4.684780120849609,4.524717330932617,30-44
29.0,33.00953,33.046284,4.009529113769531,4.046283721923828,4.009529113769531,4.046283721923828,18-29
64.0,63.25053,62.802658,-0.7494697570800781,-1.1973419189453125,0.7494697570800781,1.1973419189453125,60-74
44.0,43.343914,43.215057,-0.6560859680175781,-0.784942626953125,0.6560859680175781,0.784942626953125,30-44
74.0,72.54707,71.95021,-1.4529266357421875,-2.0497894287109375,1.4529266357421875,2.0497894287109375,60-74
63.0,44.46387,44.317066,-18.536128997802734,-18.682933807373047,18.536128997802734,18.682933807373047,60-74
28.0,24.787142,24.955667,-3.212858200073242,-3.044332504272461,3.212858200073242,3.044332504272461,18-29
19.0,19.212038,19.469908,0.2120380401611328,0.4699077606201172,0.2120380401611328,0.4699077606201172,18-29
22.0,16.507149,16.808365,-5.492851257324219,-5.1916351318359375,5.492851257324219,5.1916351318359375,18-29
69.0,65.67215,65.18547,-3.327850341796875,-3.8145294189453125,3.327850341796875,3.8145294189453125,60-74
16.0,34.3941,34.40867,18.394100189208984,18.408668518066406,18.394100189208984,18.408668518066406,0-17
13.0,12.886682,13.245918,-0.11331844329833984,0.24591827392578125,0.11331844329833984,0.24591827392578125,0-17
71.0,67.20589,66.694626,-3.7941131591796875,-4.3053741455078125,3.7941131591796875,4.3053741455078125,60-74
46.0,60.271435,59.871304,14.271434783935547,13.87130355834961,14.271434783935547,13.87130355834961,45-59
63.0,50.696056,50.449375,-12.303943634033203,-12.55062484741211,12.303943634033203,12.55062484741211,60-74
61.0,60.706703,60.299595,-0.29329681396484375,-0.7004051208496094,0.29329681396484375,0.7004051208496094,60-74
65.0,51.705162,51.44231,-13.294837951660156,-13.557689666748047,13.294837951660156,13.557689666748047,60-74
71.0,66.740005,66.236206,-4.2599945068359375,-4.7637939453125,4.2599945068359375,4.7637939453125,60-74
30.0,30.562365,30.638338,0.5623645782470703,0.6383380889892578,0.5623645782470703,0.6383380889892578,30-44
66.0,51.99086,51.72343,-14.009140014648438,-14.276569366455078,14.009140014648438,14.276569366455078,60-74
15.0,25.155338,25.317963,10.155338287353516,10.317962646484375,10.155338287353516,10.317962646484375,0-17
24.0,33.882072,33.904846,9.882072448730469,9.90484619140625,9.882072448730469,9.90484619140625,18-29
30.0,38.303455,38.255375,8.303455352783203,8.255374908447266,8.303455352783203,8.255374908447266,30-44
47.0,25.394388,25.553183,-21.60561180114746,-21.44681739807129,21.60561180114746,21.44681739807129,45-59
33.0,30.752169,30.8251,-2.247831344604492,-2.1749000549316406,2.247831344604492,2.1749000549316406,30-44
60.0,16.908895,17.203674,-43.09110450744629,-42.79632568359375,43.09110450744629,42.79632568359375,60-74
19.0,34.278275,34.294697,15.278274536132812,15.294696807861328,15.278274536132812,15.294696807861328,18-29
47.0,49.00696,48.78735,2.0069618225097656,1.7873497009277344,2.0069618225097656,1.7873497009277344,45-59
59.0,50.770744,50.522865,-8.229255676269531,-8.477134704589844,8.229255676269531,8.477134704589844,45-59
18.0,18.649334,18.916222,0.6493339538574219,0.9162216186523438,0.6493339538574219,0.9162216186523438,18-29
46.0,57.974953,57.61162,11.974952697753906,11.611621856689453,11.974952697753906,11.611621856689453,45-59
41.0,35.818512,35.810253,-5.181488037109375,-5.189746856689453,5.181488037109375,5.189746856689453,30-44
12.0,41.089638,40.996906,29.089637756347656,28.996906280517578,29.089637756347656,28.996906280517578,0-17
19.0,21.878416,22.093555,2.878416061401367,3.093555450439453,2.878416061401367,3.093555450439453,18-29
27.0,31.440306,31.50221,4.440305709838867,4.50221061706543,4.440305709838867,4.50221061706543,18-29
65.0,63.482628,63.031033,-1.5173721313476562,-1.9689674377441406,1.5173721313476562,1.9689674377441406,60-74
14.0,13.229819,13.583557,-0.7701807022094727,-0.41644287109375,0.7701807022094727,0.41644287109375,0-17
24.0,33.513115,33.5418,9.513114929199219,9.541801452636719,9.513114929199219,9.541801452636719,18-29
36.0,37.924416,37.88241,1.9244155883789062,1.8824081420898438,1.9244155883789062,1.8824081420898438,30-44
36.0,50.452118,50.209347,14.452117919921875,14.209346771240234,14.452117919921875,14.209346771240234,30-44
16.0,48.018887,47.81511,32.01888656616211,31.815109252929688,32.01888656616211,31.815109252929688,0-17
30.0,34.74931,34.758186,4.749309539794922,4.758186340332031,4.749309539794922,4.758186340332031,30-44
70.0,69.31567,68.7706,-0.6843338012695312,-1.229400634765625,0.6843338012695312,1.229400634765625,60-74
54.0,29.731857,29.82114,-24.268142700195312,-24.17885971069336,24.268142700195312,24.17885971069336,45-59
28.0,33.48778,33.516872,5.487781524658203,5.516872406005859,5.487781524658203,5.516872406005859,18-29
64.0,46.023296,45.851498,-17.976703643798828,-18.148502349853516,17.976703643798828,18.148502349853516,60-74
23.0,33.17707,33.211143,10.177070617675781,10.211143493652344,10.177070617675781,10.211143493652344,18-29
47.0,43.59512,43.462234,-3.4048805236816406,-3.5377655029296875,3.4048805236816406,3.5377655029296875,45-59
74.0,48.625942,48.412437,-25.37405776977539,-25.587562561035156,25.37405776977539,25.587562561035156,60-74
63.0,34.500706,34.513565,-28.49929428100586,-28.486434936523438,28.49929428100586,28.486434936523438,60-74
62.0,67.09167,66.58223,5.091667175292969,4.5822296142578125,5.091667175292969,4.5822296142578125,60-74
26.0,28.353699,28.465067,2.35369873046875,2.465066909790039,2.35369873046875,2.465066909790039,18-29
38.0,23.74496,23.930187,-14.25503921508789,-14.069812774658203,14.25503921508789,14.069812774658203,30-44
54.0,31.206665,31.272314,-22.7933349609375,-22.727685928344727,22.7933349609375,22.727685928344727,45-59
48.0,65.58519,65.0999,17.585189819335938,17.099899291992188,17.585189819335938,17.099899291992188,45-59
68.0,51.707592,51.444702,-16.292407989501953,-16.5552978515625,16.292407989501953,16.5552978515625,60-74
30.0,26.76453,26.901367,-3.2354698181152344,-3.0986328125,3.2354698181152344,3.0986328125,30-44
40.0,39.266823,39.2033,-0.7331771850585938,-0.7966995239257812,0.7331771850585938,0.7966995239257812,30-44
67.0,62.090565,61.66128,-4.909435272216797,-5.338718414306641,4.909435272216797,5.338718414306641,60-74
54.0,53.925686,53.627247,-0.07431411743164062,-0.3727531433105469,0.07431411743164062,0.3727531433105469,45-59
61.0,43.994648,43.855362,-17.005352020263672,-17.144638061523438,17.005352020263672,17.144638061523438,60-74
43.0,43.09603,42.971146,0.09603118896484375,-0.0288543701171875,0.09603118896484375,0.0288543701171875,30-44
75.0,55.81179,55.483128,-19.188209533691406,-19.51687240600586,19.188209533691406,19.51687240600586,75+
32.0,35.323105,35.322784,3.3231048583984375,3.322784423828125,3.3231048583984375,3.322784423828125,30-44
25.0,28.438112,28.548128,3.438112258911133,3.548128128051758,3.438112258911133,3.548128128051758,18-29
26.0,44.72657,44.575554,18.72657012939453,18.57555389404297,18.72657012939453,18.57555389404297,18-29
23.0,35.944324,35.934048,12.944324493408203,12.93404769897461,12.944324493408203,12.93404769897461,18-29
55.0,54.62285,54.31324,-0.3771514892578125,-0.6867599487304688,0.3771514892578125,0.6867599487304688,45-59
67.0,68.26569,67.73744,1.2656936645507812,0.7374420166015625,1.2656936645507812,0.7374420166015625,60-74
62.0,57.671104,57.312645,-4.328895568847656,-4.687355041503906,4.328895568847656,4.687355041503906,60-74
29.0,35.063953,35.067787,6.063953399658203,6.067787170410156,6.063953399658203,6.067787170410156,18-29
22.0,29.795456,29.88372,7.7954559326171875,7.883720397949219,7.7954559326171875,7.883720397949219,18-29
15.0,17.913225,18.19191,2.9132251739501953,3.1919097900390625,2.9132251739501953,3.1919097900390625,0-17
63.0,55.05904,54.74244,-7.940959930419922,-8.257560729980469,7.940959930419922,8.257560729980469,60-74
62.0,57.28538,56.9331,-4.714618682861328,-5.066898345947266,4.714618682861328,5.066898345947266,60-74
67.0,56.34747,56.01022,-10.652530670166016,-10.98978042602539,10.652530670166016,10.98978042602539,60-74
58.0,49.245327,49.021896,-8.75467300415039,-8.978103637695312,8.75467300415039,8.978103637695312,45-59
43.0,42.048244,41.94015,-0.9517555236816406,-1.0598487854003906,0.9517555236816406,1.0598487854003906,30-44
25.0,31.597866,31.657246,6.597866058349609,6.657245635986328,6.597866058349609,6.657245635986328,18-29
29.0,34.575016,34.586685,5.575016021728516,5.5866851806640625,5.575016021728516,5.5866851806640625,18-29
20.0,20.629635,20.864786,0.6296348571777344,0.8647861480712891,0.6296348571777344,0.8647861480712891,18-29
55.0,55.657887,55.331688,0.6578865051269531,0.33168792724609375,0.6578865051269531,0.33168792724609375,45-59
15.0,20.938595,21.168795,5.938594818115234,6.168794631958008,5.938594818115234,6.168794631958008,0-17
27.0,52.08884,51.81984,25.08884048461914,24.819839477539062,25.08884048461914,24.819839477539062,18-29
13.0,12.03437,12.407267,-0.9656295776367188,-0.5927333831787109,0.9656295776367188,0.5927333831787109,0-17
50.0,26.800879,26.937132,-23.199121475219727,-23.062868118286133,23.199121475219727,23.062868118286133,45-59
70.0,66.4818,65.98213,-3.5182037353515625,-4.0178680419921875,3.5182037353515625,4.0178680419921875,60-74
37.0,37.47436,37.439568,0.4743614196777344,0.43956756591796875,0.4743614196777344,0.43956756591796875,30-44
51.0,54.881622,54.567863,3.881622314453125,3.5678634643554688,3.881622314453125,3.5678634643554688,45-59
18.0,23.894016,24.076855,5.894016265869141,6.076854705810547,5.894016265869141,6.076854705810547,18-29
27.0,37.72943,37.690548,10.72943115234375,10.690547943115234,10.72943115234375,10.690547943115234,18-29
35.0,38.50327,38.451984,3.5032691955566406,3.451984405517578,3.5032691955566406,3.451984405517578,30-44
26.0,42.057785,41.94954,16.057785034179688,15.949539184570312,16.057785034179688,15.949539184570312,18-29
15.0,19.520205,19.773136,4.520204544067383,4.773136138916016,4.520204544067383,4.773136138916016,0-17
50.0,46.52195,46.342163,-3.4780502319335938,-3.6578369140625,3.4780502319335938,3.6578369140625,45-59
17.0,28.28959,28.401987,11.289590835571289,11.401987075805664,11.289590835571289,11.401987075805664,0-17
13.0,9.357604,9.7733965,-3.6423959732055664,-3.2266035079956055,3.6423959732055664,3.2266035079956055,0-17
63.0,59.071228,58.69033,-3.92877197265625,-4.309669494628906,3.92877197265625,4.309669494628906,60-74
29.0,24.143955,24.322788,-4.856044769287109,-4.677211761474609,4.856044769287109,4.677211761474609,18-29
65.0,62.194942,61.763985,-2.8050575256347656,-3.2360153198242188,2.8050575256347656,3.2360153198242188,60-74
49.0,29.077587,29.177355,-19.922412872314453,-19.82264518737793,19.922412872314453,19.82264518737793,45-59
65.0,66.421844,65.92314,1.421844482421875,0.9231414794921875,1.421844482421875,0.9231414794921875,60-74
37.0,33.85279,33.876034,-3.1472091674804688,-3.1239662170410156,3.1472091674804688,3.1239662170410156,30-44
28.0,23.296873,23.48928,-4.703126907348633,-4.510719299316406,4.703126907348633,4.510719299316406,18-29
63.0,60.34149,59.940235,-2.65850830078125,-3.059764862060547,2.65850830078125,3.059764862060547,60-74
18.0,26.062037,26.21013,8.062036514282227,8.21013069152832,8.062036514282227,8.21013069152832,18-29
13.0,17.534792,17.81954,4.534791946411133,4.819540023803711,4.534791946411133,4.819540023803711,0-17
22.0,27.86185,27.981102,5.861850738525391,5.981101989746094,5.861850738525391,5.981101989746094,18-29
57.0,60.297077,59.896534,3.297077178955078,2.896533966064453,3.297077178955078,2.896533966064453,45-59
51.0,51.70342,51.440594,0.7034187316894531,0.4405937194824219,0.7034187316894531,0.4405937194824219,45-59
19.0,21.302822,21.527185,2.3028221130371094,2.5271854400634766,2.3028221130371094,2.5271854400634766,18-29
64.0,60.240166,59.840534,-3.7598342895507812,-4.159465789794922,3.7598342895507812,4.159465789794922,60-74
23.0,34.657536,34.66788,11.657535552978516,11.66788101196289,11.657535552978516,11.66788101196289,18-29
31.0,51.689064,51.426468,20.689064025878906,20.426467895507812,20.689064025878906,20.426467895507812,30-44
15.0,17.12743,17.418707,2.127429962158203,2.4187068939208984,2.127429962158203,2.4187068939208984,0-17
37.0,56.181713,55.847122,19.181713104248047,18.847122192382812,19.181713104248047,18.847122192382812,30-44
32.0,38.355145,38.306232,6.355144500732422,6.306232452392578,6.355144500732422,6.306232452392578,30-44
55.0,43.002678,42.879288,-11.997322082519531,-12.120712280273438,11.997322082519531,12.120712280273438,45-59
53.0,45.25172,45.09229,-7.748279571533203,-7.907711029052734,7.748279571533203,7.907711029052734,45-59
56.0,47.626717,47.429222,-8.373283386230469,-8.570777893066406,8.373283386230469,8.570777893066406,45-59
52.0,31.855997,31.91124,-20.14400291442871,-20.088760375976562,20.14400291442871,20.088760375976562,45-59
50.0,40.404152,40.322407,-9.595848083496094,-9.677593231201172,9.595848083496094,9.677593231201172,45-59
52.0,53.406586,53.116467,1.406585693359375,1.1164665222167969,1.406585693359375,1.1164665222167969,45-59
37.0,30.253284,30.334211,-6.746715545654297,-6.665788650512695,6.746715545654297,6.665788650512695,30-44
55.0,53.913746,53.6155,-1.0862541198730469,-1.3844985961914062,1.0862541198730469,1.3844985961914062,45-59
58.0,57.26702,56.915035,-0.7329788208007812,-1.0849647521972656,0.7329788208007812,1.0849647521972656,45-59
56.0,55.7397,55.412193,-0.2602996826171875,-0.5878067016601562,0.2602996826171875,0.5878067016601562,45-59
74.0,62.394516,61.96036,-11.605484008789062,-12.03963851928711,11.605484008789062,12.03963851928711,60-74
12.0,12.210895,12.580961,0.21089458465576172,0.5809612274169922,0.21089458465576172,0.5809612274169922,0-17
12.0,11.692029,12.070411,-0.3079710006713867,0.07041072845458984,0.3079710006713867,0.07041072845458984,0-17
60.0,58.67625,58.30168,-1.3237495422363281,-1.6983184814453125,1.3237495422363281,1.6983184814453125,60-74
54.0,52.423344,52.148983,-1.5766563415527344,-1.8510169982910156,1.5766563415527344,1.8510169982910156,45-59
29.0,56.850548,56.505238,27.850547790527344,27.505237579345703,27.850547790527344,27.505237579345703,18-29
32.0,23.776354,23.961077,-8.22364616394043,-8.038923263549805,8.22364616394043,8.038923263549805,30-44
61.0,59.527805,59.13959,-1.4721946716308594,-1.8604087829589844,1.4721946716308594,1.8604087829589844,60-74
48.0,52.935234,52.652668,4.935234069824219,4.652667999267578,4.935234069824219,4.652667999267578,45-59
13.0,21.24205,21.467388,8.242050170898438,8.467388153076172,8.242050170898438,8.467388153076172,0-17
76.0,70.45331,69.89,-5.54669189453125,-6.1100006103515625,5.54669189453125,6.1100006103515625,75+
25.0,28.73369,28.83897,3.7336902618408203,3.838970184326172,3.7336902618408203,3.838970184326172,18-29
18.0,19.351997,19.607624,1.3519973754882812,1.6076240539550781,1.3519973754882812,1.6076240539550781,18-29
59.0,38.80469,38.748577,-20.195308685302734,-20.251422882080078,20.195308685302734,20.251422882080078,45-59
22.0,28.407715,28.518217,6.40771484375,6.518217086791992,6.40771484375,6.518217086791992,18-29
22.0,35.214764,35.21618,13.214763641357422,13.216178894042969,13.214763641357422,13.216178894042969,18-29
55.0,59.457848,59.070755,4.457847595214844,4.0707550048828125,4.457847595214844,4.0707550048828125,45-59
18.0,32.00177,32.054676,14.00177001953125,14.054676055908203,14.00177001953125,14.054676055908203,18-29
47.0,47.53816,47.342083,0.5381584167480469,0.3420829772949219,0.5381584167480469,0.3420829772949219,45-59
67.0,45.120483,44.963154,-21.8795166015625,-22.036846160888672,21.8795166015625,22.036846160888672,60-74
73.0,53.76602,53.470142,-19.233978271484375,-19.529857635498047,19.233978271484375,19.529857635498047,60-74
61.0,23.051662,23.248,-37.94833755493164,-37.75200080871582,37.94833755493164,37.75200080871582,60-74
61.0,57.4307,57.07609,-3.5693016052246094,-3.923908233642578,3.5693016052246094,3.923908233642578,60-74
58.0,51.662495,51.400326,-6.337505340576172,-6.599674224853516,6.337505340576172,6.599674224853516,45-59
13.0,15.016727,15.341829,2.0167274475097656,2.341829299926758,2.0167274475097656,2.341829299926758,0-17
69.0,50.4003,50.15836,-18.599700927734375,-18.84164047241211,18.599700927734375,18.84164047241211,60-74
53.0,53.426258,53.135822,0.4262580871582031,0.13582229614257812,0.4262580871582031,0.13582229614257812,45-59
64.0,58.857746,58.48027,-5.142253875732422,-5.5197296142578125,5.142253875732422,5.5197296142578125,60-74
31.0,20.886429,21.117466,-10.113571166992188,-9.88253402709961,10.113571166992188,9.88253402709961,30-44
65.0,60.61579,60.21014,-4.384208679199219,-4.789859771728516,4.384208679199219,4.789859771728516,60-74
43.0,43.76462,43.62902,0.7646217346191406,0.6290206909179688,0.7646217346191406,0.6290206909179688,30-44
18.0,36.33409,36.31757,18.334091186523438,18.317569732666016,18.334091186523438,18.317569732666016,18-29
57.0,52.19453,51.923836,-4.805469512939453,-5.076164245605469,4.805469512939453,5.076164245605469,45-59
38.0,57.08797,56.738857,19.087970733642578,18.73885726928711,19.087970733642578,18.73885726928711,30-44
34.0,30.654547,30.729044,-3.3454532623291016,-3.270956039428711,3.3454532623291016,3.270956039428711,30-44
40.0,26.890581,27.025396,-13.109418869018555,-12.974603652954102,13.109418869018555,12.974603652954102,30-44
39.0,44.953423,44.79877,5.953422546386719,5.798770904541016,5.953422546386719,5.798770904541016,30-44
47.0,55.154263,54.836136,8.15426254272461,7.8361358642578125,8.15426254272461,7.8361358642578125,45-59
21.0,24.306751,24.482975,3.306751251220703,3.4829750061035156,3.306751251220703,3.4829750061035156,18-29
52.0,45.53906,45.375023,-6.460941314697266,-6.624977111816406,6.460941314697266,6.624977111816406,45-59
50.0,44.583923,44.435192,-5.41607666015625,-5.564807891845703,5.41607666015625,5.564807891845703,45-59
14.0,19.650223,19.90107,5.6502227783203125,5.901069641113281,5.6502227783203125,5.901069641113281,0-17
61.0,56.276592,55.94048,-4.723407745361328,-5.059520721435547,4.723407745361328,5.059520721435547,60-74
60.0,58.719326,58.344067,-1.2806739807128906,-1.6559333801269531,1.2806739807128906,1.6559333801269531,60-74
18.0,29.961445,30.047049,11.961444854736328,12.047048568725586,11.961444854736328,12.047048568725586,18-29
17.0,19.133501,19.39263,2.1335010528564453,2.392629623413086,2.1335010528564453,2.392629623413086,0-17
64.0,46.768963,46.585217,-17.231037139892578,-17.414783477783203,17.231037139892578,17.414783477783203,60-74
43.0,47.827805,47.62709,4.8278045654296875,4.6270904541015625,4.8278045654296875,4.6270904541015625,30-44
28.0,45.45876,45.29601,17.458759307861328,17.296009063720703,17.458759307861328,17.296009063720703,18-29
25.0,39.53377,39.465973,14.533771514892578,14.465972900390625,14.533771514892578,14.465972900390625,18-29
67.0,53.268337,52.980434,-13.73166275024414,-14.01956558227539,13.73166275024414,14.01956558227539,60-74
18.0,19.192057,19.450247,1.192056655883789,1.450246810913086,1.192056655883789,1.450246810913086,18-29
12.0,16.154528,16.461395,4.15452766418457,4.461395263671875,4.15452766418457,4.461395263671875,0-17
19.0,39.32268,39.258266,20.322681427001953,20.25826644897461,20.322681427001953,20.25826644897461,18-29
64.0,62.66187,62.22343,-1.3381309509277344,-1.7765693664550781,1.3381309509277344,1.7765693664550781,60-74
43.0,41.98514,41.87806,-1.0148582458496094,-1.1219406127929688,1.0148582458496094,1.1219406127929688,30-44
45.0,28.085052,28.200727,-16.914947509765625,-16.799272537231445,16.914947509765625,16.799272537231445,45-59
26.0,28.155981,28.27052,2.1559810638427734,2.270519256591797,2.1559810638427734,2.270519256591797,18-29
59.0,49.087627,48.866722,-9.912372589111328,-10.133277893066406,9.912372589111328,10.133277893066406,45-59
54.0,47.871155,47.669746,-6.12884521484375,-6.330253601074219,6.12884521484375,6.330253601074219,45-59
71.0,37.30909,37.276943,-33.69091033935547,-33.72305679321289,33.69091033935547,33.72305679321289,60-74
17.0,20.702087,20.936077,3.70208740234375,3.936077117919922,3.70208740234375,3.936077117919922,0-17
53.0,52.725323,52.44612,-0.2746772766113281,-0.5538787841796875,0.2746772766113281,0.5538787841796875,45-59
62.0,70.01805,69.46173,8.018051147460938,7.46173095703125,8.018051147460938,7.46173095703125,60-74
16.0,33.390892,33.421535,17.390892028808594,17.42153549194336,17.390892028808594,17.42153549194336,0-17
18.0,19.033981,19.294704,1.0339813232421875,1.2947044372558594,1.0339813232421875,1.2947044372558594,18-29
71.0,73.53903,72.926285,2.539031982421875,1.9262847900390625,2.539031982421875,1.9262847900390625,60-74
68.0,65.022446,64.54617,-2.9775543212890625,-3.453826904296875,2.9775543212890625,3.453826904296875,60-74
22.0,24.140009,24.318905,2.1400089263916016,2.3189048767089844,2.1400089263916016,2.3189048767089844,18-29
37.0,30.268106,30.348795,-6.731893539428711,-6.651205062866211,6.731893539428711,6.651205062866211,30-44
38.0,57.245045,56.893414,19.245044708251953,18.893413543701172,19.245044708251953,18.893413543701172,30-44
19.0,32.36495,32.412033,13.364948272705078,13.412033081054688,13.364948272705078,13.412033081054688,18-29
29.0,46.693535,46.510998,17.69353485107422,17.510997772216797,17.69353485107422,17.510997772216797,18-29
22.0,26.945297,27.079237,4.9452972412109375,5.07923698425293,4.9452972412109375,5.07923698425293,18-29
23.0,33.42787,33.457924,10.427871704101562,10.457923889160156,10.427871704101562,10.457923889160156,18-29
13.0,18.291069,18.563698,5.291069030761719,5.563697814941406,5.291069030761719,5.563697814941406,0-17
50.0,51.56155,51.301,1.5615501403808594,1.3009986877441406,1.5615501403808594,1.3009986877441406,45-59
26.0,28.719158,28.82467,2.719158172607422,2.8246707916259766,2.719158172607422,2.8246707916259766,18-29
73.0,55.145355,54.827374,-17.854644775390625,-18.172626495361328,17.854644775390625,18.172626495361328,60-74
39.0,39.417572,39.351635,0.417572021484375,0.3516349792480469,0.417572021484375,0.3516349792480469,30-44
45.0,45.345325,45.184395,0.3453254699707031,0.18439483642578125,0.3453254699707031,0.18439483642578125,45-59
76.0,52.792423,52.512146,-23.207576751708984,-23.48785400390625,23.207576751708984,23.48785400390625,75+
30.0,33.25443,33.287262,3.2544288635253906,3.287261962890625,3.2544288635253906,3.287261962890625,30-44
56.0,48.278027,48.070095,-7.721973419189453,-7.929904937744141,7.721973419189453,7.929904937744141,45-59
44.0,44.21124,44.06848,0.21123886108398438,0.0684814453125,0.21123886108398438,0.0684814453125,30-44
27.0,41.75619,41.65278,14.75619125366211,14.652778625488281,14.75619125366211,14.652778625488281,18-29
26.0,29.131762,29.230661,3.1317615509033203,3.230661392211914,3.1317615509033203,3.230661392211914,18-29
13.0,11.713176,12.091219,-1.2868242263793945,-0.9087810516357422,1.2868242263793945,0.9087810516357422,0-17
71.0,61.500244,61.08042,-9.499755859375,-9.919578552246094,9.499755859375,9.919578552246094,60-74
62.0,59.42638,59.03979,-2.573619842529297,-2.9602088928222656,2.573619842529297,2.9602088928222656,60-74
42.0,47.246227,47.054832,5.246227264404297,5.054832458496094,5.246227264404297,5.054832458496094,30-44
54.0,56.905846,56.55965,2.9058456420898438,2.559650421142578,2.9058456420898438,2.559650421142578,45-59
19.0,31.346752,31.410156,12.346752166748047,12.41015625,12.346752166748047,12.41015625,18-29
43.0,38.8317,38.77515,-4.168300628662109,-4.224849700927734,4.168300628662109,4.224849700927734,30-44
65.0,63.985714,63.52606,-1.0142860412597656,-1.4739418029785156,1.0142860412597656,1.4739418029785156,60-74
61.0,59.706436,59.315357,-1.2935638427734375,-1.6846427917480469,1.2935638427734375,1.6846427917480469,60-74
70.0,48.04113,47.836994,-21.95886993408203,-22.163005828857422,21.95886993408203,22.163005828857422,60-74
37.0,27.495583,27.620703,-9.504417419433594,-9.379297256469727,9.504417419433594,9.379297256469727,30-44
61.0,46.30114,46.12489,-14.698860168457031,-14.875110626220703,14.698860168457031,14.875110626220703,60-74
16.0,19.505625,19.75879,3.505624771118164,3.7587890625,3.505624771118164,3.7587890625,0-17
71.0,66.876366,66.37039,-4.123634338378906,-4.629608154296875,4.123634338378906,4.629608154296875,60-74
64.0,60.425167,60.02257,-3.5748329162597656,-3.977428436279297,3.5748329162597656,3.977428436279297,60-74
41.0,27.358257,27.485579,-13.641742706298828,-13.514421463012695,13.641742706298828,13.514421463012695,30-44
57.0,63.080437,62.63529,6.080436706542969,5.635288238525391,6.080436706542969,5.635288238525391,45-59
14.0,37.212418,37.18182,23.212417602539062,23.181819915771484,23.212417602539062,23.181819915771484,0-17
44.0,26.0061,26.15509,-17.993900299072266,-17.84490966796875,17.993900299072266,17.84490966796875,30-44
42.0,48.00502,47.801464,6.0050201416015625,5.801464080810547,6.0050201416015625,5.801464080810547,30-44
58.0,62.968224,62.524876,4.968223571777344,4.524875640869141,4.968223571777344,4.524875640869141,45-59
56.0,37.372307,37.339146,-18.62769317626953,-18.66085433959961,18.62769317626953,18.66085433959961,45-59
65.0,56.71543,56.372288,-8.284568786621094,-8.62771224975586,8.284568786621094,8.62771224975586,60-74
23.0,24.372215,24.54739,1.3722152709960938,1.5473899841308594,1.3722152709960938,1.5473899841308594,18-29
77.0,78.93375,78.23454,1.933746337890625,1.2345428466796875,1.933746337890625,1.2345428466796875,75+
28.0,29.420872,29.515139,1.4208717346191406,1.5151386260986328,1.4208717346191406,1.5151386260986328,18-29
25.0,33.94877,33.970474,8.948768615722656,8.970474243164062,8.948768615722656,8.970474243164062,18-29
19.0,24.699083,24.86902,5.69908332824707,5.869020462036133,5.69908332824707,5.869020462036133,18-29
37.0,38.63853,38.58508,1.6385307312011719,1.5850791931152344,1.6385307312011719,1.5850791931152344,30-44
30.0,28.711454,28.81709,-1.2885456085205078,-1.1829109191894531,1.2885456085205078,1.1829109191894531,30-44
16.0,14.389665,14.724815,-1.610335350036621,-1.2751846313476562,1.610335350036621,1.2751846313476562,0-17
17.0,25.870485,26.021648,8.870485305786133,9.021648406982422,8.870485305786133,9.021648406982422,0-17
79.0,65.23934,64.7596,-13.760658264160156,-14.240402221679688,13.760658264160156,14.240402221679688,75+
49.0,51.724594,51.46143,2.7245941162109375,2.4614295959472656,2.7245941162109375,2.4614295959472656,45-59
22.0,33.050537,33.086636,11.050537109375,11.08663558959961,11.050537109375,11.08663558959961,18-29
52.0,50.96502,50.714027,-1.0349807739257812,-1.2859725952148438,1.0349807739257812,1.2859725952148438,45-59
51.0,61.620163,61.198418,10.620162963867188,10.198417663574219,10.620162963867188,10.198417663574219,45-59
63.0,44.982204,44.82709,-18.01779556274414,-18.172908782958984,18.01779556274414,18.172908782958984,60-74
14.0,18.61633,18.883745,4.616329193115234,4.883745193481445,4.616329193115234,4.883745193481445,0-17
24.0,25.3222,25.482151,1.3222007751464844,1.4821510314941406,1.3222007751464844,1.4821510314941406,18-29
71.0,68.113495,67.58769,-2.886505126953125,-3.4123077392578125,2.886505126953125,3.4123077392578125,60-74
13.0,22.926937,23.125273,9.926937103271484,10.125272750854492,9.926937103271484,10.125272750854492,0-17
41.0,42.984577,42.861477,1.9845771789550781,1.8614768981933594,1.9845771789550781,1.8614768981933594,30-44
34.0,44.527885,44.380054,10.527885437011719,10.380054473876953,10.527885437011719,10.380054473876953,30-44
60.0,59.32933,58.944298,-0.6706695556640625,-1.0557022094726562,0.6706695556640625,1.0557022094726562,60-74
62.0,58.014183,57.650227,-3.9858169555664062,-4.349773406982422,3.9858169555664062,4.349773406982422,60-74
62.0,60.839344,60.43011,-1.1606559753417969,-1.5698890686035156,1.1606559753417969,1.5698890686035156,60-74
57.0,61.800804,61.376163,4.800804138183594,4.376163482666016,4.800804138183594,4.376163482666016,45-59
45.0,35.750378,35.74321,-9.249622344970703,-9.256790161132812,9.249622344970703,9.256790161132812,45-59
53.0,53.693604,53.398884,0.693603515625,0.3988838195800781,0.693603515625,0.3988838195800781,45-59
42.0,51.588524,51.32754,9.588523864746094,9.32754135131836,9.588523864746094,9.32754135131836,30-44
50.0,42.820652,42.70018,-7.179347991943359,-7.2998199462890625,7.179347991943359,7.2998199462890625,45-59
75.0,54.61083,54.30141,-20.389171600341797,-20.698589324951172,20.389171600341797,20.698589324951172,75+
47.0,52.12901,51.859364,5.129009246826172,4.859363555908203,5.129009246826172,4.859363555908203,45-59
35.0,33.77336,33.79788,-1.2266387939453125,-1.2021217346191406,1.2266387939453125,1.2021217346191406,30-44
64.0,63.696407,63.241386,-0.3035926818847656,-0.7586135864257812,0.3035926818847656,0.7586135864257812,60-74
61.0,54.97675,54.66147,-6.023250579833984,-6.338531494140625,6.023250579833984,6.338531494140625,60-74
43.0,35.12305,35.12594,-7.876949310302734,-7.874061584472656,7.876949310302734,7.874061584472656,30-44
18.0,17.823547,18.103668,-0.17645263671875,0.103668212890625,0.17645263671875,0.103668212890625,18-29
28.0,26.70373,26.84154,-1.2962703704833984,-1.1584606170654297,1.2962703704833984,1.1584606170654297,18-29
69.0,58.878307,58.5005,-10.121692657470703,-10.499500274658203,10.121692657470703,10.499500274658203,60-74
30.0,34.597153,34.608467,4.5971527099609375,4.608467102050781,4.5971527099609375,4.608467102050781,30-44
19.0,14.4883585,14.821928,-4.511641502380371,-4.178071975708008,4.511641502380371,4.178071975708008,18-29
19.0,28.441265,28.551231,9.441265106201172,9.551231384277344,9.441265106201172,9.551231384277344,18-29
47.0,42.753773,42.634373,-4.246227264404297,-4.365627288818359,4.246227264404297,4.365627288818359,45-59
64.0,51.990208,51.722786,-12.00979232788086,-12.277214050292969,12.00979232788086,12.277214050292969,60-74
12.0,13.583474,13.931544,1.5834741592407227,1.931544303894043,1.5834741592407227,1.931544303894043,0-17
79.0,62.9071,62.46473,-16.092899322509766,-16.53527069091797,16.092899322509766,16.53527069091797,75+
39.0,68.177345,67.65051,29.177345275878906,28.6505126953125,29.177345275878906,28.6505126953125,30-44
62.0,60.701622,60.294598,-1.2983779907226562,-1.7054023742675781,1.2983779907226562,1.7054023742675781,60-74
79.0,60.84601,60.43667,-18.15399169921875,-18.563331604003906,18.15399169921875,18.563331604003906,75+
28.0,30.130278,30.213175,2.130277633666992,2.213174819946289,2.130277633666992,2.213174819946289,18-29
20.0,37.4527,37.418255,17.452701568603516,17.418254852294922,17.452701568603516,17.418254852294922,18-29
38.0,35.89081,35.88139,-2.10919189453125,-2.118610382080078,2.10919189453125,2.118610382080078,30-44
57.0,56.361397,56.023926,-0.6386032104492188,-0.97607421875,0.6386032104492188,0.97607421875,45-59
44.0,36.972717,36.94596,-7.02728271484375,-7.054039001464844,7.02728271484375,7.054039001464844,30-44
55.0,51.385414,51.127686,-3.6145858764648438,-3.872314453125,3.6145858764648438,3.872314453125,45-59
67.0,44.693645,44.543156,-22.306354522705078,-22.456844329833984,22.306354522705078,22.456844329833984,60-74
79.0,74.14976,73.52722,-4.850242614746094,-5.4727783203125,4.850242614746094,5.4727783203125,75+
56.0,39.977276,39.90237,-16.022724151611328,-16.09762954711914,16.022724151611328,16.09762954711914,45-59
42.0,29.829538,29.917255,-12.170461654663086,-12.082744598388672,12.170461654663086,12.082744598388672,30-44
74.0,71.91723,71.33046,-2.0827713012695312,-2.6695404052734375,2.0827713012695312,2.6695404052734375,60-74
64.0,54.56436,54.255688,-9.435638427734375,-9.744312286376953,9.435638427734375,9.744312286376953,60-74
71.0,55.48867,55.165184,-15.511329650878906,-15.834815979003906,15.511329650878906,15.834815979003906,60-74
43.0,63.784622,63.32819,20.784622192382812,20.328189849853516,20.784622192382812,20.328189849853516,30-44
75.0,60.420544,60.01802,-14.579456329345703,-14.981979370117188,14.579456329345703,14.981979370117188,75+
75.0,54.31878,54.01404,-20.68122100830078,-20.985958099365234,20.68122100830078,20.985958099365234,75+
53.0,47.18205,46.99168,-5.817951202392578,-6.008319854736328,5.817951202392578,6.008319854736328,45-59
70.0,68.317566,67.78848,-1.68243408203125,-2.211517333984375,1.68243408203125,2.211517333984375,60-74
50.0,25.563862,25.71994,-24.436138153076172,-24.280059814453125,24.436138153076172,24.280059814453125,45-59
70.0,55.320942,55.000145,-14.679058074951172,-14.999855041503906,14.679058074951172,14.999855041503906,60-74
57.0,37.18202,37.15191,-19.817981719970703,-19.84809112548828,19.817981719970703,19.84809112548828,45-59
34.0,36.328033,36.311607,2.328033447265625,2.3116073608398438,2.328033447265625,2.3116073608398438,30-44
63.0,60.500774,60.096966,-2.499225616455078,-2.903034210205078,2.499225616455078,2.903034210205078,60-74
65.0,50.308567,50.068096,-14.69143295288086,-14.931903839111328,14.69143295288086,14.931903839111328,60-74
81.0,43.92602,43.787834,-37.073978424072266,-37.21216583251953,37.073978424072266,37.21216583251953,75+
21.0,22.630453,22.83354,1.630453109741211,1.8335399627685547,1.630453109741211,1.8335399627685547,18-29
61.0,56.85508,56.509697,-4.144920349121094,-4.490303039550781,4.144920349121094,4.490303039550781,60-74
46.0,42.14692,42.037243,-3.8530807495117188,-3.962757110595703,3.8530807495117188,3.962757110595703,45-59
62.0,61.547066,61.12649,-0.45293426513671875,-0.8735084533691406,0.45293426513671875,0.8735084533691406,60-74
71.0,55.451057,55.128174,-15.548942565917969,-15.871826171875,15.548942565917969,15.871826171875,60-74
38.0,37.371662,37.338512,-0.6283378601074219,-0.6614875793457031,0.6283378601074219,0.6614875793457031,30-44
22.0,29.845797,29.933254,7.845796585083008,7.933254241943359,7.845796585083008,7.933254241943359,18-29
28.0,31.757006,31.813835,3.7570056915283203,3.8138351440429688,3.7570056915283203,3.8138351440429688,18-29
54.0,54.520897,54.21292,0.5208969116210938,0.212921142578125,0.5208969116210938,0.212921142578125,45-59
42.0,42.565083,42.448704,0.5650825500488281,0.4487037658691406,0.5650825500488281,0.4487037658691406,30-44
60.0,54.625393,54.315742,-5.374607086181641,-5.684257507324219,5.374607086181641,5.684257507324219,60-74
50.0,48.15059,47.944702,-1.8494110107421875,-2.0552978515625,1.8494110107421875,2.0552978515625,45-59
13.0,11.655256,12.034227,-1.3447437286376953,-0.9657726287841797,1.3447437286376953,0.9657726287841797,0-17
75.0,43.207146,43.08048,-31.79285430908203,-31.91952133178711,31.79285430908203,31.91952133178711,75+
34.0,56.046078,55.71366,22.046077728271484,21.713661193847656,22.046077728271484,21.713661193847656,30-44
13.0,23.060286,23.256485,10.060285568237305,10.256484985351562,10.060285568237305,10.256484985351562,0-17
56.0,50.154877,49.91687,-5.845123291015625,-6.0831298828125,5.845123291015625,6.0831298828125,45-59
16.0,13.03444,13.391309,-2.965559959411621,-2.6086912155151367,2.965559959411621,2.6086912155151367,0-17
40.0,49.087975,48.867065,9.087974548339844,8.8670654296875,9.087974548339844,8.8670654296875,30-44
53.0,37.9327,37.89056,-15.067298889160156,-15.109439849853516,15.067298889160156,15.109439849853516,45-59
13.0,12.9081335,13.267027,-0.09186649322509766,0.2670269012451172,0.09186649322509766,0.2670269012451172,0-17
55.0,45.83032,45.661613,-9.169681549072266,-9.338386535644531,9.169681549072266,9.338386535644531,45-59
14.0,15.6321,15.94734,1.6321001052856445,1.9473400115966797,1.6321001052856445,1.9473400115966797,0-17
50.0,44.870888,44.71756,-5.129112243652344,-5.282440185546875,5.129112243652344,5.282440185546875,45-59
21.0,27.303623,27.43182,6.303623199462891,6.431819915771484,6.303623199462891,6.431819915771484,18-29
72.0,73.04406,72.43924,1.0440597534179688,0.439239501953125,1.0440597534179688,0.439239501953125,60-74
65.0,41.80369,41.699516,-23.196308135986328,-23.30048370361328,23.196308135986328,23.30048370361328,60-74
82.0,68.704735,68.16945,-13.295265197753906,-13.830551147460938,13.295265197753906,13.830551147460938,75+
39.0,51.9159,51.64967,12.915901184082031,12.649669647216797,12.915901184082031,12.649669647216797,30-44
78.0,55.256886,54.937115,-22.743114471435547,-23.062885284423828,22.743114471435547,23.062885284423828,75+
20.0,24.905586,25.072212,4.905586242675781,5.072212219238281,4.905586242675781,5.072212219238281,18-29
71.0,67.90481,67.38234,-3.0951919555664062,-3.6176605224609375,3.0951919555664062,3.6176605224609375,60-74
30.0,30.69405,30.767914,0.6940498352050781,0.767913818359375,0.6940498352050781,0.767913818359375,30-44
33.0,29.6701,29.760372,-3.3299007415771484,-3.2396278381347656,3.3299007415771484,3.2396278381347656,30-44
43.0,29.573366,29.66519,-13.426633834838867,-13.334810256958008,13.426633834838867,13.334810256958008,30-44
68.0,60.040073,59.64365,-7.959926605224609,-8.35634994506836,7.959926605224609,8.35634994506836,60-74
55.0,46.032894,45.860943,-8.967105865478516,-9.139057159423828,8.967105865478516,9.139057159423828,45-59
56.0,66.14533,65.65106,10.145332336425781,9.65106201171875,10.145332336425781,9.65106201171875,45-59
27.0,29.03473,29.135185,2.034730911254883,2.1351852416992188,2.034730911254883,2.1351852416992188,18-29
61.0,59.925697,59.531105,-1.0743026733398438,-1.4688949584960938,1.0743026733398438,1.4688949584960938,60-74
74.0,73.03933,72.434586,-0.9606704711914062,-1.5654144287109375,0.9606704711914062,1.5654144287109375,60-74
47.0,48.54895,48.336678,1.5489501953125,1.3366775512695312,1.5489501953125,1.3366775512695312,45-59
32.0,25.655579,25.810186,-6.34442138671875,-6.189813613891602,6.34442138671875,6.189813613891602,30-44
40.0,48.21914,48.012154,8.219139099121094,8.012153625488281,8.219139099121094,8.012153625488281,30-44
53.0,44.426815,44.2806,-8.573184967041016,-8.719398498535156,8.573184967041016,8.719398498535156,45-59
76.0,57.252922,56.901165,-18.74707794189453,-19.098834991455078,18.74707794189453,19.098834991455078,75+
61.0,62.675537,62.236877,1.675537109375,1.23687744140625,1.675537109375,1.23687744140625,60-74
18.0,19.553087,19.80549,1.5530872344970703,1.805490493774414,1.5530872344970703,1.805490493774414,18-29
28.0,29.003023,29.103987,1.0030231475830078,1.1039867401123047,1.0030231475830078,1.1039867401123047,18-29
34.0,50.75127,50.503704,16.751270294189453,16.503704071044922,16.751270294189453,16.503704071044922,30-44
68.0,67.46358,66.94818,-0.5364227294921875,-1.05181884765625,0.5364227294921875,1.05181884765625,60-74
61.0,47.6214,47.423992,-13.37860107421875,-13.576007843017578,13.37860107421875,13.576007843017578,60-74
31.0,53.330692,53.04179,22.330692291259766,22.041790008544922,22.330692291259766,22.041790008544922,30-44
61.0,39.96706,39.89232,-21.032939910888672,-21.107681274414062,21.032939910888672,21.107681274414062,60-74
57.0,73.2371,72.62918,16.237098693847656,15.629180908203125,16.237098693847656,15.629180908203125,45-59
64.0,57.234154,56.882694,-6.765846252441406,-7.117305755615234,6.765846252441406,7.117305755615234,60-74
65.0,57.0538,56.70523,-7.946201324462891,-8.294769287109375,7.946201324462891,8.294769287109375,60-74
74.0,56.62107,56.279438,-17.378929138183594,-17.720561981201172,17.378929138183594,17.720561981201172,60-74
83.0,63.710186,63.254948,-19.289813995361328,-19.745052337646484,19.289813995361328,19.745052337646484,75+
63.0,61.48812,61.06849,-1.5118789672851562,-1.9315109252929688,1.5118789672851562,1.9315109252929688,60-74
44.0,50.672344,50.426044,6.672344207763672,6.426044464111328,6.672344207763672,6.426044464111328,30-44
22.0,27.35593,27.48329,5.355930328369141,5.48328971862793,5.355930328369141,5.48328971862793,18-29
12.0,9.252707,9.67018,-2.747293472290039,-2.329819679260254,2.747293472290039,2.329819679260254,0-17
18.0,32.554317,32.59837,14.554317474365234,14.598369598388672,14.554317474365234,14.598369598388672,18-29
42.0,51.673004,51.410667,9.673004150390625,9.410667419433594,9.673004150390625,9.410667419433594,30-44
68.0,68.26632,67.73807,0.26631927490234375,-0.261932373046875,0.26631927490234375,0.261932373046875,60-74
27.0,42.02002,41.912376,15.02001953125,14.912376403808594,15.02001953125,14.912376403808594,18-29
66.0,66.25483,65.758804,0.25482940673828125,-0.2411956787109375,0.25482940673828125,0.2411956787109375,60-74
20.0,36.719498,36.6968,16.719497680664062,16.696800231933594,16.719497680664062,16.696800231933594,18-29
26.0,31.124617,31.19158,5.124616622924805,5.191579818725586,5.124616622924805,5.191579818725586,18-29
19.0,23.64724,23.834032,4.647239685058594,4.83403205871582,4.647239685058594,4.83403205871582,18-29
15.0,33.859383,33.88252,18.85938262939453,18.882518768310547,18.85938262939453,18.882518768310547,0-17
56.0,50.99346,50.742016,-5.006538391113281,-5.257984161376953,5.006538391113281,5.257984161376953,45-59
14.0,14.381209,14.7164955,0.3812093734741211,0.7164955139160156,0.3812093734741211,0.7164955139160156,0-17
18.0,30.481619,30.558886,12.481618881225586,12.55888557434082,12.481618881225586,12.55888557434082,18-29
79.0,70.36349,69.80162,-8.636512756347656,-9.198379516601562,8.636512756347656,9.198379516601562,75+
17.0,28.51474,28.623528,11.514739990234375,11.623527526855469,11.514739990234375,11.623527526855469,0-17
13.0,15.89361,16.204659,2.8936100006103516,3.2046585083007812,2.8936100006103516,3.2046585083007812,0-17
25.0,24.086603,24.266356,-0.9133968353271484,-0.7336444854736328,0.9133968353271484,0.7336444854736328,18-29
63.0,43.988274,43.84909,-19.01172637939453,-19.150909423828125,19.01172637939453,19.150909423828125,60-74
25.0,28.104988,28.220343,3.1049880981445312,3.2203426361083984,3.1049880981445312,3.2203426361083984,18-29
13.0,34.832058,34.839607,21.83205795288086,21.83960723876953,21.83205795288086,21.83960723876953,0-17
74.0,66.693245,66.1902,-7.306755065917969,-7.8097991943359375,7.306755065917969,7.8097991943359375,60-74
24.0,28.344608,28.456123,4.344608306884766,4.456123352050781,4.344608306884766,4.456123352050781,18-29
57.0,55.30739,54.98681,-1.6926116943359375,-2.0131912231445312,1.6926116943359375,2.0131912231445312,45-59
66.0,58.857536,58.480064,-7.142463684082031,-7.519935607910156,7.142463684082031,7.519935607910156,60-74
23.0,27.765667,27.88646,4.765666961669922,4.8864593505859375,4.765666961669922,4.8864593505859375,18-29
38.0,38.88512,38.827717,0.8851203918457031,0.8277168273925781,0.8851203918457031,0.8277168273925781,30-44
31.0,40.318123,40.237755,9.318122863769531,9.237754821777344,9.318122863769531,9.237754821777344,30-44
53.0,45.002003,44.846573,-7.997997283935547,-8.153427124023438,7.997997283935547,8.153427124023438,45-59
29.0,30.451654,30.529402,1.4516544342041016,1.5294017791748047,1.4516544342041016,1.5294017791748047,18-29
54.0,65.871506,65.38162,11.871505737304688,11.381622314453125,11.871505737304688,11.381622314453125,45-59
65.0,68.88454,68.346375,3.8845367431640625,3.34637451171875,3.8845367431640625,3.34637451171875,60-74
64.0,67.57655,67.05936,3.5765533447265625,3.059356689453125,3.5765533447265625,3.059356689453125,60-74
38.0,41.547867,41.447792,3.5478668212890625,3.4477920532226562,3.5478668212890625,3.4477920532226562,30-44
53.0,47.505447,47.3099,-5.4945526123046875,-5.690101623535156,5.4945526123046875,5.690101623535156,45-59
27.0,30.766003,30.838713,3.766002655029297,3.838712692260742,3.766002655029297,3.838712692260742,18-29
25.0,23.538706,23.727238,-1.461294174194336,-1.2727622985839844,1.461294174194336,1.2727622985839844,18-29
22.0,40.548534,40.464474,18.548534393310547,18.464473724365234,18.548534393310547,18.464473724365234,18-29
30.0,29.904371,29.99089,-0.09562873840332031,-0.0091094970703125,0.09562873840332031,0.0091094970703125,30-44
16.0,38.944336,38.885983,22.9443359375,22.885982513427734,22.9443359375,22.885982513427734,0-17
23.0,26.128487,26.275517,3.1284866333007812,3.2755165100097656,3.1284866333007812,3.2755165100097656,18-29
12.0,11.3882265,11.771478,-0.6117734909057617,-0.22852230072021484,0.6117734909057617,0.22852230072021484,0-17
39.0,57.937187,57.574463,18.93718719482422,18.574462890625,18.93718719482422,18.574462890625,30-44
60.0,50.809616,50.561115,-9.190383911132812,-9.438884735107422,9.190383911132812,9.438884735107422,60-74
48.0,42.73104,42.612003,-5.268959045410156,-5.387996673583984,5.268959045410156,5.387996673583984,45-59
22.0,24.698776,24.868717,2.6987762451171875,2.8687171936035156,2.6987762451171875,2.8687171936035156,18-29
76.0,63.033997,62.589592,-12.96600341796875,-13.410408020019531,12.96600341796875,13.410408020019531,75+
68.0,58.519943,58.14788,-9.480056762695312,-9.852119445800781,9.480056762695312,9.852119445800781,60-74
62.0,57.58841,57.231274,-4.411590576171875,-4.768726348876953,4.411590576171875,4.768726348876953,60-74
75.0,62.79756,62.356945,-12.202438354492188,-12.643054962158203,12.202438354492188,12.643054962158203,75+
33.0,57.4297,57.075108,24.429698944091797,24.07510757446289,24.429698944091797,24.07510757446289,30-44
12.0,9.342667,9.758698,-2.6573333740234375,-2.2413015365600586,2.6573333740234375,2.2413015365600586,0-17
43.0,46.840065,46.655178,3.8400650024414062,3.6551780700683594,3.8400650024414062,3.6551780700683594,30-44
79.0,68.13833,67.61212,-10.861671447753906,-11.38787841796875,10.861671447753906,11.38787841796875,75+
46.0,56.833088,56.488056,10.833087921142578,10.488056182861328,10.833087921142578,10.488056182861328,45-59
52.0,55.054966,54.73843,3.0549659729003906,2.7384300231933594,3.0549659729003906,2.7384300231933594,45-59
31.0,32.23362,32.28281,1.2336196899414062,1.2828102111816406,1.2336196899414062,1.2828102111816406,30-44
60.0,59.98225,59.586754,-0.017749786376953125,-0.41324615478515625,0.017749786376953125,0.41324615478515625,60-74
30.0,57.81715,57.45635,27.817150115966797,27.456348419189453,27.817150115966797,27.456348419189453,30-44
12.0,9.750679,10.160172,-2.2493209838867188,-1.839827537536621,2.2493209838867188,1.839827537536621,0-17
58.0,51.23684,50.98149,-6.763160705566406,-7.0185089111328125,6.763160705566406,7.0185089111328125,45-59
51.0,27.918804,28.037142,-23.081195831298828,-22.962858200073242,23.081195831298828,22.962858200073242,45-59
17.0,18.463375,18.733242,1.4633750915527344,1.7332420349121094,1.4633750915527344,1.7332420349121094,0-17
76.0,49.34008,49.11513,-26.65991973876953,-26.884868621826172,26.65991973876953,26.884868621826172,75+
41.0,42.095703,41.986847,1.095703125,0.986846923828125,1.095703125,0.986846923828125,30-44
18.0,22.983746,23.181171,4.983745574951172,5.181171417236328,4.983745574951172,5.181171417236328,18-29
19.0,26.742079,26.879274,7.74207878112793,7.879274368286133,7.74207878112793,7.879274368286133,18-29
33.0,24.489674,24.662966,-8.510326385498047,-8.337034225463867,8.510326385498047,8.337034225463867,30-44
43.0,51.278427,51.022415,8.278427124023438,8.022415161132812,8.278427124023438,8.022415161132812,30-44
69.0,75.18237,74.54329,6.182373046875,5.5432891845703125,6.182373046875,5.5432891845703125,60-74
12.0,18.496403,18.765741,6.496402740478516,6.765741348266602,6.496402740478516,6.765741348266602,0-17
36.0,37.850723,37.8099,1.8507232666015625,1.8098983764648438,1.8507232666015625,1.8098983764648438,30-44
70.0,55.669926,55.343536,-14.330074310302734,-14.656463623046875,14.330074310302734,14.656463623046875,60-74
66.0,60.895687,60.48555,-5.104312896728516,-5.5144500732421875,5.104312896728516,5.5144500732421875,60-74
63.0,57.537792,57.18147,-5.462207794189453,-5.818531036376953,5.462207794189453,5.818531036376953,60-74
55.0,59.003975,58.624153,4.003974914550781,3.6241531372070312,4.003974914550781,3.6241531372070312,45-59
51.0,39.785694,39.71386,-11.214305877685547,-11.286140441894531,11.214305877685547,11.286140441894531,45-59
28.0,29.370247,29.465324,1.3702468872070312,1.4653244018554688,1.3702468872070312,1.4653244018554688,18-29
26.0,43.804874,43.66863,17.804874420166016,17.668628692626953,17.804874420166016,17.668628692626953,18-29
41.0,33.238472,33.27156,-7.761528015136719,-7.7284393310546875,7.761528015136719,7.7284393310546875,30-44
30.0,42.27874,42.16695,12.278739929199219,12.166950225830078,12.278739929199219,12.166950225830078,30-44
75.0,50.211746,49.972828,-24.788253784179688,-25.027172088623047,24.788253784179688,25.027172088623047,75+
49.0,50.255993,50.016365,1.2559928894042969,1.0163650512695312,1.2559928894042969,1.0163650512695312,45-59
48.0,59.30123,58.91665,11.301231384277344,10.916648864746094,11.301231384277344,10.916648864746094,45-59
52.0,41.23806,41.14295,-10.761940002441406,-10.857051849365234,10.761940002441406,10.857051849365234,45-59
48.0,44.71018,44.559425,-3.2898216247558594,-3.4405746459960938,3.2898216247558594,3.4405746459960938,45-59
47.0,22.824266,23.024248,-24.17573356628418,-23.975751876831055,24.17573356628418,23.975751876831055,45-59
28.0,49.32086,49.09622,21.32086181640625,21.09621810913086,21.32086181640625,21.09621810913086,18-29
16.0,13.755939,14.101245,-2.2440614700317383,-1.8987550735473633,2.2440614700317383,1.8987550735473633,0-17
29.0,25.23236,25.393751,-3.76763916015625,-3.6062488555908203,3.76763916015625,3.6062488555908203,18-29
15.0,13.964154,14.306124,-1.0358457565307617,-0.6938762664794922,1.0358457565307617,0.6938762664794922,0-17
58.0,57.096092,56.746845,-0.9039077758789062,-1.2531547546386719,0.9039077758789062,1.2531547546386719,45-59
67.0,56.42097,56.082546,-10.579029083251953,-10.91745376586914,10.579029083251953,10.91745376586914,60-74
17.0,23.686003,23.872173,6.686002731323242,6.872173309326172,6.686002731323242,6.872173309326172,0-17
64.0,61.409927,60.99155,-2.5900726318359375,-3.0084495544433594,2.5900726318359375,3.0084495544433594,60-74
26.0,45.038616,44.8826,19.038616180419922,18.882598876953125,19.038616180419922,18.882598876953125,18-29
16.0,16.844414,17.140226,0.8444137573242188,1.1402263641357422,0.8444137573242188,1.1402263641357422,0-17
84.0,64.44153,63.974567,-19.5584716796875,-20.025432586669922,19.5584716796875,20.025432586669922,75+
50.0,32.379566,32.42642,-17.620433807373047,-17.57358169555664,17.620433807373047,17.57358169555664,45-59
62.0,66.2098,65.71451,4.209800720214844,3.714508056640625,4.209800720214844,3.714508056640625,60-74
51.0,68.2679,67.739624,17.267898559570312,16.7396240234375,17.267898559570312,16.7396240234375,45-59
25.0,45.333992,45.17324,20.33399200439453,20.173240661621094,20.33399200439453,20.173240661621094,18-29
30.0,22.447433,22.653454,-7.5525665283203125,-7.346546173095703,7.5525665283203125,7.346546173095703,30-44
43.0,51.68632,51.42377,8.686321258544922,8.423770904541016,8.686321258544922,8.423770904541016,30-44
13.0,14.71385,15.043806,1.7138500213623047,2.0438060760498047,1.7138500213623047,2.0438060760498047,0-17
12.0,10.297538,10.698268,-1.7024621963500977,-1.301732063293457,1.7024621963500977,1.301732063293457,0-17
16.0,23.486153,23.675528,7.486152648925781,7.675527572631836,7.486152648925781,7.675527572631836,0-17
61.0,62.059433,61.630646,1.0594329833984375,0.630645751953125,1.0594329833984375,0.630645751953125,60-74
58.0,39.199146,39.13671,-18.800853729248047,-18.86328887939453,18.800853729248047,18.86328887939453,45-59
15.0,13.763172,14.108363,-1.2368278503417969,-0.891636848449707,1.2368278503417969,0.891636848449707,0-17
20.0,57.847157,57.485874,37.8471565246582,37.48587417602539,37.8471565246582,37.48587417602539,18-29
59.0,61.464317,61.045067,2.4643173217773438,2.0450668334960938,2.4643173217773438,2.0450668334960938,45-59
32.0,30.90099,30.971537,-1.0990104675292969,-1.028463363647461,1.0990104675292969,1.028463363647461,30-44
66.0,55.88233,55.552536,-10.117668151855469,-10.447463989257812,10.117668151855469,10.447463989257812,60-74
29.0,47.010048,46.822437,18.010047912597656,17.822437286376953,18.010047912597656,17.822437286376953,18-29
44.0,35.41801,35.41617,-8.581989288330078,-8.583831787109375,8.581989288330078,8.583831787109375,30-44
56.0,49.258495,49.03485,-6.741504669189453,-6.96514892578125,6.741504669189453,6.96514892578125,45-59
37.0,41.193054,41.098663,4.19305419921875,4.098663330078125,4.19305419921875,4.098663330078125,30-44
51.0,49.309727,49.085262,-1.6902732849121094,-1.9147377014160156,1.6902732849121094,1.9147377014160156,45-59
47.0,48.064316,47.85981,1.0643157958984375,0.8598098754882812,1.0643157958984375,0.8598098754882812,45-59
66.0,60.664536,60.258102,-5.3354644775390625,-5.7418975830078125,5.3354644775390625,5.7418975830078125,60-74
42.0,42.753864,42.63446,0.7538642883300781,0.63446044921875,0.7538642883300781,0.63446044921875,30-44
73.0,66.55105,66.05028,-6.448951721191406,-6.9497222900390625,6.448951721191406,6.9497222900390625,60-74
21.0,34.9003,34.906754,13.900299072265625,13.906753540039062,13.900299072265625,13.906753540039062,18-29
14.0,22.781122,22.981794,8.781122207641602,8.981794357299805,8.781122207641602,8.981794357299805,0-17
26.0,31.719007,31.776445,5.71900749206543,5.776445388793945,5.71900749206543,5.776445388793945,18-29
37.0,47.740036,47.540726,10.740036010742188,10.540725708007812,10.740036010742188,10.540725708007812,30-44
16.0,14.755674,15.08496,-1.2443256378173828,-0.9150400161743164,1.2443256378173828,0.9150400161743164,0-17
64.0,37.99644,37.953278,-26.003559112548828,-26.046722412109375,26.003559112548828,26.046722412109375,60-74
24.0,24.390312,24.565197,0.39031219482421875,0.5651969909667969,0.39031219482421875,0.5651969909667969,18-29
56.0,63.047188,62.602573,7.047187805175781,6.602573394775391,7.047187805175781,6.602573394775391,45-59
51.0,32.981136,33.01835,-18.018863677978516,-17.981651306152344,18.018863677978516,17.981651306152344,45-59
63.0,45.5152,45.351547,-17.484798431396484,-17.648452758789062,17.484798431396484,17.648452758789062,60-74
12.0,13.767411,14.1125345,1.767411231994629,2.112534523010254,1.767411231994629,2.112534523010254,0-17
69.0,69.38995,68.84369,0.38995361328125,-0.15631103515625,0.38995361328125,0.15631103515625,60-74
77.0,57.081875,56.732857,-19.91812515258789,-20.26714324951172,19.91812515258789,20.26714324951172,75+
32.0,28.57587,28.68368,-3.4241294860839844,-3.3163204193115234,3.4241294860839844,3.3163204193115234,30-44
16.0,31.049019,31.117193,15.049018859863281,15.117193222045898,15.049018859863281,15.117193222045898,0-17
62.0,44.304844,44.160587,-17.69515609741211,-17.839412689208984,17.69515609741211,17.839412689208984,60-74
37.0,40.355022,40.274063,3.355022430419922,3.2740631103515625,3.355022430419922,3.2740631103515625,30-44
27.0,41.679806,41.577614,14.679805755615234,14.577613830566406,14.679805755615234,14.577613830566406,18-29
20.0,22.601858,22.805403,2.601858139038086,2.8054027557373047,2.601858139038086,2.8054027557373047,18-29
54.0,56.536278,56.196003,2.5362777709960938,2.196002960205078,2.5362777709960938,2.196002960205078,45-59
42.0,42.61709,42.499878,0.6170883178710938,0.4998779296875,0.6170883178710938,0.4998779296875,30-44
79.0,64.95507,64.47988,-14.044929504394531,-14.520118713378906,14.044929504394531,14.520118713378906,75+
45.0,44.83963,44.686802,-0.160369873046875,-0.3131980895996094,0.160369873046875,0.3131980895996094,45-59
23.0,31.362293,31.425447,8.362293243408203,8.425447463989258,8.362293243408203,8.425447463989258,18-29
54.0,48.49668,48.285248,-5.503318786621094,-5.714752197265625,5.503318786621094,5.714752197265625,45-59
14.0,19.040457,19.301075,5.040456771850586,5.301074981689453,5.040456771850586,5.301074981689453,0-17
70.0,69.186005,68.643005,-0.813995361328125,-1.35699462890625,0.813995361328125,1.35699462890625,60-74
14.0,34.484753,34.497868,20.484752655029297,20.497867584228516,20.484752655029297,20.497867584228516,0-17
38.0,44.41925,44.27316,6.41925048828125,6.273159027099609,6.41925048828125,6.273159027099609,30-44
60.0,60.934746,60.523983,0.9347457885742188,0.5239830017089844,0.9347457885742188,0.5239830017089844,60-74
59.0,35.569347,35.565083,-23.430652618408203,-23.434917449951172,23.430652618408203,23.434917449951172,45-59
24.0,30.891779,30.962473,6.891778945922852,6.962472915649414,6.891778945922852,6.962472915649414,18-29
32.0,19.378706,19.633905,-12.621294021606445,-12.366094589233398,12.621294021606445,12.366094589233398,30-44
22.0,14.064309,14.404674,-7.935690879821777,-7.5953264236450195,7.935690879821777,7.5953264236450195,18-29
23.0,41.819996,41.71556,18.819995880126953,18.715560913085938,18.819995880126953,18.715560913085938,18-29
75.0,71.39343,70.81506,-3.6065673828125,-4.1849365234375,3.6065673828125,4.1849365234375,75+
55.0,52.387226,52.11344,-2.612773895263672,-2.8865585327148438,2.612773895263672,2.8865585327148438,45-59
51.0,40.00721,39.931824,-10.992790222167969,-11.06817626953125,10.992790222167969,11.06817626953125,45-59
50.0,45.757706,45.590164,-4.2422943115234375,-4.4098358154296875,4.2422943115234375,4.4098358154296875,45-59
51.0,30.851242,30.922586,-20.148757934570312,-20.07741355895996,20.148757934570312,20.07741355895996,45-59
42.0,48.455666,48.24489,6.455665588378906,6.2448883056640625,6.455665588378906,6.2448883056640625,30-44
55.0,39.509792,39.44238,-15.49020767211914,-15.557621002197266,15.49020767211914,15.557621002197266,45-59
62.0,57.466606,57.111423,-4.533393859863281,-4.888576507568359,4.533393859863281,4.888576507568359,60-74
16.0,15.788885,16.101612,-0.21111488342285156,0.10161209106445312,0.21111488342285156,0.10161209106445312,0-17
15.0,11.46427,11.846302,-3.5357303619384766,-3.153697967529297,3.5357303619384766,3.153697967529297,0-17
18.0,30.956236,31.025898,12.956235885620117,13.025897979736328,12.956235885620117,13.025897979736328,18-29
78.0,75.778625,75.129974,-2.22137451171875,-2.870025634765625,2.22137451171875,2.870025634765625,75+
39.0,46.902115,46.716232,7.9021148681640625,7.7162322998046875,7.9021148681640625,7.7162322998046875,30-44
43.0,54.897747,54.583733,11.897747039794922,11.583732604980469,11.897747039794922,11.583732604980469,30-44
52.0,45.64612,45.480366,-6.3538818359375,-6.519634246826172,6.3538818359375,6.519634246826172,45-59
44.0,38.334557,38.285976,-5.665443420410156,-5.714023590087891,5.665443420410156,5.714023590087891,30-44
74.0,54.06963,53.768887,-19.930370330810547,-20.23111343383789,19.930370330810547,20.23111343383789,60-74
69.0,70.2574,69.697235,1.2574005126953125,0.697235107421875,1.2574005126953125,0.697235107421875,60-74
66.0,52.03937,51.771164,-13.960628509521484,-14.228836059570312,13.960628509521484,14.228836059570312,60-74
78.0,66.7928,66.28816,-11.207199096679688,-11.711837768554688,11.207199096679688,11.711837768554688,75+
47.0,41.052826,40.960682,-5.947174072265625,-6.039318084716797,5.947174072265625,6.039318084716797,45-59
67.0,66.61717,66.11534,-0.3828277587890625,-0.8846588134765625,0.3828277587890625,0.8846588134765625,60-74
27.0,29.56026,29.652294,2.560260772705078,2.652294158935547,2.560260772705078,2.652294158935547,18-29
29.0,55.91794,55.587574,26.917938232421875,26.587574005126953,26.917938232421875,26.587574005126953,18-29
58.0,57.39463,57.0406,-0.6053695678710938,-0.9594001770019531,0.6053695678710938,0.9594001770019531,45-59
23.0,24.591259,24.762922,1.5912590026855469,1.7629222869873047,1.5912590026855469,1.7629222869873047,18-29
41.0,62.465946,62.030647,21.465946197509766,21.03064727783203,21.465946197509766,21.03064727783203,30-44
66.0,56.055122,55.72256,-9.944877624511719,-10.27743911743164,9.944877624511719,10.27743911743164,60-74
41.0,44.424217,44.278046,3.4242172241210938,3.278045654296875,3.4242172241210938,3.278045654296875,30-44
16.0,32.70395,32.7456,16.703948974609375,16.745601654052734,16.703948974609375,16.745601654052734,0-17
73.0,54.1336,53.83183,-18.86640167236328,-19.168170928955078,18.86640167236328,19.168170928955078,60-74
44.0,40.586662,40.50199,-3.4133377075195312,-3.4980087280273438,3.4133377075195312,3.4980087280273438,30-44
13.0,41.135834,41.042362,28.135833740234375,28.042362213134766,28.135833740234375,28.042362213134766,0-17
62.0,28.728512,28.833874,-33.271488189697266,-33.1661262512207,33.271488189697266,33.1661262512207,60-74
28.0,27.321404,27.449316,-0.6785964965820312,-0.5506839752197266,0.6785964965820312,0.5506839752197266,18-29
74.0,72.04982,71.46094,-1.9501800537109375,-2.5390625,1.9501800537109375,2.5390625,60-74
59.0,59.71452,59.32331,0.7145195007324219,0.32331085205078125,0.7145195007324219,0.32331085205078125,45-59
14.0,15.037828,15.362592,1.0378284454345703,1.3625917434692383,1.0378284454345703,1.3625917434692383,0-17
24.0,31.47213,31.533524,7.472129821777344,7.5335235595703125,7.472129821777344,7.5335235595703125,18-29
31.0,30.174595,30.256783,-0.8254051208496094,-0.7432174682617188,0.8254051208496094,0.7432174682617188,30-44
30.0,39.14428,39.08272,9.144279479980469,9.082721710205078,9.144279479980469,9.082721710205078,30-44
66.0,63.86945,63.411655,-2.1305503845214844,-2.5883445739746094,2.1305503845214844,2.5883445739746094,60-74
63.0,43.503555,43.37214,-19.496444702148438,-19.62786102294922,19.496444702148438,19.62786102294922,60-74
75.0,71.17266,70.597824,-3.8273391723632812,-4.4021759033203125,3.8273391723632812,4.4021759033203125,75+
76.0,42.402534,42.28876,-33.59746551513672,-33.711238861083984,33.59746551513672,33.711238861083984,75+
44.0,61.579517,61.15842,17.579517364501953,17.15842056274414,17.579517364501953,17.15842056274414,30-44
28.0,38.612408,38.559376,10.612407684326172,10.559375762939453,10.612407684326172,10.559375762939453,18-29
34.0,32.949806,32.98752,-1.0501937866210938,-1.012481689453125,1.0501937866210938,1.012481689453125,30-44
55.0,55.8022,55.47369,0.8022003173828125,0.4736900329589844,0.8022003173828125,0.4736900329589844,45-59
24.0,37.62981,37.592525,13.629810333251953,13.592525482177734,13.629810333251953,13.592525482177734,18-29
33.0,31.789587,31.845894,-1.2104129791259766,-1.1541061401367188,1.2104129791259766,1.1541061401367188,30-44
62.0,57.41364,57.059303,-4.586360931396484,-4.940696716308594,4.586360931396484,4.940696716308594,60-74
12.0,18.134836,18.40997,6.134836196899414,6.409969329833984,6.134836196899414,6.409969329833984,0-17
21.0,29.288876,29.385258,8.288875579833984,8.385257720947266,8.288875579833984,8.385257720947266,18-29
60.0,59.719795,59.328503,-0.28020477294921875,-0.6714973449707031,0.28020477294921875,0.6714973449707031,60-74
28.0,32.818424,32.858242,4.818424224853516,4.858242034912109,4.818424224853516,4.858242034912109,18-29
19.0,22.885525,23.084524,3.8855247497558594,4.084524154663086,3.8855247497558594,4.084524154663086,18-29
14.0,19.33963,19.595455,5.339630126953125,5.595455169677734,5.339630126953125,5.595455169677734,0-17
16.0,13.963112,14.305099,-2.0368881225585938,-1.694901466369629,2.0368881225585938,1.694901466369629,0-17
33.0,37.762817,37.7234,4.7628173828125,4.723400115966797,4.7628173828125,4.723400115966797,30-44
58.0,67.10399,66.59436,9.103988647460938,8.5943603515625,9.103988647460938,8.5943603515625,45-59
54.0,53.618458,53.324944,-0.3815422058105469,-0.6750564575195312,0.3815422058105469,0.6750564575195312,45-59
16.0,13.876701,14.220073,-2.1232986450195312,-1.7799272537231445,2.1232986450195312,1.7799272537231445,0-17
73.0,43.29823,43.1701,-29.701770782470703,-29.829898834228516,29.701770782470703,29.829898834228516,60-74
39.0,24.389097,24.564001,-14.610902786254883,-14.435998916625977,14.610902786254883,14.435998916625977,30-44
37.0,35.720882,35.714188,-1.2791175842285156,-1.2858123779296875,1.2791175842285156,1.2858123779296875,30-44
45.0,56.546658,56.20622,11.54665756225586,11.206218719482422,11.54665756225586,11.206218719482422,45-59
13.0,9.465789,9.879848,-3.5342111587524414,-3.120152473449707,3.5342111587524414,3.120152473449707,0-17
69.0,66.5538,66.05299,-2.446197509765625,-2.9470062255859375,2.446197509765625,2.9470062255859375,60-74
16.0,16.696012,16.994204,0.6960124969482422,0.9942035675048828,0.6960124969482422,0.9942035675048828,0-17
45.0,52.065376,51.796753,7.065376281738281,6.7967529296875,7.065376281738281,6.7967529296875,45-59
85.0,45.873512,45.704117,-39.126487731933594,-39.29588317871094,39.126487731933594,39.29588317871094,75+
79.0,53.55644,53.26392,-25.443561553955078,-25.736080169677734,25.443561553955078,25.736080169677734,75+
62.0,57.618965,57.26134,-4.381034851074219,-4.738658905029297,4.381034851074219,4.738658905029297,60-74
22.0,26.004108,26.153131,4.004108428955078,4.153131484985352,4.004108428955078,4.153131484985352,18-29
18.0,19.261944,19.519014,1.2619438171386719,1.5190143585205078,1.2619438171386719,1.5190143585205078,18-29
19.0,25.527922,25.684576,6.527921676635742,6.684576034545898,6.527921676635742,6.684576034545898,18-29
49.0,55.518646,55.19468,6.518646240234375,6.194679260253906,6.518646240234375,6.194679260253906,45-59
20.0,33.232975,33.26615,13.232975006103516,13.266151428222656,13.232975006103516,13.266151428222656,18-29
22.0,20.57224,20.808311,-1.4277591705322266,-1.1916885375976562,1.4277591705322266,1.1916885375976562,18-29
28.0,25.734524,25.887867,-2.2654762268066406,-2.112133026123047,2.2654762268066406,2.112133026123047,18-29
63.0,64.17866,63.715908,1.1786575317382812,0.7159080505371094,1.1786575317382812,0.7159080505371094,60-74
55.0,63.030533,62.586185,8.030532836914062,7.586185455322266,8.030532836914062,7.586185455322266,45-59
27.0,31.306528,31.370577,4.306528091430664,4.370576858520508,4.306528091430664,4.370576858520508,18-29
30.0,46.375813,46.198364,16.375812530517578,16.1983642578125,16.375812530517578,16.1983642578125,30-44
69.0,62.130558,61.700634,-6.869441986083984,-7.299365997314453,6.869441986083984,7.299365997314453,60-74
40.0,48.993896,48.774494,8.993896484375,8.774494171142578,8.993896484375,8.774494171142578,30-44
35.0,29.28673,29.383146,-5.71327018737793,-5.616853713989258,5.71327018737793,5.616853713989258,30-44
19.0,20.842304,21.074047,1.8423042297363281,2.074047088623047,1.8423042297363281,2.074047088623047,18-29
70.0,43.15743,43.03156,-26.842571258544922,-26.968441009521484,26.842571258544922,26.968441009521484,60-74
78.0,75.67797,75.030945,-2.3220291137695312,-2.96905517578125,2.3220291137695312,2.96905517578125,75+
50.0,47.705593,47.506836,-2.2944068908691406,-2.4931640625,2.2944068908691406,2.4931640625,45-59
60.0,58.985268,58.605747,-1.0147323608398438,-1.3942527770996094,1.0147323608398438,1.3942527770996094,60-74
16.0,15.30582,15.626289,-0.6941795349121094,-0.37371063232421875,0.6941795349121094,0.37371063232421875,0-17
33.0,35.70271,35.696304,2.702709197998047,2.6963043212890625,2.702709197998047,2.6963043212890625,30-44
15.0,11.868871,12.244419,-3.131129264831543,-2.7555809020996094,3.131129264831543,2.7555809020996094,0-17
47.0,52.634632,52.356884,5.634632110595703,5.356884002685547,5.634632110595703,5.356884002685547,45-59
53.0,53.56633,53.27365,0.5663299560546875,0.273651123046875,0.5663299560546875,0.273651123046875,45-59
71.0,70.24824,69.68822,-0.7517623901367188,-1.3117828369140625,0.7517623901367188,1.3117828369140625,60-74
20.0,19.57388,19.82595,-0.4261207580566406,-0.17404937744140625,0.4261207580566406,0.17404937744140625,18-29
51.0,32.75524,32.796074,-18.24475860595703,-18.20392608642578,18.24475860595703,18.20392608642578,45-59
25.0,21.31613,21.54028,-3.683870315551758,-3.4597206115722656,3.683870315551758,3.4597206115722656,18-29
38.0,54.937275,54.622627,16.937274932861328,16.62262725830078,16.937274932861328,16.62262725830078,30-44
63.0,65.0178,64.5416,2.0177993774414062,1.5416030883789062,2.0177993774414062,1.5416030883789062,60-74
52.0,44.86789,44.714607,-7.132110595703125,-7.285392761230469,7.132110595703125,7.285392761230469,45-59
13.0,14.28902,14.625783,1.2890195846557617,1.6257829666137695,1.2890195846557617,1.6257829666137695,0-17
47.0,63.68533,63.230488,16.68532943725586,16.230487823486328,16.68532943725586,16.230487823486328,45-59
18.0,11.688388,12.066829,-6.311612129211426,-5.933171272277832,6.311612129211426,5.933171272277832,18-29
76.0,53.949097,53.650284,-22.0509033203125,-22.349716186523438,22.0509033203125,22.349716186523438,75+
79.0,58.306324,57.937683,-20.693675994873047,-21.06231689453125,20.693675994873047,21.06231689453125,75+
62.0,56.57311,56.232243,-5.426891326904297,-5.767757415771484,5.426891326904297,5.767757415771484,60-74
66.0,43.918423,43.780357,-22.08157730102539,-22.219642639160156,22.08157730102539,22.219642639160156,60-74
47.0,49.135773,48.914097,2.135772705078125,1.9140968322753906,2.135772705078125,1.9140968322753906,45-59
45.0,44.07649,43.93589,-0.9235115051269531,-1.0641098022460938,0.9235115051269531,1.0641098022460938,45-59
36.0,42.091652,41.98286,6.091651916503906,5.982860565185547,6.091651916503906,5.982860565185547,30-44
59.0,58.388996,58.01903,-0.6110038757324219,-0.9809684753417969,0.6110038757324219,0.9809684753417969,45-59
70.0,58.01348,57.649532,-11.986518859863281,-12.350467681884766,11.986518859863281,12.350467681884766,60-74
61.0,68.158035,67.631516,7.1580352783203125,6.6315155029296875,7.1580352783203125,6.6315155029296875,60-74
23.0,31.170927,31.237148,8.170927047729492,8.23714828491211,8.170927047729492,8.23714828491211,18-29
26.0,25.329077,25.488916,-0.6709232330322266,-0.5110836029052734,0.6709232330322266,0.5110836029052734,18-29
30.0,29.846918,29.934357,-0.15308189392089844,-0.065643310546875,0.15308189392089844,0.065643310546875,30-44
68.0,42.67721,42.559036,-25.32278823852539,-25.440963745117188,25.32278823852539,25.440963745117188,60-74
49.0,50.431843,50.189396,1.4318428039550781,1.1893959045410156,1.4318428039550781,1.1893959045410156,45-59
12.0,14.575473,14.907646,2.575472831726074,2.9076461791992188,2.575472831726074,2.9076461791992188,0-17
44.0,40.263447,40.183956,-3.736553192138672,-3.8160438537597656,3.736553192138672,3.8160438537597656,30-44
27.0,50.105267,49.868053,23.105266571044922,22.868053436279297,23.105266571044922,22.868053436279297,18-29
34.0,28.72742,28.8328,-5.272579193115234,-5.167200088500977,5.272579193115234,5.167200088500977,30-44
72.0,38.990242,38.931152,-33.00975799560547,-33.06884765625,33.00975799560547,33.06884765625,60-74
14.0,17.772457,18.053396,3.7724571228027344,4.053396224975586,3.7724571228027344,4.053396224975586,0-17
22.0,30.514769,30.591505,8.514768600463867,8.59150505065918,8.514768600463867,8.59150505065918,18-29
37.0,33.40709,33.437473,-3.5929107666015625,-3.5625267028808594,3.5929107666015625,3.5625267028808594,30-44
49.0,28.930906,29.033026,-20.069093704223633,-19.96697425842285,20.069093704223633,19.96697425842285,45-59
67.0,57.934284,57.571606,-9.065715789794922,-9.428394317626953,9.065715789794922,9.428394317626953,60-74
65.0,63.482628,63.031033,-1.5173721313476562,-1.9689674377441406,1.5173721313476562,1.9689674377441406,60-74
43.0,42.688595,42.57024,-0.3114051818847656,-0.4297599792480469,0.3114051818847656,0.4297599792480469,30-44
59.0,58.924225,58.54568,-0.075775146484375,-0.4543190002441406,0.075775146484375,0.4543190002441406,45-59
54.0,42.471962,42.35708,-11.528038024902344,-11.642921447753906,11.528038024902344,11.642921447753906,45-59
73.0,58.825,58.448048,-14.174999237060547,-14.551952362060547,14.174999237060547,14.551952362060547,60-74
60.0,19.964077,20.209894,-40.03592300415039,-39.79010581970215,40.03592300415039,39.79010581970215,60-74
55.0,45.85611,45.686993,-9.143890380859375,-9.313007354736328,9.143890380859375,9.313007354736328,45-59
61.0,53.26362,52.975792,-7.736381530761719,-8.024208068847656,7.736381530761719,8.024208068847656,60-74
62.0,35.095467,35.098793,-26.90453338623047,-26.901206970214844,26.90453338623047,26.901206970214844,60-74
46.0,41.502224,41.40288,-4.497776031494141,-4.597118377685547,4.497776031494141,4.597118377685547,45-59
38.0,50.525455,50.28151,12.525455474853516,12.281509399414062,12.525455474853516,12.281509399414062,30-44
47.0,45.773136,45.605347,-1.2268638610839844,-1.3946533203125,1.2268638610839844,1.3946533203125,45-59
84.0,70.06679,69.509674,-13.933212280273438,-14.490325927734375,13.933212280273438,14.490325927734375,75+
63.0,64.722824,64.25136,1.7228240966796875,1.2513580322265625,1.7228240966796875,1.2513580322265625,60-74
28.0,31.116653,31.183744,3.1166534423828125,3.183744430541992,3.1166534423828125,3.183744430541992,18-29
18.0,21.352333,21.575903,3.3523330688476562,3.5759029388427734,3.3523330688476562,3.5759029388427734,18-29
67.0,68.16265,67.63606,1.1626510620117188,0.6360626220703125,1.1626510620117188,0.6360626220703125,60-74
56.0,47.655552,47.457596,-8.34444808959961,-8.542404174804688,8.34444808959961,8.542404174804688,45-59
58.0,59.286686,58.902336,1.2866859436035156,0.9023361206054688,1.2866859436035156,0.9023361206054688,45-59
22.0,15.70022,16.01437,-6.299779891967773,-5.985630035400391,6.299779891967773,5.985630035400391,18-29
69.0,48.228775,48.021633,-20.771224975585938,-20.97836685180664,20.771224975585938,20.97836685180664,60-74
50.0,52.286728,52.014557,2.2867279052734375,2.014556884765625,2.2867279052734375,2.014556884765625,45-59
27.0,50.099926,49.862797,23.099925994873047,22.862796783447266,23.099925994873047,22.862796783447266,18-29
19.0,19.676363,19.926792,0.6763629913330078,0.9267921447753906,0.6763629913330078,0.9267921447753906,18-29
66.0,71.59567,71.01407,5.595672607421875,5.014068603515625,5.595672607421875,5.014068603515625,60-74
27.0,31.116737,31.183826,4.116737365722656,4.183826446533203,4.116737365722656,4.183826446533203,18-29
55.0,64.02793,63.5676,9.027931213378906,8.56760025024414,9.027931213378906,8.56760025024414,45-59
32.0,32.007225,32.060043,0.00722503662109375,0.0600433349609375,0.00722503662109375,0.0600433349609375,30-44
66.0,57.640045,57.28208,-8.359954833984375,-8.717918395996094,8.359954833984375,8.717918395996094,60-74
20.0,45.182545,45.02422,25.182544708251953,25.024219512939453,25.182544708251953,25.024219512939453,18-29
64.0,61.31879,60.901875,-2.6812095642089844,-3.098125457763672,2.6812095642089844,3.098125457763672,60-74
59.0,42.15,42.040276,-16.849998474121094,-16.95972442626953,16.849998474121094,16.95972442626953,45-59
33.0,36.623787,36.602623,3.6237869262695312,3.6026229858398438,3.6237869262695312,3.6026229858398438,30-44
19.0,28.80301,28.907179,9.803010940551758,9.90717887878418,9.803010940551758,9.90717887878418,18-29
61.0,60.04348,59.647,-0.9565200805664062,-1.3530006408691406,0.9565200805664062,1.3530006408691406,60-74
52.0,49.163605,48.941483,-2.836395263671875,-3.0585174560546875,2.836395263671875,3.0585174560546875,45-59
18.0,24.057999,24.238209,6.0579986572265625,6.238208770751953,6.0579986572265625,6.238208770751953,18-29
69.0,63.363327,62.913647,-5.6366729736328125,-6.086353302001953,5.6366729736328125,6.086353302001953,60-74
79.0,61.786633,61.362217,-17.213367462158203,-17.63778305053711,17.213367462158203,17.63778305053711,75+
66.0,48.9648,48.745865,-17.035198211669922,-17.254135131835938,17.035198211669922,17.254135131835938,60-74
49.0,48.93133,48.712933,-0.06866836547851562,-0.2870674133300781,0.06866836547851562,0.2870674133300781,45-59
23.0,24.001554,24.182669,1.0015544891357422,1.182668685913086,1.0015544891357422,1.182668685913086,18-29
74.0,66.89718,66.39087,-7.102821350097656,-7.609130859375,7.102821350097656,7.609130859375,60-74
59.0,68.29037,67.761734,9.290367126464844,8.761734008789062,9.290367126464844,8.761734008789062,45-59
13.0,17.52362,17.808548,4.52362060546875,4.8085479736328125,4.52362060546875,4.8085479736328125,0-17
57.0,60.311493,59.910717,3.311492919921875,2.910717010498047,3.311492919921875,2.910717010498047,45-59
71.0,54.457348,54.15039,-16.542652130126953,-16.849609375,16.542652130126953,16.849609375,60-74
41.0,41.09449,41.00168,0.09449005126953125,0.001678466796875,0.09449005126953125,0.001678466796875,30-44
36.0,28.182316,28.29643,-7.817684173583984,-7.703569412231445,7.817684173583984,7.703569412231445,30-44
18.0,25.152996,25.315659,7.152996063232422,7.3156585693359375,7.152996063232422,7.3156585693359375,18-29
41.0,54.04068,53.7404,13.040679931640625,12.740398406982422,13.040679931640625,12.740398406982422,30-44
42.0,52.449665,52.17488,10.449665069580078,10.174880981445312,10.449665069580078,10.174880981445312,30-44
40.0,38.616245,38.563152,-1.3837547302246094,-1.4368476867675781,1.3837547302246094,1.4368476867675781,30-44
40.0,61.444214,61.025288,21.4442138671875,21.025287628173828,21.4442138671875,21.025287628173828,30-44
29.0,36.39218,36.37473,7.392181396484375,7.374729156494141,7.392181396484375,7.374729156494141,18-29
67.0,53.16981,52.883488,-13.830188751220703,-14.116512298583984,13.830188751220703,14.116512298583984,60-74
57.0,61.525738,61.105503,4.525737762451172,4.105503082275391,4.525737762451172,4.105503082275391,45-59
25.0,26.46079,26.602495,1.4607906341552734,1.6024951934814453,1.4607906341552734,1.6024951934814453,18-29
69.0,59.17337,58.790836,-9.826629638671875,-10.209163665771484,9.826629638671875,10.209163665771484,60-74
31.0,44.46178,44.315006,13.461780548095703,13.315006256103516,13.461780548095703,13.315006256103516,30-44
59.0,58.9263,58.547726,-0.073699951171875,-0.4522743225097656,0.073699951171875,0.4522743225097656,45-59
53.0,51.295315,51.039032,-1.7046852111816406,-1.960968017578125,1.7046852111816406,1.960968017578125,45-59
25.0,41.874523,41.76921,16.874523162841797,16.769210815429688,16.874523162841797,16.769210815429688,18-29
18.0,35.495396,35.492313,17.49539566040039,17.492313385009766,17.49539566040039,17.492313385009766,18-29
27.0,37.462753,37.428143,10.462753295898438,10.428142547607422,10.462753295898438,10.428142547607422,18-29
18.0,26.486553,26.627844,8.486553192138672,8.627843856811523,8.486553192138672,8.627843856811523,18-29
65.0,68.225876,67.69827,3.2258758544921875,2.698272705078125,3.2258758544921875,2.698272705078125,60-74
51.0,60.239227,59.83961,9.239227294921875,8.839611053466797,9.239227294921875,8.839611053466797,45-59
12.0,11.589407,11.969434,-0.41059303283691406,-0.03056621551513672,0.41059303283691406,0.03056621551513672,0-17
17.0,18.416325,18.686945,1.4163246154785156,1.6869449615478516,1.4163246154785156,1.6869449615478516,0-17
19.0,37.306965,37.274853,18.306964874267578,18.274852752685547,18.306964874267578,18.274852752685547,18-29
68.0,65.88787,65.397736,-2.1121292114257812,-2.602264404296875,2.1121292114257812,2.602264404296875,60-74
71.0,63.40922,62.958805,-7.590778350830078,-8.041194915771484,7.590778350830078,8.041194915771484,60-74
25.0,25.998636,26.147747,0.9986362457275391,1.1477470397949219,0.9986362457275391,1.1477470397949219,18-29
55.0,55.129646,54.811913,0.12964630126953125,-0.18808746337890625,0.12964630126953125,0.18808746337890625,45-59
67.0,58.649544,58.275402,-8.350456237792969,-8.724597930908203,8.350456237792969,8.724597930908203,60-74
67.0,65.67248,65.18579,-1.3275222778320312,-1.814208984375,1.3275222778320312,1.814208984375,60-74
69.0,42.711887,42.59316,-26.28811264038086,-26.406841278076172,26.28811264038086,26.406841278076172,60-74
66.0,64.08307,63.621853,-1.91693115234375,-2.3781471252441406,1.91693115234375,2.3781471252441406,60-74
61.0,53.78974,53.49348,-7.210258483886719,-7.506519317626953,7.210258483886719,7.506519317626953,60-74
17.0,23.9465,24.128498,6.946500778198242,7.128498077392578,6.946500778198242,7.128498077392578,0-17
66.0,28.330534,28.442274,-37.66946601867676,-37.55772590637207,37.66946601867676,37.55772590637207,60-74
59.0,56.168087,55.833714,-2.8319129943847656,-3.1662864685058594,2.8319129943847656,3.1662864685058594,45-59
67.0,60.447998,60.045036,-6.552001953125,-6.954963684082031,6.552001953125,6.954963684082031,60-74
66.0,61.314796,60.897945,-4.685203552246094,-5.102054595947266,4.685203552246094,5.102054595947266,60-74
24.0,24.063162,24.24329,0.06316184997558594,0.24328994750976562,0.06316184997558594,0.24328994750976562,18-29
33.0,30.525236,30.601805,-2.474763870239258,-2.398195266723633,2.474763870239258,2.398195266723633,30-44
31.0,44.072414,43.93188,13.07241439819336,12.931880950927734,13.07241439819336,12.931880950927734,30-44
54.0,49.40632,49.180305,-4.593681335449219,-4.819694519042969,4.593681335449219,4.819694519042969,45-59
49.0,23.981373,24.162811,-25.018627166748047,-24.837188720703125,25.018627166748047,24.837188720703125,45-59
17.0,28.357468,28.468777,11.357467651367188,11.46877670288086,11.357467651367188,11.46877670288086,0-17
58.0,54.85294,54.539642,-3.1470603942871094,-3.460357666015625,3.1470603942871094,3.460357666015625,45-59
52.0,44.691475,44.54102,-7.308525085449219,-7.458980560302734,7.308525085449219,7.458980560302734,45-59
18.0,28.55598,28.664108,10.555980682373047,10.664108276367188,10.555980682373047,10.664108276367188,18-29
16.0,17.108671,17.400248,1.1086711883544922,1.400247573852539,1.1086711883544922,1.400247573852539,0-17
46.0,42.96641,42.8436,-3.033588409423828,-3.1563987731933594,3.033588409423828,3.1563987731933594,45-59
12.0,42.845203,42.72434,30.845203399658203,30.72433853149414,30.845203399658203,30.72433853149414,0-17
26.0,51.760197,51.496464,25.760196685791016,25.496463775634766,25.760196685791016,25.496463775634766,18-29
79.0,50.138115,49.900375,-28.86188507080078,-29.099624633789062,28.86188507080078,29.099624633789062,75+
17.0,28.582954,28.690649,11.582954406738281,11.690649032592773,11.582954406738281,11.690649032592773,0-17
46.0,47.09841,46.909386,1.0984115600585938,0.9093856811523438,1.0984115600585938,0.9093856811523438,45-59
64.0,51.81238,51.54781,-12.187618255615234,-12.452190399169922,12.187618255615234,12.452190399169922,60-74
66.0,35.1853,35.187187,-30.814701080322266,-30.81281280517578,30.814701080322266,30.81281280517578,60-74
38.0,58.926613,58.54803,20.926612854003906,20.548030853271484,20.926612854003906,20.548030853271484,30-44
22.0,45.645,45.479267,23.645000457763672,23.479267120361328,23.645000457763672,23.479267120361328,18-29
12.0,13.023183,13.380233,1.0231828689575195,1.380232810974121,1.0231828689575195,1.380232810974121,0-17
68.0,48.57245,48.3598,-19.42755126953125,-19.640201568603516,19.42755126953125,19.640201568603516,60-74
63.0,61.404285,60.986,-1.5957145690917969,-2.0139999389648438,1.5957145690917969,2.0139999389648438,60-74
41.0,44.407864,44.261955,3.4078636169433594,3.2619552612304688,3.4078636169433594,3.2619552612304688,30-44
60.0,46.424763,46.246532,-13.575237274169922,-13.753467559814453,13.575237274169922,13.753467559814453,60-74
60.0,59.719795,59.328503,-0.28020477294921875,-0.6714973449707031,0.28020477294921875,0.6714973449707031,60-74
36.0,49.806583,49.574158,13.806583404541016,13.57415771484375,13.806583404541016,13.57415771484375,30-44
29.0,15.573098,15.889284,-13.426901817321777,-13.110715866088867,13.426901817321777,13.110715866088867,18-29
16.0,38.944336,38.885983,22.9443359375,22.885982513427734,22.9443359375,22.885982513427734,0-17
72.0,63.78012,63.32376,-8.219879150390625,-8.676239013671875,8.219879150390625,8.676239013671875,60-74
63.0,58.213554,57.8464,-4.786445617675781,-5.153598785400391,4.786445617675781,5.153598785400391,60-74
72.0,57.9847,57.621212,-14.015300750732422,-14.378787994384766,14.015300750732422,14.378787994384766,60-74
23.0,28.639893,28.746675,5.639892578125,5.746675491333008,5.639892578125,5.746675491333008,18-29
62.0,53.296482,53.00813,-8.70351791381836,-8.991870880126953,8.70351791381836,8.991870880126953,60-74
78.0,52.5036,52.227955,-25.49639892578125,-25.772045135498047,25.49639892578125,25.772045135498047,75+
64.0,67.57655,67.05936,3.5765533447265625,3.059356689453125,3.5765533447265625,3.059356689453125,60-74
24.0,26.49228,26.633478,2.492279052734375,2.6334781646728516,2.492279052734375,2.6334781646728516,18-29
41.0,40.412495,40.330612,-0.5875053405761719,-0.6693878173828125,0.5875053405761719,0.6693878173828125,30-44
43.0,38.57033,38.51797,-4.429668426513672,-4.482028961181641,4.429668426513672,4.482028961181641,30-44
57.0,45.637848,45.47223,-11.362152099609375,-11.52777099609375,11.362152099609375,11.52777099609375,45-59
38.0,43.374737,43.245384,5.374736785888672,5.245384216308594,5.374736785888672,5.245384216308594,30-44
37.0,62.630386,62.19245,25.630386352539062,25.19245147705078,25.630386352539062,25.19245147705078,30-44
57.0,62.488503,62.05284,5.488502502441406,5.0528411865234375,5.488502502441406,5.0528411865234375,45-59
58.0,60.86753,60.457848,2.8675308227539062,2.4578475952148438,2.8675308227539062,2.4578475952148438,45-59
42.0,57.420082,57.065643,15.420082092285156,15.065643310546875,15.420082092285156,15.065643310546875,30-44
52.0,44.880466,44.726982,-7.119533538818359,-7.273017883300781,7.119533538818359,7.273017883300781,45-59
39.0,40.629807,40.544445,1.6298065185546875,1.5444450378417969,1.6298065185546875,1.5444450378417969,30-44
53.0,52.665855,52.387608,-0.33414459228515625,-0.6123924255371094,0.33414459228515625,0.6123924255371094,45-59
43.0,61.92454,61.497917,18.924541473388672,18.49791717529297,18.924541473388672,18.49791717529297,30-44
51.0,51.254875,50.999237,0.25487518310546875,-0.000762939453125,0.25487518310546875,0.000762939453125,45-59
68.0,65.8199,65.33086,-2.1800994873046875,-2.6691436767578125,2.1800994873046875,2.6691436767578125,60-74
42.0,62.3874,61.95336,20.387401580810547,19.95336151123047,20.387401580810547,19.95336151123047,30-44
49.0,42.035122,41.92724,-6.964878082275391,-7.072761535644531,6.964878082275391,7.072761535644531,45-59
31.0,28.336924,28.44856,-2.663076400756836,-2.5514392852783203,2.663076400756836,2.5514392852783203,30-44
65.0,55.93321,55.6026,-9.066791534423828,-9.39739990234375,9.066791534423828,9.39739990234375,60-74
17.0,22.568268,22.772352,5.568267822265625,5.77235221862793,5.568267822265625,5.77235221862793,0-17
25.0,35.097046,35.10035,10.0970458984375,10.100349426269531,10.0970458984375,10.100349426269531,18-29
37.0,67.61475,67.09694,30.61475372314453,30.096939086914062,30.61475372314453,30.096939086914062,30-44
52.0,53.21415,52.927116,1.2141494750976562,0.9271163940429688,1.2141494750976562,0.9271163940429688,45-59
19.0,35.70306,35.69665,16.703060150146484,16.696651458740234,16.703060150146484,16.696651458740234,18-29
53.0,40.87839,40.789043,-12.12160873413086,-12.210956573486328,12.12160873413086,12.210956573486328,45-59
61.0,63.429813,62.979065,2.4298133850097656,1.97906494140625,2.4298133850097656,1.97906494140625,60-74
81.0,61.20357,60.7885,-19.796428680419922,-20.211498260498047,19.796428680419922,20.211498260498047,75+
19.0,17.956545,18.234535,-1.0434551239013672,-0.7654647827148438,1.0434551239013672,0.7654647827148438,18-29
32.0,36.82735,36.802925,4.827350616455078,4.802925109863281,4.827350616455078,4.802925109863281,30-44
33.0,44.4239,44.277733,11.423900604248047,11.277732849121094,11.423900604248047,11.277732849121094,30-44
48.0,59.33339,58.94829,11.333389282226562,10.948291778564453,11.333389282226562,10.948291778564453,45-59
53.0,48.46703,48.25607,-4.532970428466797,-4.743930816650391,4.532970428466797,4.743930816650391,45-59
15.0,19.16882,19.427382,4.168819427490234,4.42738151550293,4.168819427490234,4.42738151550293,0-17
58.0,57.7644,57.404446,-0.23559951782226562,-0.5955543518066406,0.23559951782226562,0.5955543518066406,45-59
17.0,27.814278,27.934292,10.814277648925781,10.93429183959961,10.814277648925781,10.93429183959961,0-17
24.0,40.556236,40.472054,16.556236267089844,16.47205352783203,16.556236267089844,16.47205352783203,18-29
53.0,56.5691,56.2283,3.5690994262695312,3.2282981872558594,3.5690994262695312,3.2282981872558594,45-59
69.0,70.58442,70.01901,1.5844192504882812,1.019012451171875,1.5844192504882812,1.019012451171875,60-74
12.0,14.601157,14.932919,2.6011571884155273,2.9329185485839844,2.6011571884155273,2.9329185485839844,0-17
56.0,55.503773,55.180046,-0.4962272644042969,-0.8199539184570312,0.4962272644042969,0.8199539184570312,45-59
13.0,13.864145,14.207718,0.8641452789306641,1.2077178955078125,0.8641452789306641,1.2077178955078125,0-17
71.0,67.71521,67.195786,-3.2847900390625,-3.8042144775390625,3.2847900390625,3.8042144775390625,60-74
42.0,46.864086,46.678814,4.864086151123047,4.678813934326172,4.864086151123047,4.678813934326172,30-44
13.0,14.333989,14.6700325,1.333989143371582,1.6700325012207031,1.333989143371582,1.6700325012207031,0-17
58.0,73.49801,72.88591,15.498008728027344,14.885910034179688,15.498008728027344,14.885910034179688,45-59
13.0,11.726741,12.104567,-1.273259162902832,-0.8954334259033203,1.273259162902832,0.8954334259033203,0-17
70.0,60.756,60.348103,-9.243999481201172,-9.651897430419922,9.243999481201172,9.651897430419922,60-74
18.0,22.371588,22.578823,4.371587753295898,4.578823089599609,4.371587753295898,4.578823089599609,18-29
68.0,62.575573,62.138515,-5.424427032470703,-5.861484527587891,5.424427032470703,5.861484527587891,60-74
45.0,48.584816,48.371967,3.5848159790039062,3.371967315673828,3.5848159790039062,3.371967315673828,45-59
60.0,57.296425,56.94397,-2.7035751342773438,-3.0560302734375,2.7035751342773438,3.0560302734375,60-74
12.0,9.517334,9.930567,-2.482666015625,-2.0694332122802734,2.482666015625,2.0694332122802734,0-17
31.0,25.295298,25.455679,-5.704702377319336,-5.544321060180664,5.704702377319336,5.544321060180664,30-44
32.0,32.95368,32.99133,0.9536781311035156,0.9913291931152344,0.9536781311035156,0.9913291931152344,30-44
23.0,29.825443,29.913227,6.825443267822266,6.913227081298828,6.825443267822266,6.913227081298828,18-29
66.0,52.18094,51.91046,-13.819061279296875,-14.08953857421875,13.819061279296875,14.08953857421875,60-74
18.0,32.757977,32.798763,14.757976531982422,14.798763275146484,14.757976531982422,14.798763275146484,18-29
20.0,39.155136,39.093407,19.155136108398438,19.093406677246094,19.155136108398438,19.093406677246094,18-29
34.0,45.24509,45.085766,11.24509048461914,11.085765838623047,11.24509048461914,11.085765838623047,30-44
48.0,44.407036,44.26114,-3.5929641723632812,-3.738861083984375,3.5929641723632812,3.738861083984375,45-59
63.0,48.17393,47.96767,-14.826068878173828,-15.032329559326172,14.826068878173828,15.032329559326172,60-74
61.0,61.92732,61.50065,0.9273185729980469,0.5006484985351562,0.9273185729980469,0.5006484985351562,60-74
40.0,47.07231,46.8837,7.0723114013671875,6.883701324462891,7.0723114013671875,6.883701324462891,30-44
49.0,52.995117,52.711594,3.9951171875,3.7115936279296875,3.9951171875,3.7115936279296875,45-59
15.0,14.0261135,14.36709,-0.9738864898681641,-0.6329097747802734,0.9738864898681641,0.6329097747802734,0-17
48.0,58.606686,58.23323,10.606685638427734,10.233230590820312,10.606685638427734,10.233230590820312,45-59
68.0,36.972755,36.946,-31.027244567871094,-31.054000854492188,31.027244567871094,31.054000854492188,60-74
46.0,58.118637,57.753006,12.118637084960938,11.753005981445312,12.118637084960938,11.753005981445312,45-59
79.0,56.870777,56.525143,-22.129222869873047,-22.474857330322266,22.129222869873047,22.474857330322266,75+
29.0,32.113003,32.164127,3.1130027770996094,3.1641273498535156,3.1130027770996094,3.1641273498535156,18-29
35.0,49.367943,49.142548,14.367942810058594,14.142547607421875,14.367942810058594,14.142547607421875,30-44
31.0,27.710993,27.83266,-3.2890071868896484,-3.167339324951172,3.2890071868896484,3.167339324951172,30-44
71.0,70.77626,70.20778,-0.2237396240234375,-0.7922210693359375,0.2237396240234375,0.7922210693359375,60-74
37.0,25.474194,25.631708,-11.525806427001953,-11.368291854858398,11.525806427001953,11.368291854858398,30-44
25.0,43.23256,43.105484,18.232559204101562,18.105484008789062,18.232559204101562,18.105484008789062,18-29
13.0,15.715015,16.028927,2.715015411376953,3.0289268493652344,2.715015411376953,3.0289268493652344,0-17
62.0,62.34237,61.90905,0.34236907958984375,-0.09095001220703125,0.34236907958984375,0.09095001220703125,60-74
14.0,44.165066,44.02305,30.16506576538086,30.023048400878906,30.16506576538086,30.023048400878906,0-17
58.0,54.55411,54.2456,-3.4458885192871094,-3.7543983459472656,3.4458885192871094,3.7543983459472656,45-59
68.0,55.630493,55.304733,-12.3695068359375,-12.695266723632812,12.3695068359375,12.695266723632812,60-74
37.0,38.0461,38.002144,1.0461006164550781,1.0021438598632812,1.0461006164550781,1.0021438598632812,30-44
59.0,50.735966,50.488644,-8.264034271240234,-8.511356353759766,8.264034271240234,8.511356353759766,45-59
35.0,48.494167,48.282772,13.49416732788086,13.282772064208984,13.49416732788086,13.282772064208984,30-44
40.0,22.170732,22.381187,-17.829267501831055,-17.618812561035156,17.829267501831055,17.618812561035156,30-44
61.0,54.554703,54.246185,-6.4452972412109375,-6.753814697265625,6.4452972412109375,6.753814697265625,60-74
46.0,35.584476,35.579967,-10.415523529052734,-10.420032501220703,10.415523529052734,10.420032501220703,45-59
18.0,9.072234,9.4926,-8.927765846252441,-8.507399559020996,8.927765846252441,8.507399559020996,18-29
44.0,35.365612,35.364613,-8.634387969970703,-8.635387420654297,8.634387969970703,8.635387420654297,30-44
60.0,60.31428,59.913464,0.3142814636230469,-0.08653640747070312,0.3142814636230469,0.08653640747070312,60-74
12.0,13.231,13.584719,1.2309999465942383,1.5847187042236328,1.2309999465942383,1.5847187042236328,0-17
29.0,17.133987,17.42516,-11.866012573242188,-11.574840545654297,11.866012573242188,11.574840545654297,18-29
77.0,63.98094,63.521362,-13.019058227539062,-13.4786376953125,13.019058227539062,13.4786376953125,75+
18.0,25.137096,25.300013,7.137096405029297,7.300012588500977,7.137096405029297,7.300012588500977,18-29
57.0,54.984875,54.669464,-2.015125274658203,-2.330535888671875,2.015125274658203,2.330535888671875,45-59
48.0,33.131393,33.166195,-14.868606567382812,-14.833805084228516,14.868606567382812,14.833805084228516,45-59
53.0,34.237434,34.254513,-18.76256561279297,-18.745487213134766,18.76256561279297,18.745487213134766,45-59
49.0,59.14841,58.766277,10.14841079711914,9.766277313232422,10.14841079711914,9.766277313232422,45-59
29.0,44.594563,44.445663,15.594562530517578,15.445663452148438,15.594562530517578,15.445663452148438,18-29
41.0,31.0196,31.088245,-9.980400085449219,-9.911754608154297,9.980400085449219,9.911754608154297,30-44
13.0,10.453149,10.851385,-2.54685115814209,-2.1486148834228516,2.54685115814209,2.1486148834228516,0-17
27.0,42.285564,42.173668,15.285564422607422,15.173667907714844,15.285564422607422,15.173667907714844,18-29
16.0,17.986835,18.26434,1.9868354797363281,2.2643394470214844,1.9868354797363281,2.2643394470214844,0-17
30.0,35.869835,35.860752,5.869834899902344,5.860752105712891,5.869834899902344,5.860752105712891,30-44
76.0,57.18962,56.83888,-18.810379028320312,-19.161121368408203,18.810379028320312,19.161121368408203,75+
71.0,73.182495,72.575455,2.1824951171875,1.5754547119140625,2.1824951171875,1.5754547119140625,60-74
46.0,51.42982,51.171383,5.429821014404297,5.171382904052734,5.429821014404297,5.171382904052734,45-59
45.0,46.278763,46.10287,1.2787628173828125,1.1028709411621094,1.2787628173828125,1.1028709411621094,45-59
24.0,23.823254,24.007225,-0.17674636840820312,0.00722503662109375,0.17674636840820312,0.00722503662109375,18-29
21.0,18.339045,18.610905,-2.6609554290771484,-2.3890953063964844,2.6609554290771484,2.3890953063964844,18-29
62.0,36.885723,36.860363,-25.114276885986328,-25.139636993408203,25.114276885986328,25.139636993408203,60-74
56.0,61.380104,60.962204,5.380104064941406,4.9622039794921875,5.380104064941406,4.9622039794921875,45-59
21.0,20.998661,21.2279,-0.001338958740234375,0.22789955139160156,0.001338958740234375,0.22789955139160156,18-29
42.0,45.090202,44.933357,3.0902023315429688,2.9333572387695312,3.0902023315429688,2.9333572387695312,30-44
63.0,81.059814,80.32654,18.059814453125,17.3265380859375,18.059814453125,17.3265380859375,60-74
47.0,53.291588,53.00331,6.291587829589844,6.0033111572265625,6.291587829589844,6.0033111572265625,45-59
56.0,57.86005,57.49856,1.8600502014160156,1.4985618591308594,1.8600502014160156,1.4985618591308594,45-59
18.0,27.33081,27.458572,9.330810546875,9.458572387695312,9.330810546875,9.458572387695312,18-29
14.0,20.609598,20.845072,6.609598159790039,6.845071792602539,6.609598159790039,6.845071792602539,0-17
28.0,23.993952,24.175188,-4.006048202514648,-3.8248119354248047,4.006048202514648,3.8248119354248047,18-29
60.0,60.896366,60.486217,0.8963661193847656,0.4862174987792969,0.8963661193847656,0.4862174987792969,60-74
12.0,16.666222,16.96489,4.666221618652344,4.9648895263671875,4.666221618652344,4.9648895263671875,0-17
15.0,18.18947,18.463728,3.1894702911376953,3.4637279510498047,3.1894702911376953,3.4637279510498047,0-17
19.0,28.237442,28.350674,9.237442016601562,9.35067367553711,9.237442016601562,9.35067367553711,18-29
13.0,17.211649,17.501575,4.211648941040039,4.501575469970703,4.211648941040039,4.501575469970703,0-17
69.0,63.20673,62.75956,-5.793270111083984,-6.240440368652344,5.793270111083984,6.240440368652344,60-74
69.0,59.207165,58.82409,-9.792835235595703,-10.175910949707031,9.792835235595703,10.175910949707031,60-74
37.0,37.935375,37.893192,0.9353752136230469,0.8931922912597656,0.9353752136230469,0.8931922912597656,30-44
51.0,53.00823,52.724495,2.008228302001953,1.7244949340820312,2.008228302001953,1.7244949340820312,45-59
17.0,35.863403,35.854424,18.8634033203125,18.85442352294922,18.8634033203125,18.85442352294922,0-17
19.0,19.248945,19.506224,0.2489452362060547,0.5062236785888672,0.2489452362060547,0.5062236785888672,18-29
14.0,30.057226,30.141294,16.057226181030273,16.141294479370117,16.057226181030273,16.141294479370117,0-17
63.0,43.538322,43.40635,-19.46167755126953,-19.593650817871094,19.46167755126953,19.593650817871094,60-74
22.0,32.019405,32.07203,10.019405364990234,10.072029113769531,10.019405364990234,10.072029113769531,18-29
17.0,40.859127,40.77009,23.859127044677734,23.77008819580078,23.859127044677734,23.77008819580078,0-17
54.0,46.29491,46.11876,-7.705089569091797,-7.8812408447265625,7.705089569091797,7.8812408447265625,45-59
50.0,28.948114,29.049957,-21.0518856048584,-20.950042724609375,21.0518856048584,20.950042724609375,45-59
67.0,46.090942,45.91806,-20.9090576171875,-21.081939697265625,20.9090576171875,21.081939697265625,60-74
66.0,54.379944,54.074226,-11.62005615234375,-11.925773620605469,11.62005615234375,11.925773620605469,60-74
47.0,51.857914,51.592613,4.857913970947266,4.592613220214844,4.857913970947266,4.592613220214844,45-59
46.0,42.766987,42.647373,-3.233013153076172,-3.3526268005371094,3.233013153076172,3.3526268005371094,45-59
40.0,39.923904,39.849854,-0.0760955810546875,-0.150146484375,0.0760955810546875,0.150146484375,30-44
66.0,53.863342,53.565903,-12.13665771484375,-12.434097290039062,12.13665771484375,12.434097290039062,60-74
18.0,19.17079,19.42932,1.1707897186279297,1.4293193817138672,1.1707897186279297,1.4293193817138672,18-29
39.0,34.851227,34.858467,-4.148773193359375,-4.141532897949219,4.148773193359375,4.141532897949219,30-44
31.0,29.739151,29.828318,-1.2608489990234375,-1.171682357788086,1.2608489990234375,1.171682357788086,30-44
68.0,62.586246,62.149017,-5.413753509521484,-5.850982666015625,5.413753509521484,5.850982666015625,60-74
47.0,40.470566,40.387756,-6.5294342041015625,-6.61224365234375,6.5294342041015625,6.61224365234375,45-59
33.0,40.153748,40.07601,7.15374755859375,7.076011657714844,7.15374755859375,7.076011657714844,30-44
50.0,26.50714,26.6481,-23.492860794067383,-23.351900100708008,23.492860794067383,23.351900100708008,45-59
62.0,63.67227,63.21764,1.672271728515625,1.2176399230957031,1.672271728515625,1.2176399230957031,60-74
34.0,44.461056,44.314293,10.461055755615234,10.314292907714844,10.461055755615234,10.314292907714844,30-44
35.0,32.493633,32.53866,-2.506366729736328,-2.4613418579101562,2.506366729736328,2.4613418579101562,30-44
72.0,54.992245,54.676716,-17.007755279541016,-17.323284149169922,17.007755279541016,17.323284149169922,60-74
49.0,79.66962,78.95862,30.66961669921875,29.9586181640625,30.66961669921875,29.9586181640625,45-59
30.0,19.34943,19.605097,-10.650569915771484,-10.394903182983398,10.650569915771484,10.394903182983398,30-44
44.0,68.08549,67.560135,24.085487365722656,23.560134887695312,24.085487365722656,23.560134887695312,30-44
14.0,12.420679,12.787384,-1.5793209075927734,-1.212615966796875,1.5793209075927734,1.212615966796875,0-17
70.0,66.88034,66.3743,-3.119659423828125,-3.625701904296875,3.119659423828125,3.625701904296875,60-74
21.0,23.810604,23.99478,2.8106040954589844,2.994779586791992,2.8106040954589844,2.994779586791992,18-29
45.0,47.833435,47.63263,2.83343505859375,2.63262939453125,2.83343505859375,2.63262939453125,45-59
52.0,68.45679,67.925476,16.456787109375,15.92547607421875,16.456787109375,15.92547607421875,45-59
25.0,41.849728,41.744816,16.849727630615234,16.744815826416016,16.849727630615234,16.744815826416016,18-29
57.0,51.84798,51.58284,-5.152019500732422,-5.4171600341796875,5.152019500732422,5.4171600341796875,45-59
24.0,27.115772,27.246979,3.115772247314453,3.246978759765625,3.115772247314453,3.246978759765625,18-29
42.0,25.644737,25.799519,-16.355262756347656,-16.200481414794922,16.355262756347656,16.200481414794922,30-44
76.0,66.59719,66.09569,-9.402809143066406,-9.904312133789062,9.402809143066406,9.904312133789062,75+
76.0,72.78445,72.18379,-3.2155532836914062,-3.8162078857421875,3.2155532836914062,3.8162078857421875,75+
47.0,55.553776,55.229248,8.553775787353516,8.229248046875,8.553775787353516,8.229248046875,45-59
73.0,71.820564,71.23535,-1.1794357299804688,-1.7646484375,1.1794357299804688,1.7646484375,60-74
42.0,67.8446,67.323105,25.84459686279297,25.323104858398438,25.84459686279297,25.323104858398438,30-44
62.0,63.688084,63.233196,1.6880836486816406,1.2331962585449219,1.6880836486816406,1.2331962585449219,60-74
79.0,71.904015,71.31746,-7.095985412597656,-7.6825408935546875,7.095985412597656,7.6825408935546875,75+
15.0,16.00834,16.31755,1.008340835571289,1.3175506591796875,1.008340835571289,1.3175506591796875,0-17
16.0,17.868082,18.14749,1.868082046508789,2.147489547729492,1.868082046508789,2.147489547729492,0-17
68.0,68.203445,67.67619,0.2034454345703125,-0.3238067626953125,0.2034454345703125,0.3238067626953125,60-74
69.0,58.433117,58.062447,-10.566883087158203,-10.937553405761719,10.566883087158203,10.937553405761719,60-74
72.0,67.96327,67.43988,-4.0367279052734375,-4.56011962890625,4.0367279052734375,4.56011962890625,60-74
32.0,35.876022,35.86684,3.8760223388671875,3.866840362548828,3.8760223388671875,3.866840362548828,30-44
39.0,16.926126,17.220629,-22.07387351989746,-21.77937126159668,22.07387351989746,21.77937126159668,30-44
53.0,40.88878,40.799267,-12.111221313476562,-12.200733184814453,12.111221313476562,12.200733184814453,45-59
19.0,35.587387,35.582832,16.587387084960938,16.58283233642578,16.587387084960938,16.58283233642578,18-29
70.0,53.166283,52.880016,-16.833717346191406,-17.119983673095703,16.833717346191406,17.119983673095703,60-74
43.0,53.035725,52.75155,10.035724639892578,9.751548767089844,10.035724639892578,9.751548767089844,30-44
71.0,39.725548,39.654675,-31.274452209472656,-31.345325469970703,31.274452209472656,31.345325469970703,60-74
64.0,44.382458,44.236958,-19.617542266845703,-19.763042449951172,19.617542266845703,19.763042449951172,60-74
50.0,67.37095,66.85704,17.370948791503906,16.857040405273438,17.370948791503906,16.857040405273438,45-59
17.0,21.86079,22.076212,4.860790252685547,5.076211929321289,4.860790252685547,5.076211929321289,0-17
81.0,74.30305,73.678055,-6.696952819824219,-7.3219451904296875,6.696952819824219,7.3219451904296875,75+
14.0,11.86693,12.242509,-2.1330699920654297,-1.757491111755371,2.1330699920654297,1.757491111755371,0-17
19.0,29.378042,29.472996,10.378042221069336,10.47299575805664,10.378042221069336,10.47299575805664,18-29
55.0,48.35422,48.14507,-6.645778656005859,-6.854930877685547,6.645778656005859,6.854930877685547,45-59
70.0,45.510616,45.347034,-24.489383697509766,-24.652965545654297,24.489383697509766,24.652965545654297,60-74
60.0,48.633533,48.419907,-11.366466522216797,-11.580093383789062,11.366466522216797,11.580093383789062,60-74
14.0,16.849115,17.144852,2.8491153717041016,3.1448516845703125,2.8491153717041016,3.1448516845703125,0-17
51.0,50.35285,50.11167,-0.6471481323242188,-0.8883285522460938,0.6471481323242188,0.8883285522460938,45-59
46.0,38.517113,38.465607,-7.482887268066406,-7.534393310546875,7.482887268066406,7.534393310546875,45-59
41.0,36.22607,36.21128,-4.773929595947266,-4.788719177246094,4.773929595947266,4.788719177246094,30-44
64.0,69.908806,69.35423,5.908805847167969,5.3542327880859375,5.908805847167969,5.3542327880859375,60-74
12.0,14.4318,14.766275,2.43179988861084,2.766275405883789,2.43179988861084,2.766275405883789,0-17
19.0,18.642845,18.909836,-0.35715484619140625,-0.0901641845703125,0.35715484619140625,0.0901641845703125,18-29
49.0,54.44698,54.140186,5.446979522705078,5.140186309814453,5.446979522705078,5.140186309814453,45-59
56.0,36.676823,36.654808,-19.323177337646484,-19.345191955566406,19.323177337646484,19.345191955566406,45-59
47.0,28.25525,28.368196,-18.744749069213867,-18.631803512573242,18.744749069213867,18.631803512573242,45-59
74.0,59.68322,59.292515,-14.316780090332031,-14.70748519897461,14.316780090332031,14.70748519897461,60-74
42.0,40.50552,40.42215,-1.4944801330566406,-1.577850341796875,1.4944801330566406,1.577850341796875,30-44
16.0,25.535341,25.691875,9.535341262817383,9.691875457763672,9.535341262817383,9.691875457763672,0-17
45.0,42.894836,42.773174,-2.10516357421875,-2.226825714111328,2.10516357421875,2.226825714111328,45-59
54.0,57.64977,57.29165,3.649768829345703,3.2916488647460938,3.649768829345703,3.2916488647460938,45-59
55.0,55.944977,55.614178,0.944976806640625,0.6141777038574219,0.944976806640625,0.6141777038574219,45-59
54.0,37.852337,37.811485,-16.147663116455078,-16.188514709472656,16.147663116455078,16.188514709472656,45-59
29.0,44.045174,43.90508,15.045173645019531,14.905078887939453,15.045173645019531,14.905078887939453,18-29
67.0,64.278656,63.814304,-2.721343994140625,-3.1856956481933594,2.721343994140625,3.1856956481933594,60-74
78.0,60.729176,60.32171,-17.270824432373047,-17.67829132080078,17.270824432373047,17.67829132080078,75+
49.0,45.928078,45.757805,-3.0719223022460938,-3.2421951293945312,3.0719223022460938,3.2421951293945312,45-59
52.0,54.600307,54.291058,2.6003074645996094,2.291057586669922,2.6003074645996094,2.291057586669922,45-59
53.0,53.70024,53.405415,0.7002410888671875,0.4054145812988281,0.7002410888671875,0.4054145812988281,45-59
46.0,45.207756,45.04903,-0.7922439575195312,-0.9509696960449219,0.7922439575195312,0.9509696960449219,45-59
49.0,50.666206,50.420002,1.6662063598632812,1.4200019836425781,1.6662063598632812,1.4200019836425781,45-59
42.0,60.797516,60.388954,18.797515869140625,18.388954162597656,18.797515869140625,18.388954162597656,30-44
28.0,32.937252,32.975166,4.937252044677734,4.975166320800781,4.937252044677734,4.975166320800781,18-29
51.0,52.337833,52.064842,1.3378334045410156,1.0648422241210938,1.3378334045410156,1.0648422241210938,45-59
58.0,39.708317,39.637722,-18.291683197021484,-18.36227798461914,18.291683197021484,18.36227798461914,45-59
13.0,10.897874,11.288982,-2.102126121520996,-1.7110176086425781,2.102126121520996,1.7110176086425781,0-17
68.0,57.302135,56.94959,-10.697864532470703,-11.050411224365234,10.697864532470703,11.050411224365234,60-74
73.0,78.005325,77.321,5.0053253173828125,4.3209991455078125,5.0053253173828125,4.3209991455078125,60-74
12.0,40.01278,39.937305,28.012779235839844,27.937305450439453,28.012779235839844,27.937305450439453,0-17
67.0,63.184334,62.737522,-3.8156661987304688,-4.262477874755859,3.8156661987304688,4.262477874755859,60-74
79.0,54.76715,54.455227,-24.23284912109375,-24.54477310180664,24.23284912109375,24.54477310180664,75+
13.0,14.752939,15.082269,1.752939224243164,2.082268714904785,1.752939224243164,2.082268714904785,0-17
36.0,41.13413,41.040684,5.134128570556641,5.040683746337891,5.134128570556641,5.040683746337891,30-44
50.0,61.66593,61.24345,11.665931701660156,11.243450164794922,11.665931701660156,11.243450164794922,45-59
71.0,55.17481,54.856354,-15.825191497802734,-16.143646240234375,15.825191497802734,16.143646240234375,60-74
58.0,32.81762,32.857452,-25.18238067626953,-25.142547607421875,25.18238067626953,25.142547607421875,45-59
17.0,45.291573,45.1315,28.29157257080078,28.131500244140625,28.29157257080078,28.131500244140625,0-17
29.0,31.92373,31.977888,2.9237308502197266,2.9778881072998047,2.9237308502197266,2.9778881072998047,18-29
59.0,53.862385,53.56496,-5.137615203857422,-5.435039520263672,5.137615203857422,5.435039520263672,45-59
17.0,27.149487,27.280153,10.149486541748047,10.280153274536133,10.149486541748047,10.280153274536133,0-17
75.0,67.65367,67.13524,-7.3463287353515625,-7.8647613525390625,7.3463287353515625,7.8647613525390625,75+
51.0,45.45112,45.28849,-5.548881530761719,-5.711509704589844,5.548881530761719,5.711509704589844,45-59
57.0,59.827454,59.434437,2.82745361328125,2.434436798095703,2.82745361328125,2.434436798095703,45-59
61.0,42.103035,41.99406,-18.89696502685547,-19.005939483642578,18.89696502685547,19.005939483642578,60-74
18.0,18.80672,19.071085,0.8067207336425781,1.071084976196289,0.8067207336425781,1.071084976196289,18-29
27.0,30.618662,30.693733,3.618661880493164,3.6937332153320312,3.618661880493164,3.6937332153320312,18-29
13.0,12.138885,12.510105,-0.8611154556274414,-0.4898948669433594,0.8611154556274414,0.4898948669433594,0-17
78.0,50.968605,50.717556,-27.031394958496094,-27.28244400024414,27.031394958496094,27.28244400024414,75+
24.0,16.944155,17.238369,-7.055845260620117,-6.761631011962891,7.055845260620117,6.761631011962891,18-29
48.0,49.213894,48.990967,1.2138938903808594,0.990966796875,1.2138938903808594,0.990966796875,45-59
63.0,35.797695,35.78977,-27.20230484008789,-27.21023178100586,27.20230484008789,27.21023178100586,60-74
47.0,49.09644,48.875393,2.0964393615722656,1.8753929138183594,2.0964393615722656,1.8753929138183594,45-59
78.0,49.478626,49.251457,-28.521373748779297,-28.74854278564453,28.521373748779297,28.74854278564453,75+
53.0,56.74384,56.400238,3.7438392639160156,3.400238037109375,3.7438392639160156,3.400238037109375,45-59
36.0,35.310246,35.31013,-0.6897544860839844,-0.6898689270019531,0.6897544860839844,0.6898689270019531,30-44
32.0,38.987846,38.928795,6.987846374511719,6.928794860839844,6.987846374511719,6.928794860839844,30-44
66.0,64.099625,63.63814,-1.9003753662109375,-2.361858367919922,1.9003753662109375,2.361858367919922,60-74
40.0,41.085888,40.993217,1.0858879089355469,0.9932174682617188,1.0858879089355469,0.9932174682617188,30-44
18.0,21.88235,22.097427,3.8823509216308594,4.0974273681640625,3.8823509216308594,4.0974273681640625,18-29
19.0,25.562523,25.718622,6.562522888183594,6.718622207641602,6.562522888183594,6.718622207641602,18-29
40.0,23.90563,24.088282,-16.094369888305664,-15.911718368530273,16.094369888305664,15.911718368530273,30-44
45.0,27.138336,27.269182,-17.861663818359375,-17.730817794799805,17.861663818359375,17.730817794799805,45-59
42.0,50.505062,50.26144,8.505062103271484,8.26144027709961,8.505062103271484,8.26144027709961,30-44
30.0,30.360014,30.43923,0.3600139617919922,0.43922996520996094,0.3600139617919922,0.43922996520996094,30-44
18.0,33.46495,33.494408,15.464950561523438,15.494407653808594,15.464950561523438,15.494407653808594,18-29
20.0,43.805058,43.668808,23.805057525634766,23.668807983398438,23.805057525634766,23.668807983398438,18-29
24.0,23.055738,23.25201,-0.9442615509033203,-0.7479896545410156,0.9442615509033203,0.7479896545410156,18-29
69.0,68.21772,67.69025,-0.7822799682617188,-1.30975341796875,0.7822799682617188,1.30975341796875,60-74
45.0,36.20229,36.18788,-8.797710418701172,-8.812118530273438,8.797710418701172,8.812118530273438,45-59
37.0,34.924522,34.93059,-2.0754776000976562,-2.069408416748047,2.0754776000976562,2.069408416748047,30-44
43.0,67.31863,66.80556,24.318626403808594,23.805557250976562,24.318626403808594,23.805557250976562,30-44
63.0,63.446697,62.995678,0.4466972351074219,-0.004322052001953125,0.4466972351074219,0.004322052001953125,60-74
85.0,71.43451,70.855484,-13.56549072265625,-14.144515991210938,13.56549072265625,14.144515991210938,75+
18.0,21.746407,21.963661,3.7464065551757812,3.9636611938476562,3.7464065551757812,3.9636611938476562,18-29
23.0,24.170141,24.348555,1.1701412200927734,1.3485546112060547,1.1701412200927734,1.3485546112060547,18-29
54.0,57.163387,56.813065,3.1633872985839844,2.8130645751953125,3.1633872985839844,2.8130645751953125,45-59
71.0,58.35416,57.984753,-12.64583969116211,-13.015247344970703,12.64583969116211,13.015247344970703,60-74
58.0,48.51958,48.307777,-9.480419158935547,-9.692222595214844,9.480419158935547,9.692222595214844,45-59
14.0,13.277203,13.630181,-0.7227973937988281,-0.36981868743896484,0.7227973937988281,0.36981868743896484,0-17
53.0,57.6995,57.340584,4.699501037597656,4.340583801269531,4.699501037597656,4.340583801269531,45-59
61.0,61.513844,61.0938,0.5138435363769531,0.09379959106445312,0.5138435363769531,0.09379959106445312,60-74
15.0,17.881807,18.160994,2.881807327270508,3.1609935760498047,2.881807327270508,3.1609935760498047,0-17
31.0,31.817331,31.873194,0.8173313140869141,0.8731937408447266,0.8173313140869141,0.8731937408447266,30-44
25.0,56.699306,56.35642,31.69930648803711,31.35641860961914,31.69930648803711,31.35641860961914,18-29
69.0,62.23025,61.79873,-6.769748687744141,-7.201271057128906,6.769748687744141,7.201271057128906,60-74
14.0,12.645245,13.008351,-1.3547554016113281,-0.9916486740112305,1.3547554016113281,0.9916486740112305,0-17
59.0,52.20691,51.936016,-6.7930908203125,-7.063983917236328,6.7930908203125,7.063983917236328,45-59
70.0,66.25651,65.76047,-3.7434921264648438,-4.239532470703125,3.7434921264648438,4.239532470703125,60-74
54.0,39.885494,39.812057,-14.114505767822266,-14.187942504882812,14.114505767822266,14.187942504882812,45-59
40.0,33.42343,33.453556,-6.576568603515625,-6.546443939208984,6.576568603515625,6.546443939208984,30-44
36.0,34.56609,34.5779,-1.4339103698730469,-1.4221000671386719,1.4339103698730469,1.4221000671386719,30-44
45.0,41.95874,41.85208,-3.041259765625,-3.147918701171875,3.041259765625,3.147918701171875,45-59
75.0,42.52217,42.406483,-32.47782897949219,-32.5935173034668,32.47782897949219,32.5935173034668,75+
45.0,24.61275,24.78407,-20.387250900268555,-20.215930938720703,20.387250900268555,20.215930938720703,45-59
48.0,37.624634,37.58743,-10.3753662109375,-10.41257095336914,10.3753662109375,10.41257095336914,45-59
53.0,61.12287,60.709095,8.122871398925781,7.709095001220703,8.122871398925781,7.709095001220703,45-59
46.0,32.15844,32.208836,-13.841560363769531,-13.79116439819336,13.841560363769531,13.79116439819336,45-59
13.0,13.478437,13.828191,0.4784374237060547,0.828190803527832,0.4784374237060547,0.828190803527832,0-17
17.0,19.550856,19.803295,2.5508556365966797,2.803295135498047,2.5508556365966797,2.803295135498047,0-17
18.0,20.848421,21.080067,2.848421096801758,3.080066680908203,2.848421096801758,3.080066680908203,18-29
64.0,63.448193,62.99715,-0.5518074035644531,-1.0028495788574219,0.5518074035644531,1.0028495788574219,60-74
17.0,31.695372,31.753187,14.695371627807617,14.75318717956543,14.695371627807617,14.75318717956543,0-17
58.0,57.28277,56.93053,-0.7172317504882812,-1.0694694519042969,0.7172317504882812,1.0694694519042969,45-59
67.0,64.471954,64.0045,-2.528045654296875,-2.9954986572265625,2.528045654296875,2.9954986572265625,60-74
37.0,44.11863,43.977356,7.118629455566406,6.97735595703125,7.118629455566406,6.97735595703125,30-44
14.0,23.255838,23.448904,9.255838394165039,9.448904037475586,9.255838394165039,9.448904037475586,0-17
45.0,31.854692,31.909956,-13.145307540893555,-13.090044021606445,13.145307540893555,13.090044021606445,45-59
47.0,41.098938,41.006058,-5.90106201171875,-5.9939422607421875,5.90106201171875,5.9939422607421875,45-59
75.0,55.8768,55.547096,-19.123199462890625,-19.452903747558594,19.123199462890625,19.452903747558594,75+
33.0,56.288704,55.952396,23.28870391845703,22.952396392822266,23.28870391845703,22.952396392822266,30-44
52.0,50.9562,50.70535,-1.0438003540039062,-1.2946510314941406,1.0438003540039062,1.2946510314941406,45-59
12.0,11.561169,11.941648,-0.4388313293457031,-0.05835247039794922,0.4388313293457031,0.05835247039794922,0-17
77.0,73.45296,72.84158,-3.5470428466796875,-4.158416748046875,3.5470428466796875,4.158416748046875,75+
14.0,17.446095,17.732264,3.446094512939453,3.7322635650634766,3.446094512939453,3.7322635650634766,0-17
37.0,62.641262,62.20315,25.64126205444336,25.20315170288086,25.64126205444336,25.20315170288086,30-44
79.0,43.949978,43.811405,-35.05002212524414,-35.188594818115234,35.05002212524414,35.188594818115234,75+
14.0,29.71753,29.807041,15.717529296875,15.80704116821289,15.717529296875,15.80704116821289,0-17
75.0,40.516968,40.433414,-34.4830322265625,-34.566585540771484,34.4830322265625,34.566585540771484,75+
55.0,57.680466,57.321854,2.6804656982421875,2.3218536376953125,2.6804656982421875,2.3218536376953125,45-59
20.0,53.692585,53.397884,33.69258499145508,33.397884368896484,33.69258499145508,33.397884368896484,18-29
26.0,25.360624,25.519958,-0.6393756866455078,-0.48004150390625,0.6393756866455078,0.48004150390625,18-29
26.0,24.003305,24.184391,-1.996694564819336,-1.8156089782714844,1.996694564819336,1.8156089782714844,18-29
16.0,16.844793,17.1406,0.8447933197021484,1.1406002044677734,0.8447933197021484,1.1406002044677734,0-17
49.0,34.33526,34.35077,-14.664741516113281,-14.64923095703125,14.664741516113281,14.64923095703125,45-59
72.0,61.04546,60.632923,-10.954540252685547,-11.367076873779297,10.954540252685547,11.367076873779297,60-74
67.0,60.756874,60.34896,-6.243125915527344,-6.651039123535156,6.243125915527344,6.651039123535156,60-74
25.0,35.23154,35.23269,10.23154067993164,10.232688903808594,10.23154067993164,10.232688903808594,18-29
27.0,29.82353,29.911345,2.8235301971435547,2.911344528198242,2.8235301971435547,2.911344528198242,18-29
41.0,34.449562,34.46324,-6.550437927246094,-6.5367584228515625,6.550437927246094,6.5367584228515625,30-44
53.0,61.01528,60.60323,8.015281677246094,7.603229522705078,8.015281677246094,7.603229522705078,45-59
22.0,15.709556,16.023556,-6.290444374084473,-5.976444244384766,6.290444374084473,5.976444244384766,18-29
12.0,22.138704,22.349672,10.138704299926758,10.349672317504883,10.138704299926758,10.349672317504883,0-17
60.0,39.386677,39.321236,-20.613323211669922,-20.67876434326172,20.613323211669922,20.67876434326172,60-74
74.0,61.971664,61.544285,-12.028335571289062,-12.45571517944336,12.028335571289062,12.45571517944336,60-74
54.0,66.068634,65.57559,12.068634033203125,11.575592041015625,12.068634033203125,11.575592041015625,45-59
14.0,22.33859,22.546354,8.338590621948242,8.546354293823242,8.338590621948242,8.546354293823242,0-17
31.0,27.64502,27.767746,-3.35498046875,-3.2322540283203125,3.35498046875,3.2322540283203125,30-44
14.0,15.767422,16.080494,1.7674217224121094,2.080493927001953,1.7674217224121094,2.080493927001953,0-17
19.0,24.109388,24.288774,5.10938835144043,5.288774490356445,5.10938835144043,5.288774490356445,18-29
62.0,68.18107,67.654175,6.181068420410156,5.6541748046875,6.181068420410156,5.6541748046875,60-74
61.0,57.513092,57.157166,-3.486907958984375,-3.84283447265625,3.486907958984375,3.84283447265625,60-74
65.0,48.325317,48.11663,-16.6746826171875,-16.88336944580078,16.6746826171875,16.88336944580078,60-74
36.0,53.399673,53.109665,17.399673461914062,17.109664916992188,17.399673461914062,17.109664916992188,30-44
33.0,34.39009,34.404724,1.3900909423828125,1.40472412109375,1.3900909423828125,1.40472412109375,30-44
28.0,39.320496,39.256115,11.32049560546875,11.256114959716797,11.32049560546875,11.256114959716797,18-29
16.0,16.73792,17.035439,0.7379207611083984,1.0354385375976562,0.7379207611083984,1.0354385375976562,0-17
43.0,50.521397,50.277515,7.521396636962891,7.277515411376953,7.521396636962891,7.277515411376953,30-44
42.0,57.165127,56.814774,15.16512680053711,14.814773559570312,15.16512680053711,14.814773559570312,30-44
59.0,57.134727,56.784863,-1.8652725219726562,-2.215137481689453,1.8652725219726562,2.215137481689453,45-59
55.0,51.216812,50.961784,-3.7831878662109375,-4.038215637207031,3.7831878662109375,4.038215637207031,45-59
38.0,52.166832,51.89658,14.166831970214844,13.89657974243164,14.166831970214844,13.89657974243164,30-44
65.0,64.988785,64.513054,-0.0112152099609375,-0.48694610595703125,0.0112152099609375,0.48694610595703125,60-74
24.0,27.756817,27.87775,3.756816864013672,3.8777503967285156,3.756816864013672,3.8777503967285156,18-29
68.0,69.19446,68.65134,1.1944580078125,0.651336669921875,1.1944580078125,0.651336669921875,60-74
74.0,71.49781,70.91777,-2.5021896362304688,-3.0822296142578125,2.5021896362304688,3.0822296142578125,60-74
62.0,49.194206,48.971592,-12.805793762207031,-13.02840805053711,12.805793762207031,13.02840805053711,60-74
43.0,59.113102,58.731533,16.113101959228516,15.73153305053711,16.113101959228516,15.73153305053711,30-44
43.0,47.200302,47.009644,4.2003021240234375,4.0096435546875,4.2003021240234375,4.0096435546875,30-44
21.0,29.631264,29.722158,8.631263732910156,8.722158432006836,8.631263732910156,8.722158432006836,18-29
33.0,42.27354,42.161835,9.273540496826172,9.161834716796875,9.273540496826172,9.161834716796875,30-44
26.0,31.334923,31.398516,5.334922790527344,5.398515701293945,5.334922790527344,5.398515701293945,18-29
73.0,58.427696,58.05711,-14.572303771972656,-14.942890167236328,14.572303771972656,14.942890167236328,60-74
12.0,10.55969,10.956219,-1.4403095245361328,-1.0437812805175781,1.4403095245361328,1.0437812805175781,0-17
50.0,49.329033,49.10426,-0.6709671020507812,-0.8957405090332031,0.6709671020507812,0.8957405090332031,45-59
48.0,23.762379,23.947327,-24.237621307373047,-24.05267333984375,24.237621307373047,24.05267333984375,45-59
65.0,65.02814,64.55177,0.02813720703125,-0.4482269287109375,0.02813720703125,0.4482269287109375,60-74
13.0,17.88482,18.16396,4.884820938110352,5.163959503173828,4.884820938110352,5.163959503173828,0-17
24.0,45.738365,45.571133,21.738365173339844,21.57113265991211,21.738365173339844,21.57113265991211,18-29
14.0,15.335194,15.655191,1.3351936340332031,1.655191421508789,1.3351936340332031,1.655191421508789,0-17
21.0,28.10418,28.219547,7.104179382324219,7.219547271728516,7.104179382324219,7.219547271728516,18-29
13.0,29.06881,29.168718,16.068809509277344,16.168718338012695,16.068809509277344,16.168718338012695,0-17
79.0,34.041443,34.06166,-44.95855712890625,-44.93833923339844,44.95855712890625,44.93833923339844,75+
13.0,21.299517,21.523933,8.299516677856445,8.523933410644531,8.299516677856445,8.523933410644531,0-17
58.0,61.717163,61.29386,3.7171630859375,3.2938613891601562,3.7171630859375,3.2938613891601562,45-59
66.0,61.260464,60.844482,-4.739536285400391,-5.155517578125,4.739536285400391,5.155517578125,60-74
63.0,35.450054,35.4477,-27.549945831298828,-27.55229949951172,27.549945831298828,27.55229949951172,60-74
15.0,18.587276,18.855158,3.5872764587402344,3.8551578521728516,3.5872764587402344,3.8551578521728516,0-17
31.0,49.55008,49.321762,18.550079345703125,18.321762084960938,18.550079345703125,18.321762084960938,30-44
18.0,30.073261,30.157074,12.073261260986328,12.157073974609375,12.073261260986328,12.157073974609375,18-29
15.0,14.825944,15.154103,-0.1740560531616211,0.15410327911376953,0.1740560531616211,0.15410327911376953,0-17
45.0,43.969364,43.830482,-1.0306358337402344,-1.1695175170898438,1.0306358337402344,1.1695175170898438,45-59
13.0,11.521809,11.902919,-1.4781913757324219,-1.097081184387207,1.4781913757324219,1.097081184387207,0-17
24.0,23.900663,24.083395,-0.09933662414550781,0.08339500427246094,0.09933662414550781,0.08339500427246094,18-29
37.0,39.755035,39.68369,2.755035400390625,2.6836891174316406,2.755035400390625,2.6836891174316406,30-44
73.0,41.026913,40.935184,-31.973087310791016,-32.064815521240234,31.973087310791016,32.064815521240234,60-74
26.0,20.204872,20.44683,-5.795127868652344,-5.553169250488281,5.795127868652344,5.553169250488281,18-29
46.0,51.339615,51.08262,5.3396148681640625,5.082618713378906,5.3396148681640625,5.082618713378906,45-59
65.0,49.9573,49.722458,-15.042701721191406,-15.277542114257812,15.042701721191406,15.277542114257812,60-74
33.0,35.536102,35.532368,2.536102294921875,2.532367706298828,2.536102294921875,2.532367706298828,30-44
14.0,14.1350975,14.474328,0.13509750366210938,0.47432804107666016,0.13509750366210938,0.47432804107666016,0-17
13.0,13.290629,13.643393,0.29062938690185547,0.6433925628662109,0.29062938690185547,0.6433925628662109,0-17
62.0,59.36366,58.978073,-2.636341094970703,-3.0219268798828125,2.636341094970703,3.0219268798828125,60-74
18.0,12.29704,12.665727,-5.702960014343262,-5.334273338317871,5.702960014343262,5.334273338317871,18-29
35.0,32.39912,32.44566,-2.600879669189453,-2.554340362548828,2.600879669189453,2.554340362548828,30-44
27.0,48.40948,48.199444,21.409481048583984,21.199443817138672,21.409481048583984,21.199443817138672,18-29
12.0,10.393279,10.792475,-1.6067209243774414,-1.2075252532958984,1.6067209243774414,1.2075252532958984,0-17
33.0,38.93759,38.87935,5.937591552734375,5.8793487548828125,5.937591552734375,5.8793487548828125,30-44
16.0,19.665857,19.916454,3.6658573150634766,3.916454315185547,3.6658573150634766,3.916454315185547,0-17
23.0,32.568382,32.61221,9.568382263183594,9.61220932006836,9.568382263183594,9.61220932006836,18-29
58.0,55.124695,54.80704,-2.87530517578125,-3.1929588317871094,2.87530517578125,3.1929588317871094,45-59
14.0,21.76189,21.978897,7.761890411376953,7.9788970947265625,7.761890411376953,7.9788970947265625,0-17
14.0,14.954527,15.280625,0.9545269012451172,1.280625343322754,0.9545269012451172,1.280625343322754,0-17
54.0,57.177574,56.827023,3.1775741577148438,2.8270225524902344,3.1775741577148438,2.8270225524902344,45-59
60.0,47.89412,47.69234,-12.105880737304688,-12.307659149169922,12.105880737304688,12.307659149169922,60-74
62.0,63.18674,62.73989,1.1867408752441406,0.7398910522460938,1.1867408752441406,0.7398910522460938,60-74
74.0,73.321075,72.71182,-0.678924560546875,-1.288177490234375,0.678924560546875,1.288177490234375,60-74
38.0,46.16822,45.994102,8.168220520019531,7.994102478027344,8.168220520019531,7.994102478027344,30-44
37.0,62.014263,61.5862,25.014263153076172,24.586200714111328,25.014263153076172,24.586200714111328,30-44
17.0,17.85037,18.130062,0.8503704071044922,1.1300621032714844,0.8503704071044922,1.1300621032714844,0-17
62.0,65.56782,65.08281,3.5678176879882812,3.0828094482421875,3.5678176879882812,3.0828094482421875,60-74
17.0,44.569775,44.421272,27.569774627685547,27.42127227783203,27.569774627685547,27.42127227783203,0-17
49.0,42.119347,42.010113,-6.880653381347656,-6.989887237548828,6.880653381347656,6.989887237548828,45-59
79.0,76.72808,76.064224,-2.2719192504882812,-2.9357757568359375,2.2719192504882812,2.9357757568359375,75+
16.0,49.23329,49.01005,33.23329162597656,33.01005172729492,33.23329162597656,33.01005172729492,0-17
69.0,54.088665,53.787617,-14.911334991455078,-15.212383270263672,14.911334991455078,15.212383270263672,60-74
78.0,43.275906,43.148136,-34.72409439086914,-34.851863861083984,34.72409439086914,34.851863861083984,75+
28.0,29.914171,30.000532,1.9141712188720703,2.0005321502685547,1.9141712188720703,2.0005321502685547,18-29
24.0,23.102345,23.297869,-0.8976554870605469,-0.7021312713623047,0.8976554870605469,0.7021312713623047,18-29
48.0,48.871704,48.65426,0.8717041015625,0.6542587280273438,0.8717041015625,0.6542587280273438,45-59
68.0,64.91838,64.44378,-3.0816192626953125,-3.5562210083007812,3.0816192626953125,3.5562210083007812,60-74
13.0,10.439299,10.837756,-2.560701370239258,-2.1622438430786133,2.560701370239258,2.1622438430786133,0-17
62.0,71.16999,70.5952,9.169990539550781,8.595199584960938,9.169990539550781,8.595199584960938,60-74
16.0,12.188104,12.558536,-3.811896324157715,-3.441464424133301,3.811896324157715,3.441464424133301,0-17
74.0,48.847797,48.630737,-25.152202606201172,-25.3692626953125,25.152202606201172,25.3692626953125,60-74
46.0,49.75014,49.51862,3.750141143798828,3.5186195373535156,3.750141143798828,3.5186195373535156,45-59
27.0,45.611237,45.44604,18.611236572265625,18.446041107177734,18.611236572265625,18.446041107177734,18-29
40.0,38.930344,38.872215,-1.0696563720703125,-1.1277847290039062,1.0696563720703125,1.1277847290039062,30-44
62.0,62.721912,62.28251,0.7219123840332031,0.28250885009765625,0.7219123840332031,0.28250885009765625,60-74
30.0,52.43911,52.164494,22.439109802246094,22.164493560791016,22.439109802246094,22.164493560791016,30-44
65.0,51.298046,51.041718,-13.701953887939453,-13.958282470703125,13.701953887939453,13.958282470703125,60-74
41.0,41.827423,41.722866,0.827423095703125,0.7228660583496094,0.827423095703125,0.7228660583496094,30-44
48.0,48.91732,48.699146,0.9173202514648438,0.6991462707519531,0.9173202514648438,0.6991462707519531,45-59
32.0,40.696136,40.60971,8.696136474609375,8.609710693359375,8.696136474609375,8.609710693359375,30-44
22.0,29.148584,29.247215,7.148584365844727,7.247215270996094,7.148584365844727,7.247215270996094,18-29
56.0,61.76567,61.34159,5.7656707763671875,5.341590881347656,5.7656707763671875,5.341590881347656,45-59
44.0,52.83694,52.55595,8.83694076538086,8.555950164794922,8.83694076538086,8.555950164794922,30-44
72.0,58.158012,57.791748,-13.841987609863281,-14.208251953125,13.841987609863281,14.208251953125,60-74
25.0,56.699306,56.35642,31.69930648803711,31.35641860961914,31.69930648803711,31.35641860961914,18-29
51.0,47.84877,47.64772,-3.1512298583984375,-3.3522796630859375,3.1512298583984375,3.3522796630859375,45-59
24.0,17.10888,17.400454,-6.891120910644531,-6.599546432495117,6.891120910644531,6.599546432495117,18-29
36.0,50.452118,50.209347,14.452117919921875,14.209346771240234,14.452117919921875,14.209346771240234,30-44
33.0,34.74454,34.753494,1.7445411682128906,1.7534942626953125,1.7445411682128906,1.7534942626953125,30-44
43.0,41.164215,41.070286,-1.835784912109375,-1.9297142028808594,1.835784912109375,1.9297142028808594,30-44
72.0,57.172554,56.822083,-14.827445983886719,-15.17791748046875,14.827445983886719,15.17791748046875,60-74
50.0,45.278942,45.119072,-4.721057891845703,-4.880928039550781,4.721057891845703,4.880928039550781,45-59
69.0,50.266968,50.027164,-18.7330322265625,-18.972835540771484,18.7330322265625,18.972835540771484,60-74
15.0,22.975735,23.173288,7.975734710693359,8.173288345336914,7.975734710693359,8.173288345336914,0-17
31.0,32.493835,32.538857,1.49383544921875,1.5388565063476562,1.49383544921875,1.5388565063476562,30-44
17.0,23.195131,23.38917,6.195131301879883,6.389169692993164,6.195131301879883,6.389169692993164,0-17
67.0,59.386597,59.000645,-7.6134033203125,-7.999355316162109,7.6134033203125,7.999355316162109,60-74
64.0,60.646957,60.240807,-3.3530426025390625,-3.7591934204101562,3.3530426025390625,3.7591934204101562,60-74
72.0,33.463375,33.49286,-38.536624908447266,-38.50714111328125,38.536624908447266,38.50714111328125,60-74
68.0,42.67721,42.559036,-25.32278823852539,-25.440963745117188,25.32278823852539,25.440963745117188,60-74
47.0,47.885746,47.6841,0.8857460021972656,0.6841011047363281,0.8857460021972656,0.6841011047363281,45-59
48.0,43.999374,43.860012,-4.0006256103515625,-4.139987945556641,4.0006256103515625,4.139987945556641,45-59
55.0,56.972183,56.624924,1.9721832275390625,1.6249237060546875,1.9721832275390625,1.6249237060546875,45-59
65.0,56.21528,55.88015,-8.784721374511719,-9.119850158691406,8.784721374511719,9.119850158691406,60-74
18.0,25.406643,25.56524,7.406642913818359,7.565240859985352,7.406642913818359,7.565240859985352,18-29
75.0,74.18837,73.565216,-0.8116302490234375,-1.434783935546875,0.8116302490234375,1.434783935546875,75+
22.0,35.51794,35.5145,13.517940521240234,13.51449966430664,13.517940521240234,13.51449966430664,18-29
53.0,37.398094,37.36452,-15.601905822753906,-15.635478973388672,15.601905822753906,15.635478973388672,45-59
85.0,83.458305,82.686584,-1.5416946411132812,-2.31341552734375,1.5416946411132812,2.31341552734375,75+
49.0,52.498337,52.222775,3.4983367919921875,3.2227745056152344,3.4983367919921875,3.2227745056152344,45-59
31.0,28.115618,28.230803,-2.8843822479248047,-2.769197463989258,2.8843822479248047,2.769197463989258,30-44
62.0,65.0722,64.59512,3.0721969604492188,2.595123291015625,3.0721969604492188,2.595123291015625,60-74
60.0,53.389366,53.09952,-6.610633850097656,-6.900478363037109,6.610633850097656,6.900478363037109,60-74
60.0,48.859215,48.64197,-11.140785217285156,-11.358028411865234,11.140785217285156,11.358028411865234,60-74
15.0,15.71091,16.024887,0.7109098434448242,1.0248870849609375,0.7109098434448242,1.0248870849609375,0-17
57.0,66.03436,65.54187,9.03436279296875,8.5418701171875,9.03436279296875,8.5418701171875,45-59
76.0,64.85415,64.38058,-11.145851135253906,-11.619422912597656,11.145851135253906,11.619422912597656,75+
34.0,47.740757,47.541435,13.74075698852539,13.541435241699219,13.74075698852539,13.541435241699219,30-44
52.0,30.441639,30.519547,-21.558361053466797,-21.480453491210938,21.558361053466797,21.480453491210938,45-59
30.0,37.386124,37.35274,7.3861236572265625,7.352741241455078,7.3861236572265625,7.352741241455078,30-44
51.0,49.302444,49.0781,-1.6975555419921875,-1.9219017028808594,1.6975555419921875,1.9219017028808594,45-59
21.0,40.10141,40.024513,19.101409912109375,19.024513244628906,19.101409912109375,19.024513244628906,18-29
76.0,63.64046,63.186337,-12.359539031982422,-12.813663482666016,12.359539031982422,12.813663482666016,75+
25.0,30.35398,30.433292,5.353979110717773,5.433292388916016,5.353979110717773,5.433292388916016,18-29
16.0,12.661147,13.023998,-3.338852882385254,-2.976001739501953,3.338852882385254,2.976001739501953,0-17
53.0,52.89377,52.611866,-0.106231689453125,-0.3881340026855469,0.106231689453125,0.3881340026855469,45-59
52.0,49.020454,48.800625,-2.9795455932617188,-3.1993751525878906,2.9795455932617188,3.1993751525878906,45-59
64.0,47.221416,47.03042,-16.778583526611328,-16.969581604003906,16.778583526611328,16.969581604003906,60-74
30.0,35.650837,35.645264,5.650836944580078,5.645263671875,5.650836944580078,5.645263671875,30-44
24.0,30.897717,30.968315,6.897716522216797,6.968315124511719,6.897716522216797,6.968315124511719,18-29
66.0,55.374157,55.052505,-10.625843048095703,-10.947494506835938,10.625843048095703,10.947494506835938,60-74
79.0,67.094666,66.58519,-11.90533447265625,-12.414810180664062,11.90533447265625,12.414810180664062,75+
62.0,58.67487,58.300323,-3.3251304626464844,-3.699676513671875,3.3251304626464844,3.699676513671875,60-74
52.0,66.184135,65.689255,14.184135437011719,13.689254760742188,14.184135437011719,13.689254760742188,45-59
45.0,46.386185,46.208572,1.3861846923828125,1.2085723876953125,1.3861846923828125,1.2085723876953125,45-59
21.0,24.86198,25.029306,3.861980438232422,4.029306411743164,3.861980438232422,4.029306411743164,18-29
39.0,52.284683,52.012543,13.284683227539062,13.012542724609375,13.284683227539062,13.012542724609375,30-44
72.0,71.14545,70.571045,-0.85455322265625,-1.428955078125,0.85455322265625,1.428955078125,60-74
29.0,26.69425,26.832212,-2.3057498931884766,-2.167787551879883,2.3057498931884766,2.167787551879883,18-29
70.0,61.873062,61.44726,-8.126937866210938,-8.552738189697266,8.126937866210938,8.552738189697266,60-74
23.0,25.682535,25.836712,2.682535171508789,2.836711883544922,2.682535171508789,2.836711883544922,18-29
18.0,28.423292,28.533546,10.42329216003418,10.533546447753906,10.42329216003418,10.533546447753906,18-29
62.0,58.09804,57.73274,-3.901958465576172,-4.267261505126953,3.901958465576172,4.267261505126953,60-74
52.0,47.057,46.868637,-4.943000793457031,-5.1313629150390625,4.943000793457031,5.1313629150390625,45-59
41.0,56.754936,56.41116,15.754936218261719,15.41115951538086,15.754936218261719,15.41115951538086,30-44
30.0,29.982147,30.06742,-0.017852783203125,0.06741905212402344,0.017852783203125,0.06741905212402344,30-44
28.0,30.67509,30.749258,2.675090789794922,2.749258041381836,2.675090789794922,2.749258041381836,18-29
14.0,10.373725,10.773233,-3.626275062561035,-3.226766586303711,3.626275062561035,3.226766586303711,0-17
29.0,33.051933,33.08801,4.051933288574219,4.088008880615234,4.051933288574219,4.088008880615234,18-29
37.0,39.329617,39.26509,2.3296165466308594,2.2650909423828125,2.3296165466308594,2.2650909423828125,30-44
13.0,14.790476,15.119204,1.790475845336914,2.119203567504883,1.790475845336914,2.119203567504883,0-17
47.0,33.564053,33.591923,-13.43594741821289,-13.408077239990234,13.43594741821289,13.408077239990234,45-59
22.0,29.97711,30.062462,7.977109909057617,8.062461853027344,7.977109909057617,8.062461853027344,18-29
52.0,54.600307,54.291058,2.6003074645996094,2.291057586669922,2.6003074645996094,2.291057586669922,45-59
46.0,61.724564,61.301144,15.724563598632812,15.301143646240234,15.724563598632812,15.301143646240234,45-59
22.0,34.09887,34.118168,12.098869323730469,12.118167877197266,12.098869323730469,12.118167877197266,18-29
33.0,25.914698,26.065153,-7.085302352905273,-6.934846878051758,7.085302352905273,6.934846878051758,30-44
16.0,32.789154,32.82944,16.789154052734375,16.82944107055664,16.789154052734375,16.82944107055664,0-17
29.0,33.364197,33.395267,4.36419677734375,4.395267486572266,4.36419677734375,4.395267486572266,18-29
37.0,48.11548,47.910152,11.115478515625,10.910152435302734,11.115478515625,10.910152435302734,30-44
50.0,63.04887,62.60423,13.048870086669922,12.604228973388672,13.048870086669922,12.604228973388672,45-59
76.0,69.306305,68.76138,-6.693695068359375,-7.238616943359375,6.693695068359375,7.238616943359375,75+
17.0,25.192144,25.35418,8.192144393920898,8.354179382324219,8.192144393920898,8.354179382324219,0-17
62.0,49.377766,49.15221,-12.622234344482422,-12.847789764404297,12.622234344482422,12.847789764404297,60-74
15.0,18.942589,19.204777,3.9425888061523438,4.204776763916016,3.9425888061523438,4.204776763916016,0-17
23.0,44.134743,43.99321,21.134742736816406,20.993209838867188,21.134742736816406,20.993209838867188,18-29
39.0,25.306982,25.467176,-13.693017959594727,-13.53282356262207,13.693017959594727,13.53282356262207,30-44
16.0,44.703796,44.553146,28.70379638671875,28.553146362304688,28.70379638671875,28.553146362304688,0-17
31.0,20.308107,20.548412,-10.691892623901367,-10.451587677001953,10.691892623901367,10.451587677001953,30-44
52.0,61.007294,60.595367,9.007293701171875,8.595367431640625,9.007293701171875,8.595367431640625,45-59
28.0,28.264626,28.377422,0.26462554931640625,0.3774223327636719,0.26462554931640625,0.3774223327636719,18-29
68.0,48.7982,48.581932,-19.201801300048828,-19.418067932128906,19.201801300048828,19.418067932128906,60-74
61.0,62.336815,61.903584,1.3368148803710938,0.9035835266113281,1.3368148803710938,0.9035835266113281,60-74
23.0,22.668833,22.871305,-0.33116722106933594,-0.1286945343017578,0.33116722106933594,0.1286945343017578,18-29
46.0,55.08283,54.765846,9.082828521728516,8.765846252441406,9.082828521728516,8.765846252441406,45-59
50.0,59.856354,59.462875,9.856353759765625,9.462875366210938,9.856353759765625,9.462875366210938,45-59
26.0,41.956165,41.849545,15.956165313720703,15.849544525146484,15.956165313720703,15.849544525146484,18-29
38.0,41.358402,41.261364,3.3584022521972656,3.261363983154297,3.3584022521972656,3.261363983154297,30-44
58.0,62.789936,62.34944,4.789936065673828,4.3494415283203125,4.789936065673828,4.3494415283203125,45-59
68.0,57.678066,57.319496,-10.32193374633789,-10.680503845214844,10.32193374633789,10.680503845214844,60-74
52.0,53.18891,52.902283,1.1889114379882812,0.90228271484375,1.1889114379882812,0.90228271484375,45-59
37.0,36.332397,36.315903,-0.6676025390625,-0.6840972900390625,0.6676025390625,0.6840972900390625,30-44
38.0,27.188559,27.3186,-10.811441421508789,-10.681400299072266,10.811441421508789,10.681400299072266,30-44
79.0,76.41963,75.76071,-2.5803680419921875,-3.239288330078125,2.5803680419921875,3.239288330078125,75+
48.0,57.793324,57.432903,9.793323516845703,9.432903289794922,9.793323516845703,9.432903289794922,45-59
25.0,23.57865,23.76654,-1.4213504791259766,-1.23345947265625,1.4213504791259766,1.23345947265625,18-29
44.0,50.80683,50.558376,6.806831359863281,6.558376312255859,6.806831359863281,6.558376312255859,30-44
61.0,55.696846,55.370026,-5.303153991699219,-5.629974365234375,5.303153991699219,5.629974365234375,60-74
20.0,37.243057,37.211967,17.243057250976562,17.21196746826172,17.243057250976562,17.21196746826172,18-29
19.0,12.59996,12.963792,-6.4000396728515625,-6.036208152770996,6.4000396728515625,6.036208152770996,18-29
32.0,35.093487,35.096848,3.093486785888672,3.0968475341796875,3.093486785888672,3.0968475341796875,30-44
16.0,26.274559,26.419247,10.274559020996094,10.419246673583984,10.274559020996094,10.419246673583984,0-17
25.0,21.927729,22.142078,-3.0722713470458984,-2.857921600341797,3.0722713470458984,2.857921600341797,18-29
77.0,64.51783,64.04965,-12.482170104980469,-12.950347900390625,12.482170104980469,12.950347900390625,75+
57.0,51.300724,51.044353,-5.699275970458984,-5.955646514892578,5.699275970458984,5.955646514892578,45-59
29.0,26.885094,27.019999,-2.1149063110351562,-1.980001449584961,2.1149063110351562,1.980001449584961,18-29
73.0,63.89247,63.43431,-9.107528686523438,-9.565689086914062,9.107528686523438,9.565689086914062,60-74
19.0,21.254868,21.48,2.2548675537109375,2.479999542236328,2.2548675537109375,2.479999542236328,18-29
56.0,56.589825,56.24869,0.5898246765136719,0.24869155883789062,0.5898246765136719,0.24869155883789062,45-59
18.0,25.120068,25.283257,7.120067596435547,7.283256530761719,7.120067596435547,7.283256530761719,18-29
47.0,49.708523,49.47767,2.7085227966308594,2.4776687622070312,2.7085227966308594,2.4776687622070312,45-59
17.0,16.557066,16.857483,-0.4429340362548828,-0.14251708984375,0.4429340362548828,0.14251708984375,0-17
17.0,26.550768,26.69103,9.55076789855957,9.691030502319336,9.55076789855957,9.691030502319336,0-17
66.0,70.56276,69.997696,4.5627593994140625,3.9976959228515625,4.5627593994140625,3.9976959228515625,60-74
46.0,50.865906,50.616505,4.86590576171875,4.616504669189453,4.86590576171875,4.616504669189453,45-59
54.0,52.842182,52.561108,-1.1578178405761719,-1.4388923645019531,1.1578178405761719,1.4388923645019531,45-59
29.0,33.623608,33.650524,4.623607635498047,4.650524139404297,4.623607635498047,4.650524139404297,18-29
15.0,21.818993,22.035084,6.818992614746094,7.035083770751953,6.818992614746094,7.035083770751953,0-17
50.0,48.479717,48.268555,-1.5202827453613281,-1.7314453125,1.5202827453613281,1.7314453125,45-59
55.0,53.29796,53.00958,-1.7020416259765625,-1.9904212951660156,1.7020416259765625,1.9904212951660156,45-59
55.0,52.065643,51.797012,-2.934356689453125,-3.2029876708984375,2.934356689453125,3.2029876708984375,45-59
15.0,18.840239,19.104067,3.840238571166992,4.104066848754883,3.840238571166992,4.104066848754883,0-17
14.0,14.2273,14.565053,0.22729969024658203,0.5650529861450195,0.22729969024658203,0.5650529861450195,0-17
30.0,47.718903,47.51993,17.718902587890625,17.51993179321289,17.718902587890625,17.51993179321289,30-44
41.0,56.754936,56.41116,15.754936218261719,15.41115951538086,15.754936218261719,15.41115951538086,30-44
14.0,9.577528,9.989797,-4.42247200012207,-4.0102033615112305,4.42247200012207,4.0102033615112305,0-17
51.0,52.324394,52.051617,1.3243942260742188,1.0516166687011719,1.3243942260742188,1.0516166687011719,45-59
13.0,24.046106,24.226507,11.046106338500977,11.226507186889648,11.046106338500977,11.226507186889648,0-17
79.0,54.640316,54.330425,-24.359683990478516,-24.669574737548828,24.359683990478516,24.669574737548828,75+
26.0,27.39353,27.520287,1.3935298919677734,1.5202865600585938,1.3935298919677734,1.5202865600585938,18-29
53.0,47.726818,47.52772,-5.273181915283203,-5.472278594970703,5.273181915283203,5.472278594970703,45-59
17.0,43.62126,43.487957,26.621261596679688,26.487957000732422,26.621261596679688,26.487957000732422,0-17
45.0,47.043808,46.855656,2.0438079833984375,1.8556556701660156,2.0438079833984375,1.8556556701660156,45-59
45.0,36.62019,36.599083,-8.379810333251953,-8.400917053222656,8.379810333251953,8.400917053222656,45-59
62.0,58.710106,58.334995,-3.2898941040039062,-3.6650047302246094,3.2898941040039062,3.6650047302246094,60-74
42.0,53.908802,53.610634,11.908802032470703,11.610633850097656,11.908802032470703,11.610633850097656,30-44
43.0,49.361416,49.136124,6.361415863037109,6.1361236572265625,6.361415863037109,6.1361236572265625,30-44
55.0,51.812607,51.54803,-3.1873931884765625,-3.4519691467285156,3.1873931884765625,3.4519691467285156,45-59
20.0,35.554707,35.550674,15.554706573486328,15.550674438476562,15.554706573486328,15.550674438476562,18-29
78.0,43.981293,43.84222,-34.018707275390625,-34.157779693603516,34.018707275390625,34.157779693603516,75+
24.0,31.770527,31.827139,7.770526885986328,7.827138900756836,7.770526885986328,7.827138900756836,18-29
71.0,66.78208,66.27762,-4.217918395996094,-4.722381591796875,4.217918395996094,4.722381591796875,60-74
24.0,28.48532,28.594578,4.485319137573242,4.594577789306641,4.485319137573242,4.594577789306641,18-29
36.0,35.013332,35.017975,-0.9866676330566406,-0.982025146484375,0.9866676330566406,0.982025146484375,30-44
50.0,61.66593,61.24345,11.665931701660156,11.243450164794922,11.665931701660156,11.243450164794922,45-59
65.0,52.067654,51.798992,-12.93234634399414,-13.201007843017578,12.93234634399414,13.201007843017578,60-74
75.0,67.93378,67.41086,-7.06622314453125,-7.589141845703125,7.06622314453125,7.589141845703125,75+
62.0,62.943512,62.500557,0.943511962890625,0.5005569458007812,0.943511962890625,0.5005569458007812,60-74
36.0,27.264961,27.393778,-8.735038757324219,-8.606222152709961,8.735038757324219,8.606222152709961,30-44
73.0,66.80472,66.29988,-6.195281982421875,-6.7001190185546875,6.195281982421875,6.7001190185546875,60-74
17.0,20.924274,21.154705,3.924274444580078,4.154705047607422,3.924274444580078,4.154705047607422,0-17
15.0,19.55347,19.805868,4.553470611572266,4.805868148803711,4.553470611572266,4.805868148803711,0-17
