Actual_Age,Predicted_BioAge,BioAge_Gap,Absolute_Error,Age_Group
13.0,14.480376,1.4803762435913086,1.4803762435913086,0-17
14.0,11.298813,-2.7011871337890625,2.7011871337890625,0-17
71.0,71.12402,0.1240234375,0.1240234375,60-74
39.0,46.130146,7.130146026611328,7.130146026611328,30-44
13.0,13.095681,0.09568119049072266,0.09568119049072266,0-17
49.0,58.80997,9.80997085571289,9.80997085571289,45-59
50.0,48.479717,-1.5202827453613281,1.5202827453613281,45-59
79.0,53.945778,-25.054222106933594,25.054222106933594,75+
18.0,20.073769,2.0737686157226562,2.0737686157226562,18-29
66.0,67.812225,1.812225341796875,1.812225341796875,60-74
13.0,32.157,19.157001495361328,19.157001495361328,0-17
29.0,45.374844,16.37484359741211,16.37484359741211,18-29
65.0,49.21216,-15.787841796875,15.787841796875,60-74
34.0,34.924957,0.924957275390625,0.924957275390625,30-44
68.0,61.720333,-6.279666900634766,6.279666900634766,60-74
48.0,53.980686,5.980686187744141,5.980686187744141,45-59
21.0,37.41307,16.413070678710938,16.413070678710938,18-29
50.0,51.3265,1.3264999389648438,1.3264999389648438,45-59
63.0,69.54294,6.542938232421875,6.542938232421875,60-74
47.0,28.85604,-18.14396095275879,18.14396095275879,45-59
57.0,67.699104,10.699104309082031,10.699104309082031,45-59
52.0,42.585503,-9.414497375488281,9.414497375488281,45-59
82.0,66.074585,-15.9254150390625,15.9254150390625,75+
75.0,69.29986,-5.700141906738281,5.700141906738281,75+
16.0,16.73792,0.7379207611083984,0.7379207611083984,0-17
34.0,45.24509,11.24509048461914,11.24509048461914,30-44
13.0,17.534792,4.534791946411133,4.534791946411133,0-17
38.0,26.293978,-11.706022262573242,11.706022262573242,30-44
14.0,41.301434,27.301433563232422,27.301433563232422,0-17
61.0,74.15942,13.159416198730469,13.159416198730469,60-74
61.0,39.039246,-21.96075439453125,21.96075439453125,60-74
15.0,14.865236,-0.1347637176513672,0.1347637176513672,0-17
45.0,46.278763,1.2787628173828125,1.2787628173828125,45-59
30.0,25.612093,-4.387907028198242,4.387907028198242,30-44
45.0,50.719364,5.719364166259766,5.719364166259766,45-59
49.0,47.327187,-1.6728134155273438,1.6728134155273438,45-59
45.0,59.27333,14.273330688476562,14.273330688476562,45-59
55.0,59.585823,4.585823059082031,4.585823059082031,45-59
64.0,67.76294,3.762939453125,3.762939453125,60-74
67.0,56.593475,-10.406524658203125,10.406524658203125,60-74
40.0,62.94424,22.94424057006836,22.94424057006836,30-44
70.0,45.75726,-24.242740631103516,24.242740631103516,60-74
64.0,56.42831,-7.571689605712891,7.571689605712891,60-74
60.0,58.719326,-1.2806739807128906,1.2806739807128906,60-74
62.0,54.998344,-7.001655578613281,7.001655578613281,60-74
41.0,44.058537,3.0585365295410156,3.0585365295410156,30-44
23.0,25.917158,2.9171581268310547,2.9171581268310547,18-29
23.0,23.547153,0.5471534729003906,0.5471534729003906,18-29
22.0,35.983273,13.983272552490234,13.983272552490234,18-29
62.0,44.304844,-17.69515609741211,17.69515609741211,60-74
36.0,41.542835,5.542835235595703,5.542835235595703,30-44
55.0,60.257984,5.257984161376953,5.257984161376953,45-59
85.0,71.43451,-13.56549072265625,13.56549072265625,75+
63.0,39.630527,-23.36947250366211,23.36947250366211,60-74
76.0,60.89865,-15.101348876953125,15.101348876953125,75+
45.0,38.14501,-6.854988098144531,6.854988098144531,45-59
74.0,71.49781,-2.5021896362304688,2.5021896362304688,60-74
73.0,62.563686,-10.43631362915039,10.43631362915039,60-74
41.0,56.754936,15.754936218261719,15.754936218261719,30-44
77.0,67.194885,-9.80511474609375,9.80511474609375,75+
33.0,48.475372,15.475372314453125,15.475372314453125,30-44
67.0,63.617912,-3.3820877075195312,3.3820877075195312,60-74
20.0,24.905586,4.905586242675781,4.905586242675781,18-29
29.0,23.550787,-5.449213027954102,5.449213027954102,18-29
55.0,42.574993,-12.425006866455078,12.425006866455078,45-59
67.0,67.5904,0.5904006958007812,0.5904006958007812,60-74
28.0,34.869915,6.869915008544922,6.869915008544922,18-29
56.0,48.173195,-7.826805114746094,7.826805114746094,45-59
17.0,28.51474,11.514739990234375,11.514739990234375,0-17
16.0,17.009098,1.0090980529785156,1.0090980529785156,0-17
28.0,29.420872,1.4208717346191406,1.4208717346191406,18-29
52.0,69.22155,17.22154998779297,17.22154998779297,45-59
17.0,15.097522,-1.9024782180786133,1.9024782180786133,0-17
70.0,69.31567,-0.6843338012695312,0.6843338012695312,60-74
53.0,54.161068,1.1610679626464844,1.1610679626464844,45-59
34.0,51.432198,17.43219757080078,17.43219757080078,30-44
30.0,29.982147,-0.017852783203125,0.017852783203125,30-44
40.0,55.60535,15.605350494384766,15.605350494384766,30-44
46.0,37.278194,-8.721805572509766,8.721805572509766,45-59
40.0,44.973064,4.973064422607422,4.973064422607422,30-44
67.0,58.302784,-8.697216033935547,8.697216033935547,60-74
12.0,10.393279,-1.6067209243774414,1.6067209243774414,0-17
33.0,22.985592,-10.014408111572266,10.014408111572266,30-44
62.0,35.095467,-26.90453338623047,26.90453338623047,60-74
20.0,21.47263,1.4726295471191406,1.4726295471191406,18-29
59.0,56.168087,-2.8319129943847656,2.8319129943847656,45-59
67.0,44.693645,-22.306354522705078,22.306354522705078,60-74
68.0,56.90979,-11.0902099609375,11.0902099609375,60-74
44.0,40.20688,-3.793121337890625,3.793121337890625,30-44
56.0,54.037968,-1.9620323181152344,1.9620323181152344,45-59
20.0,19.3712,-0.6287994384765625,0.6287994384765625,18-29
17.0,21.827383,4.827383041381836,4.827383041381836,0-17
22.0,33.050537,11.050537109375,11.050537109375,18-29
35.0,34.388992,-0.6110076904296875,0.6110076904296875,30-44
50.0,39.45394,-10.546058654785156,10.546058654785156,45-59
29.0,31.331047,2.3310470581054688,2.3310470581054688,18-29
34.0,45.407925,11.40792465209961,11.40792465209961,30-44
14.0,11.4333315,-2.5666685104370117,2.5666685104370117,0-17
76.0,52.056248,-23.94375228881836,23.94375228881836,75+
66.0,60.895687,-5.104312896728516,5.104312896728516,60-74
64.0,65.873856,1.8738555908203125,1.8738555908203125,60-74
66.0,52.9908,-13.009201049804688,13.009201049804688,60-74
72.0,70.01807,-1.98193359375,1.98193359375,60-74
33.0,37.762817,4.7628173828125,4.7628173828125,30-44
15.0,25.806997,10.806997299194336,10.806997299194336,0-17
18.0,33.28492,15.284919738769531,15.284919738769531,18-29
30.0,45.707085,15.707084655761719,15.707084655761719,30-44
15.0,17.212296,2.2122955322265625,2.2122955322265625,0-17
51.0,47.655735,-3.3442649841308594,3.3442649841308594,45-59
35.0,33.48581,-1.514190673828125,1.514190673828125,30-44
46.0,48.18145,2.1814498901367188,2.1814498901367188,45-59
54.0,42.471962,-11.528038024902344,11.528038024902344,45-59
38.0,52.166832,14.166831970214844,14.166831970214844,30-44
67.0,68.26569,1.2656936645507812,1.2656936645507812,60-74
34.0,35.46955,1.4695510864257812,1.4695510864257812,30-44
73.0,41.026913,-31.973087310791016,31.973087310791016,60-74
39.0,41.870102,2.8701019287109375,2.8701019287109375,30-44
45.0,31.851608,-13.148391723632812,13.148391723632812,45-59
15.0,18.18947,3.1894702911376953,3.1894702911376953,0-17
56.0,33.257492,-22.742507934570312,22.742507934570312,45-59
53.0,37.9327,-15.067298889160156,15.067298889160156,45-59
63.0,69.92082,6.9208221435546875,6.9208221435546875,60-74
44.0,42.294327,-1.7056732177734375,1.7056732177734375,30-44
34.0,38.2526,4.252601623535156,4.252601623535156,30-44
40.0,62.750023,22.750022888183594,22.750022888183594,30-44
14.0,13.323148,-0.6768522262573242,0.6768522262573242,0-17
56.0,51.320984,-4.67901611328125,4.67901611328125,45-59
63.0,58.403976,-4.5960235595703125,4.5960235595703125,60-74
74.0,48.49054,-25.50946044921875,25.50946044921875,60-74
73.0,55.394375,-17.60562515258789,17.60562515258789,60-74
16.0,21.692406,5.692405700683594,5.692405700683594,0-17
70.0,74.721855,4.721855163574219,4.721855163574219,60-74
63.0,63.824314,0.8243141174316406,0.8243141174316406,60-74
31.0,24.705318,-6.294681549072266,6.294681549072266,30-44
65.0,41.80369,-23.196308135986328,23.196308135986328,60-74
30.0,40.60974,10.6097412109375,10.6097412109375,30-44
71.0,55.17481,-15.825191497802734,15.825191497802734,60-74
13.0,25.163572,12.163572311401367,12.163572311401367,0-17
15.0,15.71091,0.7109098434448242,0.7109098434448242,0-17
45.0,44.83963,-0.160369873046875,0.160369873046875,45-59
68.0,59.689667,-8.310333251953125,8.310333251953125,60-74
15.0,24.685516,9.685516357421875,9.685516357421875,0-17
54.0,45.182266,-8.817733764648438,8.817733764648438,45-59
34.0,27.925291,-6.074708938598633,6.074708938598633,30-44
76.0,70.17674,-5.8232574462890625,5.8232574462890625,75+
19.0,22.77295,3.77294921875,3.77294921875,18-29
44.0,50.36999,6.369991302490234,6.369991302490234,30-44
57.0,65.3465,8.34649658203125,8.34649658203125,45-59
39.0,38.500156,-0.4998435974121094,0.4998435974121094,30-44
33.0,45.55002,12.550018310546875,12.550018310546875,30-44
66.0,58.857536,-7.142463684082031,7.142463684082031,60-74
25.0,26.854134,1.8541336059570312,1.8541336059570312,18-29
13.0,9.465789,-3.5342111587524414,3.5342111587524414,0-17
24.0,22.264189,-1.7358112335205078,1.7358112335205078,18-29
40.0,31.991331,-8.008668899536133,8.008668899536133,30-44
74.0,48.197704,-25.802295684814453,25.802295684814453,60-74
17.0,25.160156,8.16015625,8.16015625,0-17
59.0,42.526085,-16.473915100097656,16.473915100097656,45-59
74.0,47.838318,-26.16168212890625,26.16168212890625,60-74
54.0,57.163387,3.1633872985839844,3.1633872985839844,45-59
39.0,33.65797,-5.342029571533203,5.342029571533203,30-44
39.0,35.867622,-3.1323776245117188,3.1323776245117188,30-44
20.0,20.647076,0.6470756530761719,0.6470756530761719,18-29
65.0,45.436207,-19.563793182373047,19.563793182373047,60-74
67.0,66.04635,-0.9536514282226562,0.9536514282226562,60-74
53.0,61.022423,8.022422790527344,8.022422790527344,45-59
60.0,59.719795,-0.28020477294921875,0.28020477294921875,60-74
38.0,36.145,-1.8549995422363281,1.8549995422363281,30-44
54.0,41.687267,-12.312732696533203,12.312732696533203,45-59
71.0,66.740005,-4.2599945068359375,4.2599945068359375,60-74
37.0,37.935375,0.9353752136230469,0.9353752136230469,30-44
76.0,43.533855,-32.46614456176758,32.46614456176758,75+
65.0,66.01973,1.0197296142578125,1.0197296142578125,60-74
54.0,51.338173,-2.6618270874023438,2.6618270874023438,45-59
14.0,15.037828,1.0378284454345703,1.0378284454345703,0-17
76.0,63.033997,-12.96600341796875,12.96600341796875,75+
47.0,37.1437,-9.856300354003906,9.856300354003906,45-59
13.0,13.980663,0.9806632995605469,0.9806632995605469,0-17
45.0,38.6729,-6.327098846435547,6.327098846435547,45-59
57.0,57.85845,0.8584518432617188,0.8584518432617188,45-59
36.0,42.091652,6.091651916503906,6.091651916503906,30-44
18.0,28.10699,10.106990814208984,10.106990814208984,18-29
63.0,56.088577,-6.9114227294921875,6.9114227294921875,60-74
30.0,47.255074,17.25507354736328,17.25507354736328,30-44
57.0,57.46443,0.4644317626953125,0.4644317626953125,45-59
72.0,55.774208,-16.225791931152344,16.225791931152344,60-74
17.0,22.83291,5.832910537719727,5.832910537719727,0-17
50.0,49.976444,-0.023555755615234375,0.023555755615234375,45-59
69.0,65.67215,-3.327850341796875,3.327850341796875,60-74
67.0,63.645226,-3.3547744750976562,3.3547744750976562,60-74
36.0,40.580914,4.580913543701172,4.580913543701172,30-44
28.0,27.321404,-0.6785964965820312,0.6785964965820312,18-29
57.0,63.080437,6.080436706542969,6.080436706542969,45-59
15.0,17.010607,2.0106067657470703,2.0106067657470703,0-17
61.0,54.554703,-6.4452972412109375,6.4452972412109375,60-74
38.0,37.371662,-0.6283378601074219,0.6283378601074219,30-44
36.0,46.65731,10.657310485839844,10.657310485839844,30-44
16.0,22.740938,6.740938186645508,6.740938186645508,0-17
45.0,29.144941,-15.855058670043945,15.855058670043945,45-59
15.0,14.757647,-0.2423534393310547,0.2423534393310547,0-17
43.0,32.76419,-10.235809326171875,10.235809326171875,30-44
64.0,47.221416,-16.778583526611328,16.778583526611328,60-74
45.0,56.52762,11.527618408203125,11.527618408203125,45-59
12.0,11.692029,-0.3079710006713867,0.3079710006713867,0-17
33.0,32.079395,-0.9206047058105469,0.9206047058105469,30-44
35.0,29.28673,-5.71327018737793,5.71327018737793,30-44
61.0,64.67951,3.6795120239257812,3.6795120239257812,60-74
31.0,24.5684,-6.431600570678711,6.431600570678711,30-44
60.0,32.74986,-27.250141143798828,27.250141143798828,60-74
76.0,72.9254,-3.0746002197265625,3.0746002197265625,75+
14.0,13.229819,-0.7701807022094727,0.7701807022094727,0-17
52.0,44.86789,-7.132110595703125,7.132110595703125,45-59
55.0,63.030533,8.030532836914062,8.030532836914062,45-59
61.0,48.996223,-12.003776550292969,12.003776550292969,60-74
64.0,37.99644,-26.003559112548828,26.003559112548828,60-74
16.0,23.273561,7.273561477661133,7.273561477661133,0-17
30.0,48.006283,18.006282806396484,18.006282806396484,30-44
25.0,52.96205,27.962051391601562,27.962051391601562,18-29
58.0,57.096092,-0.9039077758789062,0.9039077758789062,45-59
50.0,44.583923,-5.41607666015625,5.41607666015625,45-59
55.0,45.85611,-9.143890380859375,9.143890380859375,45-59
59.0,58.717422,-0.2825775146484375,0.2825775146484375,45-59
17.0,25.130846,8.13084602355957,8.13084602355957,0-17
75.0,38.841606,-36.15839385986328,36.15839385986328,75+
62.0,56.815083,-5.184917449951172,5.184917449951172,60-74
14.0,33.775826,19.77582550048828,19.77582550048828,0-17
45.0,21.488966,-23.51103401184082,23.51103401184082,45-59
15.0,31.923676,16.923675537109375,16.923675537109375,0-17
32.0,51.34039,19.340389251708984,19.340389251708984,30-44
23.0,34.657536,11.657535552978516,11.657535552978516,18-29
36.0,34.09456,-1.9054412841796875,1.9054412841796875,30-44
13.0,13.59922,0.5992202758789062,0.5992202758789062,0-17
65.0,54.02773,-10.972270965576172,10.972270965576172,60-74
66.0,68.818924,2.8189239501953125,2.8189239501953125,60-74
54.0,57.64977,3.649768829345703,3.649768829345703,45-59
70.0,69.6142,-0.38580322265625,0.38580322265625,60-74
70.0,62.492813,-7.5071868896484375,7.5071868896484375,60-74
16.0,27.576845,11.576845169067383,11.576845169067383,0-17
49.0,51.724594,2.7245941162109375,2.7245941162109375,45-59
70.0,70.43079,0.43079376220703125,0.43079376220703125,60-74
21.0,59.023163,38.023162841796875,38.023162841796875,18-29
65.0,69.294205,4.2942047119140625,4.2942047119140625,60-74
56.0,55.27013,-0.7298698425292969,0.7298698425292969,45-59
62.0,32.09133,-29.908668518066406,29.908668518066406,60-74
30.0,23.448849,-6.551151275634766,6.551151275634766,30-44
18.0,28.775558,10.775558471679688,10.775558471679688,18-29
78.0,42.17626,-35.82373809814453,35.82373809814453,75+
31.0,29.396175,-1.6038246154785156,1.6038246154785156,30-44
17.0,28.758091,11.75809097290039,11.75809097290039,0-17
41.0,50.228603,9.22860336303711,9.22860336303711,30-44
13.0,11.13516,-1.8648395538330078,1.8648395538330078,0-17
31.0,27.90077,-3.0992298126220703,3.0992298126220703,30-44
18.0,23.894016,5.894016265869141,5.894016265869141,18-29
70.0,52.854473,-17.145526885986328,17.145526885986328,60-74
12.0,17.115755,5.115755081176758,5.115755081176758,0-17
40.0,33.245102,-6.7548980712890625,6.7548980712890625,30-44
14.0,22.33859,8.338590621948242,8.338590621948242,0-17
40.0,32.395885,-7.604114532470703,7.604114532470703,30-44
77.0,56.975334,-20.02466583251953,20.02466583251953,75+
60.0,42.442787,-17.557212829589844,17.557212829589844,60-74
54.0,56.41089,2.410888671875,2.410888671875,45-59
62.0,58.66528,-3.3347206115722656,3.3347206115722656,60-74
45.0,54.610565,9.610565185546875,9.610565185546875,45-59
64.0,52.114513,-11.885486602783203,11.885486602783203,60-74
58.0,62.13404,4.134040832519531,4.134040832519531,45-59
76.0,71.45316,-4.546836853027344,4.546836853027344,75+
32.0,40.696136,8.696136474609375,8.696136474609375,30-44
43.0,17.64579,-25.354209899902344,25.354209899902344,30-44
44.0,52.10222,8.102218627929688,8.102218627929688,30-44
21.0,32.511337,11.511337280273438,11.511337280273438,18-29
49.0,28.930906,-20.069093704223633,20.069093704223633,45-59
68.0,57.78426,-10.215740203857422,10.215740203857422,60-74
45.0,46.386185,1.3861846923828125,1.3861846923828125,45-59
53.0,46.309986,-6.690013885498047,6.690013885498047,45-59
63.0,61.48812,-1.5118789672851562,1.5118789672851562,60-74
60.0,53.028103,-6.971897125244141,6.971897125244141,60-74
26.0,31.334923,5.334922790527344,5.334922790527344,18-29
18.0,11.921489,-6.0785112380981445,6.0785112380981445,18-29
23.0,31.170927,8.170927047729492,8.170927047729492,18-29
32.0,25.731941,-6.268058776855469,6.268058776855469,30-44
45.0,54.52647,9.526470184326172,9.526470184326172,45-59
45.0,36.34771,-8.652290344238281,8.652290344238281,45-59
55.0,66.427246,11.42724609375,11.42724609375,45-59
60.0,59.98225,-0.017749786376953125,0.017749786376953125,60-74
78.0,49.318737,-28.681262969970703,28.681262969970703,75+
77.0,66.21469,-10.785308837890625,10.785308837890625,75+
17.0,41.709026,24.709026336669922,24.709026336669922,0-17
13.0,12.886682,-0.11331844329833984,0.11331844329833984,0-17
69.0,62.89313,-6.106868743896484,6.106868743896484,60-74
68.0,42.67721,-25.32278823852539,25.32278823852539,60-74
73.0,63.839405,-9.160594940185547,9.160594940185547,60-74
20.0,24.481384,4.48138427734375,4.48138427734375,18-29
62.0,59.952404,-2.047595977783203,2.047595977783203,60-74
16.0,39.26534,23.265338897705078,23.265338897705078,0-17
55.0,57.944283,2.9442825317382812,2.9442825317382812,45-59
45.0,41.527863,-3.472137451171875,3.472137451171875,45-59
70.0,68.697655,-1.3023452758789062,1.3023452758789062,60-74
41.0,18.784033,-22.215967178344727,22.215967178344727,30-44
28.0,23.296873,-4.703126907348633,4.703126907348633,18-29
57.0,66.03436,9.03436279296875,9.03436279296875,45-59
52.0,55.054966,3.0549659729003906,3.0549659729003906,45-59
47.0,53.872684,6.872684478759766,6.872684478759766,45-59
17.0,23.604912,6.604911804199219,6.604911804199219,0-17
42.0,27.728209,-14.271791458129883,14.271791458129883,30-44
65.0,56.71543,-8.284568786621094,8.284568786621094,60-74
50.0,47.705593,-2.2944068908691406,2.2944068908691406,45-59
63.0,59.103607,-3.896392822265625,3.896392822265625,60-74
17.0,19.191822,2.191822052001953,2.191822052001953,0-17
34.0,58.9489,24.948898315429688,24.948898315429688,30-44
63.0,64.17866,1.1786575317382812,1.1786575317382812,60-74
35.0,42.481297,7.481296539306641,7.481296539306641,30-44
24.0,18.591473,-5.408527374267578,5.408527374267578,18-29
23.0,41.819996,18.819995880126953,18.819995880126953,18-29
60.0,48.367428,-11.632572174072266,11.632572174072266,60-74
69.0,63.363327,-5.6366729736328125,5.6366729736328125,60-74
29.0,41.395897,12.395896911621094,12.395896911621094,18-29
63.0,59.1979,-3.8021011352539062,3.8021011352539062,60-74
18.0,24.696175,6.696174621582031,6.696174621582031,18-29
22.0,29.147356,7.147356033325195,7.147356033325195,18-29
13.0,25.163572,12.163572311401367,12.163572311401367,0-17
38.0,50.266376,12.266376495361328,12.266376495361328,30-44
57.0,47.22243,-9.777568817138672,9.777568817138672,45-59
12.0,25.887386,13.887386322021484,13.887386322021484,0-17
19.0,27.739536,8.73953628540039,8.73953628540039,18-29
63.0,58.988655,-4.011344909667969,4.011344909667969,60-74
28.0,26.176334,-1.8236656188964844,1.8236656188964844,18-29
57.0,61.525738,4.525737762451172,4.525737762451172,45-59
48.0,60.055172,12.055171966552734,12.055171966552734,45-59
62.0,63.688084,1.6880836486816406,1.6880836486816406,60-74
34.0,28.530252,-5.469747543334961,5.469747543334961,30-44
77.0,63.98094,-13.019058227539062,13.019058227539062,75+
61.0,54.90035,-6.099651336669922,6.099651336669922,60-74
48.0,65.25535,17.255348205566406,17.255348205566406,45-59
65.0,49.23759,-15.762409210205078,15.762409210205078,60-74
29.0,41.686882,12.686882019042969,12.686882019042969,18-29
52.0,49.997383,-2.0026168823242188,2.0026168823242188,45-59
29.0,47.105423,18.105422973632812,18.105422973632812,18-29
16.0,20.054022,4.054021835327148,4.054021835327148,0-17
65.0,54.984062,-10.015937805175781,10.015937805175781,60-74
58.0,59.137917,1.1379165649414062,1.1379165649414062,45-59
63.0,51.935333,-11.064666748046875,11.064666748046875,60-74
18.0,25.180296,7.180295944213867,7.180295944213867,18-29
49.0,45.372406,-3.627593994140625,3.627593994140625,45-59
36.0,55.20798,19.20798110961914,19.20798110961914,30-44
60.0,59.37578,-0.6242218017578125,0.6242218017578125,60-74
72.0,63.87314,-8.126861572265625,8.126861572265625,60-74
33.0,21.4223,-11.577699661254883,11.577699661254883,30-44
19.0,21.447914,2.4479141235351562,2.4479141235351562,18-29
51.0,60.239227,9.239227294921875,9.239227294921875,45-59
68.0,63.04713,-4.952869415283203,4.952869415283203,60-74
26.0,42.057785,16.057785034179688,16.057785034179688,18-29
42.0,33.74021,-8.259788513183594,8.259788513183594,30-44
14.0,8.290525,-5.709474563598633,5.709474563598633,0-17
18.0,21.88235,3.8823509216308594,3.8823509216308594,18-29
14.0,27.849503,13.849502563476562,13.849502563476562,0-17
50.0,26.50714,-23.492860794067383,23.492860794067383,45-59
72.0,57.9847,-14.015300750732422,14.015300750732422,60-74
56.0,50.159824,-5.840175628662109,5.840175628662109,45-59
60.0,48.859215,-11.140785217285156,11.140785217285156,60-74
45.0,66.22383,21.223831176757812,21.223831176757812,45-59
66.0,60.664536,-5.3354644775390625,5.3354644775390625,60-74
44.0,63.876587,19.8765869140625,19.8765869140625,30-44
77.0,57.80253,-19.197471618652344,19.197471618652344,75+
26.0,16.423328,-9.576671600341797,9.576671600341797,18-29
14.0,42.021027,28.021026611328125,28.021026611328125,0-17
62.0,40.158806,-21.84119415283203,21.84119415283203,60-74
25.0,23.538706,-1.461294174194336,1.461294174194336,18-29
54.0,50.167484,-3.8325157165527344,3.8325157165527344,45-59
41.0,44.424217,3.4242172241210938,3.4242172241210938,30-44
34.0,36.25537,2.25537109375,2.25537109375,30-44
26.0,30.869673,4.869672775268555,4.869672775268555,18-29
35.0,44.527027,9.527027130126953,9.527027130126953,30-44
66.0,57.95533,-8.044670104980469,8.044670104980469,60-74
48.0,42.02676,-5.973239898681641,5.973239898681641,45-59
63.0,52.299828,-10.700172424316406,10.700172424316406,60-74
78.0,67.97399,-10.026008605957031,10.026008605957031,75+
45.0,39.95743,-5.042568206787109,5.042568206787109,45-59
70.0,63.954094,-6.045906066894531,6.045906066894531,60-74
61.0,42.88231,-18.117691040039062,18.117691040039062,60-74
48.0,35.19793,-12.802070617675781,12.802070617675781,45-59
17.0,19.858965,2.8589649200439453,2.8589649200439453,0-17
16.0,19.949484,3.949483871459961,3.949483871459961,0-17
52.0,30.441639,-21.558361053466797,21.558361053466797,45-59
59.0,44.814022,-14.185977935791016,14.185977935791016,45-59
40.0,26.130108,-13.869892120361328,13.869892120361328,30-44
30.0,37.974346,7.974346160888672,7.974346160888672,30-44
15.0,19.561108,4.561107635498047,4.561107635498047,0-17
41.0,58.726868,17.72686767578125,17.72686767578125,30-44
39.0,30.56382,-8.436180114746094,8.436180114746094,30-44
18.0,30.956236,12.956235885620117,12.956235885620117,18-29
48.0,35.40201,-12.59798812866211,12.59798812866211,45-59
21.0,16.890835,-4.109165191650391,4.109165191650391,18-29
40.0,44.90886,4.9088592529296875,4.9088592529296875,30-44
52.0,31.862919,-20.137081146240234,20.137081146240234,45-59
62.0,67.196075,5.196075439453125,5.196075439453125,60-74
74.0,33.313194,-40.686805725097656,40.686805725097656,60-74
43.0,39.318546,-3.6814537048339844,3.6814537048339844,30-44
64.0,62.06431,-1.9356918334960938,1.9356918334960938,60-74
38.0,53.06012,15.06011962890625,15.06011962890625,30-44
21.0,29.606873,8.60687255859375,8.60687255859375,18-29
22.0,49.332054,27.332054138183594,27.332054138183594,18-29
26.0,25.55075,-0.449249267578125,0.449249267578125,18-29
52.0,41.23806,-10.761940002441406,10.761940002441406,45-59
58.0,57.391945,-0.6080551147460938,0.6080551147460938,45-59
83.0,39.030357,-43.969642639160156,43.969642639160156,75+
31.0,23.834787,-7.165212631225586,7.165212631225586,30-44
31.0,39.59311,8.593109130859375,8.593109130859375,30-44
32.0,45.79386,13.793861389160156,13.793861389160156,30-44
16.0,18.777027,2.777027130126953,2.777027130126953,0-17
65.0,51.636654,-13.363346099853516,13.363346099853516,60-74
53.0,48.6687,-4.331298828125,4.331298828125,45-59
45.0,35.750378,-9.249622344970703,9.249622344970703,45-59
63.0,56.981197,-6.018802642822266,6.018802642822266,60-74
53.0,61.01528,8.015281677246094,8.015281677246094,45-59
67.0,59.807568,-7.192432403564453,7.192432403564453,60-74
13.0,12.654609,-0.34539127349853516,0.34539127349853516,0-17
19.0,31.990288,12.990287780761719,12.990287780761719,18-29
69.0,59.552643,-9.447357177734375,9.447357177734375,60-74
67.0,48.816322,-18.183677673339844,18.183677673339844,60-74
13.0,20.539417,7.539417266845703,7.539417266845703,0-17
71.0,55.451057,-15.548942565917969,15.548942565917969,60-74
70.0,69.54263,-0.457366943359375,0.457366943359375,60-74
70.0,53.85858,-16.14141845703125,16.14141845703125,60-74
64.0,52.544548,-11.455451965332031,11.455451965332031,60-74
49.0,58.779594,9.779594421386719,9.779594421386719,45-59
65.0,53.356976,-11.643024444580078,11.643024444580078,60-74
35.0,48.610153,13.610153198242188,13.610153198242188,30-44
44.0,48.34446,4.344459533691406,4.344459533691406,30-44
44.0,44.21124,0.21123886108398438,0.21123886108398438,30-44
34.0,55.55504,21.555038452148438,21.555038452148438,30-44
47.0,28.25525,-18.744749069213867,18.744749069213867,45-59
35.0,48.943,13.943000793457031,13.943000793457031,30-44
32.0,25.0105,-6.989500045776367,6.989500045776367,30-44
68.0,36.972755,-31.027244567871094,31.027244567871094,60-74
29.0,31.123707,2.123706817626953,2.123706817626953,18-29
27.0,33.324467,6.324466705322266,6.324466705322266,18-29
36.0,34.56609,-1.4339103698730469,1.4339103698730469,30-44
75.0,58.436638,-16.56336212158203,16.56336212158203,75+
34.0,39.333996,5.333995819091797,5.333995819091797,30-44
19.0,25.375679,6.375679016113281,6.375679016113281,18-29
60.0,49.257824,-10.742176055908203,10.742176055908203,60-74
62.0,52.66232,-9.33768081665039,9.33768081665039,60-74
50.0,59.856354,9.856353759765625,9.856353759765625,45-59
71.0,69.11727,-1.8827285766601562,1.8827285766601562,60-74
34.0,35.004875,1.0048751831054688,1.0048751831054688,30-44
17.0,21.616068,4.616067886352539,4.616067886352539,0-17
61.0,58.79502,-2.2049789428710938,2.2049789428710938,60-74
32.0,41.46185,9.461849212646484,9.461849212646484,30-44
54.0,63.031822,9.031822204589844,9.031822204589844,45-59
52.0,50.9562,-1.0438003540039062,1.0438003540039062,45-59
24.0,30.891779,6.891778945922852,6.891778945922852,18-29
51.0,40.00721,-10.992790222167969,10.992790222167969,45-59
13.0,13.212616,0.212615966796875,0.212615966796875,0-17
68.0,71.88668,3.8866806030273438,3.8866806030273438,60-74
71.0,69.2187,-1.7813034057617188,1.7813034057617188,60-74
20.0,22.004137,2.0041370391845703,2.0041370391845703,18-29
18.0,18.565985,0.5659847259521484,0.5659847259521484,18-29
63.0,59.071228,-3.92877197265625,3.92877197265625,60-74
74.0,61.366245,-12.63375473022461,12.63375473022461,60-74
50.0,52.11694,2.1169395446777344,2.1169395446777344,45-59
51.0,54.770367,3.770366668701172,3.770366668701172,45-59
47.0,45.773136,-1.2268638610839844,1.2268638610839844,45-59
28.0,40.512775,12.512775421142578,12.512775421142578,18-29
14.0,34.484753,20.484752655029297,20.484752655029297,0-17
12.0,11.595696,-0.40430355072021484,0.40430355072021484,0-17
43.0,41.50688,-1.4931182861328125,1.4931182861328125,30-44
35.0,44.76442,9.764419555664062,9.764419555664062,30-44
22.0,18.281834,-3.7181663513183594,3.7181663513183594,18-29
27.0,47.351803,20.351802825927734,20.351802825927734,18-29
67.0,41.48673,-25.51327133178711,25.51327133178711,60-74
61.0,63.750324,2.750324249267578,2.750324249267578,60-74
53.0,34.798927,-18.201072692871094,18.201072692871094,45-59
23.0,31.218855,8.218854904174805,8.218854904174805,18-29
25.0,35.877754,10.877754211425781,10.877754211425781,18-29
60.0,59.00755,-0.9924507141113281,0.9924507141113281,60-74
35.0,41.892464,6.892463684082031,6.892463684082031,30-44
29.0,45.73437,16.734371185302734,16.734371185302734,18-29
41.0,43.87351,2.8735084533691406,2.8735084533691406,30-44
14.0,12.420904,-1.5790958404541016,1.5790958404541016,0-17
65.0,62.194942,-2.8050575256347656,2.8050575256347656,60-74
28.0,29.370247,1.3702468872070312,1.3702468872070312,18-29
63.0,35.797695,-27.20230484008789,27.20230484008789,60-74
32.0,31.588602,-0.41139793395996094,0.41139793395996094,30-44
29.0,44.594563,15.594562530517578,15.594562530517578,18-29
29.0,53.26005,24.260051727294922,24.260051727294922,18-29
79.0,48.733845,-30.266155242919922,30.266155242919922,75+
31.0,31.080242,0.08024215698242188,0.08024215698242188,30-44
57.0,60.702778,3.702777862548828,3.702777862548828,45-59
19.0,23.099182,4.09918212890625,4.09918212890625,18-29
34.0,50.75127,16.751270294189453,16.751270294189453,30-44
45.0,48.584816,3.5848159790039062,3.5848159790039062,45-59
34.0,25.210941,-8.789058685302734,8.789058685302734,30-44
60.0,50.959938,-9.040061950683594,9.040061950683594,60-74
12.0,13.335859,1.3358592987060547,1.3358592987060547,0-17
49.0,23.981373,-25.018627166748047,25.018627166748047,45-59
40.0,48.993896,8.993896484375,8.993896484375,30-44
50.0,41.139236,-8.860763549804688,8.860763549804688,45-59
69.0,76.37677,7.37677001953125,7.37677001953125,60-74
18.0,17.823547,-0.17645263671875,0.17645263671875,18-29
37.0,48.1453,11.145301818847656,11.145301818847656,30-44
61.0,60.636585,-0.3634147644042969,0.3634147644042969,60-74
33.0,42.153015,9.15301513671875,9.15301513671875,30-44
50.0,53.55821,3.558208465576172,3.558208465576172,45-59
61.0,61.159737,0.15973663330078125,0.15973663330078125,60-74
17.0,37.86314,20.863140106201172,20.863140106201172,0-17
24.0,27.990038,3.9900379180908203,3.9900379180908203,18-29
73.0,56.11423,-16.88576889038086,16.88576889038086,60-74
43.0,42.048244,-0.9517555236816406,0.9517555236816406,30-44
21.0,29.288876,8.288875579833984,8.288875579833984,18-29
49.0,58.308796,9.308795928955078,9.308795928955078,45-59
23.0,29.426825,6.426824569702148,6.426824569702148,18-29
12.0,11.776074,-0.22392559051513672,0.22392559051513672,0-17
65.0,47.181675,-17.81832504272461,17.81832504272461,60-74
18.0,17.204956,-0.7950439453125,0.7950439453125,18-29
16.0,28.851683,12.851682662963867,12.851682662963867,0-17
40.0,28.559525,-11.440475463867188,11.440475463867188,30-44
42.0,42.61709,0.6170883178710938,0.6170883178710938,30-44
59.0,61.464317,2.4643173217773438,2.4643173217773438,45-59
51.0,41.06739,-9.932609558105469,9.932609558105469,45-59
54.0,68.75286,14.752861022949219,14.752861022949219,45-59
36.0,37.172493,1.1724929809570312,1.1724929809570312,30-44
17.0,12.388813,-4.611186981201172,4.611186981201172,0-17
15.0,15.805243,0.8052425384521484,0.8052425384521484,0-17
58.0,62.921852,4.921852111816406,4.921852111816406,45-59
49.0,54.803528,5.80352783203125,5.80352783203125,45-59
47.0,68.15169,21.151687622070312,21.151687622070312,45-59
50.0,35.957844,-14.042156219482422,14.042156219482422,45-59
43.0,42.61751,-0.3824882507324219,0.3824882507324219,30-44
38.0,51.28868,13.288681030273438,13.288681030273438,30-44
24.0,29.147635,5.147634506225586,5.147634506225586,18-29
26.0,25.589434,-0.4105663299560547,0.4105663299560547,18-29
12.0,11.668244,-0.3317556381225586,0.3317556381225586,0-17
42.0,31.149883,-10.850116729736328,10.850116729736328,30-44
23.0,22.613867,-0.38613319396972656,0.38613319396972656,18-29
20.0,29.802862,9.802862167358398,9.802862167358398,18-29
58.0,60.792587,2.7925872802734375,2.7925872802734375,45-59
69.0,68.07221,-0.9277877807617188,0.9277877807617188,60-74
42.0,51.63852,9.638519287109375,9.638519287109375,30-44
22.0,24.249348,2.249347686767578,2.249347686767578,18-29
85.0,63.026756,-21.973243713378906,21.973243713378906,75+
51.0,53.00823,2.008228302001953,2.008228302001953,45-59
17.0,45.149303,28.149303436279297,28.149303436279297,0-17
15.0,13.348141,-1.6518592834472656,1.6518592834472656,0-17
41.0,31.922268,-9.07773208618164,9.07773208618164,30-44
17.0,17.250137,0.2501373291015625,0.2501373291015625,0-17
17.0,25.896969,8.896968841552734,8.896968841552734,0-17
79.0,70.09596,-8.904037475585938,8.904037475585938,75+
63.0,59.914112,-3.085887908935547,3.085887908935547,60-74
55.0,57.161587,2.1615867614746094,2.1615867614746094,45-59
73.0,61.995808,-11.004192352294922,11.004192352294922,60-74
33.0,17.690556,-15.309444427490234,15.309444427490234,30-44
63.0,64.722824,1.7228240966796875,1.7228240966796875,60-74
33.0,31.366573,-1.6334266662597656,1.6334266662597656,30-44
59.0,61.4717,2.471698760986328,2.471698760986328,45-59
33.0,42.889824,9.889823913574219,9.889823913574219,30-44
66.0,52.385014,-13.614986419677734,13.614986419677734,60-74
63.0,62.720753,-0.2792472839355469,0.2792472839355469,60-74
62.0,71.16999,9.169990539550781,9.169990539550781,60-74
18.0,25.097078,7.097078323364258,7.097078323364258,18-29
12.0,14.517112,2.5171117782592773,2.5171117782592773,0-17
35.0,17.116322,-17.883678436279297,17.883678436279297,30-44
76.0,48.755875,-27.244125366210938,27.244125366210938,75+
41.0,40.731586,-0.2684135437011719,0.2684135437011719,30-44
41.0,46.73842,5.7384185791015625,5.7384185791015625,30-44
68.0,71.13764,3.1376419067382812,3.1376419067382812,60-74
52.0,41.999344,-10.000656127929688,10.000656127929688,45-59
50.0,25.563862,-24.436138153076172,24.436138153076172,45-59
32.0,25.655579,-6.34442138671875,6.34442138671875,30-44
47.0,48.064316,1.0643157958984375,1.0643157958984375,45-59
67.0,65.007805,-1.9921951293945312,1.9921951293945312,60-74
19.0,22.57344,3.5734405517578125,3.5734405517578125,18-29
46.0,36.458004,-9.541996002197266,9.541996002197266,45-59
62.0,64.584114,2.5841140747070312,2.5841140747070312,60-74
71.0,65.50019,-5.499809265136719,5.499809265136719,60-74
57.0,54.49108,-2.5089187622070312,2.5089187622070312,45-59
16.0,19.801353,3.8013534545898438,3.8013534545898438,0-17
71.0,72.16178,1.1617813110351562,1.1617813110351562,60-74
16.0,24.313597,8.313596725463867,8.313596725463867,0-17
41.0,33.016598,-7.983402252197266,7.983402252197266,30-44
57.0,45.637848,-11.362152099609375,11.362152099609375,45-59
70.0,54.464447,-15.535552978515625,15.535552978515625,60-74
17.0,23.011381,6.011381149291992,6.011381149291992,0-17
61.0,56.276592,-4.723407745361328,4.723407745361328,60-74
37.0,36.102646,-0.8973541259765625,0.8973541259765625,30-44
72.0,57.104195,-14.895805358886719,14.895805358886719,60-74
35.0,48.36517,13.365169525146484,13.365169525146484,30-44
69.0,57.939774,-11.060226440429688,11.060226440429688,60-74
34.0,35.261276,1.2612762451171875,1.2612762451171875,30-44
60.0,59.040794,-0.9592056274414062,0.9592056274414062,60-74
19.0,25.620502,6.620502471923828,6.620502471923828,18-29
34.0,34.352932,0.3529319763183594,0.3529319763183594,30-44
58.0,68.56016,10.560157775878906,10.560157775878906,45-59
55.0,54.490635,-0.5093650817871094,0.5093650817871094,45-59
71.0,58.73458,-12.265419006347656,12.265419006347656,60-74
59.0,35.569347,-23.430652618408203,23.430652618408203,45-59
53.0,48.724277,-4.275722503662109,4.275722503662109,45-59
39.0,68.177345,29.177345275878906,29.177345275878906,30-44
14.0,12.237346,-1.7626543045043945,1.7626543045043945,0-17
16.0,26.936749,10.936748504638672,10.936748504638672,0-17
65.0,65.18835,0.18834686279296875,0.18834686279296875,60-74
22.0,58.037315,36.037315368652344,36.037315368652344,18-29
23.0,60.91882,37.918819427490234,37.918819427490234,18-29
61.0,39.96706,-21.032939910888672,21.032939910888672,60-74
18.0,35.16834,17.168338775634766,17.168338775634766,18-29
70.0,56.088554,-13.911445617675781,13.911445617675781,60-74
38.0,50.92903,12.929031372070312,12.929031372070312,30-44
13.0,19.856796,6.8567962646484375,6.8567962646484375,0-17
37.0,30.253284,-6.746715545654297,6.746715545654297,30-44
54.0,56.41089,2.410888671875,2.410888671875,45-59
16.0,40.35347,24.353469848632812,24.353469848632812,0-17
19.0,31.609072,12.609071731567383,12.609071731567383,18-29
27.0,34.051144,7.051143646240234,7.051143646240234,18-29
50.0,44.76932,-5.230678558349609,5.230678558349609,45-59
52.0,45.202812,-6.797187805175781,6.797187805175781,45-59
58.0,57.417976,-0.5820236206054688,0.5820236206054688,45-59
46.0,35.584476,-10.415523529052734,10.415523529052734,45-59
67.0,70.93596,3.9359588623046875,3.9359588623046875,60-74
26.0,25.714176,-0.2858238220214844,0.2858238220214844,18-29
46.0,47.09841,1.0984115600585938,1.0984115600585938,45-59
15.0,18.423998,3.4239978790283203,3.4239978790283203,0-17
41.0,21.380527,-19.61947250366211,19.61947250366211,30-44
53.0,47.18205,-5.817951202392578,5.817951202392578,45-59
68.0,52.61915,-15.380851745605469,15.380851745605469,60-74
17.0,34.90401,17.904010772705078,17.904010772705078,0-17
29.0,37.496887,8.49688720703125,8.49688720703125,18-29
54.0,50.15673,-3.8432693481445312,3.8432693481445312,45-59
55.0,63.843475,8.843475341796875,8.843475341796875,45-59
44.0,51.056183,7.056182861328125,7.056182861328125,30-44
55.0,33.081482,-21.91851806640625,21.91851806640625,45-59
83.0,67.993095,-15.006904602050781,15.006904602050781,75+
61.0,59.739666,-1.2603340148925781,1.2603340148925781,60-74
73.0,68.73946,-4.260536193847656,4.260536193847656,60-74
62.0,23.520933,-38.47906684875488,38.47906684875488,60-74
43.0,35.12305,-7.876949310302734,7.876949310302734,30-44
76.0,54.561768,-21.438232421875,21.438232421875,75+
40.0,32.41986,-7.58013916015625,7.58013916015625,30-44
38.0,30.179243,-7.820756912231445,7.820756912231445,30-44
16.0,25.849405,9.849405288696289,9.849405288696289,0-17
58.0,53.643013,-4.356986999511719,4.356986999511719,45-59
21.0,21.208927,0.20892715454101562,0.20892715454101562,18-29
77.0,75.62536,-1.3746414184570312,1.3746414184570312,75+
20.0,64.75485,44.754852294921875,44.754852294921875,18-29
57.0,47.985153,-9.014846801757812,9.014846801757812,45-59
18.0,9.072234,-8.927765846252441,8.927765846252441,18-29
34.0,56.046078,22.046077728271484,22.046077728271484,30-44
19.0,27.458258,8.458257675170898,8.458257675170898,18-29
12.0,23.385899,11.38589859008789,11.38589859008789,0-17
19.0,24.109388,5.10938835144043,5.10938835144043,18-29
79.0,71.904015,-7.095985412597656,7.095985412597656,75+
13.0,10.333206,-2.6667938232421875,2.6667938232421875,0-17
27.0,31.116737,4.116737365722656,4.116737365722656,18-29
42.0,41.788174,-0.21182632446289062,0.21182632446289062,30-44
49.0,61.816357,12.816356658935547,12.816356658935547,45-59
74.0,59.68322,-14.316780090332031,14.316780090332031,60-74
31.0,34.367844,3.3678436279296875,3.3678436279296875,30-44
20.0,44.038986,24.038986206054688,24.038986206054688,18-29
36.0,50.452118,14.452117919921875,14.452117919921875,30-44
47.0,47.53816,0.5381584167480469,0.5381584167480469,45-59
37.0,52.69008,15.690078735351562,15.690078735351562,30-44
41.0,45.398773,4.398773193359375,4.398773193359375,30-44
77.0,61.46934,-15.530658721923828,15.530658721923828,75+
42.0,42.052948,0.052947998046875,0.052947998046875,30-44
51.0,53.884846,2.884845733642578,2.884845733642578,45-59
29.0,49.948826,20.94882583618164,20.94882583618164,18-29
24.0,23.823254,-0.17674636840820312,0.17674636840820312,18-29
28.0,29.914171,1.9141712188720703,1.9141712188720703,18-29
62.0,55.394154,-6.605846405029297,6.605846405029297,60-74
33.0,30.525236,-2.474763870239258,2.474763870239258,30-44
15.0,13.964154,-1.0358457565307617,1.0358457565307617,0-17
22.0,40.372936,18.372936248779297,18.372936248779297,18-29
64.0,62.66187,-1.3381309509277344,1.3381309509277344,60-74
85.0,62.62595,-22.37405014038086,22.37405014038086,75+
14.0,11.153185,-2.8468151092529297,2.8468151092529297,0-17
68.0,63.234337,-4.765663146972656,4.765663146972656,60-74
17.0,40.859127,23.859127044677734,23.859127044677734,0-17
45.0,61.824745,16.824745178222656,16.824745178222656,45-59
65.0,42.834133,-22.16586685180664,22.16586685180664,60-74
36.0,51.54598,15.545978546142578,15.545978546142578,30-44
15.0,18.840239,3.840238571166992,3.840238571166992,0-17
68.0,60.040073,-7.959926605224609,7.959926605224609,60-74
45.0,44.07649,-0.9235115051269531,0.9235115051269531,45-59
61.0,65.244545,4.244544982910156,4.244544982910156,60-74
65.0,65.02814,0.02813720703125,0.02813720703125,60-74
36.0,39.91248,3.9124794006347656,3.9124794006347656,30-44
41.0,54.04068,13.040679931640625,13.040679931640625,30-44
42.0,59.265255,17.265254974365234,17.265254974365234,30-44
18.0,48.49795,30.49795150756836,30.49795150756836,18-29
44.0,41.405384,-2.594615936279297,2.594615936279297,30-44
66.0,52.942997,-13.057003021240234,13.057003021240234,60-74
14.0,10.373725,-3.626275062561035,3.626275062561035,0-17
61.0,47.6214,-13.37860107421875,13.37860107421875,60-74
39.0,39.853775,0.8537750244140625,0.8537750244140625,30-44
53.0,50.464825,-2.535175323486328,2.535175323486328,45-59
63.0,44.46387,-18.536128997802734,18.536128997802734,60-74
63.0,61.061596,-1.9384040832519531,1.9384040832519531,60-74
43.0,59.113102,16.113101959228516,16.113101959228516,30-44
58.0,32.447014,-25.55298614501953,25.55298614501953,45-59
43.0,51.470146,8.470146179199219,8.470146179199219,30-44
61.0,61.66911,0.6691093444824219,0.6691093444824219,60-74
21.0,28.16393,7.163930892944336,7.163930892944336,18-29
57.0,58.33132,1.3313217163085938,1.3313217163085938,45-59
13.0,17.529808,4.529808044433594,4.529808044433594,0-17
52.0,51.49618,-0.5038185119628906,0.5038185119628906,45-59
63.0,50.286137,-12.713863372802734,12.713863372802734,60-74
44.0,30.943289,-13.056711196899414,13.056711196899414,30-44
69.0,61.275906,-7.724094390869141,7.724094390869141,60-74
20.0,31.82462,11.82461929321289,11.82461929321289,18-29
79.0,58.342224,-20.65777587890625,20.65777587890625,75+
55.0,64.02793,9.027931213378906,9.027931213378906,45-59
32.0,42.678947,10.678947448730469,10.678947448730469,30-44
71.0,66.514626,-4.485374450683594,4.485374450683594,60-74
18.0,28.100832,10.100831985473633,10.100831985473633,18-29
61.0,56.191875,-4.808124542236328,4.808124542236328,60-74
15.0,13.518778,-1.481222152709961,1.481222152709961,0-17
70.0,65.23151,-4.76849365234375,4.76849365234375,60-74
38.0,39.24107,1.2410697937011719,1.2410697937011719,30-44
19.0,18.065094,-0.934906005859375,0.934906005859375,18-29
75.0,48.108334,-26.891666412353516,26.891666412353516,75+
12.0,16.154528,4.15452766418457,4.15452766418457,0-17
27.0,42.285564,15.285564422607422,15.285564422607422,18-29
69.0,58.878307,-10.121692657470703,10.121692657470703,60-74
70.0,66.12454,-3.875457763671875,3.875457763671875,60-74
12.0,13.521006,1.521005630493164,1.521005630493164,0-17
19.0,19.79476,0.7947597503662109,0.7947597503662109,18-29
14.0,16.86974,2.869739532470703,2.869739532470703,0-17
32.0,28.57587,-3.4241294860839844,3.4241294860839844,30-44
65.0,62.216526,-2.7834739685058594,2.7834739685058594,60-74
61.0,74.15942,13.159416198730469,13.159416198730469,60-74
75.0,65.0756,-9.924400329589844,9.924400329589844,75+
68.0,57.78426,-10.215740203857422,10.215740203857422,60-74
38.0,27.732088,-10.267911911010742,10.267911911010742,30-44
13.0,18.291069,5.291069030761719,5.291069030761719,0-17
14.0,21.33755,7.337549209594727,7.337549209594727,0-17
21.0,52.410065,31.410064697265625,31.410064697265625,18-29
50.0,60.61917,10.619171142578125,10.619171142578125,45-59
54.0,55.4376,1.4375991821289062,1.4375991821289062,45-59
13.0,11.806297,-1.1937026977539062,1.1937026977539062,0-17
25.0,49.817078,24.81707763671875,24.81707763671875,18-29
53.0,52.916153,-0.0838470458984375,0.0838470458984375,45-59
73.0,58.579506,-14.420494079589844,14.420494079589844,60-74
18.0,20.293194,2.293193817138672,2.293193817138672,18-29
56.0,66.14533,10.145332336425781,10.145332336425781,45-59
34.0,28.969433,-5.030567169189453,5.030567169189453,30-44
20.0,57.66716,37.66716003417969,37.66716003417969,18-29
55.0,59.003975,4.003974914550781,4.003974914550781,45-59
62.0,61.547066,-0.45293426513671875,0.45293426513671875,60-74
17.0,35.215145,18.215145111083984,18.215145111083984,0-17
62.0,61.711864,-0.2881355285644531,0.2881355285644531,60-74
59.0,70.6328,11.632797241210938,11.632797241210938,45-59
60.0,47.373196,-12.62680435180664,12.62680435180664,60-74
36.0,38.028496,2.0284957885742188,2.0284957885742188,30-44
56.0,50.05434,-5.945659637451172,5.945659637451172,45-59
43.0,67.65961,24.65960693359375,24.65960693359375,30-44
13.0,11.132209,-1.8677911758422852,1.8677911758422852,0-17
41.0,42.065502,1.0655021667480469,1.0655021667480469,30-44
40.0,52.831154,12.831153869628906,12.831153869628906,30-44
34.0,42.72734,8.727340698242188,8.727340698242188,30-44
19.0,14.4883585,-4.511641502380371,4.511641502380371,18-29
78.0,66.7928,-11.207199096679688,11.207199096679688,75+
21.0,34.9003,13.900299072265625,13.900299072265625,18-29
33.0,59.806583,26.806583404541016,26.806583404541016,30-44
21.0,40.10141,19.101409912109375,19.101409912109375,18-29
24.0,39.893837,15.893836975097656,15.893836975097656,18-29
36.0,36.781002,0.7810020446777344,0.7810020446777344,30-44
45.0,46.312984,1.3129844665527344,1.3129844665527344,45-59
74.0,48.00471,-25.995288848876953,25.995288848876953,60-74
28.0,31.251892,3.25189208984375,3.25189208984375,18-29
31.0,25.869848,-5.130151748657227,5.130151748657227,30-44
46.0,32.86821,-13.131790161132812,13.131790161132812,45-59
61.0,52.657555,-8.342445373535156,8.342445373535156,60-74
22.0,39.442932,17.44293212890625,17.44293212890625,18-29
21.0,17.692112,-3.3078880310058594,3.3078880310058594,18-29
36.0,41.430088,5.430088043212891,5.430088043212891,30-44
79.0,47.546455,-31.45354461669922,31.45354461669922,75+
18.0,35.00332,17.003318786621094,17.003318786621094,18-29
47.0,42.666973,-4.333026885986328,4.333026885986328,45-59
55.0,63.899033,8.899032592773438,8.899032592773438,45-59
25.0,45.333992,20.33399200439453,20.33399200439453,18-29
34.0,29.076254,-4.923746109008789,4.923746109008789,30-44
16.0,14.029938,-1.970062255859375,1.970062255859375,0-17
38.0,43.32841,5.328411102294922,5.328411102294922,30-44
60.0,52.464245,-7.535755157470703,7.535755157470703,60-74
25.0,25.611856,0.6118564605712891,0.6118564605712891,18-29
78.0,64.71348,-13.286521911621094,13.286521911621094,75+
43.0,41.760468,-1.239532470703125,1.239532470703125,30-44
13.0,14.790476,1.790475845336914,1.790475845336914,0-17
20.0,23.708635,3.7086353302001953,3.7086353302001953,18-29
73.0,68.93136,-4.068641662597656,4.068641662597656,60-74
74.0,70.95871,-3.041290283203125,3.041290283203125,60-74
75.0,55.71922,-19.280780792236328,19.280780792236328,75+
67.0,45.120483,-21.8795166015625,21.8795166015625,60-74
12.0,12.222141,0.22214126586914062,0.22214126586914062,0-17
18.0,33.630096,15.630096435546875,15.630096435546875,18-29
28.0,53.45613,25.456130981445312,25.456130981445312,18-29
45.0,50.5435,5.543498992919922,5.543498992919922,45-59
13.0,14.108995,1.1089954376220703,1.1089954376220703,0-17
28.0,30.67509,2.675090789794922,2.675090789794922,18-29
16.0,17.109398,1.1093978881835938,1.1093978881835938,0-17
65.0,66.421844,1.421844482421875,1.421844482421875,60-74
12.0,17.764984,5.764984130859375,5.764984130859375,0-17
23.0,20.499493,-2.500507354736328,2.500507354736328,18-29
12.0,22.138704,10.138704299926758,10.138704299926758,0-17
42.0,42.565083,0.5650825500488281,0.5650825500488281,30-44
40.0,26.890581,-13.109418869018555,13.109418869018555,30-44
14.0,23.211151,9.211151123046875,9.211151123046875,0-17
39.0,62.046112,23.046112060546875,23.046112060546875,30-44
47.0,52.55544,5.555438995361328,5.555438995361328,45-59
29.0,40.2676,11.267601013183594,11.267601013183594,18-29
26.0,29.1288,3.1287994384765625,3.1287994384765625,18-29
54.0,55.013428,1.013427734375,1.013427734375,45-59
37.0,47.995926,10.995925903320312,10.995925903320312,30-44
49.0,53.181522,4.181522369384766,4.181522369384766,45-59
52.0,63.781677,11.78167724609375,11.78167724609375,45-59
38.0,41.41512,3.415119171142578,3.415119171142578,30-44
71.0,69.663345,-1.3366546630859375,1.3366546630859375,60-74
62.0,61.37494,-0.62506103515625,0.62506103515625,60-74
79.0,57.745033,-21.254966735839844,21.254966735839844,75+
13.0,12.138885,-0.8611154556274414,0.8611154556274414,0-17
12.0,40.01278,28.012779235839844,28.012779235839844,0-17
65.0,64.84354,-0.156463623046875,0.156463623046875,60-74
19.0,30.322937,11.32293701171875,11.32293701171875,18-29
48.0,56.177998,8.177997589111328,8.177997589111328,45-59
66.0,45.062767,-20.937232971191406,20.937232971191406,60-74
20.0,23.540888,3.5408878326416016,3.5408878326416016,18-29
64.0,41.602535,-22.397464752197266,22.397464752197266,60-74
75.0,55.974136,-19.025863647460938,19.025863647460938,75+
65.0,73.236626,8.236625671386719,8.236625671386719,60-74
12.0,13.166383,1.1663827896118164,1.1663827896118164,0-17
32.0,26.45727,-5.542730331420898,5.542730331420898,30-44
50.0,51.89889,1.8988914489746094,1.8988914489746094,45-59
52.0,60.448467,8.448467254638672,8.448467254638672,45-59
30.0,28.711454,-1.2885456085205078,1.2885456085205078,30-44
31.0,29.351831,-1.6481685638427734,1.6481685638427734,30-44
36.0,59.952065,23.952064514160156,23.952064514160156,30-44
16.0,37.18054,21.180538177490234,21.180538177490234,0-17
60.0,53.389366,-6.610633850097656,6.610633850097656,60-74
12.0,11.608616,-0.3913841247558594,0.3913841247558594,0-17
29.0,56.850548,27.850547790527344,27.850547790527344,18-29
53.0,48.46703,-4.532970428466797,4.532970428466797,45-59
51.0,43.824207,-7.175792694091797,7.175792694091797,45-59
49.0,26.515455,-22.48454475402832,22.48454475402832,45-59
48.0,42.73104,-5.268959045410156,5.268959045410156,45-59
55.0,51.647503,-3.352497100830078,3.352497100830078,45-59
53.0,53.56633,0.5663299560546875,0.5663299560546875,45-59
19.0,19.907467,0.9074668884277344,0.9074668884277344,18-29
21.0,35.75905,14.759048461914062,14.759048461914062,18-29
14.0,17.913664,3.913663864135742,3.913663864135742,0-17
53.0,50.010273,-2.989727020263672,2.989727020263672,45-59
72.0,54.583103,-17.41689682006836,17.41689682006836,60-74
15.0,22.363638,7.363637924194336,7.363637924194336,0-17
64.0,55.96176,-8.038238525390625,8.038238525390625,60-74
50.0,43.58492,-6.415081024169922,6.415081024169922,45-59
56.0,61.85604,5.856040954589844,5.856040954589844,45-59
53.0,37.715393,-15.28460693359375,15.28460693359375,45-59
38.0,41.48581,3.485809326171875,3.485809326171875,30-44
13.0,13.018636,0.01863574981689453,0.01863574981689453,0-17
24.0,25.636936,1.6369361877441406,1.6369361877441406,18-29
39.0,44.953423,5.953422546386719,5.953422546386719,30-44
44.0,33.451134,-10.548866271972656,10.548866271972656,30-44
64.0,67.57655,3.5765533447265625,3.5765533447265625,60-74
60.0,56.143127,-3.85687255859375,3.85687255859375,60-74
38.0,39.17508,1.175079345703125,1.175079345703125,30-44
58.0,60.86753,2.8675308227539062,2.8675308227539062,45-59
74.0,51.20923,-22.790771484375,22.790771484375,60-74
60.0,57.36524,-2.6347618103027344,2.6347618103027344,60-74
38.0,26.033094,-11.96690559387207,11.96690559387207,30-44
35.0,39.062588,4.062587738037109,4.062587738037109,30-44
69.0,68.57364,-0.426361083984375,0.426361083984375,60-74
78.0,75.67797,-2.3220291137695312,2.3220291137695312,75+
36.0,49.806583,13.806583404541016,13.806583404541016,30-44
47.0,48.72885,1.728851318359375,1.728851318359375,45-59
25.0,25.998636,0.9986362457275391,0.9986362457275391,18-29
17.0,28.063128,11.063127517700195,11.063127517700195,0-17
46.0,41.502224,-4.497776031494141,4.497776031494141,45-59
40.0,32.41986,-7.58013916015625,7.58013916015625,30-44
64.0,58.844994,-5.155006408691406,5.155006408691406,60-74
21.0,26.722715,5.722715377807617,5.722715377807617,18-29
30.0,36.953766,6.953765869140625,6.953765869140625,30-44
17.0,45.227825,28.227825164794922,28.227825164794922,0-17
41.0,31.507875,-9.492124557495117,9.492124557495117,30-44
51.0,52.34651,1.3465118408203125,1.3465118408203125,45-59
49.0,57.993633,8.993633270263672,8.993633270263672,45-59
38.0,29.460386,-8.539613723754883,8.539613723754883,30-44
69.0,75.52781,6.527809143066406,6.527809143066406,60-74
74.0,74.28626,0.28626251220703125,0.28626251220703125,60-74
48.0,44.106476,-3.893524169921875,3.893524169921875,45-59
35.0,33.954426,-1.0455741882324219,1.0455741882324219,30-44
27.0,41.679806,14.679805755615234,14.679805755615234,18-29
51.0,45.45112,-5.548881530761719,5.548881530761719,45-59
13.0,22.280024,9.280023574829102,9.280023574829102,0-17
51.0,30.851242,-20.148757934570312,20.148757934570312,45-59
18.0,27.478436,9.478435516357422,9.478435516357422,18-29
62.0,63.48303,1.4830284118652344,1.4830284118652344,60-74
67.0,64.37033,-2.629669189453125,2.629669189453125,60-74
41.0,60.962902,19.962902069091797,19.962902069091797,30-44
68.0,58.433876,-9.566123962402344,9.566123962402344,60-74
28.0,41.415073,13.41507339477539,13.41507339477539,18-29
26.0,28.155981,2.1559810638427734,2.1559810638427734,18-29
56.0,48.278027,-7.721973419189453,7.721973419189453,45-59
66.0,63.074394,-2.9256057739257812,2.9256057739257812,60-74
54.0,37.383163,-16.616836547851562,16.616836547851562,45-59
74.0,73.84041,-0.1595916748046875,0.1595916748046875,60-74
28.0,45.00235,17.002349853515625,17.002349853515625,18-29
14.0,20.473078,6.473077774047852,6.473077774047852,0-17
52.0,61.334427,9.334426879882812,9.334426879882812,45-59
59.0,56.168087,-2.8319129943847656,2.8319129943847656,45-59
19.0,19.98731,0.9873104095458984,0.9873104095458984,18-29
59.0,50.021877,-8.97812271118164,8.97812271118164,45-59
22.0,35.51794,13.517940521240234,13.517940521240234,18-29
31.0,27.57743,-3.4225692749023438,3.4225692749023438,30-44
62.0,49.377766,-12.622234344482422,12.622234344482422,60-74
64.0,55.96176,-8.038238525390625,8.038238525390625,60-74
14.0,16.849115,2.8491153717041016,2.8491153717041016,0-17
57.0,58.274097,1.2740974426269531,1.2740974426269531,45-59
64.0,54.728653,-9.271347045898438,9.271347045898438,60-74
75.0,62.707516,-12.292484283447266,12.292484283447266,75+
81.0,50.51818,-30.48181915283203,30.48181915283203,75+
60.0,59.960564,-0.03943634033203125,0.03943634033203125,60-74
79.0,60.07953,-18.92047119140625,18.92047119140625,75+
38.0,30.21127,-7.788730621337891,7.788730621337891,30-44
78.0,51.265045,-26.734954833984375,26.734954833984375,75+
40.0,58.69743,18.697429656982422,18.697429656982422,30-44
70.0,58.31945,-11.680549621582031,11.680549621582031,60-74
56.0,66.16926,10.169258117675781,10.169258117675781,45-59
42.0,45.536198,3.5361976623535156,3.5361976623535156,30-44
39.0,67.12667,28.126670837402344,28.126670837402344,30-44
25.0,25.21486,0.2148609161376953,0.2148609161376953,18-29
60.0,40.16039,-19.839611053466797,19.839611053466797,60-74
57.0,61.905117,4.905117034912109,4.905117034912109,45-59
12.0,10.508657,-1.491342544555664,1.491342544555664,0-17
53.0,38.044163,-14.95583724975586,14.95583724975586,45-59
72.0,50.14093,-21.85906982421875,21.85906982421875,60-74
70.0,57.644516,-12.355484008789062,12.355484008789062,60-74
39.0,34.008663,-4.991336822509766,4.991336822509766,30-44
46.0,50.41115,4.411151885986328,4.411151885986328,45-59
69.0,71.11093,2.110931396484375,2.110931396484375,60-74
56.0,51.301006,-4.698993682861328,4.698993682861328,45-59
47.0,37.190178,-9.809822082519531,9.809822082519531,45-59
31.0,36.306965,5.306964874267578,5.306964874267578,30-44
65.0,36.557205,-28.442794799804688,28.442794799804688,60-74
19.0,25.20637,6.206369400024414,6.206369400024414,18-29
22.0,15.709556,-6.290444374084473,6.290444374084473,18-29
23.0,26.507572,3.5075721740722656,3.5075721740722656,18-29
23.0,45.414974,22.414974212646484,22.414974212646484,18-29
85.0,59.42095,-25.57904815673828,25.57904815673828,75+
15.0,33.859383,18.85938262939453,18.85938262939453,0-17
54.0,51.639626,-2.3603744506835938,2.3603744506835938,45-59
25.0,39.4267,14.426700592041016,14.426700592041016,18-29
33.0,29.180006,-3.8199939727783203,3.8199939727783203,30-44
47.0,22.824266,-24.17573356628418,24.17573356628418,45-59
17.0,23.860287,6.860286712646484,6.860286712646484,0-17
58.0,35.787014,-22.21298599243164,22.21298599243164,45-59
19.0,27.469093,8.469093322753906,8.469093322753906,18-29
61.0,51.999706,-9.000293731689453,9.000293731689453,60-74
71.0,68.3975,-2.6025009155273438,2.6025009155273438,60-74
16.0,19.111235,3.111234664916992,3.111234664916992,0-17
56.0,51.05393,-4.946071624755859,4.946071624755859,45-59
53.0,62.090797,9.090797424316406,9.090797424316406,45-59
38.0,40.727154,2.727153778076172,2.727153778076172,30-44
47.0,45.60431,-1.39569091796875,1.39569091796875,45-59
52.0,53.58138,1.5813789367675781,1.5813789367675781,45-59
42.0,31.719763,-10.280237197875977,10.280237197875977,30-44
78.0,61.229027,-16.770973205566406,16.770973205566406,75+
65.0,60.859337,-4.140663146972656,4.140663146972656,60-74
45.0,52.269535,7.269535064697266,7.269535064697266,45-59
19.0,18.338678,-0.6613216400146484,0.6613216400146484,18-29
49.0,60.551666,11.551666259765625,11.551666259765625,45-59
70.0,64.96095,-5.0390472412109375,5.0390472412109375,60-74
26.0,43.760857,17.76085662841797,17.76085662841797,18-29
31.0,48.54038,17.54037857055664,17.54037857055664,30-44
35.0,23.165667,-11.834333419799805,11.834333419799805,30-44
69.0,51.40718,-17.592819213867188,17.592819213867188,60-74
13.0,31.587845,18.587844848632812,18.587844848632812,0-17
18.0,20.848421,2.848421096801758,2.848421096801758,18-29
61.0,58.221836,-2.7781639099121094,2.7781639099121094,60-74
74.0,73.93985,-0.060150146484375,0.060150146484375,60-74
30.0,29.460318,-0.5396823883056641,0.5396823883056641,30-44
17.0,20.603512,3.6035118103027344,3.6035118103027344,0-17
40.0,38.17198,-1.8280181884765625,1.8280181884765625,30-44
39.0,43.557087,4.557086944580078,4.557086944580078,30-44
33.0,36.678616,3.6786155700683594,3.6786155700683594,30-44
40.0,42.937874,2.9378738403320312,2.9378738403320312,30-44
13.0,17.989923,4.989923477172852,4.989923477172852,0-17
46.0,38.809196,-7.190803527832031,7.190803527832031,45-59
65.0,35.548244,-29.45175552368164,29.45175552368164,60-74
14.0,13.116913,-0.883087158203125,0.883087158203125,0-17
17.0,20.619036,3.6190357208251953,3.6190357208251953,0-17
70.0,41.79395,-28.206050872802734,28.206050872802734,60-74
75.0,66.18653,-8.813468933105469,8.813468933105469,75+
63.0,42.87196,-20.128040313720703,20.128040313720703,60-74
53.0,56.74384,3.7438392639160156,3.7438392639160156,45-59
39.0,55.454155,16.45415496826172,16.45415496826172,30-44
69.0,56.33619,-12.663810729980469,12.663810729980469,60-74
44.0,40.263447,-3.736553192138672,3.736553192138672,30-44
40.0,51.38892,11.388919830322266,11.388919830322266,30-44
39.0,36.8423,-2.1576995849609375,2.1576995849609375,30-44
14.0,13.100264,-0.8997364044189453,0.8997364044189453,0-17
48.0,65.5595,17.55950164794922,17.55950164794922,45-59
50.0,45.278942,-4.721057891845703,4.721057891845703,45-59
15.0,11.46427,-3.5357303619384766,3.5357303619384766,0-17
50.0,42.16899,-7.8310089111328125,7.8310089111328125,45-59
41.0,42.984577,1.9845771789550781,1.9845771789550781,30-44
36.0,41.667027,5.667026519775391,5.667026519775391,30-44
34.0,47.740757,13.74075698852539,13.74075698852539,30-44
51.0,56.01737,5.017368316650391,5.017368316650391,45-59
29.0,24.55476,-4.445240020751953,4.445240020751953,18-29
12.0,9.517334,-2.482666015625,2.482666015625,0-17
36.0,31.29067,-4.709329605102539,4.709329605102539,30-44
18.0,26.325424,8.325424194335938,8.325424194335938,18-29
72.0,63.4313,-8.56869888305664,8.56869888305664,60-74
37.0,41.447166,4.447166442871094,4.447166442871094,30-44
30.0,36.025043,6.025043487548828,6.025043487548828,30-44
38.0,35.08305,-2.916950225830078,2.916950225830078,30-44
59.0,55.19885,-3.8011512756347656,3.8011512756347656,45-59
29.0,46.48218,17.482181549072266,17.482181549072266,18-29
40.0,40.53314,0.5331382751464844,0.5331382751464844,30-44
75.0,64.40371,-10.596290588378906,10.596290588378906,75+
13.0,10.439299,-2.560701370239258,2.560701370239258,0-17
54.0,48.535713,-5.464286804199219,5.464286804199219,45-59
34.0,46.525936,12.525936126708984,12.525936126708984,30-44
22.0,29.646486,7.646486282348633,7.646486282348633,18-29
39.0,49.669106,10.669105529785156,10.669105529785156,30-44
52.0,24.527304,-27.47269630432129,27.47269630432129,45-59
14.0,11.86693,-2.1330699920654297,2.1330699920654297,0-17
69.0,60.132744,-8.867256164550781,8.867256164550781,60-74
20.0,19.61183,-0.3881702423095703,0.3881702423095703,18-29
60.0,61.977093,1.9770927429199219,1.9770927429199219,60-74
44.0,41.67226,-2.327739715576172,2.327739715576172,30-44
46.0,50.248356,4.248355865478516,4.248355865478516,45-59
42.0,29.829538,-12.170461654663086,12.170461654663086,30-44
79.0,68.13833,-10.861671447753906,10.861671447753906,75+
34.0,36.825127,2.8251266479492188,2.8251266479492188,30-44
55.0,35.21561,-19.78438949584961,19.78438949584961,45-59
36.0,30.84052,-5.159479141235352,5.159479141235352,30-44
54.0,55.348503,1.3485031127929688,1.3485031127929688,45-59
14.0,13.348844,-0.6511564254760742,0.6511564254760742,0-17
66.0,61.260464,-4.739536285400391,4.739536285400391,60-74
40.0,33.574944,-6.425056457519531,6.425056457519531,30-44
12.0,12.958804,0.9588041305541992,0.9588041305541992,0-17
58.0,48.884403,-9.115596771240234,9.115596771240234,45-59
59.0,49.35491,-9.645088195800781,9.645088195800781,45-59
38.0,53.02429,15.024288177490234,15.024288177490234,30-44
67.0,67.24812,0.2481231689453125,0.2481231689453125,60-74
63.0,61.917114,-1.0828857421875,1.0828857421875,60-74
15.0,15.101857,0.10185718536376953,0.10185718536376953,0-17
16.0,33.945187,17.945186614990234,17.945186614990234,0-17
15.0,19.44426,4.4442596435546875,4.4442596435546875,0-17
51.0,63.82846,12.828460693359375,12.828460693359375,45-59
38.0,52.346794,14.346794128417969,14.346794128417969,30-44
24.0,36.573296,12.573295593261719,12.573295593261719,18-29
55.0,53.81318,-1.1868209838867188,1.1868209838867188,45-59
14.0,12.420679,-1.5793209075927734,1.5793209075927734,0-17
12.0,8.596184,-3.4038162231445312,3.4038162231445312,0-17
24.0,28.48532,4.485319137573242,4.485319137573242,18-29
38.0,27.188559,-10.811441421508789,10.811441421508789,30-44
17.0,23.429262,6.429262161254883,6.429262161254883,0-17
76.0,70.19588,-5.8041229248046875,5.8041229248046875,75+
56.0,33.820892,-22.179107666015625,22.179107666015625,45-59
62.0,45.665497,-16.334503173828125,16.334503173828125,60-74
36.0,48.591297,12.591297149658203,12.591297149658203,30-44
34.0,40.625675,6.625675201416016,6.625675201416016,30-44
71.0,68.667755,-2.332244873046875,2.332244873046875,60-74
15.0,15.859826,0.8598260879516602,0.8598260879516602,0-17
69.0,69.48325,0.48325347900390625,0.48325347900390625,60-74
45.0,36.62019,-8.379810333251953,8.379810333251953,45-59
49.0,50.36862,1.368621826171875,1.368621826171875,45-59
43.0,45.639244,2.6392440795898438,2.6392440795898438,30-44
36.0,31.509726,-4.490274429321289,4.490274429321289,30-44
79.0,60.84601,-18.15399169921875,18.15399169921875,75+
29.0,38.01235,9.012348175048828,9.012348175048828,18-29
59.0,56.053833,-2.9461669921875,2.9461669921875,45-59
18.0,19.192057,1.192056655883789,1.192056655883789,18-29
35.0,42.052826,7.052825927734375,7.052825927734375,30-44
30.0,30.323423,0.3234233856201172,0.3234233856201172,30-44
22.0,23.281132,1.2811317443847656,1.2811317443847656,18-29
75.0,35.13416,-39.865840911865234,39.865840911865234,75+
33.0,25.45328,-7.546720504760742,7.546720504760742,30-44
18.0,25.274117,7.274116516113281,7.274116516113281,18-29
63.0,65.42433,2.4243316650390625,2.4243316650390625,60-74
39.0,40.844078,1.8440780639648438,1.8440780639648438,30-44
53.0,55.77332,2.7733192443847656,2.7733192443847656,45-59
26.0,41.918385,15.918384552001953,15.918384552001953,18-29
16.0,13.449402,-2.55059814453125,2.55059814453125,0-17
70.0,50.157715,-19.84228515625,19.84228515625,60-74
36.0,43.33402,7.334018707275391,7.334018707275391,30-44
54.0,43.507416,-10.492584228515625,10.492584228515625,45-59
75.0,59.249153,-15.750846862792969,15.750846862792969,75+
70.0,36.73282,-33.267181396484375,33.267181396484375,60-74
43.0,50.521397,7.521396636962891,7.521396636962891,30-44
85.0,30.064367,-54.93563270568848,54.93563270568848,75+
25.0,28.876947,3.8769474029541016,3.8769474029541016,18-29
61.0,58.5928,-2.4071998596191406,2.4071998596191406,60-74
66.0,67.89412,1.8941192626953125,1.8941192626953125,60-74
58.0,57.26702,-0.7329788208007812,0.7329788208007812,45-59
30.0,41.64615,11.646148681640625,11.646148681640625,30-44
69.0,57.088898,-11.911102294921875,11.911102294921875,60-74
65.0,63.985714,-1.0142860412597656,1.0142860412597656,60-74
54.0,55.183357,1.1833572387695312,1.1833572387695312,45-59
79.0,58.46756,-20.532440185546875,20.532440185546875,75+
30.0,34.801266,4.801265716552734,4.801265716552734,30-44
65.0,54.558826,-10.441173553466797,10.441173553466797,60-74
34.0,22.099403,-11.900596618652344,11.900596618652344,30-44
58.0,54.55411,-3.4458885192871094,3.4458885192871094,45-59
54.0,38.625645,-15.37435531616211,15.37435531616211,45-59
18.0,34.25244,16.25244140625,16.25244140625,18-29
52.0,46.925365,-5.074634552001953,5.074634552001953,45-59
68.0,57.302135,-10.697864532470703,10.697864532470703,60-74
18.0,54.873856,36.87385559082031,36.87385559082031,18-29
14.0,19.168058,5.168058395385742,5.168058395385742,0-17
64.0,62.4274,-1.572601318359375,1.572601318359375,60-74
19.0,23.651253,4.651252746582031,4.651252746582031,18-29
78.0,50.968605,-27.031394958496094,27.031394958496094,75+
71.0,66.79452,-4.205482482910156,4.205482482910156,60-74
63.0,48.17393,-14.826068878173828,14.826068878173828,60-74
49.0,29.077587,-19.922412872314453,19.922412872314453,45-59
16.0,15.392105,-0.6078948974609375,0.6078948974609375,0-17
42.0,62.3874,20.387401580810547,20.387401580810547,30-44
42.0,42.909996,0.9099960327148438,0.9099960327148438,30-44
68.0,57.439026,-10.56097412109375,10.56097412109375,60-74
49.0,40.31437,-8.685630798339844,8.685630798339844,45-59
31.0,20.308107,-10.691892623901367,10.691892623901367,30-44
46.0,44.318947,-1.6810531616210938,1.6810531616210938,45-59
32.0,63.331787,31.331787109375,31.331787109375,30-44
16.0,17.868082,1.868082046508789,1.868082046508789,0-17
13.0,17.072767,4.07276725769043,4.07276725769043,0-17
17.0,16.557066,-0.4429340362548828,0.4429340362548828,0-17
44.0,26.0061,-17.993900299072266,17.993900299072266,30-44
22.0,31.323046,9.32304573059082,9.32304573059082,18-29
50.0,53.66319,3.663188934326172,3.663188934326172,45-59
51.0,28.412718,-22.587282180786133,22.587282180786133,45-59
73.0,66.80472,-6.195281982421875,6.195281982421875,60-74
34.0,31.265545,-2.734455108642578,2.734455108642578,30-44
67.0,62.03857,-4.961429595947266,4.961429595947266,60-74
70.0,59.797127,-10.202873229980469,10.202873229980469,60-74
75.0,74.18837,-0.8116302490234375,0.8116302490234375,75+
70.0,43.15743,-26.842571258544922,26.842571258544922,60-74
67.0,62.386806,-4.613193511962891,4.613193511962891,60-74
21.0,28.10418,7.104179382324219,7.104179382324219,18-29
41.0,64.39666,23.39665985107422,23.39665985107422,30-44
78.0,73.109825,-4.890174865722656,4.890174865722656,75+
48.0,63.92902,15.929019927978516,15.929019927978516,45-59
15.0,25.804047,10.804046630859375,10.804046630859375,0-17
13.0,14.2929945,1.292994499206543,1.292994499206543,0-17
50.0,55.84534,5.845340728759766,5.845340728759766,45-59
51.0,50.72,-0.279998779296875,0.279998779296875,45-59
14.0,13.779369,-0.22063064575195312,0.22063064575195312,0-17
20.0,53.692585,33.69258499145508,33.69258499145508,18-29
42.0,48.4535,6.453498840332031,6.453498840332031,30-44
59.0,58.9127,-0.08729934692382812,0.08729934692382812,45-59
47.0,48.380524,1.380523681640625,1.380523681640625,45-59
41.0,44.163258,3.163257598876953,3.163257598876953,30-44
73.0,54.1336,-18.86640167236328,18.86640167236328,60-74
32.0,38.096283,6.096282958984375,6.096282958984375,30-44
19.0,30.458158,11.458158493041992,11.458158493041992,18-29
60.0,60.262123,0.26212310791015625,0.26212310791015625,60-74
26.0,33.83304,7.833038330078125,7.833038330078125,18-29
74.0,78.07977,4.07977294921875,4.07977294921875,60-74
75.0,50.211746,-24.788253784179688,24.788253784179688,75+
47.0,51.544067,4.5440673828125,4.5440673828125,45-59
34.0,35.111427,1.1114273071289062,1.1114273071289062,30-44
27.0,23.416225,-3.5837745666503906,3.5837745666503906,18-29
75.0,63.23304,-11.766960144042969,11.766960144042969,75+
23.0,28.639893,5.639892578125,5.639892578125,18-29
37.0,47.151554,10.151554107666016,10.151554107666016,30-44
34.0,32.949806,-1.0501937866210938,1.0501937866210938,30-44
62.0,59.4519,-2.5480995178222656,2.5480995178222656,60-74
47.0,58.427956,11.427955627441406,11.427955627441406,45-59
25.0,23.361706,-1.6382942199707031,1.6382942199707031,18-29
75.0,53.66664,-21.333358764648438,21.333358764648438,75+
33.0,27.703949,-5.296051025390625,5.296051025390625,30-44
34.0,28.917408,-5.082592010498047,5.082592010498047,30-44
37.0,57.26083,20.26082992553711,20.26082992553711,30-44
25.0,50.871586,25.871585845947266,25.871585845947266,18-29
15.0,20.463352,5.463352203369141,5.463352203369141,0-17
64.0,51.455166,-12.54483413696289,12.54483413696289,60-74
65.0,59.494293,-5.505706787109375,5.505706787109375,60-74
32.0,32.170868,0.170867919921875,0.170867919921875,30-44
19.0,19.555805,0.5558052062988281,0.5558052062988281,18-29
61.0,62.336815,1.3368148803710938,1.3368148803710938,60-74
66.0,54.008213,-11.99178695678711,11.99178695678711,60-74
17.0,27.149487,10.149486541748047,10.149486541748047,0-17
22.0,17.969072,-4.030927658081055,4.030927658081055,18-29
29.0,24.473837,-4.526163101196289,4.526163101196289,18-29
37.0,58.36063,21.36063003540039,21.36063003540039,30-44
42.0,33.6577,-8.342300415039062,8.342300415039062,30-44
20.0,21.790104,1.7901039123535156,1.7901039123535156,18-29
34.0,29.729195,-4.270805358886719,4.270805358886719,30-44
83.0,63.710186,-19.289813995361328,19.289813995361328,75+
38.0,38.30474,0.30474090576171875,0.30474090576171875,30-44
22.0,24.698776,2.6987762451171875,2.6987762451171875,18-29
50.0,59.00293,9.0029296875,9.0029296875,45-59
27.0,9.195682,-17.80431842803955,17.80431842803955,18-29
44.0,31.593517,-12.406482696533203,12.406482696533203,30-44
66.0,64.15903,-1.840972900390625,1.840972900390625,60-74
63.0,64.45337,1.453369140625,1.453369140625,60-74
29.0,51.552288,22.552288055419922,22.552288055419922,18-29
24.0,27.115772,3.115772247314453,3.115772247314453,18-29
54.0,63.56235,9.56235122680664,9.56235122680664,45-59
37.0,37.723816,0.72381591796875,0.72381591796875,30-44
13.0,17.195871,4.195871353149414,4.195871353149414,0-17
75.0,60.420544,-14.579456329345703,14.579456329345703,75+
34.0,48.191437,14.191436767578125,14.191436767578125,30-44
64.0,55.903336,-8.096664428710938,8.096664428710938,60-74
21.0,14.598683,-6.4013166427612305,6.4013166427612305,18-29
36.0,34.109245,-1.8907546997070312,1.8907546997070312,30-44
13.0,14.730776,1.7307758331298828,1.7307758331298828,0-17
19.0,18.54126,-0.458740234375,0.458740234375,18-29
46.0,49.75014,3.750141143798828,3.750141143798828,45-59
16.0,15.392105,-0.6078948974609375,0.6078948974609375,0-17
24.0,50.47347,26.473468780517578,26.473468780517578,18-29
23.0,23.999395,0.9993953704833984,0.9993953704833984,18-29
27.0,29.03473,2.034730911254883,2.034730911254883,18-29
69.0,66.44393,-2.5560684204101562,2.5560684204101562,60-74
29.0,23.9763,-5.023700714111328,5.023700714111328,18-29
33.0,44.709084,11.709083557128906,11.709083557128906,30-44
15.0,16.428083,1.4280834197998047,1.4280834197998047,0-17
33.0,36.623787,3.6237869262695312,3.6237869262695312,30-44
66.0,35.372845,-30.627155303955078,30.627155303955078,60-74
14.0,16.970732,2.970731735229492,2.970731735229492,0-17
74.0,43.37005,-30.62995147705078,30.62995147705078,60-74
49.0,59.223724,10.223724365234375,10.223724365234375,45-59
43.0,45.598495,2.5984954833984375,2.5984954833984375,30-44
62.0,59.42638,-2.573619842529297,2.573619842529297,60-74
62.0,57.858833,-4.141166687011719,4.141166687011719,60-74
48.0,61.982334,13.98233413696289,13.98233413696289,45-59
62.0,60.474125,-1.5258750915527344,1.5258750915527344,60-74
40.0,55.5088,15.508800506591797,15.508800506591797,30-44
21.0,29.631264,8.631263732910156,8.631263732910156,18-29
20.0,43.805058,23.805057525634766,23.805057525634766,18-29
51.0,46.792202,-4.207798004150391,4.207798004150391,45-59
61.0,59.527805,-1.4721946716308594,1.4721946716308594,60-74
30.0,26.76453,-3.2354698181152344,3.2354698181152344,30-44
24.0,23.11668,-0.8833198547363281,0.8833198547363281,18-29
26.0,24.676811,-1.3231887817382812,1.3231887817382812,18-29
18.0,29.961445,11.961444854736328,11.961444854736328,18-29
58.0,52.533283,-5.466716766357422,5.466716766357422,45-59
28.0,56.341682,28.34168243408203,28.34168243408203,18-29
67.0,59.386597,-7.6134033203125,7.6134033203125,60-74
64.0,63.448193,-0.5518074035644531,0.5518074035644531,60-74
66.0,66.577286,0.5772857666015625,0.5772857666015625,60-74
81.0,45.28001,-35.71998977661133,35.71998977661133,75+
21.0,38.55504,17.555038452148438,17.555038452148438,18-29
63.0,54.084137,-8.915863037109375,8.915863037109375,60-74
27.0,35.00995,8.00994873046875,8.00994873046875,18-29
17.0,52.03936,35.03936004638672,35.03936004638672,0-17
15.0,10.087096,-4.912903785705566,4.912903785705566,0-17
25.0,24.305445,-0.6945552825927734,0.6945552825927734,18-29
26.0,34.000305,8.00030517578125,8.00030517578125,18-29
70.0,57.822098,-12.177902221679688,12.177902221679688,60-74
19.0,13.885289,-5.114710807800293,5.114710807800293,18-29
47.0,43.920338,-3.079662322998047,3.079662322998047,45-59
56.0,55.61608,-0.38391876220703125,0.38391876220703125,45-59
47.0,43.11266,-3.887340545654297,3.887340545654297,45-59
58.0,60.03952,2.039520263671875,2.039520263671875,45-59
63.0,64.57257,1.57257080078125,1.57257080078125,60-74
39.0,39.417572,0.417572021484375,0.417572021484375,30-44
25.0,44.904945,19.904945373535156,19.904945373535156,18-29
31.0,20.308107,-10.691892623901367,10.691892623901367,30-44
61.0,43.994648,-17.005352020263672,17.005352020263672,60-74
70.0,53.166283,-16.833717346191406,16.833717346191406,60-74
61.0,38.098045,-22.901954650878906,22.901954650878906,60-74
74.0,74.5103,0.5102996826171875,0.5102996826171875,60-74
51.0,25.17777,-25.822229385375977,25.822229385375977,45-59
36.0,55.78266,19.78266143798828,19.78266143798828,30-44
78.0,49.478626,-28.521373748779297,28.521373748779297,75+
78.0,63.593204,-14.406795501708984,14.406795501708984,75+
15.0,18.187996,3.1879959106445312,3.1879959106445312,0-17
65.0,73.66568,8.665679931640625,8.665679931640625,60-74
30.0,32.464508,2.464508056640625,2.464508056640625,30-44
52.0,49.97153,-2.0284690856933594,2.0284690856933594,45-59
46.0,42.96641,-3.033588409423828,3.033588409423828,45-59
17.0,18.463375,1.4633750915527344,1.4633750915527344,0-17
22.0,48.77547,26.775470733642578,26.775470733642578,18-29
29.0,20.110153,-8.889846801757812,8.889846801757812,18-29
62.0,58.09804,-3.901958465576172,3.901958465576172,60-74
14.0,11.541437,-2.4585628509521484,2.4585628509521484,0-17
71.0,70.325226,-0.674774169921875,0.674774169921875,60-74
13.0,43.612686,30.612686157226562,30.612686157226562,0-17
30.0,59.072845,29.072845458984375,29.072845458984375,30-44
14.0,15.798215,1.7982149124145508,1.7982149124145508,0-17
62.0,39.545708,-22.45429229736328,22.45429229736328,60-74
26.0,25.534035,-0.46596527099609375,0.46596527099609375,18-29
42.0,49.4031,7.403099060058594,7.403099060058594,30-44
51.0,52.05335,1.0533485412597656,1.0533485412597656,45-59
39.0,41.083427,2.0834274291992188,2.0834274291992188,30-44
20.0,37.211533,17.211532592773438,17.211532592773438,18-29
42.0,51.4667,9.46670150756836,9.46670150756836,30-44
22.0,28.923662,6.923662185668945,6.923662185668945,18-29
14.0,19.650223,5.6502227783203125,5.6502227783203125,0-17
64.0,55.336617,-8.663383483886719,8.663383483886719,60-74
55.0,40.756607,-14.243392944335938,14.243392944335938,45-59
56.0,37.034893,-18.965106964111328,18.965106964111328,45-59
77.0,78.93375,1.933746337890625,1.933746337890625,75+
27.0,29.56026,2.560260772705078,2.560260772705078,18-29
26.0,20.254492,-5.745508193969727,5.745508193969727,18-29
71.0,62.311718,-8.688282012939453,8.688282012939453,60-74
19.0,28.156635,9.156635284423828,9.156635284423828,18-29
19.0,26.334702,7.3347015380859375,7.3347015380859375,18-29
37.0,37.79676,0.7967605590820312,0.7967605590820312,30-44
27.0,37.05365,10.05364990234375,10.05364990234375,18-29
69.0,65.34755,-3.6524505615234375,3.6524505615234375,60-74
56.0,55.798313,-0.20168685913085938,0.20168685913085938,45-59
73.0,72.68088,-0.319122314453125,0.319122314453125,60-74
85.0,83.458305,-1.5416946411132812,1.5416946411132812,75+
12.0,12.133372,0.13337230682373047,0.13337230682373047,0-17
42.0,67.262566,25.26256561279297,25.26256561279297,30-44
16.0,25.59356,9.593559265136719,9.593559265136719,0-17
46.0,50.904064,4.904064178466797,4.904064178466797,45-59
71.0,55.652096,-15.347904205322266,15.347904205322266,60-74
62.0,49.194206,-12.805793762207031,12.805793762207031,60-74
32.0,36.11563,4.115631103515625,4.115631103515625,30-44
59.0,58.001816,-0.9981842041015625,0.9981842041015625,45-59
28.0,53.995052,25.995052337646484,25.995052337646484,18-29
16.0,16.844793,0.8447933197021484,0.8447933197021484,0-17
32.0,40.773712,8.773712158203125,8.773712158203125,30-44
59.0,45.160717,-13.839282989501953,13.839282989501953,45-59
29.0,33.934563,4.934562683105469,4.934562683105469,18-29
67.0,56.51583,-10.484169006347656,10.484169006347656,60-74
62.0,48.630833,-13.36916732788086,13.36916732788086,60-74
64.0,50.388718,-13.611282348632812,13.611282348632812,60-74
31.0,36.03375,5.033748626708984,5.033748626708984,30-44
50.0,56.791386,6.791385650634766,6.791385650634766,45-59
67.0,76.54879,9.548789978027344,9.548789978027344,60-74
25.0,13.951583,-11.048417091369629,11.048417091369629,18-29
16.0,32.196274,16.196273803710938,16.196273803710938,0-17
15.0,19.681892,4.681892395019531,4.681892395019531,0-17
71.0,58.851086,-12.148914337158203,12.148914337158203,60-74
78.0,34.05077,-43.9492301940918,43.9492301940918,75+
36.0,38.053173,2.053173065185547,2.053173065185547,30-44
19.0,27.021854,8.021854400634766,8.021854400634766,18-29
72.0,61.338512,-10.661487579345703,10.661487579345703,60-74
46.0,27.428524,-18.571475982666016,18.571475982666016,45-59
42.0,47.31706,5.317058563232422,5.317058563232422,30-44
49.0,71.575005,22.57500457763672,22.57500457763672,45-59
57.0,37.18202,-19.817981719970703,19.817981719970703,45-59
25.0,16.708174,-8.291826248168945,8.291826248168945,18-29
14.0,12.839668,-1.1603317260742188,1.1603317260742188,0-17
18.0,24.446615,6.446615219116211,6.446615219116211,18-29
19.0,34.278275,15.278274536132812,15.278274536132812,18-29
62.0,60.576283,-1.4237174987792969,1.4237174987792969,60-74
15.0,13.783018,-1.2169818878173828,1.2169818878173828,0-17
50.0,50.763535,0.7635345458984375,0.7635345458984375,45-59
66.0,60.895687,-5.104312896728516,5.104312896728516,60-74
70.0,74.721855,4.721855163574219,4.721855163574219,60-74
18.0,15.977031,-2.0229692459106445,2.0229692459106445,18-29
63.0,59.46436,-3.5356407165527344,3.5356407165527344,60-74
31.0,49.55008,18.550079345703125,18.550079345703125,30-44
54.0,56.698914,2.69891357421875,2.69891357421875,45-59
58.0,33.206066,-24.793933868408203,24.793933868408203,45-59
62.0,56.57311,-5.426891326904297,5.426891326904297,60-74
19.0,37.02633,18.026329040527344,18.026329040527344,18-29
74.0,53.548607,-20.451393127441406,20.451393127441406,60-74
58.0,58.266026,0.2660255432128906,0.2660255432128906,45-59
51.0,62.96339,11.963390350341797,11.963390350341797,45-59
56.0,65.71074,9.710739135742188,9.710739135742188,45-59
38.0,32.827267,-5.172733306884766,5.172733306884766,30-44
53.0,42.10943,-10.890571594238281,10.890571594238281,45-59
26.0,31.35234,5.3523406982421875,5.3523406982421875,18-29
21.0,19.073483,-1.9265174865722656,1.9265174865722656,18-29
61.0,57.4307,-3.5693016052246094,3.5693016052246094,60-74
61.0,57.009754,-3.990245819091797,3.990245819091797,60-74
22.0,27.35593,5.355930328369141,5.355930328369141,18-29
58.0,54.460804,-3.539196014404297,3.539196014404297,45-59
55.0,56.66819,1.6681900024414062,1.6681900024414062,45-59
15.0,14.570959,-0.42904090881347656,0.42904090881347656,0-17
42.0,38.743614,-3.2563858032226562,3.2563858032226562,30-44
44.0,66.70092,22.70092010498047,22.70092010498047,30-44
25.0,31.526665,6.526664733886719,6.526664733886719,18-29
30.0,46.87916,16.879161834716797,16.879161834716797,30-44
17.0,20.37981,3.379810333251953,3.379810333251953,0-17
38.0,37.564644,-0.43535614013671875,0.43535614013671875,30-44
78.0,67.97399,-10.026008605957031,10.026008605957031,75+
34.0,38.401985,4.401985168457031,4.401985168457031,30-44
56.0,52.535793,-3.4642066955566406,3.4642066955566406,45-59
71.0,59.346027,-11.653972625732422,11.653972625732422,60-74
14.0,42.66614,28.666141510009766,28.666141510009766,0-17
43.0,36.699852,-6.300148010253906,6.300148010253906,30-44
28.0,28.502947,0.5029468536376953,0.5029468536376953,18-29
17.0,21.86079,4.860790252685547,4.860790252685547,0-17
26.0,44.72657,18.72657012939453,18.72657012939453,18-29
48.0,47.532948,-0.4670524597167969,0.4670524597167969,45-59
27.0,29.82353,2.8235301971435547,2.8235301971435547,18-29
12.0,13.021175,1.0211753845214844,1.0211753845214844,0-17
43.0,44.727505,1.7275047302246094,1.7275047302246094,30-44
63.0,69.5869,6.5868988037109375,6.5868988037109375,60-74
47.0,42.591347,-4.408653259277344,4.408653259277344,45-59
30.0,22.315332,-7.684667587280273,7.684667587280273,30-44
47.0,35.08944,-11.910560607910156,11.910560607910156,45-59
75.0,61.77146,-13.228538513183594,13.228538513183594,75+
27.0,33.752804,6.752803802490234,6.752803802490234,18-29
52.0,51.680492,-0.3195075988769531,0.3195075988769531,45-59
73.0,58.825,-14.174999237060547,14.174999237060547,60-74
61.0,62.675537,1.675537109375,1.675537109375,60-74
20.0,31.712978,11.71297836303711,11.71297836303711,18-29
75.0,66.48009,-8.519912719726562,8.519912719726562,75+
38.0,47.996384,9.996383666992188,9.996383666992188,30-44
18.0,25.051172,7.051172256469727,7.051172256469727,18-29
16.0,18.255259,2.255258560180664,2.255258560180664,0-17
12.0,14.517112,2.5171117782592773,2.5171117782592773,0-17
26.0,41.956165,15.956165313720703,15.956165313720703,18-29
61.0,35.396873,-25.603126525878906,25.603126525878906,60-74
13.0,17.211649,4.211648941040039,4.211648941040039,0-17
24.0,30.897717,6.897716522216797,6.897716522216797,18-29
13.0,14.078263,1.078263282775879,1.078263282775879,0-17
33.0,28.95501,-4.044990539550781,4.044990539550781,30-44
79.0,73.07811,-5.9218902587890625,5.9218902587890625,75+
39.0,30.192196,-8.807804107666016,8.807804107666016,30-44
62.0,62.142292,0.14229202270507812,0.14229202270507812,60-74
60.0,59.643124,-0.3568763732910156,0.3568763732910156,60-74
77.0,65.24059,-11.759407043457031,11.759407043457031,75+
64.0,55.06664,-8.933361053466797,8.933361053466797,60-74
60.0,59.884895,-0.11510467529296875,0.11510467529296875,60-74
50.0,61.388752,11.388751983642578,11.388751983642578,45-59
63.0,61.404285,-1.5957145690917969,1.5957145690917969,60-74
66.0,72.9022,6.902198791503906,6.902198791503906,60-74
44.0,50.80683,6.806831359863281,6.806831359863281,30-44
73.0,68.66038,-4.339622497558594,4.339622497558594,60-74
20.0,39.155136,19.155136108398438,19.155136108398438,18-29
61.0,62.561172,1.5611724853515625,1.5611724853515625,60-74
24.0,25.894936,1.8949356079101562,1.8949356079101562,18-29
43.0,55.56933,12.569328308105469,12.569328308105469,30-44
73.0,56.633286,-16.366714477539062,16.366714477539062,60-74
48.0,58.606686,10.606685638427734,10.606685638427734,45-59
27.0,37.72943,10.72943115234375,10.72943115234375,18-29
59.0,42.15,-16.849998474121094,16.849998474121094,45-59
42.0,60.31361,18.313610076904297,18.313610076904297,30-44
56.0,67.55769,11.557693481445312,11.557693481445312,45-59
66.0,48.9648,-17.035198211669922,17.035198211669922,60-74
68.0,49.913643,-18.08635711669922,18.08635711669922,60-74
18.0,29.679878,11.679878234863281,11.679878234863281,18-29
22.0,33.985527,11.985527038574219,11.985527038574219,18-29
42.0,45.243107,3.2431068420410156,3.2431068420410156,30-44
22.0,40.548534,18.548534393310547,18.548534393310547,18-29
61.0,38.098045,-22.901954650878906,22.901954650878906,60-74
19.0,20.842304,1.8423042297363281,1.8423042297363281,18-29
32.0,53.02026,21.020259857177734,21.020259857177734,30-44
18.0,23.883194,5.8831939697265625,5.8831939697265625,18-29
49.0,50.255993,1.2559928894042969,1.2559928894042969,45-59
22.0,29.795456,7.7954559326171875,7.7954559326171875,18-29
32.0,47.186913,15.186912536621094,15.186912536621094,30-44
51.0,39.7973,-11.202701568603516,11.202701568603516,45-59
37.0,36.448757,-0.5512428283691406,0.5512428283691406,30-44
27.0,23.849287,-3.1507129669189453,3.1507129669189453,18-29
32.0,32.97207,0.9720687866210938,0.9720687866210938,30-44
56.0,61.380104,5.380104064941406,5.380104064941406,45-59
15.0,14.283996,-0.7160043716430664,0.7160043716430664,0-17
17.0,13.693514,-3.306486129760742,3.306486129760742,0-17
63.0,60.886444,-2.113555908203125,2.113555908203125,60-74
45.0,44.66271,-0.3372917175292969,0.3372917175292969,45-59
14.0,12.45173,-1.5482702255249023,1.5482702255249023,0-17
55.0,42.574993,-12.425006866455078,12.425006866455078,45-59
55.0,45.40053,-9.599468231201172,9.599468231201172,45-59
24.0,24.163738,0.16373825073242188,0.16373825073242188,18-29
32.0,32.982372,0.9823722839355469,0.9823722839355469,30-44
56.0,47.867027,-8.132972717285156,8.132972717285156,45-59
17.0,20.670614,3.670614242553711,3.670614242553711,0-17
17.0,25.870485,8.870485305786133,8.870485305786133,0-17
14.0,12.440335,-1.5596647262573242,1.5596647262573242,0-17
14.0,12.60721,-1.3927898406982422,1.3927898406982422,0-17
18.0,33.020203,15.02020263671875,15.02020263671875,18-29
41.0,31.98978,-9.01021957397461,9.01021957397461,30-44
17.0,20.924274,3.924274444580078,3.924274444580078,0-17
14.0,13.830372,-0.16962814331054688,0.16962814331054688,0-17
52.0,51.52091,-0.4790916442871094,0.4790916442871094,45-59
68.0,60.041004,-7.958995819091797,7.958995819091797,60-74
54.0,53.925686,-0.07431411743164062,0.07431411743164062,45-59
27.0,22.340727,-4.659273147583008,4.659273147583008,18-29
18.0,21.514143,3.5141429901123047,3.5141429901123047,18-29
17.0,32.755184,15.755184173583984,15.755184173583984,0-17
61.0,61.513844,0.5138435363769531,0.5138435363769531,60-74
12.0,14.433257,2.4332571029663086,2.4332571029663086,0-17
70.0,62.683414,-7.316585540771484,7.316585540771484,60-74
31.0,32.23362,1.2336196899414062,1.2336196899414062,30-44
55.0,63.899033,8.899032592773438,8.899032592773438,45-59
20.0,35.554707,15.554706573486328,15.554706573486328,18-29
61.0,62.30519,1.3051910400390625,1.3051910400390625,60-74
39.0,46.902115,7.9021148681640625,7.9021148681640625,30-44
16.0,23.342066,7.342065811157227,7.342065811157227,0-17
51.0,41.64303,-9.356971740722656,9.356971740722656,45-59
53.0,57.6995,4.699501037597656,4.699501037597656,45-59
71.0,63.66039,-7.339611053466797,7.339611053466797,60-74
41.0,54.73414,13.734138488769531,13.734138488769531,30-44
42.0,67.8446,25.84459686279297,25.84459686279297,30-44
26.0,34.92106,8.921058654785156,8.921058654785156,18-29
71.0,66.88535,-4.114646911621094,4.114646911621094,60-74
16.0,8.674717,-7.325283050537109,7.325283050537109,0-17
44.0,40.056786,-3.9432144165039062,3.9432144165039062,30-44
14.0,13.186986,-0.813014030456543,0.813014030456543,0-17
49.0,50.595596,1.5955963134765625,1.5955963134765625,45-59
42.0,50.505062,8.505062103271484,8.505062103271484,30-44
27.0,5.731313,-21.268686771392822,21.268686771392822,18-29
12.0,10.297538,-1.7024621963500977,1.7024621963500977,0-17
28.0,38.38841,10.388408660888672,10.388408660888672,18-29
60.0,29.727318,-30.272682189941406,30.272682189941406,60-74
58.0,59.695934,1.6959342956542969,1.6959342956542969,45-59
39.0,51.751205,12.751205444335938,12.751205444335938,30-44
32.0,49.329453,17.329452514648438,17.329452514648438,30-44
33.0,56.288704,23.28870391845703,23.28870391845703,30-44
41.0,42.053005,1.0530052185058594,1.0530052185058594,30-44
24.0,30.51724,6.517240524291992,6.517240524291992,18-29
53.0,45.194607,-7.805393218994141,7.805393218994141,45-59
42.0,52.67764,10.67763900756836,10.67763900756836,30-44
57.0,51.300724,-5.699275970458984,5.699275970458984,45-59
24.0,28.344608,4.344608306884766,4.344608306884766,18-29
54.0,50.23213,-3.767871856689453,3.767871856689453,45-59
19.0,39.32268,20.322681427001953,20.322681427001953,18-29
55.0,39.509792,-15.49020767211914,15.49020767211914,45-59
52.0,52.953762,0.9537620544433594,0.9537620544433594,45-59
35.0,35.72455,0.72454833984375,0.72454833984375,30-44
16.0,8.895223,-7.1047773361206055,7.1047773361206055,0-17
62.0,62.721912,0.7219123840332031,0.7219123840332031,60-74
60.0,59.915268,-0.0847320556640625,0.0847320556640625,60-74
48.0,55.549194,7.5491943359375,7.5491943359375,45-59
72.0,72.56497,0.564971923828125,0.564971923828125,60-74
75.0,62.14025,-12.859748840332031,12.859748840332031,75+
18.0,22.243132,4.243131637573242,4.243131637573242,18-29
29.0,44.965958,15.965957641601562,15.965957641601562,18-29
64.0,58.59042,-5.409580230712891,5.409580230712891,60-74
18.0,34.571644,16.571643829345703,16.571643829345703,18-29
50.0,67.37095,17.370948791503906,17.370948791503906,45-59
18.0,30.144035,12.144035339355469,12.144035339355469,18-29
71.0,70.00211,-0.9978866577148438,0.9978866577148438,60-74
62.0,65.0722,3.0721969604492188,3.0721969604492188,60-74
67.0,48.29249,-18.70751190185547,18.70751190185547,60-74
45.0,44.590805,-0.4091949462890625,0.4091949462890625,45-59
18.0,37.090725,19.09072494506836,19.09072494506836,18-29
18.0,32.554317,14.554317474365234,14.554317474365234,18-29
18.0,26.547031,8.54703140258789,8.54703140258789,18-29
48.0,57.41142,9.411418914794922,9.411418914794922,45-59
51.0,54.213295,3.2132949829101562,3.2132949829101562,45-59
77.0,53.132317,-23.86768341064453,23.86768341064453,75+
57.0,39.260265,-17.739734649658203,17.739734649658203,45-59
62.0,60.839344,-1.1606559753417969,1.1606559753417969,60-74
55.0,53.13378,-1.8662185668945312,1.8662185668945312,45-59
47.0,52.634632,5.634632110595703,5.634632110595703,45-59
19.0,29.23608,10.236080169677734,10.236080169677734,18-29
63.0,46.47169,-16.528308868408203,16.528308868408203,60-74
33.0,30.47614,-2.5238609313964844,2.5238609313964844,30-44
63.0,65.0178,2.0177993774414062,2.0177993774414062,60-74
28.0,28.300816,0.3008155822753906,0.3008155822753906,18-29
44.0,31.425423,-12.574577331542969,12.574577331542969,30-44
49.0,42.035122,-6.964878082275391,6.964878082275391,45-59
24.0,34.65752,10.657520294189453,10.657520294189453,18-29
36.0,19.663822,-16.336177825927734,16.336177825927734,30-44
70.0,65.89355,-4.106452941894531,4.106452941894531,60-74
25.0,21.7036,-3.2964000701904297,3.2964000701904297,18-29
45.0,46.30505,1.3050498962402344,1.3050498962402344,45-59
68.0,65.82253,-2.1774673461914062,2.1774673461914062,60-74
68.0,62.586246,-5.413753509521484,5.413753509521484,60-74
20.0,64.75485,44.754852294921875,44.754852294921875,18-29
18.0,22.913076,4.913076400756836,4.913076400756836,18-29
75.0,40.516968,-34.4830322265625,34.4830322265625,75+
40.0,47.07231,7.0723114013671875,7.0723114013671875,30-44
37.0,38.49719,1.4971885681152344,1.4971885681152344,30-44
26.0,19.100365,-6.899635314941406,6.899635314941406,18-29
28.0,51.2732,23.27320098876953,23.27320098876953,18-29
76.0,64.85415,-11.145851135253906,11.145851135253906,75+
24.0,24.220682,0.22068214416503906,0.22068214416503906,18-29
61.0,60.266445,-0.7335548400878906,0.7335548400878906,60-74
17.0,10.778344,-6.22165584564209,6.22165584564209,0-17
53.0,54.21464,1.2146415710449219,1.2146415710449219,45-59
50.0,48.85636,-1.1436386108398438,1.1436386108398438,45-59
19.0,23.850046,4.850046157836914,4.850046157836914,18-29
73.0,58.597126,-14.402873992919922,14.402873992919922,60-74
47.0,43.59512,-3.4048805236816406,3.4048805236816406,45-59
39.0,59.936695,20.936695098876953,20.936695098876953,30-44
75.0,72.48023,-2.5197677612304688,2.5197677612304688,75+
26.0,42.123516,16.123516082763672,16.123516082763672,18-29
60.0,55.727703,-4.272296905517578,4.272296905517578,60-74
72.0,59.409016,-12.590984344482422,12.590984344482422,60-74
60.0,52.191208,-7.8087921142578125,7.8087921142578125,60-74
53.0,55.899452,2.8994522094726562,2.8994522094726562,45-59
13.0,12.780006,-0.21999359130859375,0.21999359130859375,0-17
34.0,52.53883,18.538829803466797,18.538829803466797,30-44
13.0,8.903223,-4.096776962280273,4.096776962280273,0-17
30.0,35.580463,5.580463409423828,5.580463409423828,30-44
19.0,11.861835,-7.138165473937988,7.138165473937988,18-29
50.0,62.596428,12.596427917480469,12.596427917480469,45-59
28.0,46.420475,18.420475006103516,18.420475006103516,18-29
32.0,31.49961,-0.5003890991210938,0.5003890991210938,30-44
42.0,24.01875,-17.981250762939453,17.981250762939453,30-44
37.0,37.43008,0.4300804138183594,0.4300804138183594,30-44
50.0,47.8638,-2.136199951171875,2.136199951171875,45-59
45.0,52.065376,7.065376281738281,7.065376281738281,45-59
26.0,43.804874,17.804874420166016,17.804874420166016,18-29
28.0,22.524466,-5.475534439086914,5.475534439086914,18-29
33.0,30.752169,-2.247831344604492,2.247831344604492,30-44
58.0,48.51958,-9.480419158935547,9.480419158935547,45-59
48.0,37.624634,-10.3753662109375,10.3753662109375,45-59
14.0,13.277203,-0.7227973937988281,0.7227973937988281,0-17
13.0,13.478437,0.4784374237060547,0.4784374237060547,0-17
20.0,26.2825,6.282499313354492,6.282499313354492,18-29
58.0,73.49801,15.498008728027344,15.498008728027344,45-59
66.0,58.63822,-7.361778259277344,7.361778259277344,60-74
14.0,13.151559,-0.8484411239624023,0.8484411239624023,0-17
60.0,47.82162,-12.17837905883789,12.17837905883789,60-74
67.0,55.585155,-11.414844512939453,11.414844512939453,60-74
30.0,30.537615,0.5376148223876953,0.5376148223876953,30-44
63.0,43.988274,-19.01172637939453,19.01172637939453,60-74
35.0,59.79199,24.791988372802734,24.791988372802734,30-44
33.0,34.22401,1.2240104675292969,1.2240104675292969,30-44
61.0,60.34684,-0.6531600952148438,0.6531600952148438,60-74
74.0,66.8372,-7.162803649902344,7.162803649902344,60-74
65.0,65.426865,0.4268646240234375,0.4268646240234375,60-74
25.0,46.275772,21.275772094726562,21.275772094726562,18-29
64.0,53.5843,-10.415699005126953,10.415699005126953,60-74
52.0,30.545856,-21.454143524169922,21.454143524169922,45-59
19.0,47.415924,28.415924072265625,28.415924072265625,18-29
16.0,38.576645,22.576644897460938,22.576644897460938,0-17
13.0,21.24205,8.242050170898438,8.242050170898438,0-17
37.0,62.014263,25.014263153076172,25.014263153076172,30-44
65.0,49.422974,-15.5770263671875,15.5770263671875,60-74
54.0,59.413216,5.413215637207031,5.413215637207031,45-59
21.0,25.396975,4.396974563598633,4.396974563598633,18-29
52.0,53.406586,1.406585693359375,1.406585693359375,45-59
20.0,36.406975,16.40697479248047,16.40697479248047,18-29
66.0,57.979557,-8.020442962646484,8.020442962646484,60-74
55.0,67.117195,12.117195129394531,12.117195129394531,45-59
55.0,56.269566,1.2695655822753906,1.2695655822753906,45-59
38.0,46.920155,8.920154571533203,8.920154571533203,30-44
70.0,55.23296,-14.767040252685547,14.767040252685547,60-74
58.0,47.93539,-10.06460952758789,10.06460952758789,45-59
79.0,56.434296,-22.565704345703125,22.565704345703125,75+
39.0,31.844795,-7.155204772949219,7.155204772949219,30-44
61.0,59.79934,-1.2006607055664062,1.2006607055664062,60-74
57.0,55.223907,-1.776092529296875,1.776092529296875,45-59
17.0,18.416325,1.4163246154785156,1.4163246154785156,0-17
31.0,28.115618,-2.8843822479248047,2.8843822479248047,30-44
55.0,53.077282,-1.9227180480957031,1.9227180480957031,45-59
49.0,54.44698,5.446979522705078,5.446979522705078,45-59
69.0,49.49326,-19.50674057006836,19.50674057006836,60-74
65.0,45.11527,-19.88473129272461,19.88473129272461,60-74
54.0,52.095837,-1.9041633605957031,1.9041633605957031,45-59
37.0,25.764206,-11.235794067382812,11.235794067382812,30-44
17.0,40.671658,23.67165756225586,23.67165756225586,0-17
12.0,10.429334,-1.5706663131713867,1.5706663131713867,0-17
46.0,44.35978,-1.6402206420898438,1.6402206420898438,45-59
59.0,50.19,-8.810001373291016,8.810001373291016,45-59
15.0,15.387361,0.3873605728149414,0.3873605728149414,0-17
50.0,43.037724,-6.962276458740234,6.962276458740234,45-59
17.0,29.866493,12.866493225097656,12.866493225097656,0-17
38.0,52.006367,14.006366729736328,14.006366729736328,30-44
78.0,67.7063,-10.293701171875,10.293701171875,75+
14.0,9.512604,-4.487396240234375,4.487396240234375,0-17
48.0,36.892776,-11.107223510742188,11.107223510742188,45-59
58.0,54.128075,-3.8719253540039062,3.8719253540039062,45-59
22.0,22.732521,0.7325210571289062,0.7325210571289062,18-29
20.0,37.4527,17.452701568603516,17.452701568603516,18-29
26.0,34.000294,8.000293731689453,8.000293731689453,18-29
59.0,64.33596,5.335960388183594,5.335960388183594,45-59
19.0,26.748287,7.748287200927734,7.748287200927734,18-29
61.0,42.752026,-18.247974395751953,18.247974395751953,60-74
23.0,30.740074,7.740074157714844,7.740074157714844,18-29
17.0,15.285717,-1.7142829895019531,1.7142829895019531,0-17
45.0,54.814938,9.814937591552734,9.814937591552734,45-59
51.0,51.244305,0.24430465698242188,0.24430465698242188,45-59
60.0,51.86653,-8.133468627929688,8.133468627929688,60-74
54.0,38.58509,-15.414909362792969,15.414909362792969,45-59
45.0,56.546658,11.54665756225586,11.54665756225586,45-59
70.0,60.238663,-9.761337280273438,9.761337280273438,60-74
22.0,39.485905,17.485904693603516,17.485904693603516,18-29
12.0,18.134836,6.134836196899414,6.134836196899414,0-17
57.0,59.530243,2.530242919921875,2.530242919921875,45-59
37.0,49.300175,12.300174713134766,12.300174713134766,30-44
13.0,16.074505,3.074504852294922,3.074504852294922,0-17
60.0,58.21464,-1.7853584289550781,1.7853584289550781,60-74
64.0,46.758404,-17.241596221923828,17.241596221923828,60-74
50.0,48.894585,-1.1054153442382812,1.1054153442382812,45-59
29.0,30.90792,1.9079208374023438,1.9079208374023438,18-29
64.0,69.06117,5.0611724853515625,5.0611724853515625,60-74
15.0,25.567852,10.567852020263672,10.567852020263672,0-17
68.0,45.11598,-22.884021759033203,22.884021759033203,60-74
42.0,50.211926,8.211925506591797,8.211925506591797,30-44
17.0,27.315866,10.315866470336914,10.315866470336914,0-17
29.0,31.331047,2.3310470581054688,2.3310470581054688,18-29
41.0,36.22607,-4.773929595947266,4.773929595947266,30-44
65.0,68.225876,3.2258758544921875,3.2258758544921875,60-74
36.0,37.889294,1.8892936706542969,1.8892936706542969,30-44
34.0,32.78035,-1.2196502685546875,1.2196502685546875,30-44
69.0,42.172207,-26.82779312133789,26.82779312133789,60-74
28.0,45.81632,17.81631851196289,17.81631851196289,18-29
23.0,34.902737,11.90273666381836,11.90273666381836,18-29
63.0,47.247246,-15.752754211425781,15.752754211425781,60-74
29.0,28.733269,-0.26673126220703125,0.26673126220703125,18-29
47.0,25.394388,-21.60561180114746,21.60561180114746,45-59
62.0,69.67024,7.6702423095703125,7.6702423095703125,60-74
75.0,51.349617,-23.65038299560547,23.65038299560547,75+
23.0,23.315145,0.31514549255371094,0.31514549255371094,18-29
46.0,42.14692,-3.8530807495117188,3.8530807495117188,45-59
44.0,54.679638,10.679637908935547,10.679637908935547,30-44
32.0,42.641075,10.641075134277344,10.641075134277344,30-44
57.0,62.488503,5.488502502441406,5.488502502441406,45-59
65.0,54.97523,-10.024768829345703,10.024768829345703,60-74
66.0,63.35573,-2.6442718505859375,2.6442718505859375,60-74
69.0,63.848763,-5.151237487792969,5.151237487792969,60-74
14.0,17.1258,3.1257991790771484,3.1257991790771484,0-17
30.0,28.943518,-1.0564823150634766,1.0564823150634766,30-44
36.0,41.13413,5.134128570556641,5.134128570556641,30-44
49.0,37.56602,-11.433979034423828,11.433979034423828,45-59
28.0,43.676357,15.67635726928711,15.67635726928711,18-29
57.0,56.361397,-0.6386032104492188,0.6386032104492188,45-59
36.0,33.07792,-2.9220809936523438,2.9220809936523438,30-44
26.0,9.916748,-16.083251953125,16.083251953125,18-29
59.0,61.169895,2.1698951721191406,2.1698951721191406,45-59
53.0,43.72276,-9.277240753173828,9.277240753173828,45-59
56.0,57.86005,1.8600502014160156,1.8600502014160156,45-59
73.0,37.978077,-35.02192306518555,35.02192306518555,60-74
78.0,74.3407,-3.6593017578125,3.6593017578125,75+
62.0,53.896366,-8.103633880615234,8.103633880615234,60-74
14.0,20.79224,6.792240142822266,6.792240142822266,0-17
66.0,55.14375,-10.856250762939453,10.856250762939453,60-74
17.0,20.585028,3.5850276947021484,3.5850276947021484,0-17
77.0,68.07219,-8.927810668945312,8.927810668945312,75+
72.0,47.535336,-24.464664459228516,24.464664459228516,60-74
23.0,32.568382,9.568382263183594,9.568382263183594,18-29
56.0,55.540043,-0.4599571228027344,0.4599571228027344,45-59
55.0,36.55294,-18.447059631347656,18.447059631347656,45-59
76.0,57.252922,-18.74707794189453,18.74707794189453,75+
32.0,35.323105,3.3231048583984375,3.3231048583984375,30-44
63.0,60.625187,-2.3748130798339844,2.3748130798339844,60-74
14.0,12.691363,-1.3086366653442383,1.3086366653442383,0-17
37.0,47.151554,10.151554107666016,10.151554107666016,30-44
13.0,8.951881,-4.048118591308594,4.048118591308594,0-17
13.0,11.726741,-1.273259162902832,1.273259162902832,0-17
47.0,53.513325,6.513324737548828,6.513324737548828,45-59
18.0,27.896694,9.89669418334961,9.89669418334961,18-29
34.0,34.485046,0.48504638671875,0.48504638671875,30-44
12.0,11.517456,-0.4825439453125,0.4825439453125,0-17
46.0,34.349903,-11.650096893310547,11.650096893310547,45-59
55.0,50.850872,-4.149127960205078,4.149127960205078,45-59
69.0,67.159325,-1.8406753540039062,1.8406753540039062,60-74
40.0,41.6852,1.6851997375488281,1.6851997375488281,30-44
59.0,50.770744,-8.229255676269531,8.229255676269531,45-59
48.0,56.033295,8.033294677734375,8.033294677734375,45-59
16.0,11.754139,-4.245861053466797,4.245861053466797,0-17
54.0,55.65102,1.6510200500488281,1.6510200500488281,45-59
19.0,18.642845,-0.35715484619140625,0.35715484619140625,18-29
84.0,71.583275,-12.416725158691406,12.416725158691406,75+
71.0,67.20589,-3.7941131591796875,3.7941131591796875,60-74
32.0,38.987846,6.987846374511719,6.987846374511719,30-44
59.0,52.335537,-6.664463043212891,6.664463043212891,45-59
37.0,51.787025,14.787025451660156,14.787025451660156,30-44
13.0,17.296381,4.296380996704102,4.296380996704102,0-17
67.0,41.953075,-25.046924591064453,25.046924591064453,60-74
35.0,40.07773,5.077728271484375,5.077728271484375,30-44
74.0,72.54707,-1.4529266357421875,1.4529266357421875,60-74
64.0,69.908806,5.908805847167969,5.908805847167969,60-74
12.0,20.514378,8.51437759399414,8.51437759399414,0-17
55.0,48.995693,-6.004306793212891,6.004306793212891,45-59
28.0,25.218878,-2.7811222076416016,2.7811222076416016,18-29
52.0,47.919514,-4.080486297607422,4.080486297607422,45-59
52.0,68.45679,16.456787109375,16.456787109375,45-59
73.0,43.29823,-29.701770782470703,29.701770782470703,60-74
51.0,59.172016,8.172016143798828,8.172016143798828,45-59
13.0,14.31034,1.3103399276733398,1.3103399276733398,0-17
58.0,68.56016,10.560157775878906,10.560157775878906,45-59
72.0,70.721504,-1.2784957885742188,1.2784957885742188,60-74
49.0,54.41431,5.414310455322266,5.414310455322266,45-59
66.0,42.245605,-23.75439453125,23.75439453125,60-74
44.0,28.248266,-15.751733779907227,15.751733779907227,30-44
65.0,63.3294,-1.6706008911132812,1.6706008911132812,60-74
50.0,48.482292,-1.5177078247070312,1.5177078247070312,45-59
31.0,40.665825,9.665824890136719,9.665824890136719,30-44
62.0,63.32195,1.3219490051269531,1.3219490051269531,60-74
46.0,53.42831,7.428310394287109,7.428310394287109,45-59
42.0,37.322258,-4.677742004394531,4.677742004394531,30-44
36.0,39.242302,3.2423019409179688,3.2423019409179688,30-44
62.0,68.18107,6.181068420410156,6.181068420410156,60-74
32.0,32.743397,0.7433967590332031,0.7433967590332031,30-44
22.0,24.140009,2.1400089263916016,2.1400089263916016,18-29
62.0,62.949333,0.9493331909179688,0.9493331909179688,60-74
60.0,50.021896,-9.978103637695312,9.978103637695312,60-74
57.0,51.84798,-5.152019500732422,5.152019500732422,45-59
25.0,23.475557,-1.5244426727294922,1.5244426727294922,18-29
75.0,62.14025,-12.859748840332031,12.859748840332031,75+
40.0,40.05655,0.056549072265625,0.056549072265625,30-44
56.0,55.503773,-0.4962272644042969,0.4962272644042969,45-59
13.0,12.9081335,-0.09186649322509766,0.09186649322509766,0-17
17.0,40.979538,23.979537963867188,23.979537963867188,0-17
16.0,38.944336,22.9443359375,22.9443359375,0-17
38.0,57.08797,19.087970733642578,19.087970733642578,30-44
43.0,41.94727,-1.0527305603027344,1.0527305603027344,30-44
27.0,27.864708,0.8647079467773438,0.8647079467773438,18-29
35.0,33.131542,-1.8684577941894531,1.8684577941894531,30-44
17.0,23.195131,6.195131301879883,6.195131301879883,0-17
66.0,53.858353,-12.141647338867188,12.141647338867188,60-74
44.0,45.60749,1.6074905395507812,1.6074905395507812,30-44
76.0,60.81519,-15.184810638427734,15.184810638427734,75+
16.0,19.505625,3.505624771118164,3.505624771118164,0-17
48.0,62.106987,14.106986999511719,14.106986999511719,45-59
36.0,45.571396,9.571395874023438,9.571395874023438,30-44
43.0,43.09603,0.09603118896484375,0.09603118896484375,30-44
73.0,69.534966,-3.4650344848632812,3.4650344848632812,60-74
58.0,60.735,2.7350006103515625,2.7350006103515625,45-59
70.0,58.907227,-11.0927734375,11.0927734375,60-74
13.0,13.594397,0.5943965911865234,0.5943965911865234,0-17
18.0,39.402344,21.40234375,21.40234375,18-29
54.0,42.547012,-11.452987670898438,11.452987670898438,45-59
41.0,47.783993,6.783992767333984,6.783992767333984,30-44
37.0,23.928368,-13.071632385253906,13.071632385253906,30-44
13.0,17.642063,4.642063140869141,4.642063140869141,0-17
32.0,31.629131,-0.3708686828613281,0.3708686828613281,30-44
32.0,45.957325,13.957324981689453,13.957324981689453,30-44
22.0,29.094692,7.094692230224609,7.094692230224609,18-29
29.0,41.252117,12.252117156982422,12.252117156982422,18-29
66.0,58.041103,-7.958896636962891,7.958896636962891,60-74
63.0,59.81313,-3.186870574951172,3.186870574951172,60-74
57.0,42.81929,-14.180709838867188,14.180709838867188,45-59
74.0,59.68322,-14.316780090332031,14.316780090332031,60-74
74.0,58.952156,-15.047843933105469,15.047843933105469,60-74
59.0,61.439964,2.4399642944335938,2.4399642944335938,45-59
23.0,27.925169,4.925168991088867,4.925168991088867,18-29
14.0,18.188133,4.188133239746094,4.188133239746094,0-17
51.0,27.918804,-23.081195831298828,23.081195831298828,45-59
72.0,65.13934,-6.86065673828125,6.86065673828125,60-74
67.0,46.090942,-20.9090576171875,20.9090576171875,60-74
25.0,29.431173,4.431173324584961,4.431173324584961,18-29
52.0,54.168617,2.1686172485351562,2.1686172485351562,45-59
39.0,57.937187,18.93718719482422,18.93718719482422,30-44
39.0,37.047367,-1.9526329040527344,1.9526329040527344,30-44
43.0,60.408848,17.40884780883789,17.40884780883789,30-44
58.0,53.429855,-4.5701446533203125,4.5701446533203125,45-59
20.0,33.232975,13.232975006103516,13.232975006103516,18-29
55.0,44.95157,-10.048431396484375,10.048431396484375,45-59
40.0,52.701603,12.701602935791016,12.701602935791016,30-44
30.0,55.313316,25.313316345214844,25.313316345214844,30-44
62.0,59.17868,-2.821319580078125,2.821319580078125,60-74
38.0,40.040443,2.0404434204101562,2.0404434204101562,30-44
65.0,70.94904,5.949043273925781,5.949043273925781,60-74
16.0,15.478425,-0.5215749740600586,0.5215749740600586,0-17
18.0,18.561882,0.5618820190429688,0.5618820190429688,18-29
74.0,51.68474,-22.315261840820312,22.315261840820312,60-74
51.0,59.838757,8.838756561279297,8.838756561279297,45-59
50.0,49.329033,-0.6709671020507812,0.6709671020507812,45-59
67.0,41.48673,-25.51327133178711,25.51327133178711,60-74
16.0,14.901345,-1.0986547470092773,1.0986547470092773,0-17
62.0,49.194206,-12.805793762207031,12.805793762207031,60-74
70.0,55.320942,-14.679058074951172,14.679058074951172,60-74
60.0,62.407894,2.4078941345214844,2.4078941345214844,60-74
24.0,32.214764,8.214763641357422,8.214763641357422,18-29
46.0,21.529858,-24.470142364501953,24.470142364501953,45-59
30.0,37.37391,7.373908996582031,7.373908996582031,30-44
17.0,20.11916,3.119159698486328,3.119159698486328,0-17
26.0,26.451464,0.4514636993408203,0.4514636993408203,18-29
32.0,33.167835,1.1678352355957031,1.1678352355957031,30-44
17.0,17.209019,0.20901870727539062,0.20901870727539062,0-17
52.0,52.492172,0.4921722412109375,0.4921722412109375,45-59
67.0,66.61717,-0.3828277587890625,0.3828277587890625,60-74
44.0,33.78988,-10.210121154785156,10.210121154785156,30-44
60.0,58.985268,-1.0147323608398438,1.0147323608398438,60-74
23.0,44.134743,21.134742736816406,21.134742736816406,18-29
61.0,40.72173,-20.278270721435547,20.278270721435547,60-74
56.0,59.018623,3.0186233520507812,3.0186233520507812,45-59
54.0,55.948215,1.9482154846191406,1.9482154846191406,45-59
62.0,38.73381,-23.266189575195312,23.266189575195312,60-74
59.0,59.55497,0.5549697875976562,0.5549697875976562,45-59
52.0,47.85197,-4.148029327392578,4.148029327392578,45-59
63.0,64.96876,1.9687576293945312,1.9687576293945312,60-74
18.0,13.572541,-4.427458763122559,4.427458763122559,18-29
33.0,41.025864,8.025863647460938,8.025863647460938,30-44
16.0,41.455654,25.45565414428711,25.45565414428711,0-17
24.0,22.581385,-1.4186153411865234,1.4186153411865234,18-29
14.0,16.605677,2.6056766510009766,2.6056766510009766,0-17
14.0,15.851125,1.8511247634887695,1.8511247634887695,0-17
28.0,28.529121,0.5291213989257812,0.5291213989257812,18-29
38.0,43.078667,5.078666687011719,5.078666687011719,30-44
17.0,13.946504,-3.0534963607788086,3.0534963607788086,0-17
44.0,51.250168,7.2501678466796875,7.2501678466796875,30-44
43.0,51.686733,8.68673324584961,8.68673324584961,30-44
37.0,37.018883,0.01888275146484375,0.01888275146484375,30-44
62.0,59.7201,-2.2798995971679688,2.2798995971679688,60-74
33.0,29.367842,-3.6321582794189453,3.6321582794189453,30-44
74.0,67.900566,-6.099433898925781,6.099433898925781,60-74
40.0,48.21914,8.219139099121094,8.219139099121094,30-44
68.0,65.022446,-2.9775543212890625,2.9775543212890625,60-74
19.0,35.0256,16.02560043334961,16.02560043334961,18-29
48.0,65.58519,17.585189819335938,17.585189819335938,45-59
66.0,61.314796,-4.685203552246094,4.685203552246094,60-74
42.0,25.644737,-16.355262756347656,16.355262756347656,30-44
32.0,37.595398,5.59539794921875,5.59539794921875,30-44
21.0,21.39112,0.39112091064453125,0.39112091064453125,18-29
38.0,43.05161,5.051609039306641,5.051609039306641,30-44
53.0,55.744633,2.7446327209472656,2.7446327209472656,45-59
51.0,37.980545,-13.019454956054688,13.019454956054688,45-59
76.0,54.207615,-21.79238510131836,21.79238510131836,75+
44.0,63.716232,19.716232299804688,19.716232299804688,30-44
26.0,46.952045,20.952045440673828,20.952045440673828,18-29
32.0,33.970318,1.9703178405761719,1.9703178405761719,30-44
28.0,35.760445,7.760444641113281,7.760444641113281,18-29
24.0,31.770527,7.770526885986328,7.770526885986328,18-29
43.0,38.57033,-4.429668426513672,4.429668426513672,30-44
33.0,25.325903,-7.674097061157227,7.674097061157227,30-44
43.0,47.827805,4.8278045654296875,4.8278045654296875,30-44
61.0,54.166542,-6.833457946777344,6.833457946777344,60-74
68.0,65.66448,-2.3355178833007812,2.3355178833007812,60-74
44.0,39.564777,-4.435222625732422,4.435222625732422,30-44
57.0,49.970337,-7.0296630859375,7.0296630859375,45-59
78.0,64.01621,-13.983787536621094,13.983787536621094,75+
73.0,59.568836,-13.431163787841797,13.431163787841797,60-74
73.0,64.505165,-8.494834899902344,8.494834899902344,60-74
19.0,25.933563,6.933563232421875,6.933563232421875,18-29
44.0,45.074318,1.0743179321289062,1.0743179321289062,30-44
20.0,33.52401,13.524009704589844,13.524009704589844,18-29
38.0,59.332214,21.33221435546875,21.33221435546875,30-44
16.0,25.60905,9.609050750732422,9.609050750732422,0-17
12.0,10.155302,-1.8446979522705078,1.8446979522705078,0-17
37.0,29.992346,-7.007654190063477,7.007654190063477,30-44
23.0,24.591259,1.5912590026855469,1.5912590026855469,18-29
19.0,33.001278,14.001277923583984,14.001277923583984,18-29
25.0,56.699306,31.69930648803711,31.69930648803711,18-29
77.0,77.12758,0.1275787353515625,0.1275787353515625,75+
57.0,73.2371,16.237098693847656,16.237098693847656,45-59
71.0,58.881374,-12.11862564086914,12.11862564086914,60-74
31.0,44.274555,13.274555206298828,13.274555206298828,30-44
63.0,45.489883,-17.510116577148438,17.510116577148438,60-74
28.0,44.678272,16.678272247314453,16.678272247314453,18-29
62.0,52.827324,-9.172676086425781,9.172676086425781,60-74
17.0,17.250137,0.2501373291015625,0.2501373291015625,0-17
58.0,59.888058,1.8880577087402344,1.8880577087402344,45-59
40.0,46.95489,6.954891204833984,6.954891204833984,30-44
26.0,28.455229,2.455228805541992,2.455228805541992,18-29
65.0,57.0538,-7.946201324462891,7.946201324462891,60-74
21.0,36.044586,15.044586181640625,15.044586181640625,18-29
66.0,52.03937,-13.960628509521484,13.960628509521484,60-74
61.0,60.04348,-0.9565200805664062,0.9565200805664062,60-74
61.0,55.555164,-5.444835662841797,5.444835662841797,60-74
45.0,39.268425,-5.731575012207031,5.731575012207031,45-59
53.0,32.169262,-20.830738067626953,20.830738067626953,45-59
45.0,54.969627,9.969627380371094,9.969627380371094,45-59
18.0,21.406233,3.4062328338623047,3.4062328338623047,18-29
63.0,59.46436,-3.5356407165527344,3.5356407165527344,60-74
20.0,25.145222,5.145221710205078,5.145221710205078,18-29
52.0,66.184135,14.184135437011719,14.184135437011719,45-59
30.0,32.44321,2.4432106018066406,2.4432106018066406,30-44
39.0,31.124443,-7.875556945800781,7.875556945800781,30-44
37.0,63.230637,26.230636596679688,26.230636596679688,30-44
67.0,69.58162,2.5816192626953125,2.5816192626953125,60-74
16.0,32.70395,16.703948974609375,16.703948974609375,0-17
17.0,20.034176,3.0341758728027344,3.0341758728027344,0-17
28.0,46.684654,18.684654235839844,18.684654235839844,18-29
68.0,64.2591,-3.7408981323242188,3.7408981323242188,60-74
77.0,75.737206,-1.2627944946289062,1.2627944946289062,75+
28.0,30.130278,2.130277633666992,2.130277633666992,18-29
14.0,14.2273,0.22729969024658203,0.22729969024658203,0-17
67.0,63.084187,-3.915813446044922,3.915813446044922,60-74
44.0,39.034157,-4.965843200683594,4.965843200683594,30-44
60.0,47.89412,-12.105880737304688,12.105880737304688,60-74
15.0,17.960697,2.9606971740722656,2.9606971740722656,0-17
52.0,54.600307,2.6003074645996094,2.6003074645996094,45-59
49.0,40.671444,-8.328556060791016,8.328556060791016,45-59
36.0,34.109245,-1.8907546997070312,1.8907546997070312,30-44
25.0,28.438112,3.438112258911133,3.438112258911133,18-29
59.0,42.740166,-16.25983428955078,16.25983428955078,45-59
79.0,34.73744,-44.2625617980957,44.2625617980957,75+
69.0,50.660824,-18.339176177978516,18.339176177978516,60-74
68.0,34.93087,-33.069129943847656,33.069129943847656,60-74
24.0,42.72658,18.726581573486328,18.726581573486328,18-29
13.0,14.28902,1.2890195846557617,1.2890195846557617,0-17
40.0,59.07142,19.07141876220703,19.07141876220703,30-44
21.0,26.624004,5.624004364013672,5.624004364013672,18-29
48.0,53.11143,5.111431121826172,5.111431121826172,45-59
52.0,58.06755,6.0675506591796875,6.0675506591796875,45-59
67.0,56.42097,-10.579029083251953,10.579029083251953,60-74
41.0,45.935383,4.935382843017578,4.935382843017578,30-44
39.0,34.407833,-4.592166900634766,4.592166900634766,30-44
34.0,37.06388,3.0638809204101562,3.0638809204101562,30-44
32.0,24.745161,-7.254838943481445,7.254838943481445,30-44
52.0,49.203598,-2.7964019775390625,2.7964019775390625,45-59
66.0,52.828094,-13.171905517578125,13.171905517578125,60-74
44.0,62.731274,18.731273651123047,18.731273651123047,30-44
58.0,53.185806,-4.8141937255859375,4.8141937255859375,45-59
14.0,21.650097,7.650096893310547,7.650096893310547,0-17
16.0,19.665857,3.6658573150634766,3.6658573150634766,0-17
42.0,38.623604,-3.3763961791992188,3.3763961791992188,30-44
14.0,12.487447,-1.5125532150268555,1.5125532150268555,0-17
21.0,34.108063,13.108062744140625,13.108062744140625,18-29
69.0,51.40718,-17.592819213867188,17.592819213867188,60-74
29.0,30.255997,1.2559967041015625,1.2559967041015625,18-29
56.0,50.788616,-5.211383819580078,5.211383819580078,45-59
34.0,35.85036,1.8503608703613281,1.8503608703613281,30-44
21.0,27.149454,6.149454116821289,6.149454116821289,18-29
72.0,32.268867,-39.73113250732422,39.73113250732422,60-74
39.0,33.469383,-5.530616760253906,5.530616760253906,30-44
19.0,32.36495,13.364948272705078,13.364948272705078,18-29
58.0,53.236954,-4.7630462646484375,4.7630462646484375,45-59
26.0,28.532837,2.5328369140625,2.5328369140625,18-29
39.0,62.054752,23.054752349853516,23.054752349853516,30-44
71.0,70.24824,-0.7517623901367188,0.7517623901367188,60-74
33.0,35.70271,2.702709197998047,2.702709197998047,30-44
18.0,23.159407,5.159406661987305,5.159406661987305,18-29
49.0,40.18227,-8.817729949951172,8.817729949951172,45-59
14.0,14.922887,0.922886848449707,0.922886848449707,0-17
79.0,53.637337,-25.36266326904297,25.36266326904297,75+
42.0,32.751225,-9.248775482177734,9.248775482177734,30-44
69.0,63.87276,-5.127239227294922,5.127239227294922,60-74
28.0,32.937252,4.937252044677734,4.937252044677734,18-29
24.0,27.668837,3.6688365936279297,3.6688365936279297,18-29
53.0,44.815624,-8.184375762939453,8.184375762939453,45-59
27.0,35.241024,8.241024017333984,8.241024017333984,18-29
33.0,42.27354,9.273540496826172,9.273540496826172,30-44
73.0,65.272606,-7.727394104003906,7.727394104003906,60-74
12.0,10.67997,-1.3200302124023438,1.3200302124023438,0-17
72.0,65.216896,-6.783103942871094,6.783103942871094,60-74
19.0,20.749718,1.7497177124023438,1.7497177124023438,18-29
40.0,40.037376,0.03737640380859375,0.03737640380859375,30-44
47.0,55.553776,8.553775787353516,8.553775787353516,45-59
16.0,38.944336,22.9443359375,22.9443359375,0-17
77.0,43.223717,-33.776283264160156,33.776283264160156,75+
33.0,24.489674,-8.510326385498047,8.510326385498047,30-44
74.0,49.85255,-24.147449493408203,24.147449493408203,60-74
36.0,30.815239,-5.184761047363281,5.184761047363281,30-44
56.0,56.589825,0.5898246765136719,0.5898246765136719,45-59
38.0,50.266376,12.266376495361328,12.266376495361328,30-44
30.0,43.247,13.247001647949219,13.247001647949219,30-44
60.0,57.115746,-2.8842544555664062,2.8842544555664062,60-74
49.0,34.33526,-14.664741516113281,14.664741516113281,45-59
76.0,72.78445,-3.2155532836914062,3.2155532836914062,75+
15.0,19.702663,4.702663421630859,4.702663421630859,0-17
15.0,12.281832,-2.718168258666992,2.718168258666992,0-17
81.0,60.30663,-20.693370819091797,20.693370819091797,75+
74.0,41.94248,-32.05752182006836,32.05752182006836,60-74
36.0,35.013332,-0.9866676330566406,0.9866676330566406,30-44
57.0,55.966343,-1.0336570739746094,1.0336570739746094,45-59
24.0,31.932919,7.932918548583984,7.932918548583984,18-29
33.0,37.749165,4.749164581298828,4.749164581298828,30-44
75.0,54.31878,-20.68122100830078,20.68122100830078,75+
60.0,49.3351,-10.664901733398438,10.664901733398438,60-74
62.0,59.73901,-2.2609901428222656,2.2609901428222656,60-74
68.0,67.723976,-0.27602386474609375,0.27602386474609375,60-74
19.0,15.175768,-3.8242321014404297,3.8242321014404297,18-29
53.0,67.48858,14.488578796386719,14.488578796386719,45-59
35.0,27.49159,-7.50840950012207,7.50840950012207,30-44
28.0,44.414803,16.41480255126953,16.41480255126953,18-29
29.0,24.513578,-4.486421585083008,4.486421585083008,18-29
24.0,31.301876,7.301876068115234,7.301876068115234,18-29
39.0,51.751205,12.751205444335938,12.751205444335938,30-44
55.0,58.57675,3.576751708984375,3.576751708984375,45-59
50.0,52.19432,2.1943206787109375,2.1943206787109375,45-59
17.0,12.891671,-4.108328819274902,4.108328819274902,0-17
36.0,46.080307,10.080307006835938,10.080307006835938,30-44
35.0,58.898064,23.89806365966797,23.89806365966797,30-44
37.0,62.630386,25.630386352539062,25.630386352539062,30-44
17.0,16.14138,-0.8586196899414062,0.8586196899414062,0-17
57.0,57.724,0.7239990234375,0.7239990234375,45-59
53.0,53.516575,0.5165748596191406,0.5165748596191406,45-59
36.0,37.924416,1.9244155883789062,1.9244155883789062,30-44
59.0,48.567375,-10.432624816894531,10.432624816894531,45-59
59.0,58.282787,-0.7172126770019531,0.7172126770019531,45-59
17.0,22.881516,5.8815155029296875,5.8815155029296875,0-17
46.0,50.395782,4.395782470703125,4.395782470703125,45-59
18.0,24.225195,6.225194931030273,6.225194931030273,18-29
15.0,10.083567,-4.916433334350586,4.916433334350586,0-17
12.0,14.601157,2.6011571884155273,2.6011571884155273,0-17
55.0,64.66286,9.662857055664062,9.662857055664062,45-59
17.0,21.351805,4.351804733276367,4.351804733276367,0-17
18.0,23.609488,5.609487533569336,5.609487533569336,18-29
17.0,44.75854,27.758541107177734,27.758541107177734,0-17
16.0,39.266357,23.266357421875,23.266357421875,0-17
60.0,41.753998,-18.246002197265625,18.246002197265625,60-74
30.0,35.869835,5.869834899902344,5.869834899902344,30-44
64.0,63.606,-0.3940010070800781,0.3940010070800781,60-74
44.0,65.20308,21.203079223632812,21.203079223632812,30-44
31.0,29.220728,-1.7792720794677734,1.7792720794677734,30-44
15.0,9.039274,-5.960725784301758,5.960725784301758,0-17
16.0,25.465881,9.46588134765625,9.46588134765625,0-17
79.0,73.093,-5.9069976806640625,5.9069976806640625,75+
15.0,18.275562,3.275562286376953,3.275562286376953,0-17
28.0,49.32086,21.32086181640625,21.32086181640625,18-29
30.0,29.678732,-0.32126808166503906,0.32126808166503906,30-44
52.0,45.465057,-6.534942626953125,6.534942626953125,45-59
38.0,41.439926,3.4399261474609375,3.4399261474609375,30-44
36.0,38.39727,2.3972702026367188,2.3972702026367188,30-44
61.0,59.706436,-1.2935638427734375,1.2935638427734375,60-74
41.0,27.350588,-13.649412155151367,13.649412155151367,30-44
59.0,56.339115,-2.6608848571777344,2.6608848571777344,45-59
73.0,40.60719,-32.3928108215332,32.3928108215332,60-74
75.0,70.49484,-4.505157470703125,4.505157470703125,75+
43.0,46.808857,3.808856964111328,3.808856964111328,30-44
69.0,62.23025,-6.769748687744141,6.769748687744141,60-74
32.0,29.842306,-2.157693862915039,2.157693862915039,30-44
65.0,57.050964,-7.94903564453125,7.94903564453125,60-74
44.0,41.884346,-2.1156539916992188,2.1156539916992188,30-44
24.0,31.929264,7.929264068603516,7.929264068603516,18-29
12.0,11.536581,-0.46341896057128906,0.46341896057128906,0-17
30.0,53.429153,23.429153442382812,23.429153442382812,30-44
63.0,59.327488,-3.6725120544433594,3.6725120544433594,60-74
38.0,38.88512,0.8851203918457031,0.8851203918457031,30-44
66.0,65.254486,-0.745513916015625,0.745513916015625,60-74
36.0,38.17176,2.1717605590820312,2.1717605590820312,30-44
72.0,67.480804,-4.519195556640625,4.519195556640625,60-74
73.0,54.840572,-18.159427642822266,18.159427642822266,60-74
42.0,44.55607,2.5560684204101562,2.5560684204101562,30-44
26.0,24.003305,-1.996694564819336,1.996694564819336,18-29
75.0,62.79756,-12.202438354492188,12.202438354492188,75+
53.0,37.168312,-15.831687927246094,15.831687927246094,45-59
56.0,58.868027,2.8680267333984375,2.8680267333984375,45-59
55.0,56.159065,1.1590652465820312,1.1590652465820312,45-59
55.0,60.33448,5.334480285644531,5.334480285644531,45-59
27.0,34.039715,7.039714813232422,7.039714813232422,18-29
65.0,50.308567,-14.69143295288086,14.69143295288086,60-74
47.0,51.857914,4.857913970947266,4.857913970947266,45-59
18.0,19.17079,1.1707897186279297,1.1707897186279297,18-29
40.0,52.757267,12.757266998291016,12.757266998291016,30-44
73.0,53.76602,-19.233978271484375,19.233978271484375,60-74
45.0,45.345325,0.3453254699707031,0.3453254699707031,45-59
15.0,22.268488,7.268487930297852,7.268487930297852,0-17
16.0,25.465881,9.46588134765625,9.46588134765625,0-17
12.0,11.587324,-0.4126758575439453,0.4126758575439453,0-17
50.0,13.278099,-36.721900939941406,36.721900939941406,45-59
52.0,53.210445,1.2104454040527344,1.2104454040527344,45-59
17.0,43.437927,26.43792724609375,26.43792724609375,0-17
44.0,52.83694,8.83694076538086,8.83694076538086,30-44
26.0,48.15113,22.15113067626953,22.15113067626953,18-29
46.0,54.919285,8.91928482055664,8.91928482055664,45-59
40.0,41.858627,1.8586273193359375,1.8586273193359375,30-44
24.0,35.755177,11.755176544189453,11.755176544189453,18-29
72.0,68.44401,-3.5559921264648438,3.5559921264648438,60-74
47.0,47.55667,0.556671142578125,0.556671142578125,45-59
24.0,33.513115,9.513114929199219,9.513114929199219,18-29
30.0,19.244343,-10.755657196044922,10.755657196044922,30-44
69.0,63.34426,-5.655738830566406,5.655738830566406,60-74
61.0,53.78974,-7.210258483886719,7.210258483886719,60-74
56.0,51.778473,-4.221527099609375,4.221527099609375,45-59
68.0,82.65845,14.658447265625,14.658447265625,60-74
18.0,18.902422,0.9024219512939453,0.9024219512939453,18-29
32.0,28.751286,-3.2487144470214844,3.2487144470214844,30-44
16.0,17.185492,1.1854915618896484,1.1854915618896484,0-17
21.0,40.728394,19.7283935546875,19.7283935546875,18-29
13.0,13.230264,0.23026371002197266,0.23026371002197266,0-17
60.0,41.261574,-18.738426208496094,18.738426208496094,60-74
27.0,33.42173,6.421730041503906,6.421730041503906,18-29
17.0,21.756413,4.756412506103516,4.756412506103516,0-17
19.0,20.04681,1.0468101501464844,1.0468101501464844,18-29
42.0,50.880737,8.8807373046875,8.8807373046875,30-44
41.0,65.47444,24.474441528320312,24.474441528320312,30-44
50.0,44.870888,-5.129112243652344,5.129112243652344,45-59
35.0,37.35906,2.359058380126953,2.359058380126953,30-44
38.0,49.298492,11.298492431640625,11.298492431640625,30-44
44.0,54.411114,10.411113739013672,10.411113739013672,30-44
72.0,72.54083,0.54083251953125,0.54083251953125,60-74
13.0,19.764013,6.764013290405273,6.764013290405273,0-17
23.0,22.703423,-0.29657745361328125,0.29657745361328125,18-29
28.0,33.404636,5.404636383056641,5.404636383056641,18-29
59.0,48.294582,-10.70541763305664,10.70541763305664,45-59
71.0,55.48867,-15.511329650878906,15.511329650878906,60-74
51.0,68.2679,17.267898559570312,17.267898559570312,45-59
27.0,50.099926,23.099925994873047,23.099925994873047,18-29
19.0,32.141644,13.141643524169922,13.141643524169922,18-29
13.0,11.527838,-1.4721622467041016,1.4721622467041016,0-17
57.0,56.966465,-0.033535003662109375,0.033535003662109375,45-59
19.0,17.144442,-1.8555583953857422,1.8555583953857422,18-29
30.0,31.984203,1.9842033386230469,1.9842033386230469,30-44
43.0,45.088272,2.0882720947265625,2.0882720947265625,30-44
55.0,40.948753,-14.051246643066406,14.051246643066406,45-59
26.0,28.353699,2.35369873046875,2.35369873046875,18-29
12.0,18.832722,6.832721710205078,6.832721710205078,0-17
64.0,58.10942,-5.8905792236328125,5.8905792236328125,60-74
63.0,64.30438,1.30438232421875,1.30438232421875,60-74
66.0,56.386,-9.613998413085938,9.613998413085938,60-74
44.0,41.397236,-2.602764129638672,2.602764129638672,30-44
27.0,35.64435,8.64434814453125,8.64434814453125,18-29
31.0,33.968033,2.9680328369140625,2.9680328369140625,30-44
20.0,29.206394,9.20639419555664,9.20639419555664,18-29
12.0,12.316914,0.3169136047363281,0.3169136047363281,0-17
40.0,26.946173,-13.053827285766602,13.053827285766602,30-44
27.0,32.91112,5.911121368408203,5.911121368408203,18-29
47.0,62.202892,15.202892303466797,15.202892303466797,45-59
30.0,32.58062,2.5806198120117188,2.5806198120117188,30-44
14.0,17.170149,3.1701488494873047,3.1701488494873047,0-17
38.0,41.3425,3.342498779296875,3.342498779296875,30-44
61.0,59.925697,-1.0743026733398438,1.0743026733398438,60-74
75.0,62.768593,-12.231407165527344,12.231407165527344,75+
15.0,18.942589,3.9425888061523438,3.9425888061523438,0-17
16.0,18.020666,2.0206661224365234,2.0206661224365234,0-17
33.0,49.80451,16.804508209228516,16.804508209228516,30-44
42.0,41.617863,-0.3821372985839844,0.3821372985839844,30-44
31.0,44.46178,13.461780548095703,13.461780548095703,30-44
73.0,70.983765,-2.0162353515625,2.0162353515625,60-74
55.0,55.9686,0.9686012268066406,0.9686012268066406,45-59
39.0,28.892916,-10.107084274291992,10.107084274291992,30-44
28.0,28.018332,0.018331527709960938,0.018331527709960938,18-29
36.0,37.850723,1.8507232666015625,1.8507232666015625,30-44
58.0,54.85294,-3.1470603942871094,3.1470603942871094,45-59
78.0,69.311,-8.689002990722656,8.689002990722656,75+
13.0,21.958502,8.958501815795898,8.958501815795898,0-17
55.0,54.62285,-0.3771514892578125,0.3771514892578125,45-59
65.0,56.21528,-8.784721374511719,8.784721374511719,60-74
71.0,55.451057,-15.548942565917969,15.548942565917969,60-74
23.0,26.551287,3.5512866973876953,3.5512866973876953,18-29
43.0,52.117237,9.117237091064453,9.117237091064453,30-44
12.0,11.353719,-0.6462812423706055,0.6462812423706055,0-17
36.0,43.244225,7.244224548339844,7.244224548339844,30-44
61.0,41.496338,-19.503662109375,19.503662109375,60-74
18.0,28.009903,10.009902954101562,10.009902954101562,18-29
24.0,23.102345,-0.8976554870605469,0.8976554870605469,18-29
48.0,44.71018,-3.2898216247558594,3.2898216247558594,45-59
49.0,40.325233,-8.674766540527344,8.674766540527344,45-59
68.0,46.61687,-21.383129119873047,21.383129119873047,60-74
32.0,30.901237,-1.0987625122070312,1.0987625122070312,30-44
38.0,46.83023,8.830230712890625,8.830230712890625,30-44
61.0,38.629677,-22.370323181152344,22.370323181152344,60-74
41.0,44.407864,3.4078636169433594,3.4078636169433594,30-44
42.0,40.923344,-1.0766563415527344,1.0766563415527344,30-44
68.0,53.01461,-14.985389709472656,14.985389709472656,60-74
37.0,32.319637,-4.680362701416016,4.680362701416016,30-44
52.0,57.546917,5.546916961669922,5.546916961669922,45-59
20.0,36.09597,16.095970153808594,16.095970153808594,18-29
18.0,25.137096,7.137096405029297,7.137096405029297,18-29
29.0,43.96545,14.965450286865234,14.965450286865234,18-29
18.0,19.261944,1.2619438171386719,1.2619438171386719,18-29
45.0,48.27036,3.2703590393066406,3.2703590393066406,45-59
35.0,34.773643,-0.22635650634765625,0.22635650634765625,30-44
32.0,63.444256,31.444255828857422,31.444255828857422,30-44
26.0,45.038616,19.038616180419922,19.038616180419922,18-29
12.0,10.881468,-1.1185321807861328,1.1185321807861328,0-17
52.0,61.320232,9.320232391357422,9.320232391357422,45-59
34.0,41.990818,7.990818023681641,7.990818023681641,30-44
33.0,25.914698,-7.085302352905273,7.085302352905273,30-44
69.0,42.711887,-26.28811264038086,26.28811264038086,60-74
55.0,46.032894,-8.967105865478516,8.967105865478516,45-59
60.0,32.2513,-27.748699188232422,27.748699188232422,60-74
69.0,46.166683,-22.833316802978516,22.833316802978516,60-74
54.0,37.852337,-16.147663116455078,16.147663116455078,45-59
78.0,70.9847,-7.015296936035156,7.015296936035156,75+
13.0,10.897874,-2.102126121520996,2.102126121520996,0-17
19.0,30.529766,11.529766082763672,11.529766082763672,18-29
15.0,14.564072,-0.4359283447265625,0.4359283447265625,0-17
47.0,36.501213,-10.498786926269531,10.498786926269531,45-59
41.0,21.227423,-19.7725772857666,19.7725772857666,30-44
22.0,30.530876,8.530876159667969,8.530876159667969,18-29
58.0,57.111538,-0.8884620666503906,0.8884620666503906,45-59
47.0,41.098938,-5.90106201171875,5.90106201171875,45-59
19.0,28.441265,9.441265106201172,9.441265106201172,18-29
27.0,30.632002,3.6320018768310547,3.6320018768310547,18-29
41.0,39.430832,-1.5691680908203125,1.5691680908203125,30-44
14.0,15.767422,1.7674217224121094,1.7674217224121094,0-17
27.0,50.105267,23.105266571044922,23.105266571044922,18-29
13.0,19.063953,6.063953399658203,6.063953399658203,0-17
17.0,17.176165,0.1761646270751953,0.1761646270751953,0-17
41.0,57.662483,16.66248321533203,16.66248321533203,30-44
43.0,54.897747,11.897747039794922,11.897747039794922,30-44
23.0,26.551287,3.5512866973876953,3.5512866973876953,18-29
55.0,51.812607,-3.1873931884765625,3.1873931884765625,45-59
56.0,58.009697,2.0096969604492188,2.0096969604492188,45-59
77.0,57.081875,-19.91812515258789,19.91812515258789,75+
48.0,50.58036,2.5803604125976562,2.5803604125976562,45-59
35.0,54.67384,19.673839569091797,19.673839569091797,30-44
46.0,49.984127,3.9841270446777344,3.9841270446777344,45-59
18.0,12.572719,-5.427281379699707,5.427281379699707,18-29
16.0,9.784391,-6.215608596801758,6.215608596801758,0-17
14.0,14.381209,0.3812093734741211,0.3812093734741211,0-17
30.0,25.31522,-4.684780120849609,4.684780120849609,30-44
36.0,50.452118,14.452117919921875,14.452117919921875,30-44
37.0,37.674477,0.6744766235351562,0.6744766235351562,30-44
22.0,35.214764,13.214763641357422,13.214763641357422,18-29
56.0,46.564533,-9.435466766357422,9.435466766357422,45-59
27.0,34.57532,7.575321197509766,7.575321197509766,18-29
20.0,18.97005,-1.0299491882324219,1.0299491882324219,18-29
73.0,45.118446,-27.881553649902344,27.881553649902344,60-74
53.0,45.002003,-7.997997283935547,7.997997283935547,45-59
27.0,21.780573,-5.219427108764648,5.219427108764648,18-29
54.0,55.027473,1.0274734497070312,1.0274734497070312,45-59
17.0,21.484388,4.48438835144043,4.48438835144043,0-17
39.0,23.006111,-15.993888854980469,15.993888854980469,30-44
53.0,42.236286,-10.763713836669922,10.763713836669922,45-59
43.0,42.82528,-0.17472076416015625,0.17472076416015625,30-44
17.0,40.582394,23.582393646240234,23.582393646240234,0-17
16.0,34.463894,18.46389389038086,18.46389389038086,0-17
15.0,14.7674,-0.23260021209716797,0.23260021209716797,0-17
54.0,53.754086,-0.24591445922851562,0.24591445922851562,45-59
48.0,23.615171,-24.384828567504883,24.384828567504883,45-59
33.0,47.87192,14.87192153930664,14.87192153930664,30-44
65.0,70.94904,5.949043273925781,5.949043273925781,60-74
18.0,23.930365,5.930364608764648,5.930364608764648,18-29
60.0,57.525833,-2.4741668701171875,2.4741668701171875,60-74
46.0,52.623745,6.623744964599609,6.623744964599609,45-59
66.0,66.12654,0.1265411376953125,0.1265411376953125,60-74
19.0,28.237442,9.237442016601562,9.237442016601562,18-29
12.0,13.814739,1.8147392272949219,1.8147392272949219,0-17
60.0,62.695698,2.695697784423828,2.695697784423828,60-74
43.0,53.251385,10.251384735107422,10.251384735107422,30-44
40.0,48.212963,8.212963104248047,8.212963104248047,30-44
68.0,64.257965,-3.742034912109375,3.742034912109375,60-74
36.0,36.688408,0.6884078979492188,0.6884078979492188,30-44
79.0,56.422012,-22.577987670898438,22.577987670898438,75+
64.0,65.65307,1.6530685424804688,1.6530685424804688,60-74
44.0,54.6001,10.600101470947266,10.600101470947266,30-44
26.0,32.687477,6.687477111816406,6.687477111816406,18-29
15.0,42.9265,27.926498413085938,27.926498413085938,0-17
29.0,26.278473,-2.721527099609375,2.721527099609375,18-29
20.0,18.892126,-1.1078739166259766,1.1078739166259766,18-29
14.0,22.230165,8.230165481567383,8.230165481567383,0-17
63.0,43.503555,-19.496444702148438,19.496444702148438,60-74
35.0,45.525326,10.525325775146484,10.525325775146484,30-44
73.0,47.737255,-25.262744903564453,25.262744903564453,60-74
75.0,53.24331,-21.756690979003906,21.756690979003906,75+
74.0,75.15324,1.1532363891601562,1.1532363891601562,60-74
14.0,17.686953,3.686952590942383,3.686952590942383,0-17
48.0,46.24837,-1.7516288757324219,1.7516288757324219,45-59
34.0,30.654547,-3.3454532623291016,3.3454532623291016,30-44
36.0,42.625072,6.625072479248047,6.625072479248047,30-44
63.0,59.590664,-3.4093360900878906,3.4093360900878906,60-74
50.0,55.770058,5.770057678222656,5.770057678222656,45-59
18.0,21.014416,3.014415740966797,3.014415740966797,18-29
43.0,55.370476,12.370475769042969,12.370475769042969,30-44
46.0,49.75014,3.750141143798828,3.750141143798828,45-59
76.0,66.60451,-9.395492553710938,9.395492553710938,75+
67.0,56.42037,-10.579631805419922,10.579631805419922,60-74
33.0,33.984665,0.9846649169921875,0.9846649169921875,30-44
39.0,25.306982,-13.693017959594727,13.693017959594727,30-44
57.0,60.297077,3.297077178955078,3.297077178955078,45-59
24.0,27.756817,3.756816864013672,3.756816864013672,18-29
61.0,54.97675,-6.023250579833984,6.023250579833984,60-74
19.0,26.742079,7.74207878112793,7.74207878112793,18-29
66.0,52.18094,-13.819061279296875,13.819061279296875,60-74
68.0,68.07917,0.07917022705078125,0.07917022705078125,60-74
75.0,69.29986,-5.700141906738281,5.700141906738281,75+
60.0,58.084656,-1.91534423828125,1.91534423828125,60-74
14.0,18.90688,4.906879425048828,4.906879425048828,0-17
42.0,58.29596,16.29595947265625,16.29595947265625,30-44
79.0,73.48336,-5.516639709472656,5.516639709472656,75+
70.0,66.88034,-3.119659423828125,3.119659423828125,60-74
33.0,24.727406,-8.272594451904297,8.272594451904297,30-44
37.0,57.225796,20.22579574584961,20.22579574584961,30-44
74.0,46.53091,-27.46908950805664,27.46908950805664,60-74
44.0,42.294327,-1.7056732177734375,1.7056732177734375,30-44
19.0,33.196976,14.196975708007812,14.196975708007812,18-29
33.0,32.26608,-0.7339210510253906,0.7339210510253906,30-44
64.0,60.14378,-3.856220245361328,3.856220245361328,60-74
50.0,52.286728,2.2867279052734375,2.2867279052734375,45-59
78.0,75.778625,-2.22137451171875,2.22137451171875,75+
50.0,45.14323,-4.856769561767578,4.856769561767578,45-59
49.0,47.834934,-1.1650657653808594,1.1650657653808594,45-59
17.0,19.133501,2.1335010528564453,2.1335010528564453,0-17
58.0,57.870384,-0.12961578369140625,0.12961578369140625,45-59
13.0,39.77482,26.774818420410156,26.774818420410156,0-17
58.0,26.240751,-31.759248733520508,31.759248733520508,45-59
35.0,36.72939,1.7293891906738281,1.7293891906738281,30-44
46.0,29.59966,-16.400339126586914,16.400339126586914,45-59
70.0,66.4818,-3.5182037353515625,3.5182037353515625,60-74
29.0,37.088085,8.088085174560547,8.088085174560547,18-29
48.0,49.213894,1.2138938903808594,1.2138938903808594,45-59
58.0,57.28277,-0.7172317504882812,0.7172317504882812,45-59
25.0,31.9626,6.9626007080078125,6.9626007080078125,18-29
30.0,24.269089,-5.7309112548828125,5.7309112548828125,30-44
42.0,28.398247,-13.601753234863281,13.601753234863281,30-44
71.0,37.30909,-33.69091033935547,33.69091033935547,60-74
77.0,71.3063,-5.693702697753906,5.693702697753906,75+
40.0,38.850887,-1.1491127014160156,1.1491127014160156,30-44
19.0,22.53443,3.5344295501708984,3.5344295501708984,18-29
41.0,47.981842,6.981842041015625,6.981842041015625,30-44
56.0,47.626717,-8.373283386230469,8.373283386230469,45-59
27.0,30.433735,3.433734893798828,3.433734893798828,18-29
54.0,53.21275,-0.7872505187988281,0.7872505187988281,45-59
70.0,57.514614,-12.48538589477539,12.48538589477539,60-74
65.0,50.559868,-14.440132141113281,14.440132141113281,60-74
26.0,25.522387,-0.4776134490966797,0.4776134490966797,18-29
16.0,33.829884,17.829883575439453,17.829883575439453,0-17
29.0,15.573098,-13.426901817321777,13.426901817321777,18-29
22.0,23.691196,1.6911964416503906,1.6911964416503906,18-29
21.0,39.700787,18.700786590576172,18.700786590576172,18-29
52.0,41.264866,-10.73513412475586,10.73513412475586,45-59
23.0,23.225386,0.2253856658935547,0.2253856658935547,18-29
62.0,56.869827,-5.1301727294921875,5.1301727294921875,60-74
56.0,37.372307,-18.62769317626953,18.62769317626953,45-59
15.0,30.685844,15.685844421386719,15.685844421386719,0-17
39.0,29.12921,-9.870790481567383,9.870790481567383,30-44
66.0,71.505196,5.505195617675781,5.505195617675781,60-74
24.0,28.027294,4.027294158935547,4.027294158935547,18-29
12.0,11.561169,-0.4388313293457031,0.4388313293457031,0-17
35.0,44.34572,9.345718383789062,9.345718383789062,30-44
45.0,39.74341,-5.256591796875,5.256591796875,45-59
61.0,55.696846,-5.303153991699219,5.303153991699219,60-74
44.0,68.08549,24.085487365722656,24.085487365722656,30-44
63.0,61.114323,-1.8856773376464844,1.8856773376464844,60-74
79.0,74.14976,-4.850242614746094,4.850242614746094,75+
38.0,41.819874,3.819873809814453,3.819873809814453,30-44
49.0,35.628487,-13.371513366699219,13.371513366699219,45-59
53.0,52.665855,-0.33414459228515625,0.33414459228515625,45-59
72.0,59.22141,-12.77859115600586,12.77859115600586,60-74
39.0,40.629807,1.6298065185546875,1.6298065185546875,30-44
69.0,53.943096,-15.056903839111328,15.056903839111328,60-74
32.0,48.221764,16.221763610839844,16.221763610839844,30-44
15.0,18.701206,3.7012062072753906,3.7012062072753906,0-17
24.0,23.900663,-0.09933662414550781,0.09933662414550781,18-29
51.0,64.35454,13.354537963867188,13.354537963867188,45-59
25.0,50.352486,25.35248565673828,25.35248565673828,18-29
76.0,49.34008,-26.65991973876953,26.65991973876953,75+
53.0,59.174435,6.174434661865234,6.174434661865234,45-59
53.0,47.505447,-5.4945526123046875,5.4945526123046875,45-59
15.0,22.659586,7.659585952758789,7.659585952758789,0-17
49.0,49.112396,0.112396240234375,0.112396240234375,45-59
37.0,29.60754,-7.392459869384766,7.392459869384766,30-44
15.0,27.699226,12.699226379394531,12.699226379394531,0-17
60.0,46.286865,-13.713134765625,13.713134765625,60-74
32.0,51.51725,19.517250061035156,19.517250061035156,30-44
36.0,42.8097,6.809700012207031,6.809700012207031,30-44
47.0,29.805338,-17.19466209411621,17.19466209411621,45-59
62.0,57.14667,-4.853328704833984,4.853328704833984,60-74
27.0,35.29331,8.29330825805664,8.29330825805664,18-29
14.0,42.021027,28.021026611328125,28.021026611328125,0-17
58.0,30.463938,-27.536062240600586,27.536062240600586,45-59
54.0,44.964813,-9.035186767578125,9.035186767578125,45-59
28.0,49.05907,21.059070587158203,21.059070587158203,18-29
36.0,35.369312,-0.6306877136230469,0.6306877136230469,30-44
30.0,36.627525,6.627525329589844,6.627525329589844,30-44
46.0,48.2855,2.2854995727539062,2.2854995727539062,45-59
61.0,61.92732,0.9273185729980469,0.9273185729980469,60-74
18.0,20.906748,2.906747817993164,2.906747817993164,18-29
48.0,44.407036,-3.5929641723632812,3.5929641723632812,45-59
54.0,51.89585,-2.1041488647460938,2.1041488647460938,45-59
58.0,58.13557,0.13557052612304688,0.13557052612304688,45-59
67.0,53.393585,-13.606414794921875,13.606414794921875,60-74
34.0,35.733612,1.733612060546875,1.733612060546875,30-44
69.0,64.73202,-4.267982482910156,4.267982482910156,60-74
55.0,50.56423,-4.435768127441406,4.435768127441406,45-59
14.0,10.373725,-3.626275062561035,3.626275062561035,0-17
74.0,45.12467,-28.87533187866211,28.87533187866211,60-74
28.0,24.41479,-3.5852108001708984,3.5852108001708984,18-29
67.0,63.890892,-3.1091079711914062,3.1091079711914062,60-74
41.0,31.0196,-9.980400085449219,9.980400085449219,30-44
62.0,52.845325,-9.154674530029297,9.154674530029297,60-74
14.0,17.446095,3.446094512939453,3.446094512939453,0-17
34.0,26.139002,-7.860998153686523,7.860998153686523,30-44
17.0,27.487669,10.487668991088867,10.487668991088867,0-17
19.0,15.901469,-3.0985307693481445,3.0985307693481445,18-29
32.0,48.221764,16.221763610839844,16.221763610839844,30-44
30.0,34.708485,4.708484649658203,4.708484649658203,30-44
24.0,20.961876,-3.0381240844726562,3.0381240844726562,18-29
68.0,45.797085,-22.20291519165039,22.20291519165039,60-74
73.0,66.52618,-6.473823547363281,6.473823547363281,60-74
24.0,31.003984,7.003984451293945,7.003984451293945,18-29
40.0,44.150486,4.150485992431641,4.150485992431641,30-44
64.0,35.23844,-28.761558532714844,28.761558532714844,60-74
33.0,57.19211,24.192108154296875,24.192108154296875,30-44
35.0,46.787037,11.787036895751953,11.787036895751953,30-44
33.0,29.379074,-3.6209259033203125,3.6209259033203125,30-44
61.0,42.103035,-18.89696502685547,18.89696502685547,60-74
68.0,67.41454,-0.5854568481445312,0.5854568481445312,60-74
60.0,44.877758,-15.122241973876953,15.122241973876953,60-74
60.0,66.82517,6.825172424316406,6.825172424316406,60-74
18.0,17.823547,-0.17645263671875,0.17645263671875,18-29
33.0,41.956253,8.956253051757812,8.956253051757812,30-44
42.0,47.107296,5.107295989990234,5.107295989990234,30-44
16.0,20.25074,4.250740051269531,4.250740051269531,0-17
54.0,29.731857,-24.268142700195312,24.268142700195312,45-59
52.0,31.855997,-20.14400291442871,20.14400291442871,45-59
65.0,64.765625,-0.234375,0.234375,60-74
39.0,27.879343,-11.120656967163086,11.120656967163086,30-44
72.0,61.546337,-10.453662872314453,10.453662872314453,60-74
69.0,48.228775,-20.771224975585938,20.771224975585938,60-74
29.0,36.39218,7.392181396484375,7.392181396484375,18-29
21.0,31.30444,10.304439544677734,10.304439544677734,18-29
12.0,14.856012,2.8560123443603516,2.8560123443603516,0-17
32.0,32.52714,0.5271415710449219,0.5271415710449219,30-44
42.0,31.087948,-10.912052154541016,10.912052154541016,30-44
69.0,59.207165,-9.792835235595703,9.792835235595703,60-74
22.0,22.620783,0.6207828521728516,0.6207828521728516,18-29
17.0,21.148144,4.148143768310547,4.148143768310547,0-17
75.0,70.07718,-4.922821044921875,4.922821044921875,75+
33.0,27.094954,-5.905046463012695,5.905046463012695,30-44
13.0,8.920818,-4.079181671142578,4.079181671142578,0-17
39.0,38.89985,-0.10015106201171875,0.10015106201171875,30-44
21.0,25.729843,4.7298431396484375,4.7298431396484375,18-29
17.0,13.71982,-3.280179977416992,3.280179977416992,0-17
38.0,36.653427,-1.3465728759765625,1.3465728759765625,30-44
44.0,52.569027,8.569026947021484,8.569026947021484,30-44
62.0,62.943512,0.943511962890625,0.943511962890625,60-74
21.0,61.409477,40.40947723388672,40.40947723388672,18-29
70.0,67.2901,-2.70989990234375,2.70989990234375,60-74
17.0,23.86305,6.86305046081543,6.86305046081543,0-17
12.0,13.767411,1.767411231994629,1.767411231994629,0-17
64.0,63.455467,-0.5445327758789062,0.5445327758789062,60-74
46.0,43.570675,-2.4293251037597656,2.4293251037597656,45-59
51.0,58.708065,7.708065032958984,7.708065032958984,45-59
40.0,37.855724,-2.144275665283203,2.144275665283203,30-44
62.0,70.01805,8.018051147460938,8.018051147460938,60-74
44.0,45.940643,1.940643310546875,1.940643310546875,30-44
56.0,43.51428,-12.485721588134766,12.485721588134766,45-59
26.0,45.92585,19.92584991455078,19.92584991455078,18-29
30.0,29.846918,-0.15308189392089844,0.15308189392089844,30-44
22.0,29.267391,7.267391204833984,7.267391204833984,18-29
41.0,31.454657,-9.545343399047852,9.545343399047852,30-44
16.0,16.696012,0.6960124969482422,0.6960124969482422,0-17
25.0,29.716578,4.716577529907227,4.716577529907227,18-29
58.0,66.008545,8.008544921875,8.008544921875,45-59
47.0,49.6672,2.6671981811523438,2.6671981811523438,45-59
55.0,52.065643,-2.934356689453125,2.934356689453125,45-59
15.0,40.165043,25.165042877197266,25.165042877197266,0-17
69.0,41.901268,-27.098731994628906,27.098731994628906,60-74
13.0,12.225725,-0.7742748260498047,0.7742748260498047,0-17
71.0,59.399456,-11.600543975830078,11.600543975830078,60-74
61.0,47.359688,-13.640312194824219,13.640312194824219,60-74
31.0,28.222736,-2.777263641357422,2.777263641357422,30-44
12.0,16.515406,4.515405654907227,4.515405654907227,0-17
52.0,61.007294,9.007293701171875,9.007293701171875,45-59
14.0,10.470219,-3.5297813415527344,3.5297813415527344,0-17
61.0,63.482594,2.482593536376953,2.482593536376953,60-74
64.0,60.240166,-3.7598342895507812,3.7598342895507812,60-74
68.0,73.104744,5.104743957519531,5.104743957519531,60-74
61.0,63.429813,2.4298133850097656,2.4298133850097656,60-74
53.0,61.738113,8.738113403320312,8.738113403320312,45-59
78.0,66.37755,-11.622451782226562,11.622451782226562,75+
32.0,32.95368,0.9536781311035156,0.9536781311035156,30-44
12.0,12.553225,0.5532245635986328,0.5532245635986328,0-17
56.0,39.977276,-16.022724151611328,16.022724151611328,45-59
67.0,49.16022,-17.839778900146484,17.839778900146484,60-74
64.0,53.027447,-10.972553253173828,10.972553253173828,60-74
52.0,63.92333,11.923328399658203,11.923328399658203,45-59
18.0,22.295414,4.295413970947266,4.295413970947266,18-29
41.0,58.231506,17.23150634765625,17.23150634765625,30-44
23.0,21.807655,-1.1923446655273438,1.1923446655273438,18-29
21.0,24.41656,3.4165592193603516,3.4165592193603516,18-29
60.0,58.67625,-1.3237495422363281,1.3237495422363281,60-74
18.0,29.90392,11.903919219970703,11.903919219970703,18-29
85.0,51.5468,-33.45320129394531,33.45320129394531,75+
51.0,32.981136,-18.018863677978516,18.018863677978516,45-59
29.0,24.143955,-4.856044769287109,4.856044769287109,18-29
62.0,62.34237,0.34236907958984375,0.34236907958984375,60-74
41.0,37.556194,-3.443805694580078,3.443805694580078,30-44
74.0,60.599777,-13.400222778320312,13.400222778320312,60-74
64.0,61.349476,-2.650524139404297,2.650524139404297,60-74
70.0,57.338898,-12.661102294921875,12.661102294921875,60-74
13.0,13.98708,0.9870796203613281,0.9870796203613281,0-17
24.0,31.25586,7.255859375,7.255859375,18-29
58.0,54.85294,-3.1470603942871094,3.1470603942871094,45-59
21.0,34.108063,13.108062744140625,13.108062744140625,18-29
55.0,45.209686,-9.790313720703125,9.790313720703125,45-59
72.0,65.38656,-6.613441467285156,6.613441467285156,60-74
69.0,63.848763,-5.151237487792969,5.151237487792969,60-74
12.0,15.502739,3.5027389526367188,3.5027389526367188,0-17
16.0,18.312544,2.3125438690185547,2.3125438690185547,0-17
53.0,58.05396,5.053958892822266,5.053958892822266,45-59
32.0,33.243896,1.243896484375,1.243896484375,30-44
19.0,29.46506,10.465059280395508,10.465059280395508,18-29
72.0,54.992245,-17.007755279541016,17.007755279541016,60-74
71.0,67.71521,-3.2847900390625,3.2847900390625,60-74
38.0,38.557083,0.5570831298828125,0.5570831298828125,30-44
55.0,43.074665,-11.925334930419922,11.925334930419922,45-59
19.0,26.885637,7.885637283325195,7.885637283325195,18-29
54.0,53.792614,-0.20738601684570312,0.20738601684570312,45-59
12.0,11.064945,-0.9350547790527344,0.9350547790527344,0-17
64.0,68.96934,4.969337463378906,4.969337463378906,60-74
44.0,53.144436,9.14443588256836,9.14443588256836,30-44
27.0,22.108227,-4.891773223876953,4.891773223876953,18-29
21.0,33.348297,12.348297119140625,12.348297119140625,18-29
15.0,19.970356,4.970355987548828,4.970355987548828,0-17
69.0,69.523766,0.5237655639648438,0.5237655639648438,60-74
47.0,30.980951,-16.0190486907959,16.0190486907959,45-59
38.0,47.84084,9.840839385986328,9.840839385986328,30-44
73.0,71.931496,-1.0685043334960938,1.0685043334960938,60-74
74.0,69.10685,-4.893150329589844,4.893150329589844,60-74
29.0,29.648859,0.6488590240478516,0.6488590240478516,18-29
71.0,66.876366,-4.123634338378906,4.123634338378906,60-74
18.0,32.757977,14.757976531982422,14.757976531982422,18-29
62.0,60.940598,-1.0594024658203125,1.0594024658203125,60-74
22.0,52.114628,30.114627838134766,30.114627838134766,18-29
12.0,14.108324,2.1083240509033203,2.1083240509033203,0-17
57.0,53.405464,-3.5945358276367188,3.5945358276367188,45-59
49.0,29.200294,-19.799705505371094,19.799705505371094,45-59
32.0,34.85077,2.85076904296875,2.85076904296875,30-44
46.0,58.554558,12.554557800292969,12.554557800292969,45-59
66.0,55.80129,-10.198711395263672,10.198711395263672,60-74
57.0,55.744984,-1.2550163269042969,1.2550163269042969,45-59
25.0,21.7036,-3.2964000701904297,3.2964000701904297,18-29
33.0,33.12988,0.12987899780273438,0.12987899780273438,30-44
71.0,73.182495,2.1824951171875,2.1824951171875,60-74
73.0,62.125393,-10.87460708618164,10.87460708618164,60-74
33.0,30.481411,-2.5185890197753906,2.5185890197753906,30-44
69.0,63.83906,-5.160938262939453,5.160938262939453,60-74
40.0,31.921875,-8.078125,8.078125,30-44
73.0,55.145355,-17.854644775390625,17.854644775390625,60-74
66.0,63.86945,-2.1305503845214844,2.1305503845214844,60-74
60.0,55.436,-4.563999176025391,4.563999176025391,60-74
32.0,62.400284,30.400283813476562,30.400283813476562,30-44
21.0,51.66283,30.662830352783203,30.662830352783203,18-29
24.0,24.390312,0.39031219482421875,0.39031219482421875,18-29
12.0,9.252707,-2.747293472290039,2.747293472290039,0-17
64.0,53.771637,-10.228363037109375,10.228363037109375,60-74
77.0,37.252686,-39.747314453125,39.747314453125,75+
15.0,13.186204,-1.813796043395996,1.813796043395996,0-17
27.0,47.70759,20.70758819580078,20.70758819580078,18-29
24.0,37.62981,13.629810333251953,13.629810333251953,18-29
62.0,63.292183,1.2921829223632812,1.2921829223632812,60-74
22.0,26.004108,4.004108428955078,4.004108428955078,18-29
52.0,35.436275,-16.563724517822266,16.563724517822266,45-59
37.0,27.836552,-9.163448333740234,9.163448333740234,30-44
47.0,58.069412,11.069412231445312,11.069412231445312,45-59
61.0,62.059433,1.0594329833984375,1.0594329833984375,60-74
71.0,70.94102,-0.05898284912109375,0.05898284912109375,60-74
59.0,51.716,-7.284000396728516,7.284000396728516,45-59
52.0,52.019653,0.0196533203125,0.0196533203125,45-59
49.0,54.42102,5.4210205078125,5.4210205078125,45-59
75.0,61.814785,-13.18521499633789,13.18521499633789,75+
64.0,55.594097,-8.405902862548828,8.405902862548828,60-74
64.0,47.87803,-16.121971130371094,16.121971130371094,60-74
53.0,52.725323,-0.2746772766113281,0.2746772766113281,45-59
13.0,12.978695,-0.021305084228515625,0.021305084228515625,0-17
33.0,57.4297,24.429698944091797,24.429698944091797,30-44
13.0,48.820335,35.820335388183594,35.820335388183594,0-17
60.0,19.964077,-40.03592300415039,40.03592300415039,60-74
48.0,58.505444,10.505443572998047,10.505443572998047,45-59
13.0,10.453149,-2.54685115814209,2.54685115814209,0-17
61.0,55.1246,-5.875400543212891,5.875400543212891,60-74
20.0,22.63101,2.631010055541992,2.631010055541992,18-29
76.0,60.88288,-15.117118835449219,15.117118835449219,75+
14.0,21.014465,7.01446533203125,7.01446533203125,0-17
79.0,54.640316,-24.359683990478516,24.359683990478516,75+
31.0,44.003033,13.003032684326172,13.003032684326172,30-44
13.0,15.283944,2.2839441299438477,2.2839441299438477,0-17
56.0,54.04641,-1.9535903930664062,1.9535903930664062,45-59
18.0,22.371588,4.371587753295898,4.371587753295898,18-29
42.0,51.63852,9.638519287109375,9.638519287109375,30-44
12.0,13.829122,1.8291215896606445,1.8291215896606445,0-17
42.0,48.937153,6.937152862548828,6.937152862548828,30-44
28.0,31.71314,3.7131404876708984,3.7131404876708984,18-29
36.0,48.09362,12.093620300292969,12.093620300292969,30-44
31.0,33.530876,2.5308761596679688,2.5308761596679688,30-44
30.0,34.74931,4.749309539794922,4.749309539794922,30-44
71.0,50.059956,-20.940044403076172,20.940044403076172,60-74
17.0,32.61127,15.611270904541016,15.611270904541016,0-17
54.0,62.686687,8.686687469482422,8.686687469482422,45-59
58.0,39.199146,-18.800853729248047,18.800853729248047,45-59
53.0,48.762127,-4.237873077392578,4.237873077392578,45-59
52.0,43.386173,-8.613826751708984,8.613826751708984,45-59
16.0,25.287033,9.287033081054688,9.287033081054688,0-17
53.0,44.72604,-8.27396011352539,8.27396011352539,45-59
19.0,21.878416,2.878416061401367,2.878416061401367,18-29
68.0,51.707592,-16.292407989501953,16.292407989501953,60-74
73.0,53.79448,-19.205520629882812,19.205520629882812,60-74
15.0,20.58206,5.582059860229492,5.582059860229492,0-17
68.0,70.61582,2.6158218383789062,2.6158218383789062,60-74
13.0,12.370016,-0.6299839019775391,0.6299839019775391,0-17
79.0,64.95507,-14.044929504394531,14.044929504394531,75+
79.0,68.13833,-10.861671447753906,10.861671447753906,75+
60.0,50.523975,-9.476024627685547,9.476024627685547,60-74
21.0,26.798315,5.798315048217773,5.798315048217773,18-29
74.0,58.76681,-15.23318862915039,15.23318862915039,60-74
54.0,65.871506,11.871505737304688,11.871505737304688,45-59
20.0,21.406832,1.4068317413330078,1.4068317413330078,18-29
33.0,30.525236,-2.474763870239258,2.474763870239258,30-44
61.0,43.011314,-17.988685607910156,17.988685607910156,60-74
24.0,19.452023,-4.547977447509766,4.547977447509766,18-29
15.0,28.65647,13.656469345092773,13.656469345092773,0-17
70.0,47.29783,-22.702171325683594,22.702171325683594,60-74
16.0,13.555686,-2.4443140029907227,2.4443140029907227,0-17
39.0,38.313103,-0.6868972778320312,0.6868972778320312,30-44
56.0,45.32441,-10.675590515136719,10.675590515136719,45-59
53.0,48.24163,-4.758369445800781,4.758369445800781,45-59
78.0,67.604126,-10.3958740234375,10.3958740234375,75+
16.0,26.654463,10.654462814331055,10.654462814331055,0-17
60.0,63.838146,3.838146209716797,3.838146209716797,60-74
18.0,25.180023,7.180023193359375,7.180023193359375,18-29
19.0,32.45778,13.457778930664062,13.457778930664062,18-29
68.0,68.26632,0.26631927490234375,0.26631927490234375,60-74
79.0,56.870777,-22.129222869873047,22.129222869873047,75+
44.0,43.343914,-0.6560859680175781,0.6560859680175781,30-44
66.0,63.4547,-2.545299530029297,2.545299530029297,60-74
75.0,67.93378,-7.06622314453125,7.06622314453125,75+
52.0,69.662025,17.662025451660156,17.662025451660156,45-59
39.0,41.149242,2.149242401123047,2.149242401123047,30-44
71.0,65.15725,-5.842750549316406,5.842750549316406,60-74
63.0,44.982204,-18.01779556274414,18.01779556274414,60-74
41.0,35.818512,-5.181488037109375,5.181488037109375,30-44
50.0,59.344833,9.344833374023438,9.344833374023438,45-59
70.0,58.973305,-11.026695251464844,11.026695251464844,60-74
85.0,45.873512,-39.126487731933594,39.126487731933594,75+
37.0,53.916325,16.916324615478516,16.916324615478516,30-44
76.0,66.59719,-9.402809143066406,9.402809143066406,75+
33.0,22.986012,-10.013988494873047,10.013988494873047,30-44
53.0,34.237434,-18.76256561279297,18.76256561279297,45-59
51.0,52.337833,1.3378334045410156,1.3378334045410156,45-59
78.0,47.279087,-30.72091293334961,30.72091293334961,75+
20.0,26.117935,6.1179351806640625,6.1179351806640625,18-29
19.0,20.16098,1.160980224609375,1.160980224609375,18-29
55.0,60.194798,5.194797515869141,5.194797515869141,45-59
68.0,57.273426,-10.726573944091797,10.726573944091797,60-74
29.0,30.451654,1.4516544342041016,1.4516544342041016,18-29
32.0,23.152105,-8.847894668579102,8.847894668579102,30-44
23.0,18.36433,-4.635669708251953,4.635669708251953,18-29
38.0,49.503716,11.503715515136719,11.503715515136719,30-44
64.0,58.10942,-5.8905792236328125,5.8905792236328125,60-74
23.0,27.225512,4.22551155090332,4.22551155090332,18-29
74.0,71.91723,-2.0827713012695312,2.0827713012695312,60-74
20.0,32.295166,12.295166015625,12.295166015625,18-29
62.0,58.09804,-3.901958465576172,3.901958465576172,60-74
47.0,61.03564,14.035640716552734,14.035640716552734,45-59
42.0,43.40104,1.4010391235351562,1.4010391235351562,30-44
71.0,54.319492,-16.68050765991211,16.68050765991211,60-74
64.0,69.06117,5.0611724853515625,5.0611724853515625,60-74
28.0,31.049297,3.049297332763672,3.049297332763672,18-29
38.0,35.89081,-2.10919189453125,2.10919189453125,30-44
72.0,69.272896,-2.7271041870117188,2.7271041870117188,60-74
65.0,48.325317,-16.6746826171875,16.6746826171875,60-74
59.0,57.134727,-1.8652725219726562,1.8652725219726562,45-59
51.0,41.526474,-9.473526000976562,9.473526000976562,45-59
20.0,21.590824,1.5908241271972656,1.5908241271972656,18-29
82.0,58.494495,-23.505504608154297,23.505504608154297,75+
19.0,17.268011,-1.7319889068603516,1.7319889068603516,18-29
23.0,27.765667,4.765666961669922,4.765666961669922,18-29
14.0,14.201239,0.20123863220214844,0.20123863220214844,0-17
29.0,25.734856,-3.2651443481445312,3.2651443481445312,18-29
49.0,43.16602,-5.833980560302734,5.833980560302734,45-59
40.0,51.77521,11.775211334228516,11.775211334228516,30-44
66.0,56.386,-9.613998413085938,9.613998413085938,60-74
23.0,33.42787,10.427871704101562,10.427871704101562,18-29
75.0,71.39343,-3.6065673828125,3.6065673828125,75+
66.0,70.56276,4.5627593994140625,4.5627593994140625,60-74
59.0,57.565838,-1.4341621398925781,1.4341621398925781,45-59
18.0,23.970922,5.970922470092773,5.970922470092773,18-29
29.0,33.355587,4.355587005615234,4.355587005615234,18-29
33.0,24.659075,-8.340925216674805,8.340925216674805,30-44
62.0,53.67843,-8.321571350097656,8.321571350097656,60-74
55.0,14.509003,-40.490997314453125,40.490997314453125,45-59
16.0,24.232893,8.232892990112305,8.232892990112305,0-17
67.0,61.16586,-5.834140777587891,5.834140777587891,60-74
24.0,25.3222,1.3222007751464844,1.3222007751464844,18-29
61.0,43.557568,-17.442432403564453,17.442432403564453,60-74
50.0,49.84879,-0.15121078491210938,0.15121078491210938,45-59
39.0,24.544846,-14.455154418945312,14.455154418945312,30-44
69.0,69.673096,0.673095703125,0.673095703125,60-74
62.0,58.67487,-3.3251304626464844,3.3251304626464844,60-74
62.0,57.466606,-4.533393859863281,4.533393859863281,60-74
72.0,69.14097,-2.8590316772460938,2.8590316772460938,60-74
17.0,30.555052,13.555051803588867,13.555051803588867,0-17
35.0,51.18987,16.189868927001953,16.189868927001953,30-44
34.0,51.432198,17.43219757080078,17.43219757080078,30-44
18.0,20.248905,2.2489051818847656,2.2489051818847656,18-29
72.0,70.33175,-1.6682510375976562,1.6682510375976562,60-74
42.0,55.98283,13.982830047607422,13.982830047607422,30-44
71.0,52.719105,-18.280895233154297,18.280895233154297,60-74
37.0,31.69449,-5.305509567260742,5.305509567260742,30-44
61.0,50.501827,-10.498172760009766,10.498172760009766,60-74
32.0,40.602493,8.602493286132812,8.602493286132812,30-44
50.0,62.831554,12.831554412841797,12.831554412841797,45-59
43.0,23.403744,-19.596256256103516,19.596256256103516,30-44
56.0,40.067257,-15.932743072509766,15.932743072509766,45-59
53.0,54.5234,1.5233993530273438,1.5233993530273438,45-59
79.0,56.434296,-22.565704345703125,22.565704345703125,75+
26.0,22.1236,-3.8763999938964844,3.8763999938964844,18-29
75.0,56.22955,-18.770450592041016,18.770450592041016,75+
46.0,37.98636,-8.013641357421875,8.013641357421875,45-59
40.0,39.048462,-0.9515380859375,0.9515380859375,30-44
57.0,55.027306,-1.9726943969726562,1.9726943969726562,45-59
53.0,30.622465,-22.377534866333008,22.377534866333008,45-59
47.0,44.969967,-2.0300331115722656,2.0300331115722656,45-59
78.0,52.5036,-25.49639892578125,25.49639892578125,75+
31.0,33.11364,2.1136398315429688,2.1136398315429688,30-44
19.0,22.733448,3.733448028564453,3.733448028564453,18-29
46.0,66.589035,20.589035034179688,20.589035034179688,45-59
60.0,39.386677,-20.613323211669922,20.613323211669922,60-74
40.0,50.392307,10.39230728149414,10.39230728149414,30-44
50.0,53.108307,3.108306884765625,3.108306884765625,45-59
33.0,34.654602,1.65460205078125,1.65460205078125,30-44
71.0,69.464226,-1.5357742309570312,1.5357742309570312,60-74
56.0,35.50432,-20.495681762695312,20.495681762695312,45-59
72.0,51.24354,-20.756458282470703,20.756458282470703,60-74
25.0,30.000366,5.0003662109375,5.0003662109375,18-29
36.0,37.924416,1.9244155883789062,1.9244155883789062,30-44
68.0,55.065212,-12.93478775024414,12.93478775024414,60-74
72.0,68.4217,-3.5783004760742188,3.5783004760742188,60-74
41.0,51.60339,10.603389739990234,10.603389739990234,30-44
22.0,23.108822,1.1088218688964844,1.1088218688964844,18-29
42.0,51.588524,9.588523864746094,9.588523864746094,30-44
19.0,24.646019,5.646018981933594,5.646018981933594,18-29
18.0,31.150936,13.150936126708984,13.150936126708984,18-29
65.0,69.14422,4.144218444824219,4.144218444824219,60-74
13.0,29.06881,16.068809509277344,16.068809509277344,0-17
16.0,24.327145,8.327144622802734,8.327144622802734,0-17
39.0,36.217693,-2.782306671142578,2.782306671142578,30-44
20.0,26.480972,6.4809722900390625,6.4809722900390625,18-29
46.0,30.793911,-15.20608901977539,15.20608901977539,45-59
46.0,30.662725,-15.337274551391602,15.337274551391602,45-59
23.0,27.189653,4.189653396606445,4.189653396606445,18-29
39.0,37.243534,-1.7564659118652344,1.7564659118652344,30-44
46.0,56.833088,10.833087921142578,10.833087921142578,45-59
12.0,13.231,1.2309999465942383,1.2309999465942383,0-17
38.0,39.85371,1.8537101745605469,1.8537101745605469,30-44
58.0,49.245327,-8.75467300415039,8.75467300415039,45-59
59.0,61.247093,2.2470932006835938,2.2470932006835938,45-59
53.0,61.12287,8.122871398925781,8.122871398925781,45-59
14.0,27.715397,13.715396881103516,13.715396881103516,0-17
31.0,28.222736,-2.777263641357422,2.777263641357422,30-44
15.0,11.286562,-3.713438034057617,3.713438034057617,0-17
45.0,43.969364,-1.0306358337402344,1.0306358337402344,45-59
73.0,53.146233,-19.85376739501953,19.85376739501953,60-74
14.0,24.871834,10.871833801269531,10.871833801269531,0-17
13.0,21.372292,8.372291564941406,8.372291564941406,0-17
69.0,58.433117,-10.566883087158203,10.566883087158203,60-74
51.0,47.27771,-3.7222900390625,3.7222900390625,45-59
19.0,24.040094,5.040094375610352,5.040094375610352,18-29
38.0,30.544605,-7.455394744873047,7.455394744873047,30-44
42.0,45.090202,3.0902023315429688,3.0902023315429688,30-44
17.0,21.616407,4.61640739440918,4.61640739440918,0-17
61.0,59.32168,-1.6783218383789062,1.6783218383789062,60-74
67.0,61.844257,-5.155742645263672,5.155742645263672,60-74
65.0,55.97147,-9.02853012084961,9.02853012084961,60-74
42.0,28.99187,-13.008129119873047,13.008129119873047,30-44
43.0,48.33245,5.332450866699219,5.332450866699219,30-44
26.0,25.329077,-0.6709232330322266,0.6709232330322266,18-29
32.0,24.061565,-7.938434600830078,7.938434600830078,30-44
21.0,22.922218,1.9222183227539062,1.9222183227539062,18-29
64.0,67.41816,3.4181594848632812,3.4181594848632812,60-74
76.0,57.18962,-18.810379028320312,18.810379028320312,75+
77.0,73.65061,-3.3493881225585938,3.3493881225585938,75+
21.0,27.8119,6.811899185180664,6.811899185180664,18-29
48.0,42.50584,-5.494159698486328,5.494159698486328,45-59
22.0,28.407715,6.40771484375,6.40771484375,18-29
20.0,23.14768,3.1476802825927734,3.1476802825927734,18-29
31.0,32.493835,1.49383544921875,1.49383544921875,30-44
54.0,58.729164,4.729164123535156,4.729164123535156,45-59
71.0,72.10347,1.1034698486328125,1.1034698486328125,60-74
68.0,65.88787,-2.1121292114257812,2.1121292114257812,60-74
68.0,58.209362,-9.790637969970703,9.790637969970703,60-74
22.0,23.13896,1.1389598846435547,1.1389598846435547,18-29
74.0,73.6886,-0.3114013671875,0.3114013671875,60-74
66.0,52.03937,-13.960628509521484,13.960628509521484,60-74
31.0,32.667538,1.6675376892089844,1.6675376892089844,30-44
44.0,60.378113,16.37811279296875,16.37811279296875,30-44
13.0,13.290629,0.29062938690185547,0.29062938690185547,0-17
63.0,68.3609,5.36090087890625,5.36090087890625,60-74
65.0,48.81894,-16.181060791015625,16.181060791015625,60-74
23.0,42.570885,19.570884704589844,19.570884704589844,18-29
21.0,20.873516,-0.12648391723632812,0.12648391723632812,18-29
17.0,25.318447,8.31844711303711,8.31844711303711,0-17
36.0,31.264645,-4.735355377197266,4.735355377197266,30-44
20.0,16.863575,-3.136425018310547,3.136425018310547,18-29
69.0,56.960396,-12.039604187011719,12.039604187011719,60-74
40.0,33.42343,-6.576568603515625,6.576568603515625,30-44
44.0,66.70092,22.70092010498047,22.70092010498047,30-44
18.0,21.327023,3.3270225524902344,3.3270225524902344,18-29
55.0,51.282116,-3.717884063720703,3.717884063720703,45-59
19.0,26.55286,7.552860260009766,7.552860260009766,18-29
22.0,18.822983,-3.1770172119140625,3.1770172119140625,18-29
15.0,22.975735,7.975734710693359,7.975734710693359,0-17
43.0,38.8317,-4.168300628662109,4.168300628662109,30-44
21.0,39.31199,18.311988830566406,18.311988830566406,18-29
37.0,43.47495,6.474948883056641,6.474948883056641,30-44
16.0,12.601106,-3.3988943099975586,3.3988943099975586,0-17
56.0,60.81109,4.811088562011719,4.811088562011719,45-59
66.0,67.525635,1.525634765625,1.525634765625,60-74
65.0,64.988785,-0.0112152099609375,0.0112152099609375,60-74
30.0,29.408127,-0.5918731689453125,0.5918731689453125,30-44
61.0,42.813995,-18.186004638671875,18.186004638671875,60-74
36.0,36.463474,0.4634742736816406,0.4634742736816406,30-44
16.0,13.755939,-2.2440614700317383,2.2440614700317383,0-17
28.0,32.818424,4.818424224853516,4.818424224853516,18-29
44.0,44.48628,0.4862785339355469,0.4862785339355469,30-44
22.0,19.880207,-2.119792938232422,2.119792938232422,18-29
38.0,55.85565,17.85565185546875,17.85565185546875,30-44
76.0,75.2122,-0.7878036499023438,0.7878036499023438,75+
27.0,31.494688,4.494688034057617,4.494688034057617,18-29
37.0,53.85092,16.850921630859375,16.850921630859375,30-44
17.0,18.138323,1.1383228302001953,1.1383228302001953,0-17
21.0,31.925793,10.925792694091797,10.925792694091797,18-29
61.0,60.81366,-0.18634033203125,0.18634033203125,60-74
18.0,16.632439,-1.3675613403320312,1.3675613403320312,18-29
51.0,50.35285,-0.6471481323242188,0.6471481323242188,45-59
37.0,39.093487,2.093486785888672,2.093486785888672,30-44
73.0,66.55105,-6.448951721191406,6.448951721191406,60-74
39.0,66.90281,27.902809143066406,27.902809143066406,30-44
61.0,56.410282,-4.589717864990234,4.589717864990234,60-74
37.0,36.43239,-0.5676116943359375,0.5676116943359375,30-44
75.0,67.18551,-7.814491271972656,7.814491271972656,75+
76.0,53.949097,-22.0509033203125,22.0509033203125,75+
12.0,11.3882265,-0.6117734909057617,0.6117734909057617,0-17
54.0,53.187737,-0.8122634887695312,0.8122634887695312,45-59
31.0,32.119976,1.1199760437011719,1.1199760437011719,30-44
41.0,37.508137,-3.491863250732422,3.491863250732422,30-44
17.0,15.219427,-1.7805728912353516,1.7805728912353516,0-17
32.0,35.764442,3.7644424438476562,3.7644424438476562,30-44
76.0,82.75326,6.753257751464844,6.753257751464844,75+
76.0,75.41294,-0.5870590209960938,0.5870590209960938,75+
18.0,35.495396,17.49539566040039,17.49539566040039,18-29
21.0,27.303623,6.303623199462891,6.303623199462891,18-29
13.0,18.286995,5.286994934082031,5.286994934082031,0-17
18.0,18.649334,0.6493339538574219,0.6493339538574219,18-29
32.0,35.006485,3.0064849853515625,3.0064849853515625,30-44
49.0,61.21413,12.214130401611328,12.214130401611328,45-59
22.0,27.272522,5.27252197265625,5.27252197265625,18-29
72.0,63.78012,-8.219879150390625,8.219879150390625,60-74
14.0,30.057226,16.057226181030273,16.057226181030273,0-17
49.0,49.15492,0.15491867065429688,0.15491867065429688,45-59
67.0,65.67248,-1.3275222778320312,1.3275222778320312,60-74
70.0,46.507328,-23.492671966552734,23.492671966552734,60-74
20.0,45.182545,25.182544708251953,25.182544708251953,18-29
18.0,26.486553,8.486553192138672,8.486553192138672,18-29
44.0,36.33283,-7.667171478271484,7.667171478271484,30-44
60.0,53.84721,-6.152790069580078,6.152790069580078,60-74
14.0,34.181633,20.18163299560547,20.18163299560547,0-17
50.0,28.948114,-21.0518856048584,21.0518856048584,45-59
38.0,39.41408,1.4140815734863281,1.4140815734863281,30-44
21.0,31.318935,10.31893539428711,10.31893539428711,18-29
42.0,37.05117,-4.948829650878906,4.948829650878906,30-44
62.0,58.710106,-3.2898941040039062,3.2898941040039062,60-74
54.0,35.40068,-18.599319458007812,18.599319458007812,45-59
52.0,59.830494,7.830493927001953,7.830493927001953,45-59
13.0,11.979868,-1.020132064819336,1.020132064819336,0-17
39.0,36.937733,-2.062267303466797,2.062267303466797,30-44
52.0,53.21415,1.2141494750976562,1.2141494750976562,45-59
36.0,37.002945,1.0029449462890625,1.0029449462890625,30-44
64.0,45.81164,-18.188358306884766,18.188358306884766,60-74
54.0,51.639626,-2.3603744506835938,2.3603744506835938,45-59
28.0,28.0403,0.04030036926269531,0.04030036926269531,18-29
47.0,54.988434,7.988433837890625,7.988433837890625,45-59
13.0,20.08453,7.084529876708984,7.084529876708984,0-17
35.0,22.222345,-12.777654647827148,12.777654647827148,30-44
70.0,57.06593,-12.934070587158203,12.934070587158203,60-74
33.0,23.293749,-9.70625114440918,9.70625114440918,30-44
58.0,52.952522,-5.047477722167969,5.047477722167969,45-59
35.0,28.383793,-6.616207122802734,6.616207122802734,30-44
15.0,30.13526,15.135259628295898,15.135259628295898,0-17
72.0,67.85566,-4.144340515136719,4.144340515136719,60-74
18.0,25.406643,7.406642913818359,7.406642913818359,18-29
52.0,50.25055,-1.74945068359375,1.74945068359375,45-59
17.0,19.358852,2.3588523864746094,2.3588523864746094,0-17
54.0,47.518986,-6.481014251708984,6.481014251708984,45-59
17.0,23.810205,6.810205459594727,6.810205459594727,0-17
20.0,40.221554,20.221553802490234,20.221553802490234,18-29
68.0,58.977634,-9.02236557006836,9.02236557006836,60-74
48.0,46.906025,-1.0939750671386719,1.0939750671386719,45-59
64.0,61.28822,-2.711780548095703,2.711780548095703,60-74
75.0,54.61083,-20.389171600341797,20.389171600341797,75+
32.0,34.76559,2.7655906677246094,2.7655906677246094,30-44
15.0,11.1017885,-3.8982114791870117,3.8982114791870117,0-17
69.0,69.74158,0.7415771484375,0.7415771484375,60-74
37.0,36.69847,-0.3015289306640625,0.3015289306640625,30-44
60.0,56.8662,-3.133800506591797,3.133800506591797,60-74
62.0,67.09167,5.091667175292969,5.091667175292969,60-74
60.0,48.633533,-11.366466522216797,11.366466522216797,60-74
57.0,62.590775,5.5907745361328125,5.5907745361328125,45-59
17.0,23.571335,6.5713348388671875,6.5713348388671875,0-17
63.0,81.059814,18.059814453125,18.059814453125,60-74
54.0,49.08991,-4.910091400146484,4.910091400146484,45-59
69.0,50.4003,-18.599700927734375,18.599700927734375,60-74
14.0,13.002396,-0.9976043701171875,0.9976043701171875,0-17
65.0,58.97645,-6.023548126220703,6.023548126220703,60-74
71.0,68.113495,-2.886505126953125,2.886505126953125,60-74
51.0,52.324394,1.3243942260742188,1.3243942260742188,45-59
64.0,63.25053,-0.7494697570800781,0.7494697570800781,60-74
23.0,15.697063,-7.302936553955078,7.302936553955078,18-29
62.0,55.02307,-6.9769287109375,6.9769287109375,60-74
18.0,27.33081,9.330810546875,9.330810546875,18-29
22.0,21.795977,-0.2040233612060547,0.2040233612060547,18-29
14.0,18.192163,4.192163467407227,4.192163467407227,0-17
12.0,12.231789,0.23178863525390625,0.23178863525390625,0-17
24.0,23.961422,-0.038578033447265625,0.038578033447265625,18-29
51.0,37.32064,-13.679359436035156,13.679359436035156,45-59
36.0,46.19468,10.194679260253906,10.194679260253906,30-44
23.0,33.42787,10.427871704101562,10.427871704101562,18-29
61.0,51.134552,-9.865447998046875,9.865447998046875,60-74
17.0,31.695372,14.695371627807617,14.695371627807617,0-17
21.0,20.998661,-0.001338958740234375,0.001338958740234375,18-29
43.0,45.311962,2.311962127685547,2.311962127685547,30-44
66.0,28.330534,-37.66946601867676,37.66946601867676,60-74
43.0,29.573366,-13.426633834838867,13.426633834838867,30-44
26.0,29.34632,3.3463191986083984,3.3463191986083984,18-29
25.0,25.551153,0.5511531829833984,0.5511531829833984,18-29
37.0,25.286728,-11.713272094726562,11.713272094726562,30-44
62.0,41.207214,-20.79278564453125,20.79278564453125,60-74
75.0,42.52217,-32.47782897949219,32.47782897949219,75+
16.0,27.555647,11.555646896362305,11.555646896362305,0-17
46.0,55.78778,9.78778076171875,9.78778076171875,45-59
20.0,20.682426,0.6824264526367188,0.6824264526367188,18-29
49.0,63.032204,14.032203674316406,14.032203674316406,45-59
34.0,36.678806,2.6788063049316406,2.6788063049316406,30-44
54.0,54.093628,0.0936279296875,0.0936279296875,45-59
36.0,36.571953,0.5719528198242188,0.5719528198242188,30-44
72.0,60.4604,-11.539600372314453,11.539600372314453,60-74
44.0,24.427176,-19.572824478149414,19.572824478149414,30-44
46.0,53.059315,7.059314727783203,7.059314727783203,45-59
43.0,50.27885,7.278850555419922,7.278850555419922,30-44
40.0,35.61052,-4.3894805908203125,4.3894805908203125,30-44
61.0,37.07857,-23.921428680419922,23.921428680419922,60-74
56.0,54.78779,-1.2122116088867188,1.2122116088867188,45-59
14.0,15.935431,1.9354305267333984,1.9354305267333984,0-17
31.0,28.863455,-2.136545181274414,2.136545181274414,30-44
29.0,33.00953,4.009529113769531,4.009529113769531,18-29
37.0,50.67499,13.674991607666016,13.674991607666016,30-44
59.0,43.370686,-15.629314422607422,15.629314422607422,45-59
55.0,53.29796,-1.7020416259765625,1.7020416259765625,45-59
14.0,19.040457,5.040456771850586,5.040456771850586,0-17
20.0,23.82454,3.8245391845703125,3.8245391845703125,18-29
26.0,24.610962,-1.3890380859375,1.3890380859375,18-29
36.0,19.925861,-16.074138641357422,16.074138641357422,30-44
39.0,51.9159,12.915901184082031,12.915901184082031,30-44
38.0,24.5077,-13.492300033569336,13.492300033569336,30-44
15.0,18.296192,3.296192169189453,3.296192169189453,0-17
37.0,39.755035,2.755035400390625,2.755035400390625,30-44
48.0,38.249664,-9.750335693359375,9.750335693359375,45-59
26.0,54.079475,28.07947540283203,28.07947540283203,18-29
62.0,60.701622,-1.2983779907226562,1.2983779907226562,60-74
17.0,49.763725,32.76372528076172,32.76372528076172,0-17
62.0,51.4207,-10.579299926757812,10.579299926757812,60-74
58.0,64.01874,6.01873779296875,6.01873779296875,45-59
21.0,33.4813,12.481300354003906,12.481300354003906,18-29
34.0,40.800014,6.800014495849609,6.800014495849609,30-44
50.0,53.020905,3.020904541015625,3.020904541015625,45-59
27.0,29.388254,2.388254165649414,2.388254165649414,18-29
41.0,39.68368,-1.3163185119628906,1.3163185119628906,30-44
41.0,46.627495,5.627494812011719,5.627494812011719,30-44
58.0,67.07401,9.074012756347656,9.074012756347656,45-59
58.0,57.02922,-0.9707794189453125,0.9707794189453125,45-59
61.0,39.96706,-21.032939910888672,21.032939910888672,60-74
12.0,19.456984,7.45698356628418,7.45698356628418,0-17
73.0,60.191875,-12.808124542236328,12.808124542236328,60-74
15.0,35.6386,20.638599395751953,20.638599395751953,0-17
70.0,46.21768,-23.782318115234375,23.782318115234375,60-74
68.0,66.407394,-1.5926055908203125,1.5926055908203125,60-74
29.0,30.112484,1.1124839782714844,1.1124839782714844,18-29
66.0,27.428728,-38.571271896362305,38.571271896362305,60-74
50.0,55.325768,5.325767517089844,5.325767517089844,45-59
64.0,67.57655,3.5765533447265625,3.5765533447265625,60-74
62.0,60.940598,-1.0594024658203125,1.0594024658203125,60-74
13.0,13.7940035,0.7940034866333008,0.7940034866333008,0-17
29.0,35.67705,6.677051544189453,6.677051544189453,18-29
52.0,55.22019,3.2201881408691406,3.2201881408691406,45-59
28.0,24.787142,-3.212858200073242,3.212858200073242,18-29
72.0,47.53414,-24.465858459472656,24.465858459472656,60-74
43.0,36.092453,-6.9075469970703125,6.9075469970703125,30-44
58.0,55.37306,-2.626941680908203,2.626941680908203,45-59
33.0,38.93759,5.937591552734375,5.937591552734375,30-44
50.0,55.36653,5.3665313720703125,5.3665313720703125,45-59
63.0,44.44576,-18.554241180419922,18.554241180419922,60-74
59.0,48.153164,-10.84683609008789,10.84683609008789,45-59
40.0,23.90563,-16.094369888305664,16.094369888305664,30-44
63.0,43.538322,-19.46167755126953,19.46167755126953,60-74
47.0,35.03279,-11.967208862304688,11.967208862304688,45-59
23.0,46.594513,23.594512939453125,23.594512939453125,18-29
16.0,17.818531,1.8185310363769531,1.8185310363769531,0-17
56.0,40.084095,-15.915904998779297,15.915904998779297,45-59
17.0,19.802834,2.8028335571289062,2.8028335571289062,0-17
25.0,41.849728,16.849727630615234,16.849727630615234,18-29
39.0,31.252848,-7.747152328491211,7.747152328491211,30-44
33.0,26.592766,-6.407234191894531,6.407234191894531,30-44
49.0,44.922028,-4.077972412109375,4.077972412109375,45-59
35.0,52.85356,17.853561401367188,17.853561401367188,30-44
33.0,38.733448,5.733448028564453,5.733448028564453,30-44
18.0,20.363308,2.3633079528808594,2.3633079528808594,18-29
58.0,34.22253,-23.777469635009766,23.777469635009766,45-59
27.0,31.697056,4.697055816650391,4.697055816650391,18-29
26.0,31.851849,5.851848602294922,5.851848602294922,18-29
34.0,33.4792,-0.5208015441894531,0.5208015441894531,30-44
18.0,19.351997,1.3519973754882812,1.3519973754882812,18-29
17.0,20.456375,3.4563751220703125,3.4563751220703125,0-17
51.0,52.96738,1.9673805236816406,1.9673805236816406,45-59
32.0,41.1968,9.196800231933594,9.196800231933594,30-44
56.0,58.60544,2.605438232421875,2.605438232421875,45-59
58.0,57.8567,-0.14329910278320312,0.14329910278320312,45-59
55.0,60.077656,5.077655792236328,5.077655792236328,45-59
37.0,50.345005,13.34500503540039,13.34500503540039,30-44
19.0,29.915354,10.915353775024414,10.915353775024414,18-29
16.0,14.93236,-1.0676403045654297,1.0676403045654297,0-17
67.0,51.10967,-15.890331268310547,15.890331268310547,60-74
73.0,64.77372,-8.226280212402344,8.226280212402344,60-74
29.0,26.69425,-2.3057498931884766,2.3057498931884766,18-29
33.0,42.153015,9.15301513671875,9.15301513671875,30-44
75.0,65.35172,-9.648277282714844,9.648277282714844,75+
67.0,44.07474,-22.92525863647461,22.92525863647461,60-74
63.0,61.512646,-1.4873542785644531,1.4873542785644531,60-74
26.0,35.656933,9.656932830810547,9.656932830810547,18-29
14.0,14.034132,0.03413200378417969,0.03413200378417969,0-17
37.0,32.017887,-4.982112884521484,4.982112884521484,30-44
54.0,69.291046,15.291046142578125,15.291046142578125,45-59
19.0,23.194181,4.194181442260742,4.194181442260742,18-29
12.0,9.750679,-2.2493209838867188,2.2493209838867188,0-17
62.0,63.67227,1.672271728515625,1.672271728515625,60-74
61.0,36.689648,-24.310352325439453,24.310352325439453,60-74
24.0,26.535923,2.5359230041503906,2.5359230041503906,18-29
15.0,18.99769,3.997690200805664,3.997690200805664,0-17
17.0,44.569775,27.569774627685547,27.569774627685547,0-17
21.0,27.489431,6.489431381225586,6.489431381225586,18-29
41.0,49.53391,8.53390884399414,8.53390884399414,30-44
16.0,35.075134,19.07513427734375,19.07513427734375,0-17
34.0,34.371162,0.37116241455078125,0.37116241455078125,30-44
43.0,44.056545,1.0565452575683594,1.0565452575683594,30-44
65.0,32.71476,-32.285240173339844,32.285240173339844,60-74
74.0,61.971664,-12.028335571289062,12.028335571289062,60-74
60.0,62.132347,2.1323471069335938,2.1323471069335938,60-74
29.0,24.854887,-4.145112991333008,4.145112991333008,18-29
61.0,56.85508,-4.144920349121094,4.144920349121094,60-74
23.0,38.665752,15.665752410888672,15.665752410888672,18-29
13.0,14.306997,1.306997299194336,1.306997299194336,0-17
20.0,28.523987,8.52398681640625,8.52398681640625,18-29
65.0,58.40081,-6.599189758300781,6.599189758300781,60-74
28.0,33.48778,5.487781524658203,5.487781524658203,18-29
37.0,23.22147,-13.77853012084961,13.77853012084961,30-44
46.0,50.20098,4.200981140136719,4.200981140136719,45-59
58.0,54.553677,-3.4463233947753906,3.4463233947753906,45-59
49.0,61.129,12.12900161743164,12.12900161743164,45-59
78.0,51.942936,-26.057064056396484,26.057064056396484,75+
57.0,56.68341,-0.31658935546875,0.31658935546875,45-59
72.0,61.74576,-10.25423812866211,10.25423812866211,60-74
19.0,24.570833,5.570833206176758,5.570833206176758,18-29
75.0,55.8768,-19.123199462890625,19.123199462890625,75+
71.0,66.514626,-4.485374450683594,4.485374450683594,60-74
47.0,52.12901,5.129009246826172,5.129009246826172,45-59
63.0,43.149788,-19.85021209716797,19.85021209716797,60-74
12.0,12.871309,0.8713092803955078,0.8713092803955078,0-17
33.0,37.638992,4.6389923095703125,4.6389923095703125,30-44
18.0,32.720753,14.720752716064453,14.720752716064453,18-29
48.0,39.6067,-8.393299102783203,8.393299102783203,45-59
25.0,56.699306,31.69930648803711,31.69930648803711,18-29
15.0,11.81582,-3.18418025970459,3.18418025970459,0-17
28.0,23.993952,-4.006048202514648,4.006048202514648,18-29
74.0,29.411394,-44.588605880737305,44.588605880737305,60-74
46.0,61.724564,15.724563598632812,15.724563598632812,45-59
28.0,45.803524,17.803524017333984,17.803524017333984,18-29
65.0,47.498142,-17.50185775756836,17.50185775756836,60-74
19.0,18.57126,-0.4287395477294922,0.4287395477294922,18-29
22.0,21.23906,-0.7609405517578125,0.7609405517578125,18-29
77.0,70.05237,-6.9476318359375,6.9476318359375,75+
68.0,64.86812,-3.1318817138671875,3.1318817138671875,60-74
16.0,26.876228,10.876228332519531,10.876228332519531,0-17
54.0,50.9852,-3.014801025390625,3.014801025390625,45-59
30.0,29.566204,-0.4337959289550781,0.4337959289550781,30-44
75.0,68.76392,-6.236076354980469,6.236076354980469,75+
33.0,32.605026,-0.3949737548828125,0.3949737548828125,30-44
24.0,27.44953,3.4495296478271484,3.4495296478271484,18-29
31.0,34.820583,3.8205833435058594,3.8205833435058594,30-44
22.0,23.342451,1.3424510955810547,1.3424510955810547,18-29
29.0,24.672026,-4.327974319458008,4.327974319458008,18-29
50.0,47.98236,-2.01763916015625,2.01763916015625,45-59
50.0,61.66593,11.665931701660156,11.665931701660156,45-59
72.0,57.08814,-14.911861419677734,14.911861419677734,60-74
73.0,73.73484,0.7348403930664062,0.7348403930664062,60-74
20.0,23.82454,3.8245391845703125,3.8245391845703125,18-29
12.0,25.18123,13.181230545043945,13.181230545043945,0-17
17.0,17.713945,0.7139453887939453,0.7139453887939453,0-17
46.0,57.974953,11.974952697753906,11.974952697753906,45-59
70.0,69.186005,-0.813995361328125,0.813995361328125,60-74
28.0,38.612408,10.612407684326172,10.612407684326172,18-29
37.0,37.531853,0.5318527221679688,0.5318527221679688,30-44
13.0,9.542891,-3.4571094512939453,3.4571094512939453,0-17
22.0,19.917904,-2.0820960998535156,2.0820960998535156,18-29
22.0,27.499483,5.499483108520508,5.499483108520508,18-29
74.0,72.32433,-1.6756668090820312,1.6756668090820312,60-74
28.0,43.440308,15.4403076171875,15.4403076171875,18-29
55.0,66.44727,11.447273254394531,11.447273254394531,45-59
37.0,62.630386,25.630386352539062,25.630386352539062,30-44
52.0,61.04392,9.04391860961914,9.04391860961914,45-59
25.0,25.8465,0.8465003967285156,0.8465003967285156,18-29
18.0,18.80672,0.8067207336425781,0.8067207336425781,18-29
55.0,46.640095,-8.359905242919922,8.359905242919922,45-59
19.0,53.112656,34.11265563964844,34.11265563964844,18-29
47.0,60.492256,13.492256164550781,13.492256164550781,45-59
13.0,18.590216,5.590215682983398,5.590215682983398,0-17
58.0,59.840942,1.8409423828125,1.8409423828125,45-59
68.0,74.37014,6.370140075683594,6.370140075683594,60-74
85.0,60.404915,-24.59508514404297,24.59508514404297,75+
33.0,47.376255,14.37625503540039,14.37625503540039,30-44
14.0,22.781122,8.781122207641602,8.781122207641602,0-17
59.0,56.483345,-2.5166549682617188,2.5166549682617188,45-59
31.0,28.136505,-2.863494873046875,2.863494873046875,30-44
58.0,44.95413,-13.04587173461914,13.04587173461914,45-59
16.0,23.496998,7.496997833251953,7.496997833251953,0-17
67.0,60.70234,-6.297660827636719,6.297660827636719,60-74
42.0,44.88004,2.8800392150878906,2.8800392150878906,30-44
52.0,54.600307,2.6003074645996094,2.6003074645996094,45-59
12.0,11.589407,-0.41059303283691406,0.41059303283691406,0-17
61.0,67.26678,6.266777038574219,6.266777038574219,60-74
21.0,33.932957,12.93295669555664,12.93295669555664,18-29
17.0,16.94403,-0.05596923828125,0.05596923828125,0-17
68.0,65.8199,-2.1800994873046875,2.1800994873046875,60-74
42.0,39.801823,-2.1981773376464844,2.1981773376464844,30-44
64.0,48.63213,-15.367870330810547,15.367870330810547,60-74
13.0,14.741554,1.7415542602539062,1.7415542602539062,0-17
27.0,30.766003,3.766002655029297,3.766002655029297,18-29
83.0,53.246544,-29.753456115722656,29.753456115722656,75+
45.0,23.079374,-21.920625686645508,21.920625686645508,45-59
16.0,20.873915,4.87391471862793,4.87391471862793,0-17
63.0,48.263115,-14.736885070800781,14.736885070800781,60-74
58.0,62.968224,4.968223571777344,4.968223571777344,45-59
29.0,47.188766,18.188766479492188,18.188766479492188,18-29
21.0,21.648623,0.6486225128173828,0.6486225128173828,18-29
70.0,67.860855,-2.1391448974609375,2.1391448974609375,60-74
32.0,32.541584,0.5415840148925781,0.5415840148925781,30-44
34.0,21.51556,-12.484439849853516,12.484439849853516,30-44
36.0,33.889885,-2.1101150512695312,2.1101150512695312,30-44
33.0,33.844524,0.8445243835449219,0.8445243835449219,30-44
55.0,58.532143,3.5321426391601562,3.5321426391601562,45-59
18.0,40.307552,22.307552337646484,22.307552337646484,18-29
34.0,28.72742,-5.272579193115234,5.272579193115234,30-44
30.0,30.159248,0.15924835205078125,0.15924835205078125,30-44
59.0,58.9263,-0.073699951171875,0.073699951171875,45-59
49.0,36.995045,-12.004955291748047,12.004955291748047,45-59
23.0,47.409122,24.409122467041016,24.409122467041016,18-29
30.0,33.25443,3.2544288635253906,3.2544288635253906,30-44
34.0,61.656746,27.65674591064453,27.65674591064453,30-44
24.0,22.229996,-1.7700042724609375,1.7700042724609375,18-29
69.0,51.398403,-17.60159683227539,17.60159683227539,60-74
18.0,20.654547,2.6545467376708984,2.6545467376708984,18-29
14.0,7.476334,-6.523665904998779,6.523665904998779,0-17
47.0,44.486546,-2.5134544372558594,2.5134544372558594,45-59
39.0,46.148846,7.148845672607422,7.148845672607422,30-44
13.0,18.070591,5.070590972900391,5.070590972900391,0-17
12.0,15.556811,3.5568113327026367,3.5568113327026367,0-17
14.0,18.61633,4.616329193115234,4.616329193115234,0-17
34.0,38.63153,4.63153076171875,4.63153076171875,30-44
75.0,60.43796,-14.56203842163086,14.56203842163086,75+
27.0,33.786873,6.786872863769531,6.786872863769531,18-29
64.0,64.18843,0.1884307861328125,0.1884307861328125,60-74
50.0,56.984406,6.984405517578125,6.984405517578125,45-59
18.0,22.983746,4.983745574951172,4.983745574951172,18-29
33.0,35.536102,2.536102294921875,2.536102294921875,30-44
57.0,47.36079,-9.639209747314453,9.639209747314453,45-59
25.0,35.097046,10.0970458984375,10.0970458984375,18-29
65.0,50.13604,-14.863960266113281,14.863960266113281,60-74
70.0,66.49937,-3.5006332397460938,3.5006332397460938,60-74
63.0,34.500706,-28.49929428100586,28.49929428100586,60-74
52.0,46.90405,-5.095951080322266,5.095951080322266,45-59
18.0,18.684547,0.6845474243164062,0.6845474243164062,18-29
15.0,17.853788,2.853788375854492,2.853788375854492,0-17
15.0,26.790192,11.790191650390625,11.790191650390625,0-17
21.0,30.994484,9.994483947753906,9.994483947753906,18-29
66.0,59.546597,-6.453403472900391,6.453403472900391,60-74
63.0,46.999454,-16.000545501708984,16.000545501708984,60-74
13.0,13.212616,0.212615966796875,0.212615966796875,0-17
31.0,51.689064,20.689064025878906,20.689064025878906,30-44
70.0,57.913315,-12.086685180664062,12.086685180664062,60-74
65.0,51.705162,-13.294837951660156,13.294837951660156,60-74
17.0,24.46401,7.464010238647461,7.464010238647461,0-17
21.0,21.864227,0.864227294921875,0.864227294921875,18-29
67.0,43.780617,-23.219383239746094,23.219383239746094,60-74
12.0,10.202395,-1.7976045608520508,1.7976045608520508,0-17
19.0,24.270325,5.27032470703125,5.27032470703125,18-29
70.0,52.823044,-17.176956176757812,17.176956176757812,60-74
18.0,14.816137,-3.1838626861572266,3.1838626861572266,18-29
51.0,68.60778,17.60778045654297,17.60778045654297,45-59
61.0,68.2893,7.289299011230469,7.289299011230469,60-74
61.0,42.88451,-18.115489959716797,18.115489959716797,60-74
66.0,35.1853,-30.814701080322266,30.814701080322266,60-74
36.0,40.280876,4.280876159667969,4.280876159667969,30-44
18.0,29.526325,11.526325225830078,11.526325225830078,18-29
39.0,58.16728,19.167278289794922,19.167278289794922,30-44
79.0,50.138115,-28.86188507080078,28.86188507080078,75+
22.0,30.589415,8.589414596557617,8.589414596557617,18-29
29.0,33.364197,4.36419677734375,4.36419677734375,18-29
79.0,67.56348,-11.4365234375,11.4365234375,75+
61.0,51.880535,-9.119464874267578,9.119464874267578,60-74
64.0,69.794014,5.794013977050781,5.794013977050781,60-74
43.0,46.629852,3.629852294921875,3.629852294921875,30-44
14.0,35.267467,21.267467498779297,21.267467498779297,0-17
73.0,69.54012,-3.4598770141601562,3.4598770141601562,60-74
48.0,52.80754,4.8075408935546875,4.8075408935546875,45-59
19.0,19.212038,0.2120380401611328,0.2120380401611328,18-29
50.0,23.687843,-26.312156677246094,26.312156677246094,45-59
45.0,27.144148,-17.855852127075195,17.855852127075195,45-59
19.0,25.527922,6.527921676635742,6.527921676635742,18-29
53.0,41.132904,-11.867095947265625,11.867095947265625,45-59
21.0,24.306751,3.306751251220703,3.306751251220703,18-29
47.0,43.488518,-3.5114822387695312,3.5114822387695312,45-59
67.0,54.68834,-12.311660766601562,12.311660766601562,60-74
38.0,40.65731,2.6573104858398438,2.6573104858398438,30-44
36.0,41.13413,5.134128570556641,5.134128570556641,30-44
54.0,61.419476,7.419475555419922,7.419475555419922,45-59
71.0,70.595,-0.404998779296875,0.404998779296875,60-74
32.0,19.31127,-12.688730239868164,12.688730239868164,30-44
12.0,42.845203,30.845203399658203,30.845203399658203,0-17
41.0,39.01453,-1.9854698181152344,1.9854698181152344,30-44
57.0,59.827454,2.82745361328125,2.82745361328125,45-59
44.0,39.982796,-4.017204284667969,4.017204284667969,30-44
40.0,40.314354,0.31435394287109375,0.31435394287109375,30-44
45.0,47.849293,2.849292755126953,2.849292755126953,45-59
66.0,70.56276,4.5627593994140625,4.5627593994140625,60-74
30.0,52.43911,22.439109802246094,22.439109802246094,30-44
51.0,53.594475,2.5944747924804688,2.5944747924804688,45-59
21.0,18.911703,-2.088296890258789,2.088296890258789,18-29
24.0,24.198664,0.19866371154785156,0.19866371154785156,18-29
46.0,47.354694,1.3546943664550781,1.3546943664550781,45-59
34.0,40.590134,6.5901336669921875,6.5901336669921875,30-44
29.0,30.93217,1.9321708679199219,1.9321708679199219,18-29
23.0,44.70893,21.70893096923828,21.70893096923828,18-29
54.0,60.98277,6.982769012451172,6.982769012451172,45-59
51.0,62.177116,11.177116394042969,11.177116394042969,45-59
13.0,14.333989,1.333989143371582,1.333989143371582,0-17
43.0,46.840065,3.8400650024414062,3.8400650024414062,30-44
79.0,76.41963,-2.5803680419921875,2.5803680419921875,75+
57.0,56.9583,-0.041698455810546875,0.041698455810546875,45-59
17.0,23.9465,6.946500778198242,6.946500778198242,0-17
45.0,45.594994,0.5949935913085938,0.5949935913085938,45-59
75.0,67.13628,-7.8637237548828125,7.8637237548828125,75+
58.0,48.079548,-9.920452117919922,9.920452117919922,45-59
72.0,71.60156,-0.3984375,0.3984375,60-74
16.0,22.711206,6.711206436157227,6.711206436157227,0-17
27.0,31.440306,4.440305709838867,4.440305709838867,18-29
37.0,27.495583,-9.504417419433594,9.504417419433594,30-44
54.0,48.94842,-5.051578521728516,5.051578521728516,45-59
31.0,36.24145,5.241451263427734,5.241451263427734,30-44
55.0,46.032894,-8.967105865478516,8.967105865478516,45-59
78.0,55.256886,-22.743114471435547,22.743114471435547,75+
58.0,49.617336,-8.38266372680664,8.38266372680664,45-59
42.0,28.083406,-13.916593551635742,13.916593551635742,30-44
44.0,41.49876,-2.501239776611328,2.501239776611328,30-44
31.0,41.287098,10.287097930908203,10.287097930908203,30-44
47.0,45.497936,-1.5020637512207031,1.5020637512207031,45-59
18.0,24.057999,6.0579986572265625,6.0579986572265625,18-29
43.0,67.31863,24.318626403808594,24.318626403808594,30-44
74.0,73.03933,-0.9606704711914062,0.9606704711914062,60-74
58.0,47.361988,-10.638011932373047,10.638011932373047,45-59
40.0,45.289017,5.2890167236328125,5.2890167236328125,30-44
28.0,34.326035,6.3260345458984375,6.3260345458984375,18-29
51.0,54.75311,3.7531089782714844,3.7531089782714844,45-59
22.0,29.148584,7.148584365844727,7.148584365844727,18-29
46.0,45.009228,-0.9907722473144531,0.9907722473144531,45-59
45.0,36.20229,-8.797710418701172,8.797710418701172,45-59
49.0,52.746117,3.7461166381835938,3.7461166381835938,45-59
55.0,55.8022,0.8022003173828125,0.8022003173828125,45-59
32.0,19.378706,-12.621294021606445,12.621294021606445,30-44
28.0,38.364395,10.364395141601562,10.364395141601562,18-29
70.0,32.95461,-37.04539108276367,37.04539108276367,60-74
33.0,46.868107,13.868106842041016,13.868106842041016,30-44
20.0,23.843878,3.8438777923583984,3.8438777923583984,18-29
34.0,44.461056,10.461055755615234,10.461055755615234,30-44
29.0,32.65266,3.652660369873047,3.652660369873047,18-29
52.0,43.97232,-8.027679443359375,8.027679443359375,45-59
17.0,42.65887,25.658870697021484,25.658870697021484,0-17
18.0,21.006365,3.0063648223876953,3.0063648223876953,18-29
59.0,38.80469,-20.195308685302734,20.195308685302734,45-59
64.0,58.806915,-5.193084716796875,5.193084716796875,60-74
52.0,39.489067,-12.510932922363281,12.510932922363281,45-59
15.0,9.679557,-5.320443153381348,5.320443153381348,0-17
55.0,45.829144,-9.170856475830078,9.170856475830078,45-59
64.0,54.56436,-9.435638427734375,9.435638427734375,60-74
52.0,28.558878,-23.44112205505371,23.44112205505371,45-59
58.0,50.579765,-7.420234680175781,7.420234680175781,45-59
30.0,24.678402,-5.321598052978516,5.321598052978516,30-44
27.0,25.719097,-1.2809028625488281,1.2809028625488281,18-29
35.0,29.418777,-5.5812225341796875,5.5812225341796875,30-44
20.0,28.62239,8.622390747070312,8.622390747070312,18-29
37.0,36.846745,-0.15325546264648438,0.15325546264648438,30-44
50.0,57.255177,7.255176544189453,7.255176544189453,45-59
36.0,37.850723,1.8507232666015625,1.8507232666015625,30-44
18.0,24.861866,6.861865997314453,6.861865997314453,18-29
62.0,58.499207,-3.50079345703125,3.50079345703125,60-74
52.0,54.291477,2.2914772033691406,2.2914772033691406,45-59
61.0,60.706703,-0.29329681396484375,0.29329681396484375,60-74
16.0,13.67236,-2.327639579772949,2.327639579772949,0-17
58.0,46.13896,-11.861038208007812,11.861038208007812,45-59
55.0,53.712715,-1.2872848510742188,1.2872848510742188,45-59
72.0,39.386272,-32.61372756958008,32.61372756958008,60-74
15.0,20.052393,5.052392959594727,5.052392959594727,0-17
30.0,24.349747,-5.6502532958984375,5.6502532958984375,30-44
45.0,51.14204,6.142040252685547,6.142040252685547,45-59
69.0,59.586124,-9.413875579833984,9.413875579833984,60-74
15.0,53.657013,38.657012939453125,38.657012939453125,0-17
35.0,48.665085,13.665084838867188,13.665084838867188,30-44
74.0,67.38261,-6.617393493652344,6.617393493652344,60-74
22.0,21.506882,-0.4931182861328125,0.4931182861328125,18-29
79.0,61.786633,-17.213367462158203,17.213367462158203,75+
79.0,61.161495,-17.838504791259766,17.838504791259766,75+
23.0,20.049366,-2.950634002685547,2.950634002685547,18-29
75.0,72.58972,-2.4102783203125,2.4102783203125,75+
26.0,51.760197,25.760196685791016,25.760196685791016,18-29
64.0,51.5702,-12.429798126220703,12.429798126220703,60-74
52.0,49.163605,-2.836395263671875,2.836395263671875,45-59
23.0,35.663372,12.663372039794922,12.663372039794922,18-29
13.0,10.6534605,-2.3465394973754883,2.3465394973754883,0-17
41.0,54.04068,13.040679931640625,13.040679931640625,30-44
59.0,60.84252,1.8425216674804688,1.8425216674804688,45-59
36.0,71.021416,35.02141571044922,35.02141571044922,30-44
30.0,30.562365,0.5623645782470703,0.5623645782470703,30-44
56.0,63.047188,7.047187805175781,7.047187805175781,45-59
60.0,48.367428,-11.632572174072266,11.632572174072266,60-74
14.0,12.386971,-1.6130285263061523,1.6130285263061523,0-17
17.0,26.55734,9.557340621948242,9.557340621948242,0-17
70.0,53.481106,-16.51889419555664,16.51889419555664,60-74
22.0,42.619297,20.61929702758789,20.61929702758789,18-29
38.0,37.966152,-0.033847808837890625,0.033847808837890625,30-44
61.0,57.4307,-3.5693016052246094,3.5693016052246094,60-74
31.0,28.336924,-2.663076400756836,2.663076400756836,30-44
15.0,17.92851,2.9285106658935547,2.9285106658935547,0-17
59.0,59.15568,0.15568161010742188,0.15568161010742188,45-59
24.0,25.004318,1.0043182373046875,1.0043182373046875,18-29
69.0,61.393604,-7.606395721435547,7.606395721435547,60-74
18.0,12.29704,-5.702960014343262,5.702960014343262,18-29
73.0,72.935585,-0.06441497802734375,0.06441497802734375,60-74
52.0,47.057,-4.943000793457031,4.943000793457031,45-59
69.0,68.21772,-0.7822799682617188,0.7822799682617188,60-74
67.0,54.710705,-12.289295196533203,12.289295196533203,60-74
46.0,26.258448,-19.741552352905273,19.741552352905273,45-59
50.0,46.52195,-3.4780502319335938,3.4780502319335938,45-59
50.0,17.876999,-32.12300109863281,32.12300109863281,45-59
16.0,17.108671,1.1086711883544922,1.1086711883544922,0-17
57.0,49.970337,-7.0296630859375,7.0296630859375,45-59
16.0,33.746433,17.74643325805664,17.74643325805664,0-17
46.0,42.351,-3.648998260498047,3.648998260498047,45-59
24.0,32.905567,8.905567169189453,8.905567169189453,18-29
36.0,27.264961,-8.735038757324219,8.735038757324219,30-44
67.0,51.059082,-15.94091796875,15.94091796875,60-74
66.0,69.52047,3.5204696655273438,3.5204696655273438,60-74
54.0,55.69719,1.6971893310546875,1.6971893310546875,45-59
14.0,19.94986,5.949859619140625,5.949859619140625,0-17
22.0,15.70022,-6.299779891967773,6.299779891967773,18-29
75.0,52.97039,-22.02960968017578,22.02960968017578,75+
15.0,16.00834,1.008340835571289,1.008340835571289,0-17
63.0,27.916742,-35.0832576751709,35.0832576751709,60-74
63.0,65.662,2.6620025634765625,2.6620025634765625,60-74
30.0,28.086855,-1.9131450653076172,1.9131450653076172,30-44
68.0,58.519943,-9.480056762695312,9.480056762695312,60-74
29.0,33.623608,4.623607635498047,4.623607635498047,18-29
65.0,61.540253,-3.459747314453125,3.459747314453125,60-74
24.0,31.362139,7.362138748168945,7.362138748168945,18-29
56.0,54.78779,-1.2122116088867188,1.2122116088867188,45-59
23.0,21.412317,-1.5876827239990234,1.5876827239990234,18-29
78.0,59.241943,-18.758056640625,18.758056640625,75+
54.0,46.177624,-7.822376251220703,7.822376251220703,45-59
68.0,68.203445,0.2034454345703125,0.2034454345703125,60-74
47.0,48.97307,1.9730682373046875,1.9730682373046875,45-59
22.0,53.04384,31.043838500976562,31.043838500976562,18-29
31.0,31.817331,0.8173313140869141,0.8173313140869141,30-44
81.0,61.941086,-19.058914184570312,19.058914184570312,75+
47.0,55.154263,8.15426254272461,8.15426254272461,45-59
19.0,24.699083,5.69908332824707,5.69908332824707,18-29
39.0,29.130112,-9.869888305664062,9.869888305664062,30-44
50.0,58.410114,8.410114288330078,8.410114288330078,45-59
85.0,73.52709,-11.472908020019531,11.472908020019531,75+
66.0,59.644722,-6.355278015136719,6.355278015136719,60-74
63.0,62.860382,-0.139617919921875,0.139617919921875,60-74
33.0,32.44472,-0.5552787780761719,0.5552787780761719,30-44
42.0,30.593603,-11.406396865844727,11.406396865844727,30-44
62.0,66.293465,4.293464660644531,4.293464660644531,60-74
28.0,51.479267,23.479267120361328,23.479267120361328,18-29
65.0,66.943535,1.9435348510742188,1.9435348510742188,60-74
14.0,14.954527,0.9545269012451172,0.9545269012451172,0-17
66.0,42.672657,-23.327342987060547,23.327342987060547,60-74
51.0,49.302444,-1.6975555419921875,1.6975555419921875,45-59
54.0,50.52265,-3.4773483276367188,3.4773483276367188,45-59
64.0,54.296925,-9.703075408935547,9.703075408935547,60-74
48.0,58.606686,10.606685638427734,10.606685638427734,45-59
40.0,49.825287,9.825286865234375,9.825286865234375,30-44
12.0,12.795966,0.7959661483764648,0.7959661483764648,0-17
61.0,69.037415,8.03741455078125,8.03741455078125,60-74
25.0,39.53377,14.533771514892578,14.533771514892578,18-29
63.0,63.403233,0.4032325744628906,0.4032325744628906,60-74
56.0,61.76567,5.7656707763671875,5.7656707763671875,45-59
70.0,53.488895,-16.511104583740234,16.511104583740234,60-74
31.0,29.739151,-1.2608489990234375,1.2608489990234375,30-44
20.0,55.632725,35.63272476196289,35.63272476196289,18-29
47.0,41.052826,-5.947174072265625,5.947174072265625,45-59
28.0,32.654636,4.654636383056641,4.654636383056641,18-29
30.0,22.447433,-7.5525665283203125,7.5525665283203125,30-44
29.0,32.113003,3.1130027770996094,3.1130027770996094,18-29
51.0,53.728996,2.7289962768554688,2.7289962768554688,45-59
59.0,42.739162,-16.26083755493164,16.26083755493164,45-59
14.0,22.645264,8.645263671875,8.645263671875,0-17
52.0,44.482178,-7.517822265625,7.517822265625,45-59
32.0,44.22435,12.224349975585938,12.224349975585938,30-44
61.0,54.36181,-6.638191223144531,6.638191223144531,60-74
51.0,50.700775,-0.299224853515625,0.299224853515625,45-59
76.0,66.63468,-9.365318298339844,9.365318298339844,75+
58.0,67.46535,9.465347290039062,9.465347290039062,45-59
32.0,28.819983,-3.1800174713134766,3.1800174713134766,30-44
78.0,43.981293,-34.018707275390625,34.018707275390625,75+
76.0,61.782547,-14.217453002929688,14.217453002929688,75+
21.0,37.583847,16.583847045898438,16.583847045898438,18-29
14.0,19.78572,5.7857208251953125,5.7857208251953125,0-17
41.0,42.099842,1.0998420715332031,1.0998420715332031,30-44
12.0,10.680927,-1.3190727233886719,1.3190727233886719,0-17
44.0,61.579517,17.579517364501953,17.579517364501953,30-44
30.0,38.303455,8.303455352783203,8.303455352783203,30-44
39.0,39.631634,0.6316337585449219,0.6316337585449219,30-44
15.0,17.656395,2.6563949584960938,2.6563949584960938,0-17
51.0,61.49441,10.49441146850586,10.49441146850586,45-59
15.0,11.895308,-3.1046924591064453,3.1046924591064453,0-17
32.0,32.6623,0.6623001098632812,0.6623001098632812,30-44
19.0,21.2241,2.224100112915039,2.224100112915039,18-29
18.0,15.936912,-2.0630884170532227,2.0630884170532227,18-29
64.0,67.62736,3.6273574829101562,3.6273574829101562,60-74
60.0,58.228916,-1.7710838317871094,1.7710838317871094,60-74
71.0,58.29745,-12.70254898071289,12.70254898071289,60-74
45.0,55.482742,10.482742309570312,10.482742309570312,45-59
14.0,49.217808,35.21780776977539,35.21780776977539,0-17
79.0,64.591354,-14.408645629882812,14.408645629882812,75+
60.0,58.66505,-1.3349494934082031,1.3349494934082031,60-74
42.0,57.165127,15.16512680053711,15.16512680053711,30-44
47.0,62.810143,15.810142517089844,15.810142517089844,45-59
48.0,43.323917,-4.676082611083984,4.676082611083984,45-59
56.0,61.141125,5.141124725341797,5.141124725341797,45-59
19.0,29.378042,10.378042221069336,10.378042221069336,18-29
19.0,28.862526,9.862525939941406,9.862525939941406,18-29
39.0,16.926126,-22.07387351989746,22.07387351989746,30-44
23.0,25.917158,2.9171581268310547,2.9171581268310547,18-29
50.0,64.404915,14.404914855957031,14.404914855957031,45-59
34.0,35.334286,1.3342857360839844,1.3342857360839844,30-44
85.0,61.453236,-23.546764373779297,23.546764373779297,75+
49.0,54.44698,5.446979522705078,5.446979522705078,45-59
44.0,50.672344,6.672344207763672,6.672344207763672,30-44
62.0,48.12054,-13.879459381103516,13.879459381103516,60-74
25.0,43.23256,18.232559204101562,18.232559204101562,18-29
32.0,30.21495,-1.7850494384765625,1.7850494384765625,30-44
25.0,26.46079,1.4607906341552734,1.4607906341552734,18-29
42.0,40.80443,-1.1955718994140625,1.1955718994140625,30-44
69.0,76.0177,7.0177001953125,7.0177001953125,60-74
42.0,48.455666,6.455665588378906,6.455665588378906,30-44
62.0,38.116604,-23.88339614868164,23.88339614868164,60-74
44.0,52.171593,8.171592712402344,8.171592712402344,30-44
17.0,26.550768,9.55076789855957,9.55076789855957,0-17
81.0,65.05508,-15.944923400878906,15.944923400878906,75+
16.0,19.715687,3.715686798095703,3.715686798095703,0-17
25.0,58.79324,33.79323959350586,33.79323959350586,18-29
42.0,56.59231,14.59231185913086,14.59231185913086,30-44
71.0,55.958225,-15.04177474975586,15.04177474975586,60-74
55.0,61.286102,6.286102294921875,6.286102294921875,45-59
73.0,68.36741,-4.632591247558594,4.632591247558594,60-74
75.0,58.848568,-16.151432037353516,16.151432037353516,75+
79.0,60.221176,-18.778823852539062,18.778823852539062,75+
32.0,55.16892,23.16891860961914,23.16891860961914,30-44
70.0,56.616642,-13.383358001708984,13.383358001708984,60-74
27.0,45.611237,18.611236572265625,18.611236572265625,18-29
27.0,33.747128,6.747127532958984,6.747127532958984,18-29
72.0,57.30061,-14.699390411376953,14.699390411376953,60-74
62.0,24.407326,-37.592674255371094,37.592674255371094,60-74
22.0,16.507149,-5.492851257324219,5.492851257324219,18-29
58.0,59.78321,1.7832107543945312,1.7832107543945312,45-59
51.0,61.620163,10.620162963867188,10.620162963867188,45-59
40.0,38.15719,-1.8428115844726562,1.8428115844726562,30-44
69.0,61.393604,-7.606395721435547,7.606395721435547,60-74
55.0,48.35422,-6.645778656005859,6.645778656005859,45-59
20.0,57.847157,37.8471565246582,37.8471565246582,18-29
19.0,19.676363,0.6763629913330078,0.6763629913330078,18-29
60.0,55.304893,-4.695106506347656,4.695106506347656,60-74
65.0,58.602467,-6.397533416748047,6.397533416748047,60-74
24.0,33.882072,9.882072448730469,9.882072448730469,18-29
68.0,67.46358,-0.5364227294921875,0.5364227294921875,60-74
37.0,37.475113,0.4751129150390625,0.4751129150390625,30-44
13.0,7.23723,-5.762770175933838,5.762770175933838,0-17
47.0,42.753773,-4.246227264404297,4.246227264404297,45-59
45.0,41.95874,-3.041259765625,3.041259765625,45-59
28.0,29.003023,1.0030231475830078,1.0030231475830078,18-29
31.0,51.588432,20.58843231201172,20.58843231201172,30-44
37.0,38.895046,1.8950462341308594,1.8950462341308594,30-44
30.0,36.32604,6.326038360595703,6.326038360595703,30-44
31.0,41.52456,10.524559020996094,10.524559020996094,30-44
62.0,65.56782,3.5678176879882812,3.5678176879882812,60-74
44.0,53.983326,9.983325958251953,9.983325958251953,30-44
12.0,8.969491,-3.0305089950561523,3.0305089950561523,0-17
33.0,33.187016,0.18701553344726562,0.18701553344726562,30-44
54.0,56.905846,2.9058456420898438,2.9058456420898438,45-59
15.0,26.393547,11.393547058105469,11.393547058105469,0-17
27.0,30.618662,3.618661880493164,3.618661880493164,18-29
67.0,54.568623,-12.431377410888672,12.431377410888672,60-74
39.0,52.284683,13.284683227539062,13.284683227539062,30-44
47.0,33.564053,-13.43594741821289,13.43594741821289,45-59
60.0,58.884243,-1.1157569885253906,1.1157569885253906,60-74
45.0,52.619617,7.619617462158203,7.619617462158203,45-59
43.0,62.051254,19.051254272460938,19.051254272460938,30-44
70.0,61.316826,-8.683174133300781,8.683174133300781,60-74
74.0,59.250126,-14.749874114990234,14.749874114990234,60-74
25.0,52.166485,27.166484832763672,27.166484832763672,18-29
29.0,36.78952,7.789520263671875,7.789520263671875,18-29
46.0,46.58493,0.584930419921875,0.584930419921875,45-59
68.0,48.35049,-19.64950942993164,19.64950942993164,60-74
54.0,54.825535,0.8255348205566406,0.8255348205566406,45-59
69.0,56.873474,-12.12652587890625,12.12652587890625,60-74
29.0,36.88884,7.8888397216796875,7.8888397216796875,18-29
23.0,24.578758,1.5787582397460938,1.5787582397460938,18-29
13.0,9.080545,-3.919454574584961,3.919454574584961,0-17
48.0,62.103306,14.10330581665039,14.10330581665039,45-59
60.0,60.896366,0.8963661193847656,0.8963661193847656,60-74
79.0,43.949978,-35.05002212524414,35.05002212524414,75+
56.0,54.827675,-1.1723251342773438,1.1723251342773438,45-59
51.0,65.920105,14.92010498046875,14.92010498046875,45-59
40.0,47.901157,7.901157379150391,7.901157379150391,30-44
26.0,15.620163,-10.379837036132812,10.379837036132812,18-29
24.0,35.651756,11.651756286621094,11.651756286621094,18-29
13.0,12.502731,-0.4972686767578125,0.4972686767578125,0-17
61.0,60.636585,-0.3634147644042969,0.3634147644042969,60-74
18.0,33.628117,15.628116607666016,15.628116607666016,18-29
46.0,47.329613,1.3296127319335938,1.3296127319335938,45-59
26.0,26.736883,0.7368831634521484,0.7368831634521484,18-29
29.0,31.92373,2.9237308502197266,2.9237308502197266,18-29
41.0,59.369133,18.36913299560547,18.36913299560547,30-44
16.0,16.844414,0.8444137573242188,0.8444137573242188,0-17
70.0,55.669926,-14.330074310302734,14.330074310302734,60-74
70.0,43.232445,-26.767555236816406,26.767555236816406,60-74
19.0,25.606205,6.606204986572266,6.606204986572266,18-29
54.0,53.875267,-0.12473297119140625,0.12473297119140625,45-59
62.0,61.908546,-0.09145355224609375,0.09145355224609375,60-74
43.0,39.309982,-3.6900177001953125,3.6900177001953125,30-44
43.0,43.477192,0.4771919250488281,0.4771919250488281,30-44
16.0,27.434696,11.434696197509766,11.434696197509766,0-17
18.0,36.224037,18.224037170410156,18.224037170410156,18-29
52.0,49.020454,-2.9795455932617188,2.9795455932617188,45-59
65.0,64.87077,-0.1292266845703125,0.1292266845703125,60-74
12.0,9.342667,-2.6573333740234375,2.6573333740234375,0-17
52.0,57.487644,5.487644195556641,5.487644195556641,45-59
53.0,45.06447,-7.9355316162109375,7.9355316162109375,45-59
28.0,27.295837,-0.70416259765625,0.70416259765625,18-29
14.0,30.057226,16.057226181030273,16.057226181030273,0-17
53.0,57.41654,4.416538238525391,4.416538238525391,45-59
67.0,43.54077,-23.459228515625,23.459228515625,60-74
51.0,60.16673,9.166728973388672,9.166728973388672,45-59
71.0,67.313995,-3.686004638671875,3.686004638671875,60-74
27.0,64.70661,37.70661163330078,37.70661163330078,18-29
56.0,43.351376,-12.648624420166016,12.648624420166016,45-59
56.0,42.175484,-13.824516296386719,13.824516296386719,45-59
60.0,59.846806,-0.15319442749023438,0.15319442749023438,60-74
18.0,36.101654,18.101654052734375,18.101654052734375,18-29
57.0,46.092716,-10.907283782958984,10.907283782958984,45-59
47.0,53.07658,6.076580047607422,6.076580047607422,45-59
43.0,42.688595,-0.3114051818847656,0.3114051818847656,30-44
19.0,36.719116,17.7191162109375,17.7191162109375,18-29
41.0,27.350588,-13.649412155151367,13.649412155151367,30-44
76.0,70.99663,-5.0033721923828125,5.0033721923828125,75+
19.0,40.83422,21.83422088623047,21.83422088623047,18-29
27.0,28.70315,1.7031497955322266,1.7031497955322266,18-29
65.0,48.62335,-16.376651763916016,16.376651763916016,60-74
31.0,33.394054,2.394054412841797,2.394054412841797,30-44
19.0,23.139912,4.139911651611328,4.139911651611328,18-29
36.0,48.930206,12.930206298828125,12.930206298828125,30-44
74.0,73.321075,-0.678924560546875,0.678924560546875,60-74
44.0,48.581657,4.581657409667969,4.581657409667969,30-44
69.0,50.02054,-18.979461669921875,18.979461669921875,60-74
63.0,60.744946,-2.255054473876953,2.255054473876953,60-74
45.0,48.432087,3.432086944580078,3.432086944580078,45-59
72.0,67.96327,-4.0367279052734375,4.0367279052734375,60-74
54.0,52.386894,-1.6131057739257812,1.6131057739257812,45-59
42.0,46.352745,4.352745056152344,4.352745056152344,30-44
38.0,40.587856,2.5878562927246094,2.5878562927246094,30-44
31.0,27.710993,-3.2890071868896484,3.2890071868896484,30-44
39.0,37.30049,-1.6995086669921875,1.6995086669921875,30-44
26.0,28.719158,2.719158172607422,2.719158172607422,18-29
41.0,59.552185,18.55218505859375,18.55218505859375,30-44
17.0,28.357468,11.357467651367188,11.357467651367188,0-17
40.0,42.170265,2.1702651977539062,2.1702651977539062,30-44
57.0,34.57145,-22.428550720214844,22.428550720214844,45-59
59.0,64.39498,5.394981384277344,5.394981384277344,45-59
47.0,40.470566,-6.5294342041015625,6.5294342041015625,45-59
77.0,60.484707,-16.51529312133789,16.51529312133789,75+
36.0,38.896088,2.896087646484375,2.896087646484375,30-44
42.0,32.84889,-9.151111602783203,9.151111602783203,30-44
45.0,58.43016,13.430160522460938,13.430160522460938,45-59
13.0,16.14575,3.145750045776367,3.145750045776367,0-17
63.0,50.696056,-12.303943634033203,12.303943634033203,60-74
40.0,27.56527,-12.434730529785156,12.434730529785156,30-44
48.0,36.473503,-11.526496887207031,11.526496887207031,45-59
20.0,21.007818,1.0078182220458984,1.0078182220458984,18-29
38.0,49.77492,11.774921417236328,11.774921417236328,30-44
38.0,48.323627,10.323627471923828,10.323627471923828,30-44
37.0,43.186264,6.1862640380859375,6.1862640380859375,30-44
25.0,28.745834,3.7458343505859375,3.7458343505859375,18-29
71.0,34.515816,-36.48418426513672,36.48418426513672,60-74
69.0,66.86458,-2.1354217529296875,2.1354217529296875,60-74
40.0,41.009754,1.0097541809082031,1.0097541809082031,30-44
60.0,57.1941,-2.8059005737304688,2.8059005737304688,60-74
24.0,24.749575,0.7495746612548828,0.7495746612548828,18-29
81.0,57.297493,-23.70250701904297,23.70250701904297,75+
42.0,42.72917,0.7291717529296875,0.7291717529296875,30-44
25.0,28.73369,3.7336902618408203,3.7336902618408203,18-29
17.0,27.814278,10.814277648925781,10.814277648925781,0-17
43.0,45.800312,2.800312042236328,2.800312042236328,30-44
55.0,59.163616,4.163616180419922,4.163616180419922,45-59
78.0,66.08749,-11.912513732910156,11.912513732910156,75+
30.0,46.265575,16.265575408935547,16.265575408935547,30-44
38.0,43.374737,5.374736785888672,5.374736785888672,30-44
60.0,59.32933,-0.6706695556640625,0.6706695556640625,60-74
19.0,17.93212,-1.067880630493164,1.067880630493164,18-29
30.0,34.597153,4.5971527099609375,4.5971527099609375,30-44
20.0,10.625908,-9.374092102050781,9.374092102050781,18-29
67.0,62.090565,-4.909435272216797,4.909435272216797,60-74
30.0,47.16693,17.16693115234375,17.16693115234375,30-44
78.0,43.275906,-34.72409439086914,34.72409439086914,75+
25.0,35.324432,10.324432373046875,10.324432373046875,18-29
68.0,42.67721,-25.32278823852539,25.32278823852539,60-74
13.0,30.415592,17.415592193603516,17.415592193603516,0-17
24.0,22.994837,-1.0051631927490234,1.0051631927490234,18-29
28.0,31.757006,3.7570056915283203,3.7570056915283203,18-29
15.0,20.600235,5.6002349853515625,5.6002349853515625,0-17
72.0,54.177853,-17.822147369384766,17.822147369384766,60-74
27.0,24.422604,-2.5773963928222656,2.5773963928222656,18-29
27.0,42.02002,15.02001953125,15.02001953125,18-29
15.0,14.885993,-0.11400699615478516,0.11400699615478516,0-17
73.0,51.891983,-21.108016967773438,21.108016967773438,60-74
75.0,73.52358,-1.4764175415039062,1.4764175415039062,75+
16.0,18.79514,2.7951393127441406,2.7951393127441406,0-17
74.0,57.482727,-16.51727294921875,16.51727294921875,60-74
76.0,64.57331,-11.426689147949219,11.426689147949219,75+
20.0,21.858135,1.8581352233886719,1.8581352233886719,18-29
69.0,49.303646,-19.696353912353516,19.696353912353516,60-74
76.0,68.798805,-7.201194763183594,7.201194763183594,75+
79.0,45.831505,-33.168495178222656,33.168495178222656,75+
62.0,57.28538,-4.714618682861328,4.714618682861328,60-74
25.0,39.951874,14.951873779296875,14.951873779296875,18-29
35.0,45.312737,10.312736511230469,10.312736511230469,30-44
16.0,27.587675,11.587675094604492,11.587675094604492,0-17
40.0,38.930344,-1.0696563720703125,1.0696563720703125,30-44
67.0,16.760645,-50.23935508728027,50.23935508728027,60-74
44.0,42.246414,-1.7535858154296875,1.7535858154296875,30-44
38.0,37.95073,-0.0492706298828125,0.0492706298828125,30-44
51.0,36.667747,-14.332252502441406,14.332252502441406,45-59
36.0,39.91248,3.9124794006347656,3.9124794006347656,30-44
74.0,64.18132,-9.818679809570312,9.818679809570312,60-74
13.0,13.44359,0.4435901641845703,0.4435901641845703,0-17
59.0,48.31346,-10.686538696289062,10.686538696289062,45-59
47.0,51.79759,4.797588348388672,4.797588348388672,45-59
40.0,49.556225,9.556224822998047,9.556224822998047,30-44
62.0,52.100296,-9.899703979492188,9.899703979492188,60-74
73.0,68.28695,-4.713050842285156,4.713050842285156,60-74
22.0,34.09887,12.098869323730469,12.098869323730469,18-29
45.0,49.248493,4.248493194580078,4.248493194580078,45-59
42.0,46.696487,4.6964874267578125,4.6964874267578125,30-44
12.0,11.493779,-0.506220817565918,0.506220817565918,0-17
77.0,43.795246,-33.20475387573242,33.20475387573242,75+
65.0,52.599426,-12.40057373046875,12.40057373046875,60-74
18.0,16.045362,-1.9546375274658203,1.9546375274658203,18-29
41.0,26.514889,-14.485111236572266,14.485111236572266,30-44
42.0,41.415974,-0.5840263366699219,0.5840263366699219,30-44
54.0,61.200325,7.200325012207031,7.200325012207031,45-59
12.0,10.527409,-1.4725914001464844,1.4725914001464844,0-17
17.0,28.097593,11.097593307495117,11.097593307495117,0-17
19.0,27.302681,8.302680969238281,8.302680969238281,18-29
61.0,30.344189,-30.655811309814453,30.655811309814453,60-74
61.0,60.06643,-0.9335708618164062,0.9335708618164062,60-74
48.0,32.309013,-15.690986633300781,15.690986633300781,45-59
53.0,41.769047,-11.230953216552734,11.230953216552734,45-59
56.0,63.73707,7.737068176269531,7.737068176269531,45-59
38.0,58.852207,20.85220718383789,20.85220718383789,30-44
27.0,34.08988,7.089881896972656,7.089881896972656,18-29
52.0,66.18284,14.182838439941406,14.182838439941406,45-59
19.0,26.339737,7.3397369384765625,7.3397369384765625,18-29
21.0,42.99351,21.993511199951172,21.993511199951172,18-29
79.0,64.34247,-14.65753173828125,14.65753173828125,75+
39.0,35.664894,-3.3351058959960938,3.3351058959960938,30-44
39.0,49.283607,10.283607482910156,10.283607482910156,30-44
34.0,36.32527,2.3252716064453125,2.3252716064453125,30-44
18.0,30.481619,12.481618881225586,12.481618881225586,18-29
42.0,46.3083,4.308300018310547,4.308300018310547,30-44
69.0,51.72684,-17.27315902709961,17.27315902709961,60-74
50.0,43.90552,-6.094478607177734,6.094478607177734,45-59
70.0,64.06407,-5.9359283447265625,5.9359283447265625,60-74
53.0,44.19264,-8.807361602783203,8.807361602783203,45-59
45.0,41.068764,-3.9312362670898438,3.9312362670898438,45-59
76.0,63.64046,-12.359539031982422,12.359539031982422,75+
36.0,40.215687,4.215686798095703,4.215686798095703,30-44
75.0,73.126205,-1.8737945556640625,1.8737945556640625,75+
75.0,60.1935,-14.806499481201172,14.806499481201172,75+
31.0,38.48579,7.485790252685547,7.485790252685547,30-44
33.0,36.634296,3.634296417236328,3.634296417236328,30-44
61.0,58.822506,-2.1774940490722656,2.1774940490722656,60-74
33.0,44.727837,11.727836608886719,11.727836608886719,30-44
74.0,63.867207,-10.132793426513672,10.132793426513672,60-74
47.0,49.708523,2.7085227966308594,2.7085227966308594,45-59
25.0,23.986631,-1.0133686065673828,1.0133686065673828,18-29
51.0,51.771442,0.7714424133300781,0.7714424133300781,45-59
44.0,46.01265,2.0126495361328125,2.0126495361328125,30-44
70.0,70.49751,0.4975128173828125,0.4975128173828125,60-74
47.0,47.67545,0.6754493713378906,0.6754493713378906,45-59
47.0,43.168938,-3.8310623168945312,3.8310623168945312,45-59
37.0,38.0461,1.0461006164550781,1.0461006164550781,30-44
16.0,35.013756,19.013755798339844,19.013755798339844,0-17
57.0,53.904697,-3.0953025817871094,3.0953025817871094,45-59
40.0,41.374897,1.3748970031738281,1.3748970031738281,30-44
14.0,30.064356,16.064355850219727,16.064355850219727,0-17
12.0,12.222141,0.22214126586914062,0.22214126586914062,0-17
47.0,52.53685,5.5368499755859375,5.5368499755859375,45-59
77.0,74.767166,-2.2328338623046875,2.2328338623046875,75+
66.0,71.59567,5.595672607421875,5.595672607421875,60-74
43.0,67.65961,24.65960693359375,24.65960693359375,30-44
43.0,48.611713,5.611713409423828,5.611713409423828,30-44
69.0,60.533825,-8.466175079345703,8.466175079345703,60-74
72.0,38.990242,-33.00975799560547,33.00975799560547,60-74
78.0,62.080143,-15.919857025146484,15.919857025146484,75+
13.0,17.535295,4.535295486450195,4.535295486450195,0-17
17.0,32.277935,15.277935028076172,15.277935028076172,0-17
66.0,63.55047,-2.4495315551757812,2.4495315551757812,60-74
78.0,63.95119,-14.048809051513672,14.048809051513672,75+
35.0,31.090893,-3.909107208251953,3.909107208251953,30-44
57.0,51.088882,-5.9111175537109375,5.9111175537109375,45-59
23.0,32.72823,9.728229522705078,9.728229522705078,18-29
54.0,55.200737,1.2007369995117188,1.2007369995117188,45-59
66.0,52.24608,-13.753921508789062,13.753921508789062,60-74
28.0,28.722801,0.7228012084960938,0.7228012084960938,18-29
30.0,39.886166,9.886165618896484,9.886165618896484,30-44
57.0,54.31157,-2.6884307861328125,2.6884307861328125,45-59
62.0,44.164227,-17.835773468017578,17.835773468017578,60-74
13.0,23.20477,10.204769134521484,10.204769134521484,0-17
18.0,18.648163,0.648162841796875,0.648162841796875,18-29
63.0,65.3326,2.3326034545898438,2.3326034545898438,60-74
18.0,26.893871,8.893871307373047,8.893871307373047,18-29
52.0,65.146675,13.146675109863281,13.146675109863281,45-59
17.0,34.362896,17.362895965576172,17.362895965576172,0-17
55.0,53.913746,-1.0862541198730469,1.0862541198730469,45-59
63.0,62.591366,-0.4086341857910156,0.4086341857910156,60-74
53.0,71.09141,18.091407775878906,18.091407775878906,45-59
12.0,13.583474,1.5834741592407227,1.5834741592407227,0-17
51.0,47.84877,-3.1512298583984375,3.1512298583984375,45-59
18.0,21.100594,3.1005935668945312,3.1005935668945312,18-29
29.0,32.219593,3.219593048095703,3.219593048095703,18-29
37.0,44.11863,7.118629455566406,7.118629455566406,30-44
52.0,44.691475,-7.308525085449219,7.308525085449219,45-59
71.0,62.978798,-8.021202087402344,8.021202087402344,60-74
34.0,29.082012,-4.917987823486328,4.917987823486328,30-44
30.0,46.375813,16.375812530517578,16.375812530517578,30-44
33.0,42.45174,9.451740264892578,9.451740264892578,30-44
48.0,33.131393,-14.868606567382812,14.868606567382812,45-59
55.0,41.121044,-13.878955841064453,13.878955841064453,45-59
25.0,46.3158,21.315799713134766,21.315799713134766,18-29
17.0,30.406767,13.406766891479492,13.406766891479492,0-17
58.0,39.645775,-18.354225158691406,18.354225158691406,45-59
52.0,47.248566,-4.751434326171875,4.751434326171875,45-59
32.0,23.776354,-8.22364616394043,8.22364616394043,30-44
35.0,50.395348,15.395347595214844,15.395347595214844,30-44
22.0,26.404758,4.404758453369141,4.404758453369141,18-29
15.0,20.865726,5.865726470947266,5.865726470947266,0-17
70.0,41.11057,-28.88943099975586,28.88943099975586,60-74
18.0,21.746407,3.7464065551757812,3.7464065551757812,18-29
53.0,52.89377,-0.106231689453125,0.106231689453125,45-59
37.0,27.175129,-9.824871063232422,9.824871063232422,30-44
46.0,42.766987,-3.233013153076172,3.233013153076172,45-59
53.0,47.423153,-5.576847076416016,5.576847076416016,45-59
30.0,47.479504,17.479503631591797,17.479503631591797,30-44
43.0,50.15355,7.1535491943359375,7.1535491943359375,30-44
68.0,66.23867,-1.7613296508789062,1.7613296508789062,60-74
42.0,42.195175,0.1951751708984375,0.1951751708984375,30-44
23.0,29.36937,6.3693695068359375,6.3693695068359375,18-29
37.0,44.876003,7.876003265380859,7.876003265380859,30-44
77.0,65.389275,-11.610725402832031,11.610725402832031,75+
58.0,62.921852,4.921852111816406,4.921852111816406,45-59
39.0,44.201977,5.201976776123047,5.201976776123047,30-44
67.0,60.447998,-6.552001953125,6.552001953125,60-74
37.0,62.63387,25.633869171142578,25.633869171142578,30-44
63.0,56.399326,-6.600673675537109,6.600673675537109,60-74
15.0,11.411792,-3.5882081985473633,3.5882081985473633,0-17
13.0,17.88482,4.884820938110352,4.884820938110352,0-17
75.0,58.2035,-16.79650115966797,16.79650115966797,75+
12.0,10.910303,-1.0896968841552734,1.0896968841552734,0-17
26.0,18.886517,-7.113483428955078,7.113483428955078,18-29
73.0,63.19476,-9.805240631103516,9.805240631103516,60-74
35.0,38.50327,3.5032691955566406,3.5032691955566406,30-44
32.0,38.61465,6.614650726318359,6.614650726318359,30-44
55.0,36.909203,-18.090797424316406,18.090797424316406,45-59
72.0,60.150078,-11.849922180175781,11.849922180175781,60-74
31.0,25.295298,-5.704702377319336,5.704702377319336,30-44
41.0,50.39244,9.392440795898438,9.392440795898438,30-44
13.0,13.896798,0.8967981338500977,0.8967981338500977,0-17
29.0,46.693535,17.69353485107422,17.69353485107422,18-29
15.0,19.55347,4.553470611572266,4.553470611572266,0-17
18.0,11.688388,-6.311612129211426,6.311612129211426,18-29
34.0,32.755005,-1.2449951171875,1.2449951171875,30-44
31.0,44.391266,13.391265869140625,13.391265869140625,30-44
38.0,57.245045,19.245044708251953,19.245044708251953,30-44
59.0,57.71714,-1.2828598022460938,1.2828598022460938,45-59
17.0,18.500078,1.5000782012939453,1.5000782012939453,0-17
45.0,35.883865,-9.116134643554688,9.116134643554688,45-59
74.0,70.644585,-3.3554153442382812,3.3554153442382812,60-74
61.0,61.92732,0.9273185729980469,0.9273185729980469,60-74
58.0,41.62828,-16.371719360351562,16.371719360351562,45-59
20.0,44.037186,24.037185668945312,24.037185668945312,18-29
21.0,23.336073,2.3360729217529297,2.3360729217529297,18-29
63.0,53.46872,-9.531280517578125,9.531280517578125,60-74
27.0,35.140537,8.14053726196289,8.14053726196289,18-29
69.0,62.130558,-6.869441986083984,6.869441986083984,60-74
44.0,30.296621,-13.703378677368164,13.703378677368164,30-44
72.0,50.157505,-21.84249496459961,21.84249496459961,60-74
16.0,31.04016,15.040159225463867,15.040159225463867,0-17
24.0,31.47213,7.472129821777344,7.472129821777344,18-29
28.0,30.783169,2.7831687927246094,2.7831687927246094,18-29
69.0,68.98076,-0.0192413330078125,0.0192413330078125,60-74
34.0,14.621693,-19.378307342529297,19.378307342529297,30-44
30.0,30.419172,0.4191722869873047,0.4191722869873047,30-44
52.0,59.41059,7.410591125488281,7.410591125488281,45-59
46.0,47.845387,1.8453865051269531,1.8453865051269531,45-59
41.0,52.344566,11.344566345214844,11.344566345214844,30-44
55.0,52.387226,-2.612773895263672,2.612773895263672,45-59
17.0,22.748676,5.748676300048828,5.748676300048828,0-17
34.0,21.008755,-12.99124526977539,12.99124526977539,30-44
14.0,13.694157,-0.3058433532714844,0.3058433532714844,0-17
54.0,51.903698,-2.096302032470703,2.096302032470703,45-59
59.0,50.735966,-8.264034271240234,8.264034271240234,45-59
58.0,39.708317,-18.291683197021484,18.291683197021484,45-59
31.0,38.860336,7.8603363037109375,7.8603363037109375,30-44
36.0,37.249912,1.2499122619628906,1.2499122619628906,30-44
43.0,28.075003,-14.924997329711914,14.924997329711914,30-44
71.0,48.00453,-22.995468139648438,22.995468139648438,60-74
42.0,67.66976,25.669761657714844,25.669761657714844,30-44
64.0,59.691387,-4.308612823486328,4.308612823486328,60-74
84.0,64.44153,-19.5584716796875,19.5584716796875,75+
41.0,22.596743,-18.403257369995117,18.403257369995117,30-44
62.0,59.561893,-2.4381065368652344,2.4381065368652344,60-74
14.0,24.395401,10.395401000976562,10.395401000976562,0-17
51.0,62.484604,11.484603881835938,11.484603881835938,45-59
43.0,51.68632,8.686321258544922,8.686321258544922,30-44
48.0,60.58516,12.585159301757812,12.585159301757812,45-59
61.0,60.56851,-0.4314918518066406,0.4314918518066406,60-74
57.0,61.800804,4.800804138183594,4.800804138183594,45-59
58.0,57.542606,-0.4573936462402344,0.4573936462402344,45-59
63.0,45.5152,-17.484798431396484,17.484798431396484,60-74
77.0,68.776924,-8.223075866699219,8.223075866699219,75+
63.0,55.05904,-7.940959930419922,7.940959930419922,60-74
74.0,67.10788,-6.892120361328125,6.892120361328125,60-74
65.0,48.325317,-16.6746826171875,16.6746826171875,60-74
57.0,55.30739,-1.6926116943359375,1.6926116943359375,45-59
54.0,53.618458,-0.3815422058105469,0.3815422058105469,45-59
79.0,78.07754,-0.9224624633789062,0.9224624633789062,75+
71.0,57.725758,-13.274242401123047,13.274242401123047,60-74
13.0,11.289948,-1.7100515365600586,1.7100515365600586,0-17
23.0,30.093456,7.093456268310547,7.093456268310547,18-29
13.0,14.71385,1.7138500213623047,1.7138500213623047,0-17
47.0,35.14022,-11.859779357910156,11.859779357910156,45-59
14.0,37.83362,23.8336181640625,23.8336181640625,0-17
38.0,54.937275,16.937274932861328,16.937274932861328,30-44
59.0,40.403152,-18.596847534179688,18.596847534179688,45-59
16.0,18.623898,2.6238975524902344,2.6238975524902344,0-17
61.0,23.051662,-37.94833755493164,37.94833755493164,60-74
37.0,39.277737,2.2777366638183594,2.2777366638183594,30-44
14.0,42.66614,28.666141510009766,28.666141510009766,0-17
71.0,63.40922,-7.590778350830078,7.590778350830078,60-74
66.0,60.524853,-5.475147247314453,5.475147247314453,60-74
19.0,23.64724,4.647239685058594,4.647239685058594,18-29
51.0,42.52006,-8.479938507080078,8.479938507080078,45-59
33.0,44.332916,11.332916259765625,11.332916259765625,30-44
57.0,60.311493,3.311492919921875,3.311492919921875,45-59
54.0,52.177444,-1.8225555419921875,1.8225555419921875,45-59
52.0,50.96502,-1.0349807739257812,1.0349807739257812,45-59
69.0,50.266968,-18.7330322265625,18.7330322265625,60-74
49.0,34.664116,-14.335884094238281,14.335884094238281,45-59
44.0,42.857376,-1.1426239013671875,1.1426239013671875,30-44
15.0,20.769226,5.76922607421875,5.76922607421875,0-17
24.0,20.318352,-3.6816482543945312,3.6816482543945312,18-29
43.0,45.21208,2.212078094482422,2.212078094482422,30-44
39.0,65.610466,26.61046600341797,26.61046600341797,30-44
56.0,47.655552,-8.34444808959961,8.34444808959961,45-59
61.0,27.864408,-33.13559150695801,33.13559150695801,60-74
16.0,25.243135,9.243135452270508,9.243135452270508,0-17
50.0,41.78866,-8.211341857910156,8.211341857910156,45-59
50.0,45.636353,-4.3636474609375,4.3636474609375,45-59
38.0,58.926613,20.926612854003906,20.926612854003906,30-44
34.0,51.733456,17.733455657958984,17.733455657958984,30-44
17.0,28.201092,11.201091766357422,11.201091766357422,0-17
44.0,47.768646,3.768646240234375,3.768646240234375,30-44
61.0,53.26362,-7.736381530761719,7.736381530761719,60-74
78.0,59.77638,-18.223621368408203,18.223621368408203,75+
66.0,54.379944,-11.62005615234375,11.62005615234375,60-74
23.0,24.001554,1.0015544891357422,1.0015544891357422,18-29
78.0,60.729176,-17.270824432373047,17.270824432373047,75+
23.0,26.128487,3.1284866333007812,3.1284866333007812,18-29
16.0,26.24336,10.24336051940918,10.24336051940918,0-17
45.0,48.1798,3.179798126220703,3.179798126220703,45-59
36.0,35.310246,-0.6897544860839844,0.6897544860839844,30-44
72.0,73.04406,1.0440597534179688,1.0440597534179688,60-74
37.0,38.63853,1.6385307312011719,1.6385307312011719,30-44
12.0,48.708157,36.70815658569336,36.70815658569336,0-17
78.0,75.55792,-2.44207763671875,2.44207763671875,75+
58.0,32.81762,-25.18238067626953,25.18238067626953,45-59
29.0,30.455917,1.4559173583984375,1.4559173583984375,18-29
17.0,17.85037,0.8503704071044922,0.8503704071044922,0-17
66.0,65.02718,-0.9728164672851562,0.9728164672851562,60-74
40.0,40.657825,0.6578254699707031,0.6578254699707031,30-44
73.0,61.86553,-11.134471893310547,11.134471893310547,60-74
49.0,42.119347,-6.880653381347656,6.880653381347656,45-59
79.0,65.23934,-13.760658264160156,13.760658264160156,75+
31.0,16.091387,-14.908613204956055,14.908613204956055,30-44
17.0,27.163132,10.163131713867188,10.163131713867188,0-17
41.0,34.449562,-6.550437927246094,6.550437927246094,30-44
49.0,48.93133,-0.06866836547851562,0.06866836547851562,45-59
54.0,52.423344,-1.5766563415527344,1.5766563415527344,45-59
22.0,33.150055,11.150054931640625,11.150054931640625,18-29
29.0,44.045174,15.045173645019531,15.045173645019531,18-29
73.0,58.361996,-14.638004302978516,14.638004302978516,60-74
21.0,22.891714,1.891714096069336,1.891714096069336,18-29
24.0,26.49228,2.492279052734375,2.492279052734375,18-29
67.0,67.29506,0.2950592041015625,0.2950592041015625,60-74
20.0,24.076765,4.076765060424805,4.076765060424805,18-29
14.0,14.1350975,0.13509750366210938,0.13509750366210938,0-17
47.0,48.893955,1.8939552307128906,1.8939552307128906,45-59
53.0,30.431107,-22.568893432617188,22.568893432617188,45-59
67.0,73.49786,6.49786376953125,6.49786376953125,60-74
62.0,57.58841,-4.411590576171875,4.411590576171875,60-74
12.0,23.009485,11.009485244750977,11.009485244750977,0-17
14.0,11.985498,-2.0145015716552734,2.0145015716552734,0-17
38.0,41.358402,3.3584022521972656,3.3584022521972656,30-44
64.0,48.187645,-15.812355041503906,15.812355041503906,60-74
60.0,50.800606,-9.199394226074219,9.199394226074219,60-74
36.0,35.073334,-0.926666259765625,0.926666259765625,30-44
40.0,62.79338,22.793380737304688,22.793380737304688,30-44
30.0,28.538273,-1.4617271423339844,1.4617271423339844,30-44
64.0,51.990208,-12.00979232788086,12.00979232788086,60-74
65.0,63.482628,-1.5173721313476562,1.5173721313476562,60-74
72.0,61.04546,-10.954540252685547,10.954540252685547,60-74
13.0,11.521809,-1.4781913757324219,1.4781913757324219,0-17
60.0,56.735004,-3.264995574951172,3.264995574951172,60-74
13.0,13.864145,0.8641452789306641,0.8641452789306641,0-17
13.0,14.275114,1.2751140594482422,1.2751140594482422,0-17
61.0,60.460186,-0.5398139953613281,0.5398139953613281,60-74
53.0,55.61395,2.6139488220214844,2.6139488220214844,45-59
65.0,58.319454,-6.680545806884766,6.680545806884766,60-74
64.0,58.23135,-5.768650054931641,5.768650054931641,60-74
16.0,24.232405,8.232404708862305,8.232404708862305,0-17
16.0,16.83967,0.8396701812744141,0.8396701812744141,0-17
66.0,64.01436,-1.9856414794921875,1.9856414794921875,60-74
39.0,49.612846,10.612846374511719,10.612846374511719,30-44
50.0,63.04887,13.048870086669922,13.048870086669922,45-59
60.0,37.025707,-22.974292755126953,22.974292755126953,60-74
28.0,26.70373,-1.2962703704833984,1.2962703704833984,18-29
16.0,13.876701,-2.1232986450195312,2.1232986450195312,0-17
37.0,25.474194,-11.525806427001953,11.525806427001953,30-44
14.0,29.71753,15.717529296875,15.717529296875,0-17
52.0,61.320232,9.320232391357422,9.320232391357422,45-59
70.0,63.978573,-6.021427154541016,6.021427154541016,60-74
14.0,13.013296,-0.9867038726806641,0.9867038726806641,0-17
79.0,53.55644,-25.443561553955078,25.443561553955078,75+
66.0,57.640045,-8.359954833984375,8.359954833984375,60-74
17.0,23.9465,6.946500778198242,6.946500778198242,0-17
41.0,41.09449,0.09449005126953125,0.09449005126953125,30-44
63.0,58.802124,-4.1978759765625,4.1978759765625,60-74
51.0,49.772938,-1.2270622253417969,1.2270622253417969,45-59
76.0,70.57612,-5.423881530761719,5.423881530761719,75+
35.0,40.36834,5.368339538574219,5.368339538574219,30-44
26.0,45.089195,19.089195251464844,19.089195251464844,18-29
25.0,33.630306,8.630306243896484,8.630306243896484,18-29
54.0,66.068634,12.068634033203125,12.068634033203125,45-59
36.0,29.726027,-6.27397346496582,6.27397346496582,30-44
28.0,31.116653,3.1166534423828125,3.1166534423828125,18-29
24.0,33.755333,9.755332946777344,9.755332946777344,18-29
18.0,34.3028,16.302799224853516,16.302799224853516,18-29
36.0,43.18905,7.189048767089844,7.189048767089844,30-44
15.0,24.764675,9.76467514038086,9.76467514038086,0-17
57.0,61.480907,4.480907440185547,4.480907440185547,45-59
30.0,57.81715,27.817150115966797,27.817150115966797,30-44
43.0,47.50207,4.502071380615234,4.502071380615234,30-44
51.0,41.168945,-9.8310546875,9.8310546875,45-59
43.0,46.233875,3.233875274658203,3.233875274658203,30-44
39.0,47.140568,8.140567779541016,8.140567779541016,30-44
64.0,65.197586,1.1975860595703125,1.1975860595703125,60-74
49.0,59.14841,10.14841079711914,10.14841079711914,45-59
46.0,46.679966,0.6799659729003906,0.6799659729003906,45-59
33.0,34.802197,1.8021965026855469,1.8021965026855469,30-44
38.0,23.74496,-14.25503921508789,14.25503921508789,30-44
66.0,40.23541,-25.764591217041016,25.764591217041016,60-74
38.0,44.41925,6.41925048828125,6.41925048828125,30-44
40.0,44.228794,4.228794097900391,4.228794097900391,30-44
14.0,22.511417,8.511417388916016,8.511417388916016,0-17
15.0,14.007949,-0.9920511245727539,0.9920511245727539,0-17
12.0,12.818784,0.8187837600708008,0.8187837600708008,0-17
39.0,33.87179,-5.128208160400391,5.128208160400391,30-44
26.0,26.650635,0.650634765625,0.650634765625,18-29
69.0,66.59693,-2.4030685424804688,2.4030685424804688,60-74
75.0,64.56957,-10.430427551269531,10.430427551269531,75+
18.0,21.058899,3.05889892578125,3.05889892578125,18-29
15.0,22.052124,7.0521240234375,7.0521240234375,0-17
62.0,63.47351,1.4735107421875,1.4735107421875,60-74
46.0,34.35723,-11.642768859863281,11.642768859863281,45-59
29.0,65.93522,36.935218811035156,36.935218811035156,18-29
47.0,49.937683,2.93768310546875,2.93768310546875,45-59
55.0,59.538403,4.538402557373047,4.538402557373047,45-59
71.0,58.35416,-12.64583969116211,12.64583969116211,60-74
19.0,29.505276,10.50527572631836,10.50527572631836,18-29
67.0,36.870934,-30.129066467285156,30.129066467285156,60-74
37.0,40.149277,3.1492767333984375,3.1492767333984375,30-44
12.0,12.210895,0.21089458465576172,0.21089458465576172,0-17
15.0,12.978417,-2.02158260345459,2.02158260345459,0-17
23.0,24.018953,1.0189533233642578,1.0189533233642578,18-29
45.0,42.22822,-2.771778106689453,2.771778106689453,45-59
34.0,32.751522,-1.2484779357910156,1.2484779357910156,30-44
19.0,36.633705,17.633705139160156,17.633705139160156,18-29
62.0,60.49799,-1.5020103454589844,1.5020103454589844,60-74
65.0,61.42967,-3.570331573486328,3.570331573486328,60-74
57.0,56.50207,-0.4979286193847656,0.4979286193847656,45-59
48.0,43.89055,-4.1094512939453125,4.1094512939453125,45-59
62.0,64.533066,2.5330657958984375,2.5330657958984375,60-74
26.0,23.080133,-2.9198665618896484,2.9198665618896484,18-29
23.0,21.107744,-1.8922557830810547,1.8922557830810547,18-29
23.0,24.656418,1.6564178466796875,1.6564178466796875,18-29
14.0,14.0227165,0.022716522216796875,0.022716522216796875,0-17
23.0,37.081696,14.081695556640625,14.081695556640625,18-29
24.0,35.70227,11.7022705078125,11.7022705078125,18-29
39.0,49.656666,10.656665802001953,10.656665802001953,30-44
66.0,74.313835,8.313835144042969,8.313835144042969,60-74
21.0,51.66283,30.662830352783203,30.662830352783203,18-29
41.0,45.7288,4.728801727294922,4.728801727294922,30-44
23.0,25.634007,2.6340065002441406,2.6340065002441406,18-29
17.0,33.28338,16.28337860107422,16.28337860107422,0-17
63.0,69.59696,6.596961975097656,6.596961975097656,60-74
18.0,26.052824,8.052824020385742,8.052824020385742,18-29
30.0,22.449162,-7.550838470458984,7.550838470458984,30-44
56.0,61.76567,5.7656707763671875,5.7656707763671875,45-59
23.0,60.91882,37.918819427490234,37.918819427490234,18-29
77.0,68.776924,-8.223075866699219,8.223075866699219,75+
48.0,43.694397,-4.30560302734375,4.30560302734375,45-59
31.0,30.174595,-0.8254051208496094,0.8254051208496094,30-44
48.0,51.78129,3.7812881469726562,3.7812881469726562,45-59
70.0,60.032413,-9.967586517333984,9.967586517333984,60-74
59.0,41.221195,-17.778804779052734,17.778804779052734,45-59
62.0,41.20098,-20.79901885986328,20.79901885986328,60-74
31.0,46.320705,15.32070541381836,15.32070541381836,30-44
64.0,44.382458,-19.617542266845703,19.617542266845703,60-74
71.0,60.296547,-10.703453063964844,10.703453063964844,60-74
21.0,22.218695,1.2186946868896484,1.2186946868896484,18-29
66.0,63.352314,-2.647686004638672,2.647686004638672,60-74
31.0,29.637827,-1.362173080444336,1.362173080444336,30-44
36.0,49.96774,13.96773910522461,13.96773910522461,30-44
68.0,64.86145,-3.1385498046875,3.1385498046875,60-74
85.0,70.031975,-14.968025207519531,14.968025207519531,75+
15.0,17.881807,2.881807327270508,2.881807327270508,0-17
47.0,49.341427,2.3414268493652344,2.3414268493652344,45-59
49.0,50.431843,1.4318428039550781,1.4318428039550781,45-59
41.0,43.502907,2.5029067993164062,2.5029067993164062,30-44
17.0,19.550856,2.5508556365966797,2.5508556365966797,0-17
54.0,35.262833,-18.737167358398438,18.737167358398438,45-59
12.0,13.77907,1.7790699005126953,1.7790699005126953,0-17
75.0,54.31878,-20.68122100830078,20.68122100830078,75+
13.0,23.497383,10.497383117675781,10.497383117675781,0-17
79.0,55.867985,-23.132015228271484,23.132015228271484,75+
13.0,12.912245,-0.08775520324707031,0.08775520324707031,0-17
16.0,25.28481,9.284809112548828,9.284809112548828,0-17
60.0,41.293983,-18.706016540527344,18.706016540527344,60-74
44.0,65.90439,21.904388427734375,21.904388427734375,30-44
53.0,53.693604,0.693603515625,0.693603515625,45-59
65.0,73.25934,8.25933837890625,8.25933837890625,60-74
64.0,38.021713,-25.978286743164062,25.978286743164062,60-74
72.0,74.49252,2.492523193359375,2.492523193359375,60-74
52.0,58.01194,6.011940002441406,6.011940002441406,45-59
34.0,56.193775,22.193775177001953,22.193775177001953,30-44
17.0,31.146952,14.146951675415039,14.146951675415039,0-17
44.0,52.606556,8.606555938720703,8.606555938720703,30-44
60.0,61.81224,1.8122406005859375,1.8122406005859375,60-74
22.0,38.675903,16.6759033203125,16.6759033203125,18-29
45.0,42.894836,-2.10516357421875,2.10516357421875,45-59
21.0,28.678743,7.678743362426758,7.678743362426758,18-29
46.0,48.363434,2.363433837890625,2.363433837890625,45-59
19.0,21.302822,2.3028221130371094,2.3028221130371094,18-29
68.0,62.66526,-5.334739685058594,5.334739685058594,60-74
36.0,45.928757,9.928756713867188,9.928756713867188,30-44
51.0,49.39681,-1.6031913757324219,1.6031913757324219,45-59
24.0,16.944155,-7.055845260620117,7.055845260620117,18-29
66.0,53.863342,-12.13665771484375,12.13665771484375,60-74
29.0,35.063953,6.063953399658203,6.063953399658203,18-29
43.0,63.784622,20.784622192382812,20.784622192382812,30-44
67.0,44.60129,-22.39870834350586,22.39870834350586,60-74
66.0,59.07655,-6.923450469970703,6.923450469970703,60-74
68.0,62.65613,-5.343868255615234,5.343868255615234,60-74
34.0,32.8997,-1.1002998352050781,1.1002998352050781,30-44
24.0,24.334543,0.33454322814941406,0.33454322814941406,18-29
34.0,32.75866,-1.2413406372070312,1.2413406372070312,30-44
74.0,66.576225,-7.423774719238281,7.423774719238281,60-74
32.0,32.796154,0.7961540222167969,0.7961540222167969,30-44
75.0,73.37394,-1.6260604858398438,1.6260604858398438,75+
39.0,42.710457,3.7104568481445312,3.7104568481445312,30-44
21.0,32.447617,11.447616577148438,11.447616577148438,18-29
31.0,40.58997,9.589969635009766,9.589969635009766,30-44
75.0,67.65367,-7.3463287353515625,7.3463287353515625,75+
13.0,8.1592,-4.8408002853393555,4.8408002853393555,0-17
17.0,18.08223,1.0822296142578125,1.0822296142578125,0-17
49.0,41.533413,-7.466587066650391,7.466587066650391,45-59
18.0,29.328787,11.328786849975586,11.328786849975586,18-29
64.0,47.928146,-16.071853637695312,16.071853637695312,60-74
17.0,18.160255,1.1602554321289062,1.1602554321289062,0-17
59.0,52.20691,-6.7930908203125,6.7930908203125,45-59
73.0,72.000046,-0.9999542236328125,0.9999542236328125,60-74
76.0,68.56474,-7.4352569580078125,7.4352569580078125,75+
36.0,56.318993,20.318992614746094,20.318992614746094,30-44
64.0,59.609768,-4.390232086181641,4.390232086181641,60-74
39.0,38.255814,-0.7441864013671875,0.7441864013671875,30-44
71.0,57.68153,-13.318470001220703,13.318470001220703,60-74
16.0,15.30582,-0.6941795349121094,0.6941795349121094,0-17
19.0,22.55585,3.555849075317383,3.555849075317383,18-29
13.0,21.299517,8.299516677856445,8.299516677856445,0-17
51.0,43.233795,-7.766204833984375,7.766204833984375,45-59
38.0,27.879383,-10.120616912841797,10.120616912841797,30-44
71.0,66.80991,-4.190086364746094,4.190086364746094,60-74
23.0,29.825443,6.825443267822266,6.825443267822266,18-29
17.0,30.684826,13.684825897216797,13.684825897216797,0-17
66.0,46.26756,-19.732440948486328,19.732440948486328,60-74
36.0,43.37569,7.375690460205078,7.375690460205078,30-44
16.0,22.732958,6.73295783996582,6.73295783996582,0-17
65.0,69.14422,4.144218444824219,4.144218444824219,60-74
38.0,41.017345,3.017345428466797,3.017345428466797,30-44
63.0,58.479225,-4.520774841308594,4.520774841308594,60-74
39.0,22.295904,-16.7040958404541,16.7040958404541,30-44
12.0,19.06935,7.06934928894043,7.06934928894043,0-17
40.0,43.782066,3.7820663452148438,3.7820663452148438,30-44
62.0,36.885723,-25.114276885986328,25.114276885986328,60-74
38.0,40.9752,2.975200653076172,2.975200653076172,30-44
29.0,41.65595,12.655948638916016,12.655948638916016,18-29
15.0,19.108734,4.108734130859375,4.108734130859375,0-17
58.0,57.7644,-0.23559951782226562,0.23559951782226562,45-59
12.0,11.934046,-0.06595420837402344,0.06595420837402344,0-17
62.0,66.19232,4.19232177734375,4.19232177734375,60-74
16.0,26.043371,10.043371200561523,10.043371200561523,0-17
17.0,37.318344,20.318344116210938,20.318344116210938,0-17
56.0,41.464977,-14.535022735595703,14.535022735595703,45-59
22.0,26.695944,4.695943832397461,4.695943832397461,18-29
60.0,59.63415,-0.3658485412597656,0.3658485412597656,60-74
18.0,21.856888,3.8568878173828125,3.8568878173828125,18-29
72.0,68.4217,-3.5783004760742188,3.5783004760742188,60-74
19.0,31.668737,12.668737411499023,12.668737411499023,18-29
20.0,45.41242,25.412418365478516,25.412418365478516,18-29
59.0,57.097313,-1.9026870727539062,1.9026870727539062,45-59
18.0,20.7618,2.761800765991211,2.761800765991211,18-29
42.0,52.425198,10.42519760131836,10.42519760131836,30-44
36.0,41.690357,5.690357208251953,5.690357208251953,30-44
59.0,44.18308,-14.81692123413086,14.81692123413086,45-59
60.0,62.028275,2.0282745361328125,2.0282745361328125,60-74
74.0,72.04982,-1.9501800537109375,1.9501800537109375,60-74
71.0,57.667377,-13.332622528076172,13.332622528076172,60-74
17.0,30.112022,13.112022399902344,13.112022399902344,0-17
79.0,60.40779,-18.592208862304688,18.592208862304688,75+
42.0,40.50552,-1.4944801330566406,1.4944801330566406,30-44
17.0,10.631535,-6.368465423583984,6.368465423583984,0-17
19.0,18.248478,-0.7515220642089844,0.7515220642089844,18-29
64.0,50.579716,-13.420284271240234,13.420284271240234,60-74
73.0,71.691986,-1.308013916015625,1.308013916015625,60-74
54.0,58.339767,4.3397674560546875,4.3397674560546875,45-59
23.0,24.372215,1.3722152709960938,1.3722152709960938,18-29
33.0,34.805706,1.8057060241699219,1.8057060241699219,30-44
65.0,65.92045,0.9204483032226562,0.9204483032226562,60-74
24.0,23.055738,-0.9442615509033203,0.9442615509033203,18-29
36.0,37.889374,1.889373779296875,1.889373779296875,30-44
60.0,50.809616,-9.190383911132812,9.190383911132812,60-74
56.0,54.26508,-1.7349205017089844,1.7349205017089844,45-59
17.0,19.51739,2.5173892974853516,2.5173892974853516,0-17
62.0,54.150566,-7.849433898925781,7.849433898925781,60-74
27.0,32.203094,5.203094482421875,5.203094482421875,18-29
21.0,23.810604,2.8106040954589844,2.8106040954589844,18-29
19.0,12.59996,-6.4000396728515625,6.4000396728515625,18-29
70.0,57.386272,-12.613727569580078,12.613727569580078,60-74
50.0,26.800879,-23.199121475219727,23.199121475219727,45-59
47.0,54.988434,7.988433837890625,7.988433837890625,45-59
35.0,36.607647,1.6076469421386719,1.6076469421386719,30-44
53.0,47.726818,-5.273181915283203,5.273181915283203,45-59
49.0,55.518646,6.518646240234375,6.518646240234375,45-59
76.0,52.792423,-23.207576751708984,23.207576751708984,75+
32.0,33.12522,1.1252212524414062,1.1252212524414062,30-44
16.0,12.5087595,-3.4912405014038086,3.4912405014038086,0-17
56.0,50.323357,-5.676643371582031,5.676643371582031,45-59
70.0,62.492813,-7.5071868896484375,7.5071868896484375,60-74
13.0,15.076264,2.0762643814086914,2.0762643814086914,0-17
69.0,32.761494,-36.23850631713867,36.23850631713867,60-74
68.0,48.7982,-19.201801300048828,19.201801300048828,60-74
18.0,26.142311,8.142311096191406,8.142311096191406,18-29
40.0,24.336752,-15.663248062133789,15.663248062133789,30-44
17.0,35.09437,18.094371795654297,18.094371795654297,0-17
19.0,37.133972,18.13397216796875,18.13397216796875,18-29
60.0,57.476673,-2.523326873779297,2.523326873779297,60-74
44.0,44.488647,0.4886474609375,0.4886474609375,30-44
55.0,43.002678,-11.997322082519531,11.997322082519531,45-59
14.0,23.255838,9.255838394165039,9.255838394165039,0-17
49.0,49.375687,0.3756866455078125,0.3756866455078125,45-59
62.0,62.329067,0.3290672302246094,0.3290672302246094,60-74
16.0,22.58565,6.585649490356445,6.585649490356445,0-17
62.0,69.03609,7.0360870361328125,7.0360870361328125,60-74
32.0,47.15446,15.154460906982422,15.154460906982422,30-44
12.0,17.909163,5.909162521362305,5.909162521362305,0-17
15.0,30.861467,15.861467361450195,15.861467361450195,0-17
18.0,29.753777,11.753776550292969,11.753776550292969,18-29
44.0,40.586662,-3.4133377075195312,3.4133377075195312,30-44
45.0,47.043808,2.0438079833984375,2.0438079833984375,45-59
19.0,20.444344,1.4443435668945312,1.4443435668945312,18-29
44.0,32.213264,-11.786735534667969,11.786735534667969,30-44
51.0,61.045193,10.04519271850586,10.04519271850586,45-59
24.0,30.093176,6.093175888061523,6.093175888061523,18-29
69.0,63.8787,-5.121299743652344,5.121299743652344,60-74
39.0,33.437614,-5.562385559082031,5.562385559082031,30-44
55.0,44.58461,-10.415390014648438,10.415390014648438,45-59
16.0,39.40504,23.405040740966797,23.405040740966797,0-17
45.0,47.833435,2.83343505859375,2.83343505859375,45-59
19.0,34.456116,15.45611572265625,15.45611572265625,18-29
54.0,57.177574,3.1775741577148438,3.1775741577148438,45-59
12.0,10.87609,-1.1239099502563477,1.1239099502563477,0-17
24.0,27.647655,3.647655487060547,3.647655487060547,18-29
58.0,32.53155,-25.468448638916016,25.468448638916016,45-59
25.0,22.903389,-2.0966110229492188,2.0966110229492188,18-29
68.0,66.29269,-1.7073135375976562,1.7073135375976562,60-74
39.0,45.151115,6.151115417480469,6.151115417480469,30-44
36.0,29.417467,-6.58253288269043,6.58253288269043,30-44
62.0,36.784885,-25.21511459350586,25.21511459350586,60-74
16.0,24.39044,8.390439987182617,8.390439987182617,0-17
52.0,46.128,-5.872001647949219,5.872001647949219,45-59
23.0,33.17707,10.177070617675781,10.177070617675781,18-29
14.0,14.997666,0.9976663589477539,0.9976663589477539,0-17
25.0,55.456913,30.456912994384766,30.456912994384766,18-29
79.0,70.36349,-8.636512756347656,8.636512756347656,75+
27.0,17.027987,-9.972013473510742,9.972013473510742,18-29
69.0,66.8293,-2.1707000732421875,2.1707000732421875,60-74
64.0,63.455467,-0.5445327758789062,0.5445327758789062,60-74
46.0,37.507435,-8.492565155029297,8.492565155029297,45-59
61.0,53.44682,-7.553180694580078,7.553180694580078,60-74
42.0,49.877327,7.877326965332031,7.877326965332031,30-44
43.0,51.278427,8.278427124023438,8.278427124023438,30-44
17.0,31.773169,14.773168563842773,14.773168563842773,0-17
47.0,65.57832,18.578323364257812,18.578323364257812,45-59
39.0,32.06869,-6.931308746337891,6.931308746337891,30-44
59.0,50.916172,-8.08382797241211,8.08382797241211,45-59
25.0,21.927729,-3.0722713470458984,3.0722713470458984,18-29
27.0,35.00443,8.00442886352539,8.00442886352539,18-29
58.0,45.17883,-12.821170806884766,12.821170806884766,45-59
21.0,38.504707,17.50470733642578,17.50470733642578,18-29
61.0,55.696297,-5.303703308105469,5.303703308105469,60-74
40.0,38.81612,-1.1838798522949219,1.1838798522949219,30-44
42.0,42.753864,0.7538642883300781,0.7538642883300781,30-44
45.0,51.48235,6.482349395751953,6.482349395751953,45-59
69.0,54.02712,-14.972881317138672,14.972881317138672,60-74
42.0,54.58136,12.58135986328125,12.58135986328125,30-44
60.0,16.908895,-43.09110450744629,43.09110450744629,60-74
22.0,28.570904,6.570903778076172,6.570903778076172,18-29
65.0,51.298046,-13.701953887939453,13.701953887939453,60-74
61.0,40.663147,-20.33685302734375,20.33685302734375,60-74
16.0,16.383764,0.38376426696777344,0.38376426696777344,0-17
29.0,24.164536,-4.8354644775390625,4.8354644775390625,18-29
49.0,54.19358,5.193580627441406,5.193580627441406,45-59
13.0,41.135834,28.135833740234375,28.135833740234375,0-17
71.0,67.90481,-3.0951919555664062,3.0951919555664062,60-74
12.0,14.171852,2.1718521118164062,2.1718521118164062,0-17
60.0,53.12211,-6.877891540527344,6.877891540527344,60-74
54.0,61.48632,7.486320495605469,7.486320495605469,45-59
40.0,23.225489,-16.774511337280273,16.774511337280273,30-44
14.0,37.212418,23.212417602539062,23.212417602539062,0-17
15.0,17.448734,2.4487342834472656,2.4487342834472656,0-17
47.0,50.361828,3.361827850341797,3.361827850341797,45-59
41.0,47.479897,6.479896545410156,6.479896545410156,30-44
66.0,48.9648,-17.035198211669922,17.035198211669922,60-74
62.0,37.617455,-24.382545471191406,24.382545471191406,60-74
66.0,58.645966,-7.354034423828125,7.354034423828125,60-74
54.0,57.790623,3.7906227111816406,3.7906227111816406,45-59
47.0,63.68533,16.68532943725586,16.68532943725586,45-59
42.0,57.324417,15.324417114257812,15.324417114257812,30-44
66.0,54.83762,-11.16238021850586,11.16238021850586,60-74
48.0,48.871704,0.8717041015625,0.8717041015625,45-59
33.0,41.014923,8.014923095703125,8.014923095703125,30-44
67.0,64.471954,-2.528045654296875,2.528045654296875,60-74
14.0,15.926653,1.9266529083251953,1.9266529083251953,0-17
14.0,15.335194,1.3351936340332031,1.3351936340332031,0-17
60.0,54.625393,-5.374607086181641,5.374607086181641,60-74
71.0,64.89369,-6.1063079833984375,6.1063079833984375,60-74
57.0,54.984875,-2.015125274658203,2.015125274658203,45-59
24.0,48.939144,24.939144134521484,24.939144134521484,18-29
28.0,32.084835,4.084835052490234,4.084835052490234,18-29
65.0,65.73234,0.7323379516601562,0.7323379516601562,60-74
31.0,38.405056,7.405055999755859,7.405055999755859,30-44
54.0,22.03078,-31.969219207763672,31.969219207763672,45-59
28.0,28.412865,0.41286468505859375,0.41286468505859375,18-29
47.0,49.287987,2.2879867553710938,2.2879867553710938,45-59
47.0,49.09644,2.0964393615722656,2.0964393615722656,45-59
13.0,24.046106,11.046106338500977,11.046106338500977,0-17
59.0,49.087627,-9.912372589111328,9.912372589111328,45-59
67.0,47.038982,-19.961017608642578,19.961017608642578,60-74
30.0,29.92641,-0.07358932495117188,0.07358932495117188,30-44
30.0,22.890203,-7.109796524047852,7.109796524047852,30-44
31.0,30.517294,-0.48270606994628906,0.48270606994628906,30-44
26.0,49.84477,23.844768524169922,23.844768524169922,18-29
52.0,59.830494,7.830493927001953,7.830493927001953,45-59
59.0,32.27087,-26.729129791259766,26.729129791259766,45-59
17.0,21.293276,4.293275833129883,4.293275833129883,0-17
42.0,46.931305,4.931304931640625,4.931304931640625,30-44
16.0,27.555647,11.555646896362305,11.555646896362305,0-17
67.0,48.74116,-18.258838653564453,18.258838653564453,60-74
17.0,25.628113,8.62811279296875,8.62811279296875,0-17
55.0,40.756607,-14.243392944335938,14.243392944335938,45-59
16.0,12.188104,-3.811896324157715,3.811896324157715,0-17
53.0,37.398094,-15.601905822753906,15.601905822753906,45-59
40.0,48.89261,8.892608642578125,8.892608642578125,30-44
29.0,34.505043,5.505043029785156,5.505043029785156,18-29
56.0,46.42577,-9.574230194091797,9.574230194091797,45-59
32.0,41.04279,9.042789459228516,9.042789459228516,30-44
51.0,62.04724,11.0472412109375,11.0472412109375,45-59
13.0,14.394527,1.3945274353027344,1.3945274353027344,0-17
27.0,19.286541,-7.713459014892578,7.713459014892578,18-29
27.0,16.654099,-10.345901489257812,10.345901489257812,18-29
42.0,47.246227,5.246227264404297,5.246227264404297,30-44
70.0,63.265965,-6.734035491943359,6.734035491943359,60-74
29.0,44.337727,15.337726593017578,15.337726593017578,18-29
22.0,45.645,23.645000457763672,23.645000457763672,18-29
19.0,22.777514,3.7775135040283203,3.7775135040283203,18-29
33.0,27.094954,-5.905046463012695,5.905046463012695,30-44
30.0,31.315619,1.3156185150146484,1.3156185150146484,30-44
67.0,58.649544,-8.350456237792969,8.350456237792969,60-74
62.0,66.2098,4.209800720214844,4.209800720214844,60-74
66.0,63.883446,-2.1165542602539062,2.1165542602539062,60-74
35.0,39.758514,4.758514404296875,4.758514404296875,30-44
68.0,65.30595,-2.6940536499023438,2.6940536499023438,60-74
30.0,39.14428,9.144279479980469,9.144279479980469,30-44
59.0,48.568108,-10.431892395019531,10.431892395019531,45-59
25.0,28.34864,3.3486404418945312,3.3486404418945312,18-29
48.0,57.346695,9.346694946289062,9.346694946289062,45-59
36.0,47.344757,11.344757080078125,11.344757080078125,30-44
19.0,21.254868,2.2548675537109375,2.2548675537109375,18-29
18.0,45.683716,27.6837158203125,27.6837158203125,18-29
15.0,21.818993,6.818992614746094,6.818992614746094,0-17
35.0,53.817345,18.817344665527344,18.817344665527344,30-44
40.0,45.110413,5.11041259765625,5.11041259765625,30-44
60.0,58.806236,-1.1937637329101562,1.1937637329101562,60-74
27.0,29.064297,2.0642967224121094,2.0642967224121094,18-29
59.0,51.61149,-7.388511657714844,7.388511657714844,45-59
53.0,56.5691,3.5690994262695312,3.5690994262695312,45-59
16.0,13.449402,-2.55059814453125,2.55059814453125,0-17
35.0,47.856323,12.8563232421875,12.8563232421875,30-44
47.0,47.885746,0.8857460021972656,0.8857460021972656,45-59
14.0,25.101538,11.101537704467773,11.101537704467773,0-17
59.0,58.1887,-0.8112983703613281,0.8112983703613281,45-59
49.0,43.469475,-5.530525207519531,5.530525207519531,45-59
12.0,16.666222,4.666221618652344,4.666221618652344,0-17
74.0,46.909966,-27.09003448486328,27.09003448486328,60-74
32.0,35.576363,3.5763626098632812,3.5763626098632812,30-44
53.0,56.27506,3.2750587463378906,3.2750587463378906,45-59
17.0,23.099022,6.099021911621094,6.099021911621094,0-17
57.0,57.023956,0.023956298828125,0.023956298828125,45-59
45.0,24.61275,-20.387250900268555,20.387250900268555,45-59
39.0,38.23757,-0.7624282836914062,0.7624282836914062,30-44
60.0,59.66338,-0.3366203308105469,0.3366203308105469,60-74
62.0,64.544624,2.5446243286132812,2.5446243286132812,60-74
69.0,56.951855,-12.048145294189453,12.048145294189453,60-74
78.0,62.546356,-15.453643798828125,15.453643798828125,75+
62.0,58.499207,-3.50079345703125,3.50079345703125,60-74
22.0,24.472418,2.4724178314208984,2.4724178314208984,18-29
44.0,43.648422,-0.3515777587890625,0.3515777587890625,30-44
24.0,15.8662815,-8.133718490600586,8.133718490600586,18-29
71.0,70.087425,-0.9125747680664062,0.9125747680664062,60-74
61.0,60.168766,-0.8312339782714844,0.8312339782714844,60-74
49.0,40.262722,-8.73727798461914,8.73727798461914,45-59
19.0,35.70306,16.703060150146484,16.703060150146484,18-29
17.0,26.86639,9.866390228271484,9.866390228271484,0-17
50.0,32.379566,-17.620433807373047,17.620433807373047,45-59
66.0,63.12207,-2.8779296875,2.8779296875,60-74
28.0,27.8489,-0.15110015869140625,0.15110015869140625,18-29
63.0,52.08704,-10.912960052490234,10.912960052490234,60-74
79.0,34.041443,-44.95855712890625,44.95855712890625,75+
57.0,55.873726,-1.1262741088867188,1.1262741088867188,45-59
55.0,55.129646,0.12964630126953125,0.12964630126953125,45-59
62.0,65.45543,3.4554290771484375,3.4554290771484375,60-74
64.0,62.66187,-1.3381309509277344,1.3381309509277344,60-74
62.0,58.03672,-3.9632797241210938,3.9632797241210938,60-74
28.0,22.500843,-5.499156951904297,5.499156951904297,18-29
64.0,61.31879,-2.6812095642089844,2.6812095642089844,60-74
64.0,60.425167,-3.5748329162597656,3.5748329162597656,60-74
71.0,69.97349,-1.0265121459960938,1.0265121459960938,60-74
45.0,70.95487,25.954872131347656,25.954872131347656,45-59
12.0,13.914752,1.9147520065307617,1.9147520065307617,0-17
14.0,19.33963,5.339630126953125,5.339630126953125,0-17
45.0,47.358467,2.3584671020507812,2.3584671020507812,45-59
74.0,68.24772,-5.752281188964844,5.752281188964844,60-74
34.0,36.385975,2.385974884033203,2.385974884033203,30-44
18.0,19.383224,1.3832244873046875,1.3832244873046875,18-29
13.0,12.408385,-0.5916147232055664,0.5916147232055664,0-17
16.0,40.78781,24.787811279296875,24.787811279296875,0-17
14.0,16.392324,2.392324447631836,2.392324447631836,0-17
30.0,30.360014,0.3600139617919922,0.3600139617919922,30-44
53.0,49.39493,-3.6050682067871094,3.6050682067871094,45-59
63.0,57.537792,-5.462207794189453,5.462207794189453,60-74
79.0,60.880684,-18.11931610107422,18.11931610107422,75+
41.0,35.888363,-5.111637115478516,5.111637115478516,30-44
25.0,23.57865,-1.4213504791259766,1.4213504791259766,18-29
73.0,70.360245,-2.6397552490234375,2.6397552490234375,60-74
27.0,27.005184,0.005184173583984375,0.005184173583984375,18-29
55.0,61.451195,6.451194763183594,6.451194763183594,45-59
34.0,29.650337,-4.349662780761719,4.349662780761719,30-44
16.0,13.963112,-2.0368881225585938,2.0368881225585938,0-17
57.0,50.565334,-6.434665679931641,6.434665679931641,45-59
48.0,42.928925,-5.071075439453125,5.071075439453125,45-59
49.0,56.5851,7.5850982666015625,7.5850982666015625,45-59
60.0,56.706757,-3.293243408203125,3.293243408203125,60-74
43.0,29.777884,-13.222116470336914,13.222116470336914,30-44
26.0,26.469135,0.4691352844238281,0.4691352844238281,18-29
15.0,14.825944,-0.1740560531616211,0.1740560531616211,0-17
37.0,67.61475,30.61475372314453,30.61475372314453,30-44
24.0,29.675919,5.6759185791015625,5.6759185791015625,18-29
61.0,68.158035,7.1580352783203125,7.1580352783203125,60-74
16.0,33.487743,17.487743377685547,17.487743377685547,0-17
45.0,46.386185,1.3861846923828125,1.3861846923828125,45-59
33.0,32.600628,-0.3993721008300781,0.3993721008300781,30-44
43.0,51.890015,8.8900146484375,8.8900146484375,30-44
25.0,30.437721,5.437721252441406,5.437721252441406,18-29
54.0,43.658962,-10.34103775024414,10.34103775024414,45-59
33.0,28.995768,-4.004232406616211,4.004232406616211,30-44
12.0,7.994444,-4.005556106567383,4.005556106567383,0-17
21.0,33.03906,12.039058685302734,12.039058685302734,18-29
28.0,29.374935,1.3749351501464844,1.3749351501464844,18-29
13.0,15.016727,2.0167274475097656,2.0167274475097656,0-17
51.0,35.7906,-15.209400177001953,15.209400177001953,45-59
58.0,34.940197,-23.059803009033203,23.059803009033203,45-59
78.0,39.803715,-38.196285247802734,38.196285247802734,75+
66.0,55.88233,-10.117668151855469,10.117668151855469,60-74
33.0,56.288704,23.28870391845703,23.28870391845703,30-44
60.0,49.720394,-10.279605865478516,10.279605865478516,60-74
73.0,60.71812,-12.281879425048828,12.281879425048828,60-74
47.0,38.67545,-8.32455062866211,8.32455062866211,45-59
74.0,61.740982,-12.259017944335938,12.259017944335938,60-74
32.0,32.57729,0.5772895812988281,0.5772895812988281,30-44
57.0,53.00282,-3.997180938720703,3.997180938720703,45-59
15.0,44.169537,29.169536590576172,29.169536590576172,0-17
67.0,67.403694,0.40369415283203125,0.40369415283203125,60-74
41.0,49.445187,8.445186614990234,8.445186614990234,30-44
54.0,34.09162,-19.90837860107422,19.90837860107422,45-59
67.0,60.756874,-6.243125915527344,6.243125915527344,60-74
17.0,15.381025,-1.6189746856689453,1.6189746856689453,0-17
25.0,35.69584,10.695838928222656,10.695838928222656,18-29
53.0,53.211567,0.21156692504882812,0.21156692504882812,45-59
68.0,62.575573,-5.424427032470703,5.424427032470703,60-74
67.0,66.3379,-0.6621017456054688,0.6621017456054688,60-74
34.0,48.656574,14.656574249267578,14.656574249267578,30-44
66.0,59.973003,-6.026996612548828,6.026996612548828,60-74
51.0,40.057392,-10.942607879638672,10.942607879638672,45-59
15.0,13.421745,-1.5782546997070312,1.5782546997070312,0-17
18.0,36.768852,18.76885223388672,18.76885223388672,18-29
40.0,45.531685,5.531684875488281,5.531684875488281,30-44
17.0,34.01736,17.01736068725586,17.01736068725586,0-17
44.0,40.880623,-3.1193771362304688,3.1193771362304688,30-44
29.0,40.730724,11.730724334716797,11.730724334716797,18-29
74.0,72.26273,-1.7372665405273438,1.7372665405273438,60-74
48.0,34.554996,-13.445003509521484,13.445003509521484,45-59
44.0,45.592968,1.5929679870605469,1.5929679870605469,30-44
52.0,44.949875,-7.0501251220703125,7.0501251220703125,45-59
79.0,54.76715,-24.23284912109375,24.23284912109375,75+
33.0,40.86371,7.86370849609375,7.86370849609375,30-44
47.0,48.54895,1.5489501953125,1.5489501953125,45-59
16.0,27.230038,11.230037689208984,11.230037689208984,0-17
64.0,38.520714,-25.479286193847656,25.479286193847656,60-74
61.0,37.22385,-23.77614974975586,23.77614974975586,60-74
65.0,66.45877,1.458770751953125,1.458770751953125,60-74
32.0,35.093487,3.093486785888672,3.093486785888672,30-44
59.0,46.623,-12.376998901367188,12.376998901367188,45-59
16.0,32.789154,16.789154052734375,16.789154052734375,0-17
56.0,58.724022,2.7240219116210938,2.7240219116210938,45-59
23.0,31.362293,8.362293243408203,8.362293243408203,18-29
73.0,64.7964,-8.203598022460938,8.203598022460938,60-74
15.0,24.459227,9.459226608276367,9.459226608276367,0-17
19.0,29.535383,10.535383224487305,10.535383224487305,18-29
16.0,59.771202,43.771202087402344,43.771202087402344,0-17
44.0,35.41801,-8.581989288330078,8.581989288330078,30-44
38.0,38.66212,0.6621208190917969,0.6621208190917969,30-44
46.0,33.949,-12.05099868774414,12.05099868774414,45-59
57.0,53.3933,-3.606700897216797,3.606700897216797,45-59
39.0,40.2425,1.2425003051757812,1.2425003051757812,30-44
61.0,56.890167,-4.109832763671875,4.109832763671875,60-74
38.0,39.240467,1.2404670715332031,1.2404670715332031,30-44
29.0,24.143955,-4.856044769287109,4.856044769287109,18-29
28.0,31.45446,3.4544601440429688,3.4544601440429688,18-29
33.0,38.54346,5.543460845947266,5.543460845947266,30-44
72.0,62.992695,-9.007305145263672,9.007305145263672,60-74
51.0,52.831356,1.8313560485839844,1.8313560485839844,45-59
63.0,53.584213,-9.415786743164062,9.415786743164062,60-74
47.0,47.78336,0.7833595275878906,0.7833595275878906,45-59
45.0,47.019913,2.0199127197265625,2.0199127197265625,45-59
60.0,37.598015,-22.40198516845703,22.40198516845703,60-74
70.0,69.48913,-0.5108718872070312,0.5108718872070312,60-74
19.0,23.600998,4.6009979248046875,4.6009979248046875,18-29
55.0,59.457848,4.457847595214844,4.457847595214844,45-59
14.0,13.711925,-0.28807544708251953,0.28807544708251953,0-17
30.0,35.650837,5.650836944580078,5.650836944580078,30-44
19.0,34.957355,15.957355499267578,15.957355499267578,18-29
34.0,38.2526,4.252601623535156,4.252601623535156,30-44
18.0,30.057589,12.057588577270508,12.057588577270508,18-29
26.0,28.42477,2.4247703552246094,2.4247703552246094,18-29
18.0,50.943012,32.94301223754883,32.94301223754883,18-29
47.0,38.48523,-8.5147705078125,8.5147705078125,45-59
17.0,23.686003,6.686002731323242,6.686002731323242,0-17
37.0,50.536366,13.536365509033203,13.536365509033203,30-44
48.0,52.606167,4.606166839599609,4.606166839599609,45-59
31.0,33.394054,2.394054412841797,2.394054412841797,30-44
21.0,21.346186,0.34618568420410156,0.34618568420410156,18-29
75.0,72.33931,-2.6606903076171875,2.6606903076171875,75+
53.0,52.994667,-0.00533294677734375,0.00533294677734375,45-59
49.0,51.470177,2.4701766967773438,2.4701766967773438,45-59
76.0,63.93816,-12.061840057373047,12.061840057373047,75+
30.0,37.386124,7.3861236572265625,7.3861236572265625,30-44
75.0,74.63483,-0.36517333984375,0.36517333984375,75+
33.0,34.442074,1.4420738220214844,1.4420738220214844,30-44
36.0,49.052383,13.052383422851562,13.052383422851562,30-44
40.0,61.444214,21.4442138671875,21.4442138671875,30-44
53.0,44.426815,-8.573184967041016,8.573184967041016,45-59
12.0,8.453986,-3.546013832092285,3.546013832092285,0-17
50.0,40.404152,-9.595848083496094,9.595848083496094,45-59
32.0,32.792038,0.7920379638671875,0.7920379638671875,30-44
39.0,33.65797,-5.342029571533203,5.342029571533203,30-44
37.0,40.79363,3.793628692626953,3.793628692626953,30-44
43.0,43.890556,0.8905563354492188,0.8905563354492188,30-44
32.0,49.38279,17.382789611816406,17.382789611816406,30-44
35.0,36.168137,1.1681365966796875,1.1681365966796875,30-44
61.0,61.43525,0.43524932861328125,0.43524932861328125,60-74
73.0,71.22249,-1.7775115966796875,1.7775115966796875,60-74
35.0,39.726223,4.726222991943359,4.726222991943359,30-44
23.0,23.298784,0.2987842559814453,0.2987842559814453,18-29
24.0,25.379751,1.379751205444336,1.379751205444336,18-29
14.0,15.093674,1.0936737060546875,1.0936737060546875,0-17
23.0,28.293829,5.293828964233398,5.293828964233398,18-29
32.0,33.681255,1.6812553405761719,1.6812553405761719,30-44
14.0,12.869639,-1.1303606033325195,1.1303606033325195,0-17
66.0,56.055122,-9.944877624511719,9.944877624511719,60-74
41.0,33.795494,-7.204505920410156,7.204505920410156,30-44
25.0,20.614435,-4.385564804077148,4.385564804077148,18-29
45.0,45.458927,0.4589271545410156,0.4589271545410156,45-59
40.0,49.087975,9.087974548339844,9.087974548339844,30-44
38.0,39.60741,1.6074104309082031,1.6074104309082031,30-44
18.0,21.860334,3.8603343963623047,3.8603343963623047,18-29
13.0,15.715015,2.715015411376953,2.715015411376953,0-17
52.0,57.474808,5.4748077392578125,5.4748077392578125,45-59
40.0,22.170732,-17.829267501831055,17.829267501831055,30-44
28.0,39.320496,11.32049560546875,11.32049560546875,18-29
30.0,28.634844,-1.3651561737060547,1.3651561737060547,30-44
50.0,43.546314,-6.453685760498047,6.453685760498047,45-59
15.0,16.190994,1.1909942626953125,1.1909942626953125,0-17
15.0,14.727147,-0.27285289764404297,0.27285289764404297,0-17
50.0,61.71248,11.712478637695312,11.712478637695312,45-59
32.0,45.487858,13.487857818603516,13.487857818603516,30-44
19.0,16.932693,-2.0673065185546875,2.0673065185546875,18-29
63.0,58.160007,-4.839992523193359,4.839992523193359,60-74
78.0,64.4426,-13.557403564453125,13.557403564453125,75+
17.0,20.987484,3.9874839782714844,3.9874839782714844,0-17
56.0,56.867,0.8670005798339844,0.8670005798339844,45-59
72.0,69.61605,-2.3839492797851562,2.3839492797851562,60-74
33.0,34.74454,1.7445411682128906,1.7445411682128906,30-44
26.0,20.204872,-5.795127868652344,5.795127868652344,18-29
40.0,49.089783,9.08978271484375,9.08978271484375,30-44
37.0,53.6108,16.610801696777344,16.610801696777344,30-44
17.0,18.58399,1.5839900970458984,1.5839900970458984,0-17
22.0,21.62824,-0.37175941467285156,0.37175941467285156,18-29
49.0,50.666206,1.6662063598632812,1.6662063598632812,45-59
19.0,31.346752,12.346752166748047,12.346752166748047,18-29
26.0,29.131762,3.1317615509033203,3.1317615509033203,18-29
14.0,25.445717,11.445716857910156,11.445716857910156,0-17
17.0,24.06228,7.062280654907227,7.062280654907227,0-17
38.0,39.17508,1.175079345703125,1.175079345703125,30-44
21.0,46.5739,25.573898315429688,25.573898315429688,18-29
15.0,18.42371,3.4237098693847656,3.4237098693847656,0-17
28.0,21.944576,-6.055423736572266,6.055423736572266,18-29
76.0,57.740463,-18.259536743164062,18.259536743164062,75+
19.0,17.35537,-1.6446304321289062,1.6446304321289062,18-29
30.0,29.904371,-0.09562873840332031,0.09562873840332031,30-44
13.0,9.381866,-3.618133544921875,3.618133544921875,0-17
38.0,57.08797,19.087970733642578,19.087970733642578,30-44
43.0,47.5359,4.535900115966797,4.535900115966797,30-44
13.0,17.7779,4.777900695800781,4.777900695800781,0-17
66.0,62.510853,-3.489147186279297,3.489147186279297,60-74
34.0,40.487247,6.487247467041016,6.487247467041016,30-44
19.0,37.306965,18.306964874267578,18.306964874267578,18-29
27.0,48.40948,21.409481048583984,21.409481048583984,18-29
16.0,13.6537,-2.3463001251220703,2.3463001251220703,0-17
73.0,72.12271,-0.877288818359375,0.877288818359375,60-74
37.0,28.482374,-8.51762580871582,8.51762580871582,30-44
30.0,47.718903,17.718902587890625,17.718902587890625,30-44
72.0,57.830273,-14.169727325439453,14.169727325439453,60-74
77.0,64.51783,-12.482170104980469,12.482170104980469,75+
30.0,38.527412,8.527412414550781,8.527412414550781,30-44
16.0,16.627396,0.6273956298828125,0.6273956298828125,0-17
76.0,72.16775,-3.8322525024414062,3.8322525024414062,75+
13.0,9.946908,-3.0530920028686523,3.0530920028686523,0-17
13.0,15.216759,2.2167587280273438,2.2167587280273438,0-17
53.0,60.00028,7.000278472900391,7.000278472900391,45-59
15.0,18.252821,3.2528209686279297,3.2528209686279297,0-17
39.0,54.719784,15.719783782958984,15.719783782958984,30-44
12.0,18.586548,6.5865478515625,6.5865478515625,0-17
52.0,43.97232,-8.027679443359375,8.027679443359375,45-59
12.0,14.6564455,2.6564455032348633,2.6564455032348633,0-17
38.0,53.95223,15.952228546142578,15.952228546142578,30-44
40.0,33.138138,-6.8618621826171875,6.8618621826171875,30-44
63.0,60.226166,-2.773834228515625,2.773834228515625,60-74
16.0,12.08211,-3.9178895950317383,3.9178895950317383,0-17
47.0,43.238262,-3.761737823486328,3.761737823486328,45-59
61.0,33.60082,-27.399181365966797,27.399181365966797,60-74
47.0,38.589394,-8.410606384277344,8.410606384277344,45-59
52.0,43.994698,-8.005302429199219,8.005302429199219,45-59
37.0,61.050262,24.050262451171875,24.050262451171875,30-44
37.0,33.85279,-3.1472091674804688,3.1472091674804688,30-44
60.0,38.34339,-21.65660858154297,21.65660858154297,60-74
55.0,72.35581,17.355812072753906,17.355812072753906,45-59
52.0,45.53906,-6.460941314697266,6.460941314697266,45-59
30.0,42.27874,12.278739929199219,12.278739929199219,30-44
14.0,17.772457,3.7724571228027344,3.7724571228027344,0-17
55.0,55.681324,0.6813240051269531,0.6813240051269531,45-59
16.0,9.420973,-6.57902717590332,6.57902717590332,0-17
50.0,46.287163,-3.7128372192382812,3.7128372192382812,45-59
37.0,36.348167,-0.6518325805664062,0.6518325805664062,30-44
31.0,24.600353,-6.399646759033203,6.399646759033203,30-44
55.0,55.657887,0.6578865051269531,0.6578865051269531,45-59
54.0,48.49668,-5.503318786621094,5.503318786621094,45-59
51.0,51.195244,0.19524383544921875,0.19524383544921875,45-59
27.0,31.306528,4.306528091430664,4.306528091430664,18-29
43.0,41.164215,-1.835784912109375,1.835784912109375,30-44
20.0,37.243057,17.243057250976562,17.243057250976562,18-29
62.0,57.41364,-4.586360931396484,4.586360931396484,60-74
75.0,58.412975,-16.587024688720703,16.587024688720703,75+
76.0,60.971447,-15.028553009033203,15.028553009033203,75+
19.0,34.335865,15.335865020751953,15.335865020751953,18-29
29.0,36.88884,7.8888397216796875,7.8888397216796875,18-29
57.0,55.902233,-1.0977668762207031,1.0977668762207031,45-59
24.0,39.893837,15.893836975097656,15.893836975097656,18-29
14.0,17.037663,3.0376625061035156,3.0376625061035156,0-17
75.0,74.42167,-0.5783309936523438,0.5783309936523438,75+
42.0,44.306885,2.306884765625,2.306884765625,30-44
74.0,66.89718,-7.102821350097656,7.102821350097656,60-74
69.0,59.48099,-9.51900863647461,9.51900863647461,60-74
63.0,50.290306,-12.709693908691406,12.709693908691406,60-74
16.0,22.760242,6.760242462158203,6.760242462158203,0-17
14.0,17.386606,3.386606216430664,3.386606216430664,0-17
48.0,40.76513,-7.234870910644531,7.234870910644531,45-59
56.0,36.676823,-19.323177337646484,19.323177337646484,45-59
74.0,58.595676,-15.40432357788086,15.40432357788086,60-74
63.0,62.035446,-0.9645538330078125,0.9645538330078125,60-74
21.0,36.044586,15.044586181640625,15.044586181640625,18-29
25.0,24.086603,-0.9133968353271484,0.9133968353271484,18-29
17.0,35.863403,18.8634033203125,18.8634033203125,0-17
17.0,19.624052,2.624052047729492,2.624052047729492,0-17
66.0,47.90645,-18.093551635742188,18.093551635742188,60-74
57.0,56.862606,-0.13739395141601562,0.13739395141601562,45-59
27.0,28.79161,1.7916107177734375,1.7916107177734375,18-29
12.0,8.049237,-3.9507627487182617,3.9507627487182617,0-17
53.0,57.552612,4.5526123046875,4.5526123046875,45-59
50.0,46.31803,-3.6819686889648438,3.6819686889648438,45-59
15.0,11.579372,-3.4206275939941406,3.4206275939941406,0-17
62.0,53.561646,-8.4383544921875,8.4383544921875,60-74
19.0,19.22976,0.22975921630859375,0.22975921630859375,18-29
70.0,45.510616,-24.489383697509766,24.489383697509766,60-74
73.0,57.406456,-15.593544006347656,15.593544006347656,60-74
31.0,28.117065,-2.8829345703125,2.8829345703125,30-44
68.0,52.811394,-15.188606262207031,15.188606262207031,60-74
38.0,45.10582,7.1058197021484375,7.1058197021484375,30-44
35.0,49.46189,14.461891174316406,14.461891174316406,30-44
65.0,52.067654,-12.93234634399414,12.93234634399414,60-74
13.0,12.356289,-0.6437110900878906,0.6437110900878906,0-17
12.0,13.76819,1.7681903839111328,1.7681903839111328,0-17
30.0,19.34943,-10.650569915771484,10.650569915771484,30-44
33.0,55.458702,22.458702087402344,22.458702087402344,30-44
35.0,32.493633,-2.506366729736328,2.506366729736328,30-44
23.0,44.684753,21.68475341796875,21.68475341796875,18-29
14.0,10.651101,-3.3488988876342773,3.3488988876342773,0-17
58.0,33.83542,-24.164581298828125,24.164581298828125,45-59
36.0,53.399673,17.399673461914062,17.399673461914062,30-44
24.0,31.939781,7.939781188964844,7.939781188964844,18-29
74.0,68.99504,-5.0049591064453125,5.0049591064453125,60-74
25.0,32.42984,7.429840087890625,7.429840087890625,18-29
16.0,20.431122,4.431121826171875,4.431121826171875,0-17
23.0,45.414974,22.414974212646484,22.414974212646484,18-29
19.0,34.454178,15.454177856445312,15.454177856445312,18-29
73.0,61.219875,-11.78012466430664,11.78012466430664,60-74
46.0,34.511093,-11.488906860351562,11.488906860351562,45-59
66.0,43.77218,-22.227821350097656,22.227821350097656,60-74
18.0,30.290611,12.290611267089844,12.290611267089844,18-29
48.0,52.606167,4.606166839599609,4.606166839599609,45-59
32.0,46.239025,14.239025115966797,14.239025115966797,30-44
40.0,59.198463,19.198463439941406,19.198463439941406,30-44
49.0,60.36205,11.362049102783203,11.362049102783203,45-59
68.0,69.22151,1.2215118408203125,1.2215118408203125,60-74
53.0,52.143936,-0.8560638427734375,0.8560638427734375,45-59
56.0,37.331116,-18.66888427734375,18.66888427734375,45-59
35.0,45.92979,10.929790496826172,10.929790496826172,30-44
15.0,19.290524,4.290523529052734,4.290523529052734,0-17
59.0,43.923096,-15.076904296875,15.076904296875,45-59
17.0,24.550821,7.550821304321289,7.550821304321289,0-17
59.0,57.837147,-1.1628532409667969,1.1628532409667969,45-59
78.0,49.478626,-28.521373748779297,28.521373748779297,75+
14.0,33.775826,19.77582550048828,19.77582550048828,0-17
15.0,36.466805,21.46680450439453,21.46680450439453,0-17
45.0,50.319485,5.319484710693359,5.319484710693359,45-59
42.0,46.864086,4.864086151123047,4.864086151123047,30-44
31.0,37.06845,6.068450927734375,6.068450927734375,30-44
40.0,37.048553,-2.951446533203125,2.951446533203125,30-44
56.0,59.85104,3.8510398864746094,3.8510398864746094,45-59
41.0,62.465946,21.465946197509766,21.465946197509766,30-44
72.0,63.00955,-8.99045181274414,8.99045181274414,60-74
13.0,15.586732,2.5867319107055664,2.5867319107055664,0-17
50.0,49.035595,-0.9644050598144531,0.9644050598144531,45-59
44.0,35.365612,-8.634387969970703,8.634387969970703,30-44
27.0,35.279037,8.279037475585938,8.279037475585938,18-29
31.0,59.78816,28.788158416748047,28.788158416748047,30-44
17.0,28.17562,11.175619125366211,11.175619125366211,0-17
21.0,37.593716,16.59371566772461,16.59371566772461,18-29
38.0,44.27308,6.273078918457031,6.273078918457031,30-44
65.0,63.81228,-1.1877212524414062,1.1877212524414062,60-74
71.0,62.27411,-8.72589111328125,8.72589111328125,60-74
62.0,66.89961,4.8996124267578125,4.8996124267578125,60-74
61.0,58.998222,-2.0017776489257812,2.0017776489257812,60-74
68.0,57.678066,-10.32193374633789,10.32193374633789,60-74
43.0,37.254765,-5.745235443115234,5.745235443115234,30-44
78.0,63.722317,-14.27768325805664,14.27768325805664,75+
37.0,53.729477,16.729476928710938,16.729476928710938,30-44
60.0,44.430767,-15.569232940673828,15.569232940673828,60-74
65.0,67.49455,2.4945526123046875,2.4945526123046875,60-74
37.0,48.11548,11.115478515625,11.115478515625,30-44
67.0,55.665916,-11.334083557128906,11.334083557128906,60-74
14.0,9.654827,-4.345172882080078,4.345172882080078,0-17
36.0,55.015934,19.015933990478516,19.015933990478516,30-44
37.0,37.47436,0.4743614196777344,0.4743614196777344,30-44
52.0,46.37335,-5.626651763916016,5.626651763916016,45-59
61.0,51.880535,-9.119464874267578,9.119464874267578,60-74
27.0,22.147348,-4.852651596069336,4.852651596069336,18-29
13.0,10.108855,-2.8911447525024414,2.8911447525024414,0-17
59.0,52.335537,-6.664463043212891,6.664463043212891,45-59
29.0,19.548357,-9.451642990112305,9.451642990112305,18-29
72.0,59.36531,-12.634689331054688,12.634689331054688,60-74
22.0,27.35593,5.355930328369141,5.355930328369141,18-29
32.0,37.34387,5.343868255615234,5.343868255615234,30-44
26.0,45.038616,19.038616180419922,19.038616180419922,18-29
13.0,12.03437,-0.9656295776367188,0.9656295776367188,0-17
34.0,33.837837,-0.16216278076171875,0.16216278076171875,30-44
42.0,43.01506,1.0150604248046875,1.0150604248046875,30-44
31.0,29.386227,-1.6137733459472656,1.6137733459472656,30-44
71.0,52.749073,-18.250926971435547,18.250926971435547,60-74
27.0,43.219925,16.219924926757812,16.219924926757812,18-29
29.0,31.75407,2.754070281982422,2.754070281982422,18-29
33.0,31.642609,-1.357391357421875,1.357391357421875,30-44
70.0,54.862686,-15.137313842773438,15.137313842773438,60-74
16.0,12.826856,-3.1731443405151367,3.1731443405151367,0-17
19.0,19.91267,0.9126701354980469,0.9126701354980469,18-29
25.0,30.35398,5.353979110717773,5.353979110717773,18-29
15.0,44.298214,29.298213958740234,29.298213958740234,0-17
32.0,35.13549,3.1354904174804688,3.1354904174804688,30-44
27.0,52.08884,25.08884048461914,25.08884048461914,18-29
24.0,54.466328,30.466327667236328,30.466327667236328,18-29
47.0,52.593937,5.593936920166016,5.593936920166016,45-59
16.0,17.656979,1.6569786071777344,1.6569786071777344,0-17
50.0,51.56155,1.5615501403808594,1.5615501403808594,45-59
13.0,14.752939,1.752939224243164,1.752939224243164,0-17
32.0,43.668644,11.668643951416016,11.668643951416016,30-44
48.0,36.32833,-11.671669006347656,11.671669006347656,45-59
69.0,66.485344,-2.5146560668945312,2.5146560668945312,60-74
57.0,57.002872,0.002872467041015625,0.002872467041015625,45-59
30.0,41.64615,11.646148681640625,11.646148681640625,30-44
65.0,51.40526,-13.594741821289062,13.594741821289062,60-74
25.0,50.574623,25.574623107910156,25.574623107910156,18-29
14.0,21.093521,7.0935211181640625,7.0935211181640625,0-17
45.0,53.924507,8.924507141113281,8.924507141113281,45-59
48.0,20.83584,-27.164159774780273,27.164159774780273,45-59
25.0,31.597866,6.597866058349609,6.597866058349609,18-29
60.0,46.736347,-13.263652801513672,13.263652801513672,60-74
61.0,73.132645,12.132644653320312,12.132644653320312,60-74
38.0,16.897837,-21.102163314819336,21.102163314819336,30-44
67.0,56.34747,-10.652530670166016,10.652530670166016,60-74
15.0,24.776117,9.776117324829102,9.776117324829102,0-17
19.0,33.68436,14.68436050415039,14.68436050415039,18-29
22.0,30.001524,8.001523971557617,8.001523971557617,18-29
52.0,60.82281,8.822811126708984,8.822811126708984,45-59
44.0,44.092243,0.09224319458007812,0.09224319458007812,30-44
61.0,62.353775,1.3537750244140625,1.3537750244140625,60-74
54.0,56.28893,2.288928985595703,2.288928985595703,45-59
81.0,74.30305,-6.696952819824219,6.696952819824219,75+
15.0,28.048223,13.048223495483398,13.048223495483398,0-17
13.0,16.6699,3.669900894165039,3.669900894165039,0-17
23.0,25.175001,2.1750011444091797,2.1750011444091797,18-29
64.0,53.14476,-10.855239868164062,10.855239868164062,60-74
16.0,49.167072,33.16707229614258,33.16707229614258,0-17
37.0,39.329617,2.3296165466308594,2.3296165466308594,30-44
63.0,62.53695,-0.46305084228515625,0.46305084228515625,60-74
47.0,47.51563,0.5156288146972656,0.5156288146972656,45-59
23.0,27.928944,4.928943634033203,4.928943634033203,18-29
20.0,33.192467,13.192466735839844,13.192466735839844,18-29
45.0,56.911842,11.911842346191406,11.911842346191406,45-59
13.0,15.89361,2.8936100006103516,2.8936100006103516,0-17
52.0,52.41158,0.4115791320800781,0.4115791320800781,45-59
41.0,48.883366,7.883365631103516,7.883365631103516,30-44
42.0,52.449665,10.449665069580078,10.449665069580078,30-44
18.0,30.073261,12.073261260986328,12.073261260986328,18-29
50.0,48.68861,-1.3113899230957031,1.3113899230957031,45-59
77.0,54.89749,-22.102508544921875,22.102508544921875,75+
63.0,40.519405,-22.480594635009766,22.480594635009766,60-74
58.0,51.662495,-6.337505340576172,6.337505340576172,45-59
37.0,35.195805,-1.8041954040527344,1.8041954040527344,30-44
73.0,44.74067,-28.25933074951172,28.25933074951172,60-74
19.0,29.318497,10.318496704101562,10.318496704101562,18-29
43.0,61.55798,18.557979583740234,18.557979583740234,30-44
29.0,42.574894,13.574893951416016,13.574893951416016,18-29
48.0,45.350258,-2.6497421264648438,2.6497421264648438,45-59
24.0,24.809553,0.8095531463623047,0.8095531463623047,18-29
36.0,45.935444,9.935443878173828,9.935443878173828,30-44
40.0,26.336317,-13.66368293762207,13.66368293762207,30-44
51.0,44.714203,-6.285797119140625,6.285797119140625,45-59
61.0,61.090366,0.09036636352539062,0.09036636352539062,60-74
23.0,23.635498,0.635498046875,0.635498046875,18-29
60.0,57.888905,-2.111095428466797,2.111095428466797,60-74
34.0,41.25698,7.256980895996094,7.256980895996094,30-44
50.0,55.425396,5.425395965576172,5.425395965576172,45-59
71.0,54.457348,-16.542652130126953,16.542652130126953,60-74
13.0,11.009958,-1.990041732788086,1.990041732788086,0-17
40.0,41.085888,1.0858879089355469,1.0858879089355469,30-44
20.0,19.57388,-0.4261207580566406,0.4261207580566406,18-29
46.0,32.15844,-13.841560363769531,13.841560363769531,45-59
60.0,45.585632,-14.41436767578125,14.41436767578125,60-74
76.0,72.70154,-3.2984619140625,3.2984619140625,75+
21.0,23.436146,2.436145782470703,2.436145782470703,18-29
75.0,72.99926,-2.0007400512695312,2.0007400512695312,75+
46.0,39.39569,-6.60430908203125,6.60430908203125,45-59
61.0,53.287586,-7.712413787841797,7.712413787841797,60-74
39.0,44.556877,5.556877136230469,5.556877136230469,30-44
21.0,26.722715,5.722715377807617,5.722715377807617,18-29
78.0,67.143486,-10.856513977050781,10.856513977050781,75+
62.0,49.11255,-12.887451171875,12.887451171875,60-74
64.0,50.126846,-13.873153686523438,13.873153686523438,60-74
33.0,40.638145,7.638145446777344,7.638145446777344,30-44
13.0,12.736842,-0.26315784454345703,0.26315784454345703,0-17
18.0,20.366972,2.366971969604492,2.366971969604492,18-29
73.0,65.791306,-7.2086944580078125,7.2086944580078125,60-74
72.0,58.158012,-13.841987609863281,13.841987609863281,60-74
69.0,37.12369,-31.87630844116211,31.87630844116211,60-74
65.0,49.9573,-15.042701721191406,15.042701721191406,60-74
69.0,66.5538,-2.446197509765625,2.446197509765625,60-74
62.0,64.98252,2.9825210571289062,2.9825210571289062,60-74
14.0,39.738285,25.738285064697266,25.738285064697266,0-17
32.0,31.523096,-0.47690391540527344,0.47690391540527344,30-44
60.0,53.624187,-6.375812530517578,6.375812530517578,60-74
61.0,52.486523,-8.513477325439453,8.513477325439453,60-74
30.0,65.19507,35.195068359375,35.195068359375,30-44
19.0,21.376469,2.3764686584472656,2.3764686584472656,18-29
73.0,57.58764,-15.412361145019531,15.412361145019531,60-74
41.0,50.885757,9.885757446289062,9.885757446289062,30-44
61.0,63.94707,2.947071075439453,2.947071075439453,60-74
63.0,37.422104,-25.577896118164062,25.577896118164062,60-74
16.0,40.78781,24.787811279296875,24.787811279296875,0-17
37.0,37.43008,0.4300804138183594,0.4300804138183594,30-44
78.0,43.981293,-34.018707275390625,34.018707275390625,75+
12.0,11.925715,-0.07428455352783203,0.07428455352783203,0-17
35.0,48.494167,13.49416732788086,13.49416732788086,30-44
34.0,38.50571,4.505710601806641,4.505710601806641,30-44
21.0,15.847417,-5.152583122253418,5.152583122253418,18-29
65.0,55.374153,-9.625846862792969,9.625846862792969,60-74
18.0,17.530373,-0.46962738037109375,0.46962738037109375,18-29
25.0,43.23256,18.232559204101562,18.232559204101562,18-29
43.0,48.619804,5.619804382324219,5.619804382324219,30-44
15.0,17.913225,2.9132251739501953,2.9132251739501953,0-17
34.0,35.7712,1.7711982727050781,1.7711982727050781,30-44
70.0,71.084625,1.084625244140625,1.084625244140625,60-74
16.0,12.661147,-3.338852882385254,3.338852882385254,0-17
19.0,17.674158,-1.3258419036865234,1.3258419036865234,18-29
40.0,43.08864,3.0886383056640625,3.0886383056640625,30-44
62.0,61.815266,-0.18473434448242188,0.18473434448242188,60-74
41.0,44.16822,3.1682205200195312,3.1682205200195312,30-44
18.0,25.152996,7.152996063232422,7.152996063232422,18-29
18.0,19.578815,1.5788154602050781,1.5788154602050781,18-29
23.0,26.507572,3.5075721740722656,3.5075721740722656,18-29
44.0,35.348,-8.652000427246094,8.652000427246094,30-44
18.0,21.822775,3.822774887084961,3.822774887084961,18-29
33.0,31.789587,-1.2104129791259766,1.2104129791259766,30-44
45.0,48.985847,3.9858474731445312,3.9858474731445312,45-59
67.0,63.77896,-3.221038818359375,3.221038818359375,60-74
58.0,60.219383,2.2193832397460938,2.2193832397460938,45-59
12.0,14.664674,2.6646738052368164,2.6646738052368164,0-17
63.0,62.80772,-0.19227981567382812,0.19227981567382812,60-74
41.0,43.142162,2.142162322998047,2.142162322998047,30-44
63.0,43.988274,-19.01172637939453,19.01172637939453,60-74
60.0,56.519123,-3.480876922607422,3.480876922607422,60-74
76.0,74.26828,-1.731719970703125,1.731719970703125,75+
46.0,38.674946,-7.325054168701172,7.325054168701172,45-59
60.0,59.719795,-0.28020477294921875,0.28020477294921875,60-74
54.0,60.729637,6.729637145996094,6.729637145996094,45-59
78.0,44.37658,-33.62342071533203,33.62342071533203,75+
52.0,57.55251,5.552509307861328,5.552509307861328,45-59
23.0,35.02575,12.025749206542969,12.025749206542969,18-29
16.0,49.23329,33.23329162597656,33.23329162597656,0-17
53.0,58.81821,5.818210601806641,5.818210601806641,45-59
15.0,14.0261135,-0.9738864898681641,0.9738864898681641,0-17
24.0,40.556236,16.556236267089844,16.556236267089844,18-29
48.0,44.96033,-3.0396690368652344,3.0396690368652344,45-59
64.0,48.592403,-15.407596588134766,15.407596588134766,60-74
35.0,41.74033,6.740329742431641,6.740329742431641,30-44
15.0,13.763172,-1.2368278503417969,1.2368278503417969,0-17
36.0,43.719147,7.719146728515625,7.719146728515625,30-44
47.0,26.95559,-20.044410705566406,20.044410705566406,45-59
25.0,25.878548,0.8785476684570312,0.8785476684570312,18-29
68.0,69.21963,1.2196273803710938,1.2196273803710938,60-74
68.0,61.10152,-6.898479461669922,6.898479461669922,60-74
59.0,60.906647,1.906646728515625,1.906646728515625,45-59
15.0,18.441607,3.4416065216064453,3.4416065216064453,0-17
30.0,37.295624,7.295623779296875,7.295623779296875,30-44
42.0,33.233536,-8.766464233398438,8.766464233398438,30-44
21.0,40.698986,19.698986053466797,19.698986053466797,18-29
19.0,19.248945,0.2489452362060547,0.2489452362060547,18-29
52.0,41.93456,-10.065441131591797,10.065441131591797,45-59
59.0,50.26463,-8.735370635986328,8.735370635986328,45-59
38.0,30.58132,-7.418680191040039,7.418680191040039,30-44
22.0,26.31681,4.316810607910156,4.316810607910156,18-29
18.0,19.553087,1.5530872344970703,1.5530872344970703,18-29
24.0,39.48214,15.482139587402344,15.482139587402344,18-29
12.0,14.575473,2.575472831726074,2.575472831726074,0-17
64.0,50.86618,-13.133819580078125,13.133819580078125,60-74
12.0,20.10199,8.10198974609375,8.10198974609375,0-17
41.0,49.77859,8.77859115600586,8.77859115600586,30-44
40.0,31.478113,-8.521886825561523,8.521886825561523,30-44
75.0,68.89686,-6.103141784667969,6.103141784667969,75+
41.0,41.473644,0.4736442565917969,0.4736442565917969,30-44
24.0,23.61219,-0.38780975341796875,0.38780975341796875,18-29
44.0,37.220142,-6.779857635498047,6.779857635498047,30-44
44.0,38.707287,-5.292713165283203,5.292713165283203,30-44
35.0,41.819218,6.819217681884766,6.819217681884766,30-44
33.0,33.023273,0.023273468017578125,0.023273468017578125,30-44
60.0,58.93476,-1.0652389526367188,1.0652389526367188,60-74
14.0,14.04341,0.043410301208496094,0.043410301208496094,0-17
40.0,25.35288,-14.647119522094727,14.647119522094727,30-44
53.0,48.46703,-4.532970428466797,4.532970428466797,45-59
75.0,65.210266,-9.78973388671875,9.78973388671875,75+
50.0,56.67883,6.678829193115234,6.678829193115234,45-59
55.0,44.883427,-10.116573333740234,10.116573333740234,45-59
38.0,35.89081,-2.10919189453125,2.10919189453125,30-44
55.0,54.39909,-0.6009101867675781,0.6009101867675781,45-59
28.0,28.264626,0.26462554931640625,0.26462554931640625,18-29
70.0,56.461185,-13.538814544677734,13.538814544677734,60-74
33.0,47.92785,14.927848815917969,14.927848815917969,30-44
47.0,59.327934,12.327934265136719,12.327934265136719,45-59
31.0,20.886429,-10.113571166992188,10.113571166992188,30-44
16.0,15.510681,-0.48931884765625,0.48931884765625,0-17
18.0,24.116373,6.116373062133789,6.116373062133789,18-29
69.0,67.18629,-1.8137130737304688,1.8137130737304688,60-74
71.0,62.404644,-8.595355987548828,8.595355987548828,60-74
60.0,46.424763,-13.575237274169922,13.575237274169922,60-74
23.0,29.63177,6.631769180297852,6.631769180297852,18-29
13.0,25.234524,12.23452377319336,12.23452377319336,0-17
14.0,20.609598,6.609598159790039,6.609598159790039,0-17
15.0,11.813857,-3.186142921447754,3.186142921447754,0-17
61.0,59.773853,-1.2261466979980469,1.2261466979980469,60-74
17.0,35.091038,18.09103775024414,18.09103775024414,0-17
47.0,49.06623,2.0662307739257812,2.0662307739257812,45-59
59.0,66.60864,7.608642578125,7.608642578125,45-59
36.0,35.926502,-0.07349777221679688,0.07349777221679688,30-44
13.0,17.128887,4.128887176513672,4.128887176513672,0-17
30.0,25.77747,-4.222530364990234,4.222530364990234,30-44
29.0,30.345049,1.3450489044189453,1.3450489044189453,18-29
28.0,32.353897,4.3538970947265625,4.3538970947265625,18-29
51.0,62.825356,11.825355529785156,11.825355529785156,45-59
36.0,41.690357,5.690357208251953,5.690357208251953,30-44
58.0,57.391945,-0.6080551147460938,0.6080551147460938,45-59
18.0,25.120068,7.120067596435547,7.120067596435547,18-29
59.0,55.02789,-3.9721107482910156,3.9721107482910156,45-59
46.0,55.19635,9.19635009765625,9.19635009765625,45-59
48.0,52.935234,4.935234069824219,4.935234069824219,45-59
69.0,61.594894,-7.4051055908203125,7.4051055908203125,60-74
53.0,53.426258,0.4262580871582031,0.4262580871582031,45-59
19.0,25.478008,6.478008270263672,6.478008270263672,18-29
23.0,25.541569,2.5415687561035156,2.5415687561035156,18-29
76.0,70.45331,-5.54669189453125,5.54669189453125,75+
14.0,20.025661,6.025661468505859,6.025661468505859,0-17
33.0,49.135117,16.135116577148438,16.135116577148438,30-44
62.0,53.296482,-8.70351791381836,8.70351791381836,60-74
27.0,25.890966,-1.1090335845947266,1.1090335845947266,18-29
14.0,38.216255,24.21625518798828,24.21625518798828,0-17
79.0,59.976112,-19.023887634277344,19.023887634277344,75+
37.0,33.40709,-3.5929107666015625,3.5929107666015625,30-44
39.0,51.9159,12.915901184082031,12.915901184082031,30-44
38.0,53.224037,15.224037170410156,15.224037170410156,30-44
60.0,55.196236,-4.803764343261719,4.803764343261719,60-74
59.0,56.235275,-2.7647247314453125,2.7647247314453125,45-59
26.0,24.784542,-1.2154579162597656,1.2154579162597656,18-29
12.0,13.679829,1.6798286437988281,1.6798286437988281,0-17
30.0,31.239271,1.2392711639404297,1.2392711639404297,30-44
33.0,32.11013,-0.8898696899414062,0.8898696899414062,30-44
20.0,34.526333,14.52633285522461,14.52633285522461,18-29
58.0,52.691124,-5.308876037597656,5.308876037597656,45-59
50.0,64.686104,14.686103820800781,14.686103820800781,45-59
26.0,34.04785,8.0478515625,8.0478515625,18-29
38.0,36.22194,-1.7780609130859375,1.7780609130859375,30-44
71.0,73.53903,2.539031982421875,2.539031982421875,60-74
54.0,56.930046,2.9300460815429688,2.9300460815429688,45-59
19.0,25.562523,6.562522888183594,6.562522888183594,18-29
46.0,42.8132,-3.186798095703125,3.186798095703125,45-59
12.0,11.860119,-0.13988113403320312,0.13988113403320312,0-17
52.0,40.83726,-11.162738800048828,11.162738800048828,45-59
73.0,66.86911,-6.130889892578125,6.130889892578125,60-74
19.0,28.80301,9.803010940551758,9.803010940551758,18-29
72.0,33.463375,-38.536624908447266,38.536624908447266,60-74
68.0,52.185204,-15.814796447753906,15.814796447753906,60-74
41.0,57.015003,16.015003204345703,16.015003204345703,30-44
43.0,43.76462,0.7646217346191406,0.7646217346191406,30-44
43.0,45.873955,2.8739547729492188,2.8739547729492188,30-44
40.0,38.765995,-1.2340049743652344,1.2340049743652344,30-44
26.0,52.124435,26.124435424804688,26.124435424804688,18-29
18.0,21.393929,3.3939285278320312,3.3939285278320312,18-29
31.0,55.368572,24.368572235107422,24.368572235107422,30-44
35.0,33.812263,-1.1877365112304688,1.1877365112304688,30-44
47.0,49.135773,2.135772705078125,2.135772705078125,45-59
43.0,49.361416,6.361415863037109,6.361415863037109,30-44
26.0,23.39557,-2.604429244995117,2.604429244995117,18-29
66.0,46.721786,-19.278213500976562,19.278213500976562,60-74
55.0,42.23128,-12.768718719482422,12.768718719482422,45-59
65.0,64.49992,-0.5000762939453125,0.5000762939453125,60-74
13.0,22.280024,9.280023574829102,9.280023574829102,0-17
32.0,42.551582,10.551582336425781,10.551582336425781,30-44
41.0,46.450523,5.450523376464844,5.450523376464844,30-44
29.0,30.017263,1.017263412475586,1.017263412475586,18-29
48.0,57.793324,9.793323516845703,9.793323516845703,45-59
47.0,45.15932,-1.8406791687011719,1.8406791687011719,45-59
30.0,32.31402,2.3140182495117188,2.3140182495117188,30-44
16.0,48.018887,32.01888656616211,32.01888656616211,0-17
14.0,25.388136,11.38813591003418,11.38813591003418,0-17
42.0,52.4545,10.454498291015625,10.454498291015625,30-44
19.0,24.593956,5.593955993652344,5.593955993652344,18-29
51.0,52.324394,1.3243942260742188,1.3243942260742188,45-59
48.0,46.441216,-1.5587844848632812,1.5587844848632812,45-59
78.0,29.38249,-48.617509841918945,48.617509841918945,75+
27.0,33.324467,6.324466705322266,6.324466705322266,18-29
39.0,40.244648,1.2446479797363281,1.2446479797363281,30-44
39.0,35.824917,-3.1750831604003906,3.1750831604003906,30-44
27.0,20.378183,-6.621816635131836,6.621816635131836,18-29
56.0,58.58914,2.589141845703125,2.589141845703125,45-59
60.0,62.586067,2.5860671997070312,2.5860671997070312,60-74
45.0,52.077137,7.077136993408203,7.077136993408203,45-59
28.0,49.05907,21.059070587158203,21.059070587158203,18-29
49.0,39.660946,-9.339054107666016,9.339054107666016,45-59
22.0,28.820797,6.820796966552734,6.820796966552734,18-29
65.0,55.93321,-9.066791534423828,9.066791534423828,60-74
41.0,38.638706,-2.3612937927246094,2.3612937927246094,30-44
17.0,45.291573,28.29157257080078,28.29157257080078,0-17
15.0,9.039274,-5.960725784301758,5.960725784301758,0-17
46.0,26.338356,-19.661643981933594,19.661643981933594,45-59
53.0,40.88878,-12.111221313476562,12.111221313476562,45-59
55.0,53.913746,-1.0862541198730469,1.0862541198730469,45-59
60.0,51.985657,-8.01434326171875,8.01434326171875,60-74
31.0,43.86799,12.867988586425781,12.867988586425781,30-44
78.0,76.31123,-1.6887664794921875,1.6887664794921875,75+
69.0,54.088665,-14.911334991455078,14.911334991455078,60-74
31.0,31.675325,0.6753253936767578,0.6753253936767578,30-44
22.0,20.57224,-1.4277591705322266,1.4277591705322266,18-29
27.0,49.088913,22.088912963867188,22.088912963867188,18-29
78.0,54.263783,-23.736217498779297,23.736217498779297,75+
17.0,25.192144,8.192144393920898,8.192144393920898,0-17
34.0,61.02344,27.023441314697266,27.023441314697266,30-44
37.0,56.181713,19.181713104248047,19.181713104248047,30-44
75.0,43.207146,-31.79285430908203,31.79285430908203,75+
53.0,53.70024,0.7002410888671875,0.7002410888671875,45-59
65.0,55.301357,-9.69864273071289,9.69864273071289,60-74
78.0,64.84307,-13.156929016113281,13.156929016113281,75+
28.0,25.734524,-2.2654762268066406,2.2654762268066406,18-29
59.0,59.71452,0.7145195007324219,0.7145195007324219,45-59
61.0,61.11671,0.11671066284179688,0.11671066284179688,60-74
51.0,60.800762,9.800762176513672,9.800762176513672,45-59
59.0,58.49413,-0.5058708190917969,0.5058708190917969,45-59
61.0,62.675537,1.675537109375,1.675537109375,60-74
39.0,39.988876,0.9888763427734375,0.9888763427734375,30-44
50.0,42.820652,-7.179347991943359,7.179347991943359,45-59
20.0,24.170612,4.170612335205078,4.170612335205078,18-29
22.0,33.89597,11.89596939086914,11.89596939086914,18-29
13.0,11.911811,-1.0881891250610352,1.0881891250610352,0-17
23.0,34.11793,11.117931365966797,11.117931365966797,18-29
51.0,51.254875,0.25487518310546875,0.25487518310546875,45-59
16.0,16.636564,0.6365642547607422,0.6365642547607422,0-17
62.0,53.435165,-8.564834594726562,8.564834594726562,60-74
70.0,67.49308,-2.5069198608398438,2.5069198608398438,60-74
33.0,45.5382,12.538200378417969,12.538200378417969,30-44
56.0,55.008377,-0.9916229248046875,0.9916229248046875,45-59
29.0,35.063953,6.063953399658203,6.063953399658203,18-29
36.0,36.677937,0.6779365539550781,0.6779365539550781,30-44
12.0,13.020783,1.0207834243774414,1.0207834243774414,0-17
15.0,14.870869,-0.12913131713867188,0.12913131713867188,0-17
14.0,16.514397,2.5143966674804688,2.5143966674804688,0-17
23.0,16.06442,-6.935579299926758,6.935579299926758,18-29
33.0,31.87934,-1.1206607818603516,1.1206607818603516,30-44
56.0,48.745537,-7.254463195800781,7.254463195800781,45-59
59.0,58.924225,-0.075775146484375,0.075775146484375,45-59
51.0,64.613205,13.613204956054688,13.613204956054688,45-59
17.0,11.9678,-5.032199859619141,5.032199859619141,0-17
73.0,56.146797,-16.85320281982422,16.85320281982422,60-74
29.0,46.412106,17.412105560302734,17.412105560302734,18-29
12.0,13.125592,1.1255922317504883,1.1255922317504883,0-17
36.0,40.4647,4.464698791503906,4.464698791503906,30-44
47.0,49.00696,2.0069618225097656,2.0069618225097656,45-59
18.0,42.660233,24.660232543945312,24.660232543945312,18-29
22.0,31.835667,9.83566665649414,9.83566665649414,18-29
14.0,18.817884,4.81788444519043,4.81788444519043,0-17
31.0,48.181103,17.181102752685547,17.181102752685547,30-44
17.0,18.30513,1.3051300048828125,1.3051300048828125,0-17
12.0,13.07473,1.0747299194335938,1.0747299194335938,0-17
49.0,55.130276,6.130275726318359,6.130275726318359,45-59
62.0,53.989807,-8.01019287109375,8.01019287109375,60-74
61.0,58.204132,-2.795867919921875,2.795867919921875,60-74
22.0,27.86185,5.861850738525391,5.861850738525391,18-29
25.0,65.7008,40.70079803466797,40.70079803466797,18-29
54.0,54.520897,0.5208969116210938,0.5208969116210938,45-59
64.0,52.350494,-11.649505615234375,11.649505615234375,60-74
18.0,24.909267,6.909267425537109,6.909267425537109,18-29
76.0,58.367085,-17.632915496826172,17.632915496826172,75+
12.0,8.713201,-3.286799430847168,3.286799430847168,0-17
41.0,41.827423,0.827423095703125,0.827423095703125,30-44
63.0,35.797695,-27.20230484008789,27.20230484008789,60-74
62.0,57.277485,-4.722515106201172,4.722515106201172,60-74
34.0,37.16112,3.161121368408203,3.161121368408203,30-44
56.0,56.53764,0.5376396179199219,0.5376396179199219,45-59
31.0,45.502106,14.502105712890625,14.502105712890625,30-44
33.0,34.39009,1.3900909423828125,1.3900909423828125,30-44
51.0,54.916325,3.9163246154785156,3.9163246154785156,45-59
25.0,41.278824,16.278823852539062,16.278823852539062,18-29
62.0,48.66319,-13.336811065673828,13.336811065673828,60-74
13.0,14.496297,1.4962968826293945,1.4962968826293945,0-17
13.0,34.172787,21.172786712646484,21.172786712646484,0-17
16.0,47.442486,31.442485809326172,31.442485809326172,0-17
51.0,24.667212,-26.332788467407227,26.332788467407227,45-59
13.0,11.713176,-1.2868242263793945,1.2868242263793945,0-17
70.0,60.756,-9.243999481201172,9.243999481201172,60-74
70.0,66.12454,-3.875457763671875,3.875457763671875,60-74
38.0,60.180397,22.180397033691406,22.180397033691406,30-44
28.0,26.332552,-1.6674480438232422,1.6674480438232422,18-29
28.0,52.722916,24.722915649414062,24.722915649414062,18-29
35.0,36.004086,1.0040855407714844,1.0040855407714844,30-44
33.0,42.83311,9.833110809326172,9.833110809326172,30-44
70.0,74.65958,4.659576416015625,4.659576416015625,60-74
60.0,51.273438,-8.7265625,8.7265625,60-74
71.0,66.78208,-4.217918395996094,4.217918395996094,60-74
22.0,26.945297,4.9452972412109375,4.9452972412109375,18-29
35.0,36.6184,1.6184005737304688,1.6184005737304688,30-44
21.0,22.630453,1.630453109741211,1.630453109741211,18-29
79.0,70.947556,-8.052444458007812,8.052444458007812,75+
66.0,55.374157,-10.625843048095703,10.625843048095703,60-74
68.0,59.88433,-8.115669250488281,8.115669250488281,60-74
12.0,11.836573,-0.16342735290527344,0.16342735290527344,0-17
70.0,70.646774,0.6467742919921875,0.6467742919921875,60-74
61.0,60.888237,-0.11176300048828125,0.11176300048828125,60-74
47.0,56.38527,9.385269165039062,9.385269165039062,45-59
14.0,12.934599,-1.0654010772705078,1.0654010772705078,0-17
12.0,7.2861104,-4.7138895988464355,4.7138895988464355,0-17
45.0,47.37952,2.3795204162597656,2.3795204162597656,45-59
66.0,41.676624,-24.323375701904297,24.323375701904297,60-74
57.0,69.49259,12.492591857910156,12.492591857910156,45-59
56.0,50.99346,-5.006538391113281,5.006538391113281,45-59
24.0,30.842716,6.842716217041016,6.842716217041016,18-29
79.0,74.70228,-4.297721862792969,4.297721862792969,75+
49.0,31.322477,-17.677522659301758,17.677522659301758,45-59
50.0,61.66593,11.665931701660156,11.665931701660156,45-59
21.0,18.339045,-2.6609554290771484,2.6609554290771484,18-29
19.0,17.44458,-1.555419921875,1.555419921875,18-29
15.0,25.25557,10.255569458007812,10.255569458007812,0-17
70.0,60.53592,-9.464080810546875,9.464080810546875,60-74
37.0,50.536366,13.536365509033203,13.536365509033203,30-44
54.0,60.33194,6.331939697265625,6.331939697265625,45-59
64.0,59.80966,-4.190338134765625,4.190338134765625,60-74
33.0,44.696815,11.696815490722656,11.696815490722656,30-44
72.0,68.24881,-3.751190185546875,3.751190185546875,60-74
54.0,54.968803,0.9688034057617188,0.9688034057617188,45-59
20.0,25.202734,5.202733993530273,5.202733993530273,18-29
55.0,55.944977,0.944976806640625,0.944976806640625,45-59
55.0,37.29308,-17.706920623779297,17.706920623779297,45-59
32.0,32.710915,0.7109146118164062,0.7109146118164062,30-44
48.0,52.5988,4.5988006591796875,4.5988006591796875,45-59
57.0,46.938675,-10.061325073242188,10.061325073242188,45-59
24.0,24.063162,0.06316184997558594,0.06316184997558594,18-29
70.0,64.748344,-5.251655578613281,5.251655578613281,60-74
19.0,18.72888,-0.2711200714111328,0.2711200714111328,18-29
13.0,14.394537,1.3945369720458984,1.3945369720458984,0-17
61.0,51.09922,-9.900779724121094,9.900779724121094,60-74
12.0,10.700362,-1.299637794494629,1.299637794494629,0-17
12.0,10.455953,-1.5440473556518555,1.5440473556518555,0-17
19.0,22.367552,3.367551803588867,3.367551803588867,18-29
26.0,35.79245,9.792449951171875,9.792449951171875,18-29
41.0,38.29789,-2.7021102905273438,2.7021102905273438,30-44
60.0,60.934746,0.9347457885742188,0.9347457885742188,60-74
78.0,75.84968,-2.1503219604492188,2.1503219604492188,75+
45.0,45.676846,0.6768455505371094,0.6768455505371094,45-59
64.0,61.62428,-2.375720977783203,2.375720977783203,60-74
12.0,14.4318,2.43179988861084,2.43179988861084,0-17
60.0,60.563927,0.5639266967773438,0.5639266967773438,60-74
60.0,47.17629,-12.823711395263672,12.823711395263672,60-74
32.0,35.876022,3.8760223388671875,3.8760223388671875,30-44
36.0,36.36354,0.3635406494140625,0.3635406494140625,30-44
17.0,37.70261,20.70261001586914,20.70261001586914,0-17
64.0,54.824593,-9.175407409667969,9.175407409667969,60-74
48.0,23.762379,-24.237621307373047,24.237621307373047,45-59
47.0,39.98276,-7.017238616943359,7.017238616943359,45-59
47.0,50.246513,3.2465133666992188,3.2465133666992188,45-59
50.0,48.15059,-1.8494110107421875,1.8494110107421875,45-59
60.0,38.754333,-21.24566650390625,21.24566650390625,60-74
49.0,65.904,16.90399932861328,16.90399932861328,45-59
64.0,52.362953,-11.637046813964844,11.637046813964844,60-74
14.0,9.577528,-4.42247200012207,4.42247200012207,0-17
52.0,53.304455,1.3044548034667969,1.3044548034667969,45-59
50.0,23.484755,-26.51524543762207,26.51524543762207,45-59
14.0,17.378193,3.378192901611328,3.378192901611328,0-17
23.0,44.90219,21.902191162109375,21.902191162109375,18-29
58.0,56.565678,-1.4343223571777344,1.4343223571777344,45-59
52.0,65.146675,13.146675109863281,13.146675109863281,45-59
68.0,48.57245,-19.42755126953125,19.42755126953125,60-74
30.0,36.022892,6.022891998291016,6.022891998291016,30-44
17.0,25.538277,8.538276672363281,8.538276672363281,0-17
29.0,28.726906,-0.27309417724609375,0.27309417724609375,18-29
52.0,56.89222,4.892219543457031,4.892219543457031,45-59
18.0,32.744305,14.744304656982422,14.744304656982422,18-29
60.0,47.973965,-12.02603530883789,12.02603530883789,60-74
30.0,33.895424,3.8954238891601562,3.8954238891601562,30-44
13.0,15.659358,2.659358024597168,2.659358024597168,0-17
23.0,35.1907,12.19070053100586,12.19070053100586,18-29
50.0,45.816982,-4.183017730712891,4.183017730712891,45-59
72.0,71.14545,-0.85455322265625,0.85455322265625,60-74
48.0,49.400078,1.4000778198242188,1.4000778198242188,45-59
65.0,41.80369,-23.196308135986328,23.196308135986328,60-74
28.0,29.370247,1.3702468872070312,1.3702468872070312,18-29
37.0,37.475113,0.4751129150390625,0.4751129150390625,30-44
13.0,11.97003,-1.0299701690673828,1.0299701690673828,0-17
33.0,28.798162,-4.201837539672852,4.201837539672852,30-44
16.0,28.563482,12.563482284545898,12.563482284545898,0-17
22.0,28.081766,6.081766128540039,6.081766128540039,18-29
21.0,30.656607,9.656606674194336,9.656606674194336,18-29
56.0,45.606808,-10.393192291259766,10.393192291259766,45-59
18.0,24.0445,6.044500350952148,6.044500350952148,18-29
40.0,45.383305,5.383304595947266,5.383304595947266,30-44
20.0,23.66256,3.6625595092773438,3.6625595092773438,18-29
17.0,20.702087,3.70208740234375,3.70208740234375,0-17
67.0,64.278656,-2.721343994140625,2.721343994140625,60-74
30.0,31.22588,1.2258796691894531,1.2258796691894531,30-44
46.0,54.332726,8.332725524902344,8.332725524902344,45-59
26.0,50.5825,24.582500457763672,24.582500457763672,18-29
27.0,43.07892,16.07891845703125,16.07891845703125,18-29
68.0,69.19446,1.1944580078125,1.1944580078125,60-74
58.0,62.789936,4.789936065673828,4.789936065673828,45-59
32.0,45.9046,13.904598236083984,13.904598236083984,30-44
43.0,41.98514,-1.0148582458496094,1.0148582458496094,30-44
64.0,54.066017,-9.933982849121094,9.933982849121094,60-74
77.0,63.521233,-13.478767395019531,13.478767395019531,75+
70.0,61.605186,-8.394813537597656,8.394813537597656,60-74
27.0,37.462753,10.462753295898438,10.462753295898438,18-29
49.0,62.620476,13.620475769042969,13.620475769042969,45-59
67.0,59.39578,-7.604221343994141,7.604221343994141,60-74
22.0,29.06726,7.0672607421875,7.0672607421875,18-29
32.0,17.144104,-14.85589599609375,14.85589599609375,30-44
13.0,34.832058,21.83205795288086,21.83205795288086,0-17
61.0,28.092346,-32.90765380859375,32.90765380859375,60-74
49.0,53.3145,4.3144989013671875,4.3144989013671875,45-59
36.0,35.9865,-0.013500213623046875,0.013500213623046875,30-44
68.0,66.88928,-1.1107177734375,1.1107177734375,60-74
44.0,36.972717,-7.02728271484375,7.02728271484375,30-44
71.0,56.388844,-14.611156463623047,14.611156463623047,60-74
78.0,47.30965,-30.690349578857422,30.690349578857422,75+
53.0,62.090797,9.090797424316406,9.090797424316406,45-59
64.0,60.76324,-3.2367591857910156,3.2367591857910156,60-74
33.0,42.648792,9.648792266845703,9.648792266845703,30-44
64.0,46.023296,-17.976703643798828,17.976703643798828,60-74
67.0,61.637108,-5.362892150878906,5.362892150878906,60-74
16.0,12.655949,-3.3440513610839844,3.3440513610839844,0-17
20.0,28.86727,8.867269515991211,8.867269515991211,18-29
14.0,15.6321,1.6321001052856445,1.6321001052856445,0-17
37.0,39.417904,2.4179039001464844,2.4179039001464844,30-44
18.0,32.208042,14.20804214477539,14.20804214477539,18-29
13.0,9.538234,-3.461766242980957,3.461766242980957,0-17
50.0,46.125286,-3.874713897705078,3.874713897705078,45-59
13.0,25.828154,12.828153610229492,12.828153610229492,0-17
17.0,33.64093,16.64093017578125,16.64093017578125,0-17
13.0,11.851324,-1.1486759185791016,1.1486759185791016,0-17
33.0,32.062332,-0.9376678466796875,0.9376678466796875,30-44
33.0,47.45504,14.455039978027344,14.455039978027344,30-44
13.0,9.488135,-3.51186466217041,3.51186466217041,0-17
29.0,26.885094,-2.1149063110351562,2.1149063110351562,18-29
53.0,51.295315,-1.7046852111816406,1.7046852111816406,45-59
45.0,50.883354,5.883354187011719,5.883354187011719,45-59
62.0,56.755535,-5.244464874267578,5.244464874267578,60-74
49.0,59.179417,10.17941665649414,10.17941665649414,45-59
15.0,18.587276,3.5872764587402344,3.5872764587402344,0-17
39.0,54.505077,15.505077362060547,15.505077362060547,30-44
46.0,51.42982,5.429821014404297,5.429821014404297,45-59
46.0,50.865906,4.86590576171875,4.86590576171875,45-59
41.0,42.065502,1.0655021667480469,1.0655021667480469,30-44
23.0,25.682535,2.682535171508789,2.682535171508789,18-29
22.0,30.514769,8.514768600463867,8.514768600463867,18-29
54.0,66.98041,12.98040771484375,12.98040771484375,45-59
44.0,42.288822,-1.7111778259277344,1.7111778259277344,30-44
15.0,17.12743,2.127429962158203,2.127429962158203,0-17
60.0,64.00704,4.007041931152344,4.007041931152344,60-74
25.0,20.136528,-4.863471984863281,4.863471984863281,18-29
50.0,45.757706,-4.2422943115234375,4.2422943115234375,45-59
62.0,52.15151,-9.848491668701172,9.848491668701172,60-74
33.0,34.89169,1.8916893005371094,1.8916893005371094,30-44
15.0,17.06689,2.0668907165527344,2.0668907165527344,0-17
27.0,36.759384,9.759384155273438,9.759384155273438,18-29
59.0,62.30511,3.3051109313964844,3.3051109313964844,45-59
64.0,47.221416,-16.778583526611328,16.778583526611328,60-74
46.0,44.266045,-1.7339553833007812,1.7339553833007812,45-59
59.0,68.29037,9.290367126464844,9.290367126464844,45-59
13.0,17.495808,4.495807647705078,4.495807647705078,0-17
25.0,42.557735,17.557735443115234,17.557735443115234,18-29
14.0,10.818658,-3.181342124938965,3.181342124938965,0-17
12.0,17.113188,5.113187789916992,5.113187789916992,0-17
56.0,55.7397,-0.2602996826171875,0.2602996826171875,45-59
21.0,22.77715,1.7771492004394531,1.7771492004394531,18-29
50.0,60.29659,10.296588897705078,10.296588897705078,45-59
22.0,23.37624,1.3762397766113281,1.3762397766113281,18-29
70.0,32.590122,-37.40987777709961,37.40987777709961,60-74
61.0,57.513092,-3.486907958984375,3.486907958984375,60-74
41.0,53.467007,12.46700668334961,12.46700668334961,30-44
55.0,48.590897,-6.4091033935546875,6.4091033935546875,45-59
39.0,55.11408,16.114078521728516,16.114078521728516,30-44
51.0,47.31994,-3.6800613403320312,3.6800613403320312,45-59
48.0,53.419983,5.41998291015625,5.41998291015625,45-59
66.0,70.7251,4.72509765625,4.72509765625,60-74
73.0,71.820564,-1.1794357299804688,1.1794357299804688,60-74
48.0,43.999374,-4.0006256103515625,4.0006256103515625,45-59
37.0,47.740036,10.740036010742188,10.740036010742188,30-44
23.0,24.06237,1.0623703002929688,1.0623703002929688,18-29
47.0,68.597534,21.5975341796875,21.5975341796875,45-59
29.0,25.022892,-3.9771080017089844,3.9771080017089844,18-29
70.0,52.896873,-17.103126525878906,17.103126525878906,60-74
18.0,33.46495,15.464950561523438,15.464950561523438,18-29
32.0,22.999302,-9.00069808959961,9.00069808959961,30-44
66.0,64.08307,-1.91693115234375,1.91693115234375,60-74
34.0,44.12698,10.12697982788086,10.12697982788086,30-44
72.0,50.14429,-21.855709075927734,21.855709075927734,60-74
43.0,36.96003,-6.039970397949219,6.039970397949219,30-44
26.0,22.1236,-3.8763999938964844,3.8763999938964844,18-29
18.0,17.615765,-0.3842353820800781,0.3842353820800781,18-29
52.0,59.43686,7.436859130859375,7.436859130859375,45-59
12.0,30.00336,18.003360748291016,18.003360748291016,0-17
19.0,22.41851,3.4185104370117188,3.4185104370117188,18-29
65.0,60.61579,-4.384208679199219,4.384208679199219,60-74
21.0,42.059273,21.05927276611328,21.05927276611328,18-29
65.0,57.0538,-7.946201324462891,7.946201324462891,60-74
47.0,32.938896,-14.061103820800781,14.061103820800781,45-59
16.0,16.168932,0.1689319610595703,0.1689319610595703,0-17
29.0,33.623608,4.623607635498047,4.623607635498047,18-29
78.0,49.197594,-28.802406311035156,28.802406311035156,75+
61.0,68.03725,7.0372467041015625,7.0372467041015625,60-74
40.0,28.715475,-11.284524917602539,11.284524917602539,30-44
26.0,28.257524,2.2575244903564453,2.2575244903564453,18-29
21.0,42.60008,21.600078582763672,21.600078582763672,18-29
60.0,50.703003,-9.2969970703125,9.2969970703125,60-74
35.0,37.462593,2.4625930786132812,2.4625930786132812,30-44
18.0,19.07226,1.0722599029541016,1.0722599029541016,18-29
72.0,72.176384,0.17638397216796875,0.17638397216796875,60-74
35.0,47.219387,12.21938705444336,12.21938705444336,30-44
16.0,21.154943,5.154943466186523,5.154943466186523,0-17
14.0,21.76189,7.761890411376953,7.761890411376953,0-17
32.0,30.90099,-1.0990104675292969,1.0990104675292969,30-44
69.0,63.20673,-5.793270111083984,5.793270111083984,60-74
16.0,16.150682,0.1506824493408203,0.1506824493408203,0-17
45.0,44.043568,-0.9564323425292969,0.9564323425292969,45-59
65.0,63.482628,-1.5173721313476562,1.5173721313476562,60-74
48.0,37.996334,-10.003665924072266,10.003665924072266,45-59
76.0,60.81519,-15.184810638427734,15.184810638427734,75+
46.0,55.08283,9.082828521728516,9.082828521728516,45-59
43.0,45.52058,2.520580291748047,2.520580291748047,30-44
16.0,9.553151,-6.4468488693237305,6.4468488693237305,0-17
26.0,47.494724,21.49472427368164,21.49472427368164,18-29
51.0,51.70342,0.7034187316894531,0.7034187316894531,45-59
82.0,59.428753,-22.571247100830078,22.571247100830078,75+
71.0,66.84457,-4.155433654785156,4.155433654785156,60-74
19.0,22.485756,3.4857559204101562,3.4857559204101562,18-29
16.0,26.090528,10.09052848815918,10.09052848815918,0-17
12.0,16.235176,4.235176086425781,4.235176086425781,0-17
24.0,25.662844,1.6628437042236328,1.6628437042236328,18-29
64.0,63.696407,-0.3035926818847656,0.3035926818847656,60-74
16.0,21.037306,5.03730583190918,5.03730583190918,0-17
60.0,54.454002,-5.545997619628906,5.545997619628906,60-74
73.0,64.77849,-8.221511840820312,8.221511840820312,60-74
35.0,26.602573,-8.39742660522461,8.39742660522461,30-44
69.0,75.18237,6.182373046875,6.182373046875,60-74
32.0,35.166454,3.166454315185547,3.166454315185547,30-44
77.0,68.07219,-8.927810668945312,8.927810668945312,75+
12.0,41.089638,29.089637756347656,29.089637756347656,0-17
61.0,58.813145,-2.1868553161621094,2.1868553161621094,60-74
55.0,51.385414,-3.6145858764648438,3.6145858764648438,45-59
51.0,47.16417,-3.8358306884765625,3.8358306884765625,45-59
34.0,38.77484,4.77484130859375,4.77484130859375,30-44
73.0,63.89247,-9.107528686523438,9.107528686523438,60-74
22.0,22.64092,0.6409206390380859,0.6409206390380859,18-29
16.0,25.223392,9.223392486572266,9.223392486572266,0-17
64.0,61.409927,-2.5900726318359375,2.5900726318359375,60-74
34.0,28.554865,-5.445135116577148,5.445135116577148,30-44
12.0,13.402174,1.4021739959716797,1.4021739959716797,0-17
77.0,66.781265,-10.218734741210938,10.218734741210938,75+
27.0,48.40948,21.409481048583984,21.409481048583984,18-29
14.0,27.474094,13.47409439086914,13.47409439086914,0-17
42.0,51.673004,9.673004150390625,9.673004150390625,30-44
44.0,40.72977,-3.2702293395996094,3.2702293395996094,30-44
25.0,35.23154,10.23154067993164,10.23154067993164,18-29
25.0,57.039463,32.03946304321289,32.03946304321289,18-29
38.0,39.384243,1.3842430114746094,1.3842430114746094,30-44
47.0,50.626938,3.6269378662109375,3.6269378662109375,45-59
45.0,28.085052,-16.914947509765625,16.914947509765625,45-59
70.0,58.01348,-11.986518859863281,11.986518859863281,60-74
21.0,42.99778,21.997779846191406,21.997779846191406,18-29
64.0,64.22833,0.22833251953125,0.22833251953125,60-74
42.0,55.2197,13.21969985961914,13.21969985961914,30-44
70.0,40.43855,-29.561450958251953,29.561450958251953,60-74
29.0,34.575016,5.575016021728516,5.575016021728516,18-29
73.0,78.005325,5.0053253173828125,5.0053253173828125,60-74
15.0,8.49363,-6.506369590759277,6.506369590759277,0-17
38.0,28.774864,-9.225135803222656,9.225135803222656,30-44
46.0,43.253418,-2.74658203125,2.74658203125,45-59
54.0,65.70257,11.702568054199219,11.702568054199219,45-59
55.0,28.8955,-26.10449981689453,26.10449981689453,45-59
22.0,49.97962,27.97962188720703,27.97962188720703,18-29
61.0,60.63937,-0.3606300354003906,0.3606300354003906,60-74
31.0,41.74938,10.749378204345703,10.749378204345703,30-44
73.0,53.860615,-19.139385223388672,19.139385223388672,60-74
63.0,60.34149,-2.65850830078125,2.65850830078125,60-74
61.0,61.931458,0.93145751953125,0.93145751953125,60-74
78.0,59.40581,-18.594188690185547,18.594188690185547,75+
64.0,48.699802,-15.30019760131836,15.30019760131836,60-74
17.0,28.582954,11.582954406738281,11.582954406738281,0-17
33.0,31.789587,-1.2104129791259766,1.2104129791259766,30-44
15.0,14.479398,-0.5206022262573242,0.5206022262573242,0-17
32.0,30.90099,-1.0990104675292969,1.0990104675292969,30-44
75.0,78.16162,3.16162109375,3.16162109375,75+
21.0,21.908213,0.9082126617431641,0.9082126617431641,18-29
17.0,23.70055,6.700550079345703,6.700550079345703,0-17
42.0,46.829197,4.829196929931641,4.829196929931641,30-44
13.0,17.52362,4.52362060546875,4.52362060546875,0-17
30.0,23.219738,-6.780261993408203,6.780261993408203,30-44
21.0,30.133461,9.133460998535156,9.133460998535156,18-29
46.0,50.820026,4.820026397705078,4.820026397705078,45-59
65.0,62.722363,-2.277637481689453,2.277637481689453,60-74
29.0,36.027584,7.027584075927734,7.027584075927734,18-29
71.0,59.423138,-11.576862335205078,11.576862335205078,60-74
60.0,63.7901,3.79010009765625,3.79010009765625,60-74
28.0,32.96409,4.964088439941406,4.964088439941406,18-29
13.0,11.657759,-1.3422412872314453,1.3422412872314453,0-17
12.0,11.656032,-0.34396839141845703,0.34396839141845703,0-17
23.0,19.237772,-3.762228012084961,3.762228012084961,18-29
64.0,69.3467,5.346702575683594,5.346702575683594,60-74
16.0,23.961132,7.961132049560547,7.961132049560547,0-17
17.0,13.579692,-3.4203081130981445,3.4203081130981445,0-17
63.0,58.204674,-4.795326232910156,4.795326232910156,60-74
40.0,35.346462,-4.653537750244141,4.653537750244141,30-44
53.0,38.282925,-14.71707534790039,14.71707534790039,45-59
46.0,61.640762,15.640762329101562,15.640762329101562,45-59
31.0,29.243626,-1.7563743591308594,1.7563743591308594,30-44
44.0,52.260605,8.260604858398438,8.260604858398438,30-44
18.0,23.063503,5.063503265380859,5.063503265380859,18-29
70.0,54.358986,-15.641014099121094,15.641014099121094,60-74
16.0,20.431635,4.431634902954102,4.431634902954102,0-17
13.0,14.342609,1.3426094055175781,1.3426094055175781,0-17
34.0,50.200554,16.20055389404297,16.20055389404297,30-44
56.0,47.302914,-8.697086334228516,8.697086334228516,45-59
26.0,24.263811,-1.7361888885498047,1.7361888885498047,18-29
45.0,39.720703,-5.279296875,5.279296875,45-59
35.0,32.39912,-2.600879669189453,2.600879669189453,30-44
37.0,32.662003,-4.3379974365234375,4.3379974365234375,30-44
18.0,19.033981,1.0339813232421875,1.0339813232421875,18-29
64.0,60.646957,-3.3530426025390625,3.3530426025390625,60-74
51.0,55.547848,4.547847747802734,4.547847747802734,45-59
12.0,14.156104,2.15610408782959,2.15610408782959,0-17
71.0,39.725548,-31.274452209472656,31.274452209472656,60-74
12.0,12.215941,0.2159414291381836,0.2159414291381836,0-17
55.0,56.353416,1.3534164428710938,1.3534164428710938,45-59
40.0,28.82417,-11.175830841064453,11.175830841064453,30-44
22.0,26.85405,4.8540496826171875,4.8540496826171875,18-29
33.0,29.422117,-3.577882766723633,3.577882766723633,30-44
49.0,56.821648,7.821647644042969,7.821647644042969,45-59
74.0,54.06963,-19.930370330810547,19.930370330810547,60-74
32.0,38.929848,6.929847717285156,6.929847717285156,30-44
12.0,18.496403,6.496402740478516,6.496402740478516,0-17
16.0,25.535341,9.535341262817383,9.535341262817383,0-17
14.0,18.194313,4.194313049316406,4.194313049316406,0-17
54.0,47.871155,-6.12884521484375,6.12884521484375,45-59
30.0,23.219738,-6.780261993408203,6.780261993408203,30-44
60.0,29.746498,-30.253501892089844,30.253501892089844,60-74
22.0,14.494853,-7.5051469802856445,7.5051469802856445,18-29
24.0,35.21014,11.210140228271484,11.210140228271484,18-29
58.0,54.82833,-3.1716690063476562,3.1716690063476562,45-59
49.0,31.921967,-17.078033447265625,17.078033447265625,45-59
14.0,14.874575,0.8745746612548828,0.8745746612548828,0-17
67.0,54.890205,-12.109794616699219,12.109794616699219,60-74
61.0,45.22373,-15.77627182006836,15.77627182006836,60-74
13.0,13.4554,0.4554004669189453,0.4554004669189453,0-17
58.0,57.39463,-0.6053695678710938,0.6053695678710938,45-59
70.0,69.105705,-0.8942947387695312,0.8942947387695312,60-74
32.0,30.215702,-1.7842979431152344,1.7842979431152344,30-44
68.0,69.144066,1.1440658569335938,1.1440658569335938,60-74
72.0,69.77286,-2.227142333984375,2.227142333984375,60-74
19.0,35.587387,16.587387084960938,16.587387084960938,18-29
42.0,44.84572,2.8457183837890625,2.8457183837890625,30-44
44.0,59.353348,15.353347778320312,15.353347778320312,30-44
77.0,49.747604,-27.252395629882812,27.252395629882812,75+
43.0,48.272537,5.2725372314453125,5.2725372314453125,30-44
23.0,35.644657,12.644657135009766,12.644657135009766,18-29
22.0,26.657167,4.657167434692383,4.657167434692383,18-29
55.0,46.28751,-8.71249008178711,8.71249008178711,45-59
45.0,44.102604,-0.8973960876464844,0.8973960876464844,45-59
67.0,57.934284,-9.065715789794922,9.065715789794922,60-74
58.0,58.60547,0.60546875,0.60546875,45-59
21.0,28.910486,7.910486221313477,7.910486221313477,18-29
22.0,30.24726,8.247259140014648,8.247259140014648,18-29
56.0,54.644993,-1.3550071716308594,1.3550071716308594,45-59
51.0,32.75524,-18.24475860595703,18.24475860595703,45-59
34.0,36.02029,2.0202903747558594,2.0202903747558594,30-44
36.0,55.740913,19.74091339111328,19.74091339111328,30-44
26.0,28.669203,2.6692028045654297,2.6692028045654297,18-29
61.0,55.555164,-5.444835662841797,5.444835662841797,60-74
78.0,48.914043,-29.085956573486328,29.085956573486328,75+
15.0,19.520205,4.520204544067383,4.520204544067383,0-17
70.0,58.857964,-11.142036437988281,11.142036437988281,60-74
67.0,68.16265,1.1626510620117188,1.1626510620117188,60-74
41.0,49.18751,8.187511444091797,8.187511444091797,30-44
60.0,57.296425,-2.7035751342773438,2.7035751342773438,60-74
66.0,66.25483,0.25482940673828125,0.25482940673828125,60-74
27.0,48.540165,21.540164947509766,21.540164947509766,18-29
60.0,60.24618,0.24618148803710938,0.24618148803710938,60-74
47.0,40.109505,-6.890495300292969,6.890495300292969,45-59
41.0,33.65783,-7.342170715332031,7.342170715332031,30-44
18.0,24.116373,6.116373062133789,6.116373062133789,18-29
40.0,42.210007,2.2100067138671875,2.2100067138671875,30-44
21.0,22.374636,1.3746356964111328,1.3746356964111328,18-29
27.0,35.35767,8.357669830322266,8.357669830322266,18-29
52.0,51.54377,-0.45623016357421875,0.45623016357421875,45-59
66.0,53.863342,-12.13665771484375,12.13665771484375,60-74
55.0,66.44727,11.447273254394531,11.447273254394531,45-59
15.0,18.72251,3.7225093841552734,3.7225093841552734,0-17
71.0,61.882908,-9.11709213256836,9.11709213256836,60-74
71.0,66.876366,-4.123634338378906,4.123634338378906,60-74
69.0,70.2574,1.2574005126953125,1.2574005126953125,60-74
36.0,51.139595,15.139595031738281,15.139595031738281,30-44
61.0,46.30114,-14.698860168457031,14.698860168457031,60-74
72.0,66.45689,-5.543113708496094,5.543113708496094,60-74
16.0,52.12049,36.12049102783203,36.12049102783203,0-17
77.0,78.11493,1.11492919921875,1.11492919921875,75+
32.0,34.721237,2.7212371826171875,2.7212371826171875,30-44
23.0,27.139074,4.139074325561523,4.139074325561523,18-29
17.0,18.78556,1.7855606079101562,1.7855606079101562,0-17
69.0,66.9106,-2.0894012451171875,2.0894012451171875,60-74
43.0,61.92454,18.924541473388672,18.924541473388672,30-44
39.0,40.964314,1.9643135070800781,1.9643135070800781,30-44
67.0,57.402855,-9.597145080566406,9.597145080566406,60-74
29.0,17.133987,-11.866012573242188,11.866012573242188,18-29
68.0,68.05239,0.05239105224609375,0.05239105224609375,60-74
16.0,43.247925,27.2479248046875,27.2479248046875,0-17
56.0,43.423588,-12.576412200927734,12.576412200927734,45-59
69.0,59.17337,-9.826629638671875,9.826629638671875,60-74
52.0,44.880466,-7.119533538818359,7.119533538818359,45-59
28.0,51.479267,23.479267120361328,23.479267120361328,18-29
41.0,27.358257,-13.641742706298828,13.641742706298828,30-44
52.0,73.31678,21.31678009033203,21.31678009033203,45-59
50.0,57.26485,7.264850616455078,7.264850616455078,45-59
18.0,22.941525,4.941524505615234,4.941524505615234,18-29
14.0,21.98935,7.989349365234375,7.989349365234375,0-17
19.0,20.141417,1.1414165496826172,1.1414165496826172,18-29
59.0,50.296307,-8.703693389892578,8.703693389892578,45-59
39.0,34.851227,-4.148773193359375,4.148773193359375,30-44
50.0,48.366028,-1.63397216796875,1.63397216796875,45-59
35.0,25.293417,-9.706583023071289,9.706583023071289,30-44
15.0,18.855413,3.8554134368896484,3.8554134368896484,0-17
42.0,48.42078,6.420780181884766,6.420780181884766,30-44
70.0,44.105953,-25.894046783447266,25.894046783447266,60-74
22.0,32.019405,10.019405364990234,10.019405364990234,18-29
25.0,24.437122,-0.5628776550292969,0.5628776550292969,18-29
71.0,76.509995,5.5099945068359375,5.5099945068359375,60-74
26.0,25.360624,-0.6393756866455078,0.6393756866455078,18-29
17.0,14.190667,-2.809332847595215,2.809332847595215,0-17
64.0,54.37472,-9.62527847290039,9.62527847290039,60-74
12.0,15.6462755,3.646275520324707,3.646275520324707,0-17
40.0,46.50452,6.504520416259766,6.504520416259766,30-44
37.0,33.074635,-3.925365447998047,3.925365447998047,30-44
13.0,16.247852,3.247852325439453,3.247852325439453,0-17
22.0,29.845797,7.845796585083008,7.845796585083008,18-29
20.0,20.629635,0.6296348571777344,0.6296348571777344,18-29
18.0,16.48224,-1.5177593231201172,1.5177593231201172,18-29
71.0,62.384556,-8.61544418334961,8.61544418334961,60-74
46.0,57.273857,11.273857116699219,11.273857116699219,45-59
15.0,16.47017,1.4701690673828125,1.4701690673828125,0-17
68.0,64.91838,-3.0816192626953125,3.0816192626953125,60-74
20.0,19.735565,-0.264434814453125,0.264434814453125,18-29
51.0,49.00414,-1.9958610534667969,1.9958610534667969,45-59
30.0,29.442997,-0.5570030212402344,0.5570030212402344,30-44
22.0,28.377392,6.377391815185547,6.377391815185547,18-29
33.0,29.844864,-3.1551361083984375,3.1551361083984375,30-44
45.0,43.930004,-1.0699958801269531,1.0699958801269531,45-59
26.0,20.824638,-5.175361633300781,5.175361633300781,18-29
19.0,36.415234,17.415233612060547,17.415233612060547,18-29
14.0,12.421397,-1.5786027908325195,1.5786027908325195,0-17
14.0,14.476806,0.4768056869506836,0.4768056869506836,0-17
14.0,24.450146,10.450145721435547,10.450145721435547,0-17
42.0,37.830822,-4.169178009033203,4.169178009033203,30-44
17.0,38.905163,21.905162811279297,21.905162811279297,0-17
64.0,54.580532,-9.41946792602539,9.41946792602539,60-74
47.0,43.83807,-3.1619300842285156,3.1619300842285156,45-59
24.0,17.10888,-6.891120910644531,6.891120910644531,18-29
44.0,27.65724,-16.34276008605957,16.34276008605957,30-44
46.0,35.250492,-10.749507904052734,10.749507904052734,45-59
65.0,67.49455,2.4945526123046875,2.4945526123046875,60-74
57.0,52.19453,-4.805469512939453,4.805469512939453,45-59
79.0,49.672966,-29.32703399658203,29.32703399658203,75+
45.0,31.854692,-13.145307540893555,13.145307540893555,45-59
54.0,45.54785,-8.4521484375,8.4521484375,45-59
70.0,61.873062,-8.126937866210938,8.126937866210938,60-74
51.0,49.014034,-1.9859657287597656,1.9859657287597656,45-59
40.0,53.98359,13.983589172363281,13.983589172363281,30-44
32.0,32.007225,0.00722503662109375,0.00722503662109375,30-44
15.0,25.155338,10.155338287353516,10.155338287353516,0-17
48.0,59.30123,11.301231384277344,11.301231384277344,45-59
38.0,46.16822,8.168220520019531,8.168220520019531,30-44
29.0,33.823933,4.823932647705078,4.823932647705078,18-29
62.0,58.014183,-3.9858169555664062,3.9858169555664062,60-74
64.0,51.81238,-12.187618255615234,12.187618255615234,60-74
55.0,49.44359,-5.5564117431640625,5.5564117431640625,45-59
31.0,44.072414,13.07241439819336,13.07241439819336,30-44
45.0,30.631292,-14.368707656860352,14.368707656860352,45-59
18.0,21.474419,3.4744186401367188,3.4744186401367188,18-29
74.0,48.847797,-25.152202606201172,25.152202606201172,60-74
59.0,57.391193,-1.6088066101074219,1.6088066101074219,45-59
48.0,44.581516,-3.4184837341308594,3.4184837341308594,45-59
18.0,20.607616,2.607616424560547,2.607616424560547,18-29
54.0,39.885494,-14.114505767822266,14.114505767822266,45-59
60.0,69.87232,9.872322082519531,9.872322082519531,60-74
62.0,51.53263,-10.467369079589844,10.467369079589844,60-74
67.0,63.59749,-3.4025115966796875,3.4025115966796875,60-74
73.0,72.36421,-0.6357879638671875,0.6357879638671875,60-74
41.0,42.095703,1.095703125,1.095703125,30-44
59.0,40.83359,-18.16640853881836,18.16640853881836,45-59
57.0,56.082577,-0.9174232482910156,0.9174232482910156,45-59
15.0,11.868871,-3.131129264831543,3.131129264831543,0-17
44.0,42.840546,-1.159454345703125,1.159454345703125,30-44
79.0,67.094666,-11.90533447265625,11.90533447265625,75+
45.0,44.685158,-0.31484222412109375,0.31484222412109375,45-59
79.0,69.51353,-9.486473083496094,9.486473083496094,75+
74.0,57.263847,-16.73615264892578,16.73615264892578,60-74
44.0,52.233795,8.233795166015625,8.233795166015625,30-44
16.0,34.3941,18.394100189208984,18.394100189208984,0-17
38.0,27.534185,-10.465814590454102,10.465814590454102,30-44
54.0,29.02835,-24.971649169921875,24.971649169921875,45-59
62.0,57.925175,-4.074825286865234,4.074825286865234,60-74
74.0,73.3187,-0.6812973022460938,0.6812973022460938,60-74
27.0,39.44042,12.440418243408203,12.440418243408203,18-29
44.0,47.77377,3.7737693786621094,3.7737693786621094,30-44
65.0,50.346607,-14.653392791748047,14.653392791748047,60-74
18.0,24.400421,6.400421142578125,6.400421142578125,18-29
26.0,33.318745,7.318744659423828,7.318744659423828,18-29
33.0,40.153748,7.15374755859375,7.15374755859375,30-44
33.0,29.6701,-3.3299007415771484,3.3299007415771484,30-44
33.0,32.07624,-0.9237594604492188,0.9237594604492188,30-44
40.0,39.266823,-0.7331771850585938,0.7331771850585938,30-44
38.0,41.547867,3.5478668212890625,3.5478668212890625,30-44
71.0,60.672455,-10.327545166015625,10.327545166015625,60-74
64.0,57.445988,-6.554012298583984,6.554012298583984,60-74
64.0,54.735363,-9.264636993408203,9.264636993408203,60-74
29.0,29.273993,0.27399253845214844,0.27399253845214844,18-29
58.0,51.23684,-6.763160705566406,6.763160705566406,45-59
18.0,32.00177,14.00177001953125,14.00177001953125,18-29
34.0,38.17876,4.178760528564453,4.178760528564453,30-44
53.0,45.25172,-7.748279571533203,7.748279571533203,45-59
24.0,37.70873,13.708728790283203,13.708728790283203,18-29
19.0,27.57523,8.57522964477539,8.57522964477539,18-29
31.0,33.11364,2.1136398315429688,2.1136398315429688,30-44
73.0,65.15265,-7.84735107421875,7.84735107421875,60-74
12.0,13.145572,1.1455717086791992,1.1455717086791992,0-17
17.0,25.949324,8.949323654174805,8.949323654174805,0-17
15.0,29.857224,14.857223510742188,14.857223510742188,0-17
60.0,62.753418,2.75341796875,2.75341796875,60-74
64.0,52.622066,-11.377933502197266,11.377933502197266,60-74
19.0,23.888786,4.888786315917969,4.888786315917969,18-29
62.0,23.520933,-38.47906684875488,38.47906684875488,60-74
70.0,66.42955,-3.5704498291015625,3.5704498291015625,60-74
73.0,66.34645,-6.6535491943359375,6.6535491943359375,60-74
57.0,55.56079,-1.439208984375,1.439208984375,45-59
18.0,26.993444,8.993444442749023,8.993444442749023,18-29
42.0,53.908802,11.908802032470703,11.908802032470703,30-44
25.0,41.874523,16.874523162841797,16.874523162841797,18-29
73.0,58.427696,-14.572303771972656,14.572303771972656,60-74
32.0,30.654951,-1.3450489044189453,1.3450489044189453,30-44
62.0,57.480156,-4.519844055175781,4.519844055175781,60-74
71.0,52.460136,-18.53986358642578,18.53986358642578,60-74
38.0,38.994755,0.9947547912597656,0.9947547912597656,30-44
35.0,32.90309,-2.0969085693359375,2.0969085693359375,30-44
33.0,44.24039,11.24039077758789,11.24039077758789,30-44
42.0,22.590446,-19.40955352783203,19.40955352783203,30-44
36.0,33.156975,-2.8430252075195312,2.8430252075195312,30-44
16.0,17.04121,1.0412101745605469,1.0412101745605469,0-17
58.0,59.523193,1.523193359375,1.523193359375,45-59
33.0,33.85576,0.8557586669921875,0.8557586669921875,30-44
13.0,18.849586,5.849586486816406,5.849586486816406,0-17
55.0,52.74807,-2.2519302368164062,2.2519302368164062,45-59
58.0,43.32331,-14.676689147949219,14.676689147949219,45-59
16.0,14.755674,-1.2443256378173828,1.2443256378173828,0-17
48.0,57.70149,9.701488494873047,9.701488494873047,45-59
19.0,24.848942,5.848941802978516,5.848941802978516,18-29
77.0,54.51822,-22.481781005859375,22.481781005859375,75+
46.0,45.95939,-0.04061126708984375,0.04061126708984375,45-59
46.0,58.118637,12.118637084960938,12.118637084960938,45-59
15.0,27.951586,12.95158576965332,12.95158576965332,0-17
21.0,28.75899,7.758989334106445,7.758989334106445,18-29
44.0,45.234768,1.2347679138183594,1.2347679138183594,30-44
85.0,67.10733,-17.892669677734375,17.892669677734375,75+
20.0,18.789375,-1.2106246948242188,1.2106246948242188,18-29
23.0,49.216167,26.216167449951172,26.216167449951172,18-29
22.0,28.333761,6.333761215209961,6.333761215209961,18-29
18.0,23.952267,5.952266693115234,5.952266693115234,18-29
39.0,28.70267,-10.297330856323242,10.297330856323242,30-44
45.0,27.138336,-17.861663818359375,17.861663818359375,45-59
45.0,45.57029,0.5702896118164062,0.5702896118164062,45-59
30.0,30.69405,0.6940498352050781,0.6940498352050781,30-44
77.0,73.45296,-3.5470428466796875,3.5470428466796875,75+
52.0,45.9119,-6.088100433349609,6.088100433349609,45-59
75.0,71.17266,-3.8273391723632812,3.8273391723632812,75+
43.0,52.90217,9.902168273925781,9.902168273925781,30-44
37.0,60.612694,23.612693786621094,23.612693786621094,30-44
15.0,29.78241,14.78240966796875,14.78240966796875,0-17
65.0,43.676582,-21.32341766357422,21.32341766357422,60-74
37.0,36.448757,-0.5512428283691406,0.5512428283691406,30-44
42.0,36.909275,-5.090724945068359,5.090724945068359,30-44
13.0,31.514635,18.51463508605957,18.51463508605957,0-17
18.0,23.19628,5.196279525756836,5.196279525756836,18-29
66.0,61.22043,-4.779571533203125,4.779571533203125,60-74
74.0,56.62107,-17.378929138183594,17.378929138183594,60-74
16.0,25.283232,9.283231735229492,9.283231735229492,0-17
63.0,68.38134,5.381340026855469,5.381340026855469,60-74
32.0,28.875988,-3.124011993408203,3.124011993408203,30-44
60.0,43.915173,-16.084827423095703,16.084827423095703,60-74
20.0,36.719498,16.719497680664062,16.719497680664062,18-29
27.0,36.971928,9.971927642822266,9.971927642822266,18-29
64.0,58.857746,-5.142253875732422,5.142253875732422,60-74
21.0,28.194204,7.194204330444336,7.194204330444336,18-29
60.0,41.827087,-18.17291259765625,18.17291259765625,60-74
43.0,55.74515,12.74515151977539,12.74515151977539,30-44
74.0,64.37204,-9.627960205078125,9.627960205078125,60-74
12.0,16.780214,4.780214309692383,4.780214309692383,0-17
24.0,20.39473,-3.6052703857421875,3.6052703857421875,18-29
26.0,28.815239,2.8152389526367188,2.8152389526367188,18-29
45.0,44.751194,-0.24880599975585938,0.24880599975585938,45-59
38.0,46.26765,8.267650604248047,8.267650604248047,30-44
20.0,22.601858,2.601858139038086,2.601858139038086,18-29
19.0,22.885525,3.8855247497558594,3.8855247497558594,18-29
67.0,66.61717,-0.3828277587890625,0.3828277587890625,60-74
28.0,45.45876,17.458759307861328,17.458759307861328,18-29
25.0,36.305016,11.305015563964844,11.305015563964844,18-29
71.0,53.812523,-17.187477111816406,17.187477111816406,60-74
68.0,50.06022,-17.939781188964844,17.939781188964844,60-74
47.0,19.92895,-27.0710506439209,27.0710506439209,45-59
16.0,33.390892,17.390892028808594,17.390892028808594,0-17
16.0,24.753458,8.753458023071289,8.753458023071289,0-17
13.0,17.607819,4.607818603515625,4.607818603515625,0-17
57.0,53.962574,-3.037425994873047,3.037425994873047,45-59
30.0,38.5493,8.549301147460938,8.549301147460938,30-44
78.0,71.60543,-6.394569396972656,6.394569396972656,75+
74.0,70.72495,-3.2750473022460938,3.2750473022460938,60-74
53.0,32.235752,-20.76424789428711,20.76424789428711,45-59
71.0,71.87519,0.8751907348632812,0.8751907348632812,60-74
17.0,33.206867,16.206867218017578,16.206867218017578,0-17
43.0,47.200302,4.2003021240234375,4.2003021240234375,30-44
45.0,49.726433,4.726432800292969,4.726432800292969,45-59
16.0,23.486153,7.486152648925781,7.486152648925781,0-17
31.0,29.789783,-1.2102165222167969,1.2102165222167969,30-44
68.0,64.23901,-3.760986328125,3.760986328125,60-74
65.0,60.99105,-4.008949279785156,4.008949279785156,60-74
30.0,23.534933,-6.465066909790039,6.465066909790039,30-44
63.0,58.213554,-4.786445617675781,4.786445617675781,60-74
29.0,25.23236,-3.76763916015625,3.76763916015625,18-29
84.0,70.06679,-13.933212280273438,13.933212280273438,75+
60.0,48.158512,-11.841487884521484,11.841487884521484,60-74
64.0,60.740288,-3.2597122192382812,3.2597122192382812,60-74
67.0,65.973236,-1.026763916015625,1.026763916015625,60-74
60.0,61.86012,1.8601188659667969,1.8601188659667969,60-74
51.0,46.329277,-4.670722961425781,4.670722961425781,45-59
58.0,55.124695,-2.87530517578125,2.87530517578125,45-59
31.0,31.384344,0.38434410095214844,0.38434410095214844,30-44
57.0,62.276527,5.276527404785156,5.276527404785156,45-59
29.0,30.213413,1.2134132385253906,1.2134132385253906,18-29
51.0,51.601265,0.6012649536132812,0.6012649536132812,45-59
56.0,50.154877,-5.845123291015625,5.845123291015625,45-59
40.0,38.28798,-1.7120208740234375,1.7120208740234375,30-44
75.0,74.93985,-0.060150146484375,0.060150146484375,75+
61.0,58.45953,-2.5404701232910156,2.5404701232910156,60-74
72.0,71.24192,-0.7580795288085938,0.7580795288085938,60-74
28.0,28.988407,0.9884071350097656,0.9884071350097656,18-29
29.0,55.91794,26.917938232421875,26.917938232421875,18-29
73.0,68.73946,-4.260536193847656,4.260536193847656,60-74
53.0,48.971745,-4.028255462646484,4.028255462646484,45-59
30.0,27.636766,-2.3632335662841797,2.3632335662841797,30-44
15.0,21.95238,6.95237922668457,6.95237922668457,0-17
43.0,42.793804,-0.20619583129882812,0.20619583129882812,30-44
53.0,35.466084,-17.533916473388672,17.533916473388672,45-59
26.0,26.021086,0.021085739135742188,0.021085739135742188,18-29
19.0,35.557407,16.55740737915039,16.55740737915039,18-29
41.0,55.192924,14.192924499511719,14.192924499511719,30-44
82.0,68.704735,-13.295265197753906,13.295265197753906,75+
24.0,45.738365,21.738365173339844,21.738365173339844,18-29
46.0,38.517113,-7.482887268066406,7.482887268066406,45-59
79.0,58.306324,-20.693675994873047,20.693675994873047,75+
81.0,61.20357,-19.796428680419922,19.796428680419922,75+
19.0,33.232857,14.232856750488281,14.232856750488281,18-29
13.0,23.060286,10.060285568237305,10.060285568237305,0-17
77.0,73.83471,-3.1652908325195312,3.1652908325195312,75+
56.0,54.929646,-1.0703544616699219,1.0703544616699219,45-59
37.0,33.09029,-3.909709930419922,3.909709930419922,30-44
19.0,25.328022,6.328022003173828,6.328022003173828,18-29
40.0,33.934784,-6.065216064453125,6.065216064453125,30-44
54.0,46.29491,-7.705089569091797,7.705089569091797,45-59
85.0,64.01967,-20.980331420898438,20.980331420898438,75+
59.0,57.578033,-1.421966552734375,1.421966552734375,45-59
41.0,33.016598,-7.983402252197266,7.983402252197266,30-44
46.0,40.669125,-5.330875396728516,5.330875396728516,45-59
20.0,28.384247,8.384246826171875,8.384246826171875,18-29
77.0,55.847797,-21.152202606201172,21.152202606201172,75+
27.0,32.117073,5.117073059082031,5.117073059082031,18-29
79.0,44.253395,-34.746604919433594,34.746604919433594,75+
32.0,36.82735,4.827350616455078,4.827350616455078,30-44
13.0,13.8217945,0.8217945098876953,0.8217945098876953,0-17
42.0,57.420082,15.420082092285156,15.420082092285156,30-44
59.0,53.862385,-5.137615203857422,5.137615203857422,45-59
25.0,41.874523,16.874523162841797,16.874523162841797,18-29
55.0,57.680466,2.6804656982421875,2.6804656982421875,45-59
16.0,26.274559,10.274559020996094,10.274559020996094,0-17
61.0,60.256527,-0.7434730529785156,0.7434730529785156,60-74
12.0,14.0182,2.018199920654297,2.018199920654297,0-17
15.0,33.117058,18.11705780029297,18.11705780029297,0-17
25.0,35.95419,10.95418930053711,10.95418930053711,18-29
46.0,45.207756,-0.7922439575195312,0.7922439575195312,45-59
62.0,66.293465,4.293464660644531,4.293464660644531,60-74
46.0,52.00911,6.0091094970703125,6.0091094970703125,45-59
16.0,13.658247,-2.3417530059814453,2.3417530059814453,0-17
72.0,44.1932,-27.806800842285156,27.806800842285156,60-74
68.0,55.630493,-12.3695068359375,12.3695068359375,60-74
64.0,63.44955,-0.5504493713378906,0.5504493713378906,60-74
48.0,51.351513,3.351512908935547,3.351512908935547,45-59
15.0,23.452942,8.45294189453125,8.45294189453125,0-17
72.0,64.26425,-7.735748291015625,7.735748291015625,60-74
47.0,52.604855,5.604854583740234,5.604854583740234,45-59
73.0,59.532177,-13.467823028564453,13.467823028564453,60-74
21.0,43.146225,22.146224975585938,22.146224975585938,18-29
73.0,69.1375,-3.8625030517578125,3.8625030517578125,60-74
30.0,29.20194,-0.7980594635009766,0.7980594635009766,30-44
23.0,24.170141,1.1701412200927734,1.1701412200927734,18-29
39.0,57.319378,18.319377899169922,18.319377899169922,30-44
28.0,42.159832,14.159832000732422,14.159832000732422,18-29
53.0,40.87839,-12.12160873413086,12.12160873413086,45-59
52.0,40.20912,-11.790878295898438,11.790878295898438,45-59
43.0,54.357307,11.357307434082031,11.357307434082031,30-44
29.0,23.705128,-5.294872283935547,5.294872283935547,18-29
12.0,14.715353,2.715353012084961,2.715353012084961,0-17
15.0,21.435123,6.435123443603516,6.435123443603516,0-17
26.0,35.08949,9.089488983154297,9.089488983154297,18-29
69.0,66.59693,-2.4030685424804688,2.4030685424804688,60-74
47.0,35.14022,-11.859779357910156,11.859779357910156,45-59
63.0,49.64465,-13.355350494384766,13.355350494384766,60-74
20.0,26.449503,6.449502944946289,6.449502944946289,18-29
71.0,56.925632,-14.07436752319336,14.07436752319336,60-74
12.0,12.870052,0.8700523376464844,0.8700523376464844,0-17
49.0,45.928078,-3.0719223022460938,3.0719223022460938,45-59
58.0,48.327538,-9.672462463378906,9.672462463378906,45-59
16.0,14.389665,-1.610335350036621,1.610335350036621,0-17
40.0,46.725204,6.7252044677734375,6.7252044677734375,30-44
52.0,48.979084,-3.020915985107422,3.020915985107422,45-59
34.0,46.09949,12.099491119384766,12.099491119384766,30-44
69.0,57.014935,-11.985065460205078,11.985065460205078,60-74
61.0,35.484802,-25.51519775390625,25.51519775390625,60-74
58.0,56.516518,-1.4834823608398438,1.4834823608398438,45-59
27.0,31.453417,4.45341682434082,4.45341682434082,18-29
14.0,14.322201,0.3222007751464844,0.3222007751464844,0-17
59.0,61.508762,2.5087623596191406,2.5087623596191406,45-59
38.0,51.698116,13.698116302490234,13.698116302490234,30-44
67.0,69.93042,2.930419921875,2.930419921875,60-74
12.0,15.7563305,3.7563304901123047,3.7563304901123047,0-17
41.0,52.243824,11.243824005126953,11.243824005126953,30-44
43.0,53.035725,10.035724639892578,10.035724639892578,30-44
17.0,44.569775,27.569774627685547,27.569774627685547,0-17
62.0,57.618965,-4.381034851074219,4.381034851074219,60-74
62.0,46.265057,-15.734943389892578,15.734943389892578,60-74
40.0,40.362072,0.3620719909667969,0.3620719909667969,30-44
42.0,52.128365,10.128364562988281,10.128364562988281,30-44
46.0,57.630043,11.630043029785156,11.630043029785156,45-59
63.0,66.99477,3.9947662353515625,3.9947662353515625,60-74
46.0,47.12791,1.1279106140136719,1.1279106140136719,45-59
16.0,19.522694,3.522693634033203,3.522693634033203,0-17
79.0,54.215412,-24.784587860107422,24.784587860107422,75+
55.0,39.790134,-15.20986557006836,15.20986557006836,45-59
54.0,49.40632,-4.593681335449219,4.593681335449219,45-59
64.0,56.780006,-7.219993591308594,7.219993591308594,60-74
65.0,56.352165,-8.647834777832031,8.647834777832031,60-74
69.0,59.885033,-9.114967346191406,9.114967346191406,60-74
64.0,59.92631,-4.073688507080078,4.073688507080078,60-74
12.0,10.304776,-1.6952238082885742,1.6952238082885742,0-17
70.0,42.879776,-27.120223999023438,27.120223999023438,60-74
48.0,51.289013,3.289012908935547,3.289012908935547,45-59
59.0,68.657265,9.657264709472656,9.657264709472656,45-59
37.0,62.641262,25.64126205444336,25.64126205444336,30-44
16.0,34.946663,18.94666290283203,18.94666290283203,0-17
61.0,48.120125,-12.879875183105469,12.879875183105469,60-74
56.0,53.2262,-2.7737998962402344,2.7737998962402344,45-59
54.0,53.951916,-0.048084259033203125,0.048084259033203125,45-59
51.0,46.92194,-4.078060150146484,4.078060150146484,45-59
34.0,49.219067,15.219066619873047,15.219066619873047,30-44
52.0,45.64612,-6.3538818359375,6.3538818359375,45-59
31.0,53.330692,22.330692291259766,22.330692291259766,30-44
53.0,56.125313,3.1253128051757812,3.1253128051757812,45-59
26.0,30.982733,4.982732772827148,4.982732772827148,18-29
52.0,52.598713,0.5987129211425781,0.5987129211425781,45-59
21.0,27.99083,6.9908294677734375,6.9908294677734375,18-29
41.0,27.387684,-13.612316131591797,13.612316131591797,30-44
53.0,50.12775,-2.8722496032714844,2.8722496032714844,45-59
44.0,38.334557,-5.665443420410156,5.665443420410156,30-44
46.0,35.18393,-10.816070556640625,10.816070556640625,45-59
51.0,32.240864,-18.759136199951172,18.759136199951172,45-59
77.0,73.358025,-3.6419754028320312,3.6419754028320312,75+
13.0,9.357604,-3.6423959732055664,3.6423959732055664,0-17
13.0,17.534792,4.534791946411133,4.534791946411133,0-17
65.0,57.050964,-7.94903564453125,7.94903564453125,60-74
26.0,14.652292,-11.347707748413086,11.347707748413086,18-29
73.0,63.145477,-9.854522705078125,9.854522705078125,60-74
28.0,31.116653,3.1166534423828125,3.1166534423828125,18-29
49.0,42.119347,-6.880653381347656,6.880653381347656,45-59
16.0,23.244598,7.244598388671875,7.244598388671875,0-17
74.0,55.51369,-18.486309051513672,18.486309051513672,60-74
39.0,38.417377,-0.5826225280761719,0.5826225280761719,30-44
67.0,65.92922,-1.0707778930664062,1.0707778930664062,60-74
18.0,21.314737,3.314737319946289,3.314737319946289,18-29
62.0,59.36366,-2.636341094970703,2.636341094970703,60-74
67.0,53.16981,-13.830188751220703,13.830188751220703,60-74
34.0,36.685978,2.6859779357910156,2.6859779357910156,30-44
53.0,48.198437,-4.801563262939453,4.801563262939453,45-59
47.0,45.51305,-1.4869499206542969,1.4869499206542969,45-59
70.0,48.04113,-21.95886993408203,21.95886993408203,60-74
13.0,43.612686,30.612686157226562,30.612686157226562,0-17
49.0,38.436935,-10.563064575195312,10.563064575195312,45-59
13.0,12.093559,-0.9064407348632812,0.9064407348632812,0-17
21.0,25.17949,4.1794891357421875,4.1794891357421875,18-29
71.0,52.514114,-18.485885620117188,18.485885620117188,60-74
21.0,24.86198,3.861980438232422,3.861980438232422,18-29
46.0,67.4548,21.454803466796875,21.454803466796875,45-59
18.0,40.206066,22.206066131591797,22.206066131591797,18-29
30.0,33.51782,3.5178184509277344,3.5178184509277344,30-44
41.0,19.957418,-21.04258155822754,21.04258155822754,30-44
18.0,20.408371,2.4083709716796875,2.4083709716796875,18-29
18.0,28.55598,10.555980682373047,10.555980682373047,18-29
37.0,57.68981,20.68981170654297,20.68981170654297,30-44
14.0,18.08971,4.089710235595703,4.089710235595703,0-17
65.0,63.339172,-1.66082763671875,1.66082763671875,60-74
61.0,61.642227,0.6422271728515625,0.6422271728515625,60-74
21.0,24.800665,3.8006649017333984,3.8006649017333984,18-29
66.0,57.396706,-8.603294372558594,8.603294372558594,60-74
67.0,45.686485,-21.313514709472656,21.313514709472656,60-74
47.0,47.139908,0.1399078369140625,0.1399078369140625,45-59
43.0,33.387302,-9.61269760131836,9.61269760131836,30-44
58.0,62.332172,4.332172393798828,4.332172393798828,45-59
49.0,37.01893,-11.981071472167969,11.981071472167969,45-59
41.0,50.669094,9.66909408569336,9.66909408569336,30-44
35.0,55.784187,20.78418731689453,20.78418731689453,30-44
25.0,23.892002,-1.1079978942871094,1.1079978942871094,18-29
70.0,55.24009,-14.759910583496094,14.759910583496094,60-74
44.0,54.15697,10.156970977783203,10.156970977783203,30-44
12.0,14.820662,2.8206615447998047,2.8206615447998047,0-17
75.0,77.30275,2.3027496337890625,2.3027496337890625,75+
79.0,55.75942,-23.240581512451172,23.240581512451172,75+
50.0,51.03199,1.0319900512695312,1.0319900512695312,45-59
73.0,63.88039,-9.119609832763672,9.119609832763672,60-74
45.0,49.92638,4.926380157470703,4.926380157470703,45-59
68.0,47.3999,-20.600101470947266,20.600101470947266,60-74
61.0,39.407104,-21.5928955078125,21.5928955078125,60-74
18.0,35.38099,17.38098907470703,17.38098907470703,18-29
46.0,60.271435,14.271434783935547,14.271434783935547,45-59
47.0,46.8087,-0.1912994384765625,0.1912994384765625,45-59
62.0,64.6734,2.67340087890625,2.67340087890625,60-74
76.0,69.306305,-6.693695068359375,6.693695068359375,75+
18.0,33.70617,15.706169128417969,15.706169128417969,18-29
38.0,42.180508,4.180507659912109,4.180507659912109,30-44
14.0,13.99004,-0.009960174560546875,0.009960174560546875,0-17
23.0,29.531412,6.531412124633789,6.531412124633789,18-29
71.0,61.500244,-9.499755859375,9.499755859375,60-74
30.0,25.028013,-4.971986770629883,4.971986770629883,30-44
63.0,47.670662,-15.329338073730469,15.329338073730469,60-74
49.0,57.089756,8.08975601196289,8.08975601196289,45-59
38.0,54.00813,16.008129119873047,16.008129119873047,30-44
58.0,47.684864,-10.315135955810547,10.315135955810547,45-59
12.0,18.496403,6.496402740478516,6.496402740478516,0-17
26.0,27.39353,1.3935298919677734,1.3935298919677734,18-29
31.0,40.318123,9.318122863769531,9.318122863769531,30-44
58.0,59.556732,1.556732177734375,1.556732177734375,45-59
66.0,51.862118,-14.137882232666016,14.137882232666016,60-74
71.0,67.07773,-3.922271728515625,3.922271728515625,60-74
39.0,57.51885,18.518848419189453,18.518848419189453,30-44
19.0,25.527922,6.527921676635742,6.527921676635742,18-29
35.0,33.77336,-1.2266387939453125,1.2266387939453125,30-44
53.0,51.43249,-1.5675086975097656,1.5675086975097656,45-59
75.0,63.767326,-11.232673645019531,11.232673645019531,75+
37.0,34.00769,-2.9923095703125,2.9923095703125,30-44
68.0,64.571236,-3.4287643432617188,3.4287643432617188,60-74
40.0,54.987316,14.987316131591797,14.987316131591797,30-44
42.0,45.095905,3.095905303955078,3.095905303955078,30-44
70.0,61.249096,-8.750904083251953,8.750904083251953,60-74
33.0,25.45328,-7.546720504760742,7.546720504760742,30-44
45.0,25.76303,-19.236970901489258,19.236970901489258,45-59
15.0,11.648803,-3.3511972427368164,3.3511972427368164,0-17
70.0,52.22883,-17.77117156982422,17.77117156982422,60-74
53.0,45.514767,-7.485233306884766,7.485233306884766,45-59
18.0,29.170069,11.170068740844727,11.170068740844727,18-29
25.0,44.20258,19.202579498291016,19.202579498291016,18-29
49.0,49.04384,0.0438385009765625,0.0438385009765625,45-59
31.0,26.525389,-4.474611282348633,4.474611282348633,30-44
63.0,69.64323,6.643226623535156,6.643226623535156,60-74
13.0,11.655256,-1.3447437286376953,1.3447437286376953,0-17
34.0,29.084188,-4.915811538696289,4.915811538696289,30-44
21.0,30.851717,9.851716995239258,9.851716995239258,18-29
39.0,33.180103,-5.819896697998047,5.819896697998047,30-44
18.0,30.1227,12.122699737548828,12.122699737548828,18-29
56.0,61.023155,5.023155212402344,5.023155212402344,45-59
42.0,60.797516,18.797515869140625,18.797515869140625,30-44
25.0,24.563057,-0.43694305419921875,0.43694305419921875,18-29
17.0,14.0127,-2.987299919128418,2.987299919128418,0-17
60.0,43.358532,-16.641468048095703,16.641468048095703,60-74
74.0,75.15324,1.1532363891601562,1.1532363891601562,60-74
16.0,17.986835,1.9868354797363281,1.9868354797363281,0-17
48.0,52.19748,4.197479248046875,4.197479248046875,45-59
26.0,43.575222,17.57522201538086,17.57522201538086,18-29
17.0,38.82394,21.82394027709961,21.82394027709961,0-17
41.0,44.65917,3.659168243408203,3.659168243408203,30-44
27.0,50.04044,23.04043960571289,23.04043960571289,18-29
56.0,52.266483,-3.7335166931152344,3.7335166931152344,45-59
67.0,68.381065,1.3810653686523438,1.3810653686523438,60-74
13.0,23.866114,10.866113662719727,10.866113662719727,0-17
65.0,50.145096,-14.854904174804688,14.854904174804688,60-74
15.0,13.421745,-1.5782546997070312,1.5782546997070312,0-17
15.0,9.925773,-5.074227333068848,5.074227333068848,0-17
41.0,46.771317,5.7713165283203125,5.7713165283203125,30-44
61.0,55.371315,-5.628684997558594,5.628684997558594,60-74
78.0,62.17568,-15.824321746826172,15.824321746826172,75+
12.0,8.819848,-3.18015193939209,3.18015193939209,0-17
12.0,12.343722,0.3437223434448242,0.3437223434448242,0-17
67.0,63.184334,-3.8156661987304688,3.8156661987304688,60-74
63.0,35.450054,-27.549945831298828,27.549945831298828,60-74
40.0,44.15461,4.154609680175781,4.154609680175781,30-44
33.0,40.846275,7.846275329589844,7.846275329589844,30-44
66.0,63.599083,-2.4009170532226562,2.4009170532226562,60-74
17.0,43.62126,26.621261596679688,26.621261596679688,0-17
75.0,46.69668,-28.303321838378906,28.303321838378906,75+
17.0,22.568268,5.568267822265625,5.568267822265625,0-17
62.0,61.617775,-0.38222503662109375,0.38222503662109375,60-74
41.0,56.754936,15.754936218261719,15.754936218261719,30-44
38.0,36.241642,-1.7583580017089844,1.7583580017089844,30-44
70.0,69.24671,-0.7532882690429688,0.7532882690429688,60-74
44.0,55.28183,11.281829833984375,11.281829833984375,30-44
12.0,16.299503,4.299503326416016,4.299503326416016,0-17
19.0,32.885567,13.885566711425781,13.885566711425781,18-29
54.0,56.536278,2.5362777709960938,2.5362777709960938,45-59
15.0,22.659586,7.659585952758789,7.659585952758789,0-17
56.0,51.23915,-4.7608489990234375,4.7608489990234375,45-59
23.0,34.596188,11.596187591552734,11.596187591552734,18-29
18.0,16.34981,-1.6501903533935547,1.6501903533935547,18-29
20.0,45.700314,25.700313568115234,25.700313568115234,18-29
25.0,30.437721,5.437721252441406,5.437721252441406,18-29
51.0,54.881622,3.881622314453125,3.881622314453125,45-59
19.0,25.26703,6.267030715942383,6.267030715942383,18-29
46.0,44.123955,-1.8760452270507812,1.8760452270507812,45-59
71.0,69.510506,-1.4894943237304688,1.4894943237304688,60-74
16.0,13.03444,-2.965559959411621,2.965559959411621,0-17
25.0,33.94877,8.948768615722656,8.948768615722656,18-29
46.0,48.63909,2.6390914916992188,2.6390914916992188,45-59
36.0,38.498257,2.4982566833496094,2.4982566833496094,30-44
13.0,17.851112,4.851112365722656,4.851112365722656,0-17
21.0,28.603682,7.603681564331055,7.603681564331055,18-29
15.0,14.236974,-0.763026237487793,0.763026237487793,0-17
69.0,64.69419,-4.305809020996094,4.305809020996094,60-74
35.0,34.187256,-0.812744140625,0.812744140625,30-44
49.0,52.94693,3.946929931640625,3.946929931640625,45-59
64.0,57.234154,-6.765846252441406,6.765846252441406,60-74
16.0,19.792332,3.7923316955566406,3.7923316955566406,0-17
46.0,51.3402,5.340198516845703,5.340198516845703,45-59
54.0,52.842182,-1.1578178405761719,1.1578178405761719,45-59
40.0,45.685406,5.685405731201172,5.685405731201172,30-44
58.0,61.717163,3.7171630859375,3.7171630859375,45-59
51.0,39.785694,-11.214305877685547,11.214305877685547,45-59
23.0,26.892,3.892000198364258,3.892000198364258,18-29
67.0,63.890892,-3.1091079711914062,3.1091079711914062,60-74
15.0,24.62977,9.629770278930664,9.629770278930664,0-17
25.0,35.944473,10.944473266601562,10.944473266601562,18-29
74.0,55.042595,-18.95740509033203,18.95740509033203,60-74
36.0,34.268612,-1.7313880920410156,1.7313880920410156,30-44
28.0,41.6198,13.619800567626953,13.619800567626953,18-29
73.0,67.76033,-5.2396697998046875,5.2396697998046875,60-74
65.0,54.719147,-10.280853271484375,10.280853271484375,60-74
57.0,60.85488,3.8548812866210938,3.8548812866210938,45-59
18.0,36.33409,18.334091186523438,18.334091186523438,18-29
53.0,42.770275,-10.229724884033203,10.229724884033203,45-59
26.0,28.795557,2.7955570220947266,2.7955570220947266,18-29
50.0,48.440887,-1.559112548828125,1.559112548828125,45-59
49.0,42.233818,-6.766181945800781,6.766181945800781,45-59
52.0,51.54913,-0.4508705139160156,0.4508705139160156,45-59
51.0,65.84157,14.841567993164062,14.841567993164062,45-59
21.0,27.492727,6.492727279663086,6.492727279663086,18-29
39.0,24.389097,-14.610902786254883,14.610902786254883,30-44
65.0,67.27206,2.2720565795898438,2.2720565795898438,60-74
23.0,35.298256,12.298255920410156,12.298255920410156,18-29
66.0,64.099625,-1.9003753662109375,1.9003753662109375,60-74
20.0,31.82973,11.829729080200195,11.829729080200195,18-29
35.0,38.80794,3.807941436767578,3.807941436767578,30-44
52.0,51.54913,-0.4508705139160156,0.4508705139160156,45-59
77.0,80.21335,3.213348388671875,3.213348388671875,75+
48.0,49.408054,1.4080543518066406,1.4080543518066406,45-59
81.0,43.92602,-37.073978424072266,37.073978424072266,75+
13.0,22.926937,9.926937103271484,9.926937103271484,0-17
23.0,35.944324,12.944324493408203,12.944324493408203,18-29
34.0,46.66362,12.663619995117188,12.663619995117188,30-44
63.0,61.21266,-1.7873382568359375,1.7873382568359375,60-74
39.0,36.231167,-2.7688331604003906,2.7688331604003906,30-44
57.0,62.76526,5.7652587890625,5.7652587890625,45-59
21.0,20.0747,-0.9253005981445312,0.9253005981445312,18-29
18.0,30.481619,12.481618881225586,12.481618881225586,18-29
77.0,46.909576,-30.090423583984375,30.090423583984375,75+
43.0,44.82087,1.8208694458007812,1.8208694458007812,30-44
18.0,30.81787,12.817869186401367,12.817869186401367,18-29
62.0,55.05886,-6.941139221191406,6.941139221191406,60-74
45.0,49.15943,4.159431457519531,4.159431457519531,45-59
40.0,41.210304,1.2103042602539062,1.2103042602539062,30-44
56.0,56.469658,0.46965789794921875,0.46965789794921875,45-59
43.0,49.361416,6.361415863037109,6.361415863037109,30-44
53.0,47.65991,-5.340091705322266,5.340091705322266,45-59
54.0,31.206665,-22.7933349609375,22.7933349609375,45-59
35.0,53.359356,18.359355926513672,18.359355926513672,30-44
74.0,71.77681,-2.2231903076171875,2.2231903076171875,60-74
17.0,24.18958,7.189580917358398,7.189580917358398,0-17
18.0,24.909267,6.909267425537109,6.909267425537109,18-29
56.0,35.86394,-20.136058807373047,20.136058807373047,45-59
20.0,27.275446,7.275445938110352,7.275445938110352,18-29
49.0,52.498337,3.4983367919921875,3.4983367919921875,45-59
45.0,48.65205,3.652050018310547,3.652050018310547,45-59
46.0,66.379814,20.37981414794922,20.37981414794922,45-59
53.0,52.52121,-0.478790283203125,0.478790283203125,45-59
38.0,31.461916,-6.538084030151367,6.538084030151367,30-44
19.0,21.44771,2.4477100372314453,2.4477100372314453,18-29
57.0,47.536243,-9.463756561279297,9.463756561279297,45-59
17.0,31.63395,14.633949279785156,14.633949279785156,0-17
40.0,44.831886,4.831886291503906,4.831886291503906,30-44
60.0,62.903557,2.9035568237304688,2.9035568237304688,60-74
44.0,48.76417,4.764171600341797,4.764171600341797,30-44
79.0,67.30842,-11.691581726074219,11.691581726074219,75+
64.0,55.7719,-8.228099822998047,8.228099822998047,60-74
36.0,30.352695,-5.647304534912109,5.647304534912109,30-44
14.0,38.057156,24.05715560913086,24.05715560913086,0-17
43.0,39.318546,-3.6814537048339844,3.6814537048339844,30-44
18.0,26.062037,8.062036514282227,8.062036514282227,18-29
16.0,15.788885,-0.21111488342285156,0.21111488342285156,0-17
63.0,63.446697,0.4466972351074219,0.4466972351074219,60-74
44.0,44.819927,0.8199272155761719,0.8199272155761719,30-44
16.0,44.703796,28.70379638671875,28.70379638671875,0-17
42.0,54.21456,12.214561462402344,12.214561462402344,30-44
58.0,58.940647,0.9406471252441406,0.9406471252441406,45-59
26.0,36.71261,10.712608337402344,10.712608337402344,18-29
44.0,31.891422,-12.108577728271484,12.108577728271484,30-44
23.0,38.237076,15.237075805664062,15.237075805664062,18-29
65.0,51.1822,-13.817798614501953,13.817798614501953,60-74
36.0,47.98253,11.982528686523438,11.982528686523438,30-44
17.0,29.754242,12.754241943359375,12.754241943359375,0-17
21.0,33.81722,12.817218780517578,12.817218780517578,18-29
36.0,37.739475,1.7394752502441406,1.7394752502441406,30-44
12.0,22.294142,10.29414176940918,10.29414176940918,0-17
37.0,58.900864,21.900863647460938,21.900863647460938,30-44
65.0,47.498142,-17.50185775756836,17.50185775756836,60-74
74.0,62.940556,-11.059444427490234,11.059444427490234,60-74
47.0,52.420288,5.4202880859375,5.4202880859375,45-59
47.0,30.767254,-16.232746124267578,16.232746124267578,45-59
12.0,8.217516,-3.7824840545654297,3.7824840545654297,0-17
58.0,50.838505,-7.161495208740234,7.161495208740234,45-59
36.0,33.467987,-2.532012939453125,2.532012939453125,30-44
14.0,13.791165,-0.20883464813232422,0.20883464813232422,0-17
53.0,56.909744,3.9097442626953125,3.9097442626953125,45-59
67.0,59.65233,-7.3476715087890625,7.3476715087890625,60-74
42.0,38.434788,-3.5652122497558594,3.5652122497558594,30-44
39.0,44.868484,5.8684844970703125,5.8684844970703125,30-44
16.0,28.829409,12.829408645629883,12.829408645629883,0-17
26.0,31.719007,5.71900749206543,5.71900749206543,18-29
75.0,32.297638,-42.702362060546875,42.702362060546875,75+
37.0,35.720882,-1.2791175842285156,1.2791175842285156,30-44
26.0,31.124617,5.124616622924805,5.124616622924805,18-29
25.0,21.31613,-3.683870315551758,3.683870315551758,18-29
44.0,45.842686,1.8426856994628906,1.8426856994628906,30-44
49.0,36.448147,-12.55185317993164,12.55185317993164,45-59
26.0,29.862062,3.862062454223633,3.862062454223633,18-29
18.0,23.461185,5.461185455322266,5.461185455322266,18-29
63.0,55.10222,-7.8977813720703125,7.8977813720703125,60-74
51.0,36.295345,-14.704654693603516,14.704654693603516,45-59
58.0,59.286686,1.2866859436035156,1.2866859436035156,45-59
33.0,32.267677,-0.7323226928710938,0.7323226928710938,30-44
31.0,43.321922,12.321922302246094,12.321922302246094,30-44
74.0,66.693245,-7.306755065917969,7.306755065917969,60-74
12.0,11.3448715,-0.6551284790039062,0.6551284790039062,0-17
26.0,26.934992,0.9349918365478516,0.9349918365478516,18-29
64.0,47.47293,-16.527069091796875,16.527069091796875,60-74
50.0,51.266994,1.2669944763183594,1.2669944763183594,45-59
55.0,45.83032,-9.169681549072266,9.169681549072266,45-59
75.0,59.371735,-15.628265380859375,15.628265380859375,75+
43.0,41.55611,-1.4438896179199219,1.4438896179199219,30-44
73.0,61.219875,-11.78012466430664,11.78012466430664,60-74
45.0,43.23385,-1.7661514282226562,1.7661514282226562,45-59
33.0,60.824352,27.824352264404297,27.824352264404297,30-44
37.0,33.892822,-3.107177734375,3.107177734375,30-44
74.0,59.831455,-14.16854476928711,14.16854476928711,60-74
31.0,36.713596,5.713596343994141,5.713596343994141,30-44
18.0,24.683533,6.68353271484375,6.68353271484375,18-29
82.0,75.93787,-6.0621337890625,6.0621337890625,75+
48.0,59.33339,11.333389282226562,11.333389282226562,45-59
48.0,50.174862,2.1748619079589844,2.1748619079589844,45-59
12.0,10.438145,-1.5618553161621094,1.5618553161621094,0-17
43.0,52.201015,9.20101547241211,9.20101547241211,30-44
26.0,30.748798,4.748798370361328,4.748798370361328,18-29
78.0,68.40445,-9.595550537109375,9.595550537109375,75+
38.0,34.20795,-3.7920494079589844,3.7920494079589844,30-44
44.0,62.582737,18.58273696899414,18.58273696899414,30-44
72.0,66.55586,-5.4441375732421875,5.4441375732421875,60-74
69.0,71.24066,2.24066162109375,2.24066162109375,60-74
29.0,47.010048,18.010047912597656,18.010047912597656,18-29
70.0,67.79522,-2.2047805786132812,2.2047805786132812,60-74
15.0,15.799411,0.7994108200073242,0.7994108200073242,0-17
32.0,39.62957,7.629570007324219,7.629570007324219,30-44
30.0,62.30475,32.30474853515625,32.30474853515625,30-44
32.0,31.38643,-0.6135692596435547,0.6135692596435547,30-44
51.0,49.00753,-1.9924697875976562,1.9924697875976562,45-59
37.0,34.924522,-2.0754776000976562,2.0754776000976562,30-44
26.0,25.615473,-0.38452720642089844,0.38452720642089844,18-29
15.0,20.938595,5.938594818115234,5.938594818115234,0-17
50.0,47.068283,-2.9317169189453125,2.9317169189453125,45-59
16.0,11.664326,-4.335674285888672,4.335674285888672,0-17
12.0,13.023183,1.0231828689575195,1.0231828689575195,0-17
18.0,21.41953,3.4195308685302734,3.4195308685302734,18-29
23.0,35.13603,12.136028289794922,12.136028289794922,18-29
37.0,41.193054,4.19305419921875,4.19305419921875,30-44
55.0,43.202007,-11.797992706298828,11.797992706298828,45-59
16.0,15.227899,-0.7721014022827148,0.7721014022827148,0-17
70.0,43.425556,-26.574443817138672,26.574443817138672,60-74
70.0,68.317566,-1.68243408203125,1.68243408203125,60-74
35.0,42.481297,7.481296539306641,7.481296539306641,30-44
38.0,52.166832,14.166831970214844,14.166831970214844,30-44
24.0,40.556236,16.556236267089844,16.556236267089844,18-29
58.0,51.950356,-6.049644470214844,6.049644470214844,45-59
65.0,65.89817,0.8981704711914062,0.8981704711914062,60-74
51.0,50.533024,-0.4669761657714844,0.4669761657714844,45-59
37.0,32.6142,-4.385799407958984,4.385799407958984,30-44
69.0,61.038387,-7.961612701416016,7.961612701416016,60-74
52.0,54.227036,2.2270355224609375,2.2270355224609375,45-59
77.0,43.795246,-33.20475387573242,33.20475387573242,75+
15.0,15.015759,0.01575946807861328,0.01575946807861328,0-17
55.0,51.216812,-3.7831878662109375,3.7831878662109375,45-59
34.0,30.020487,-3.979513168334961,3.979513168334961,30-44
44.0,57.137577,13.137577056884766,13.137577056884766,30-44
18.0,29.327024,11.327024459838867,11.327024459838867,18-29
23.0,22.668833,-0.33116722106933594,0.33116722106933594,18-29
19.0,49.758495,30.758495330810547,30.758495330810547,18-29
15.0,16.412365,1.4123649597167969,1.4123649597167969,0-17
17.0,43.031254,26.031253814697266,26.031253814697266,0-17
63.0,60.500774,-2.499225616455078,2.499225616455078,60-74
52.0,70.227715,18.22771453857422,18.22771453857422,45-59
44.0,50.672344,6.672344207763672,6.672344207763672,30-44
23.0,32.28995,9.28995132446289,9.28995132446289,18-29
48.0,57.941235,9.941234588623047,9.941234588623047,45-59
59.0,58.388996,-0.6110038757324219,0.6110038757324219,45-59
61.0,50.298332,-10.701667785644531,10.701667785644531,60-74
19.0,32.96451,13.96451187133789,13.96451187133789,18-29
76.0,74.544464,-1.455535888671875,1.455535888671875,75+
40.0,29.639101,-10.360898971557617,10.360898971557617,30-44
37.0,36.332397,-0.6676025390625,0.6676025390625,30-44
69.0,69.38995,0.38995361328125,0.38995361328125,60-74
65.0,67.22764,2.2276382446289062,2.2276382446289062,60-74
67.0,72.54176,5.5417633056640625,5.5417633056640625,60-74
15.0,19.16882,4.168819427490234,4.168819427490234,0-17
33.0,46.882435,13.882434844970703,13.882434844970703,30-44
56.0,56.277588,0.277587890625,0.277587890625,45-59
71.0,70.77626,-0.2237396240234375,0.2237396240234375,60-74
48.0,48.91732,0.9173202514648438,0.9173202514648438,45-59
70.0,50.92787,-19.072128295898438,19.072128295898438,60-74
14.0,23.500803,9.500802993774414,9.500802993774414,0-17
18.0,33.28492,15.284919738769531,15.284919738769531,18-29
72.0,41.643177,-30.356822967529297,30.356822967529297,60-74
57.0,55.81155,-1.1884498596191406,1.1884498596191406,45-59
62.0,53.89632,-8.103679656982422,8.103679656982422,60-74
28.0,41.415073,13.41507339477539,13.41507339477539,18-29
17.0,28.28959,11.289590835571289,11.289590835571289,0-17
17.0,17.912823,0.9128227233886719,0.9128227233886719,0-17
53.0,62.581856,9.581855773925781,9.581855773925781,45-59
79.0,62.9071,-16.092899322509766,16.092899322509766,75+
29.0,39.78627,10.786270141601562,10.786270141601562,18-29
72.0,62.990032,-9.009967803955078,9.009967803955078,60-74
60.0,60.45546,0.4554595947265625,0.4554595947265625,60-74
18.0,26.525072,8.52507209777832,8.52507209777832,18-29
39.0,37.000225,-1.9997749328613281,1.9997749328613281,30-44
42.0,38.589443,-3.4105567932128906,3.4105567932128906,30-44
49.0,52.995117,3.9951171875,3.9951171875,45-59
45.0,43.663593,-1.3364067077636719,1.3364067077636719,45-59
19.0,34.400204,15.400203704833984,15.400203704833984,18-29
16.0,23.345411,7.34541130065918,7.34541130065918,0-17
12.0,12.183516,0.1835155487060547,0.1835155487060547,0-17
48.0,56.650196,8.650196075439453,8.650196075439453,45-59
72.0,61.810375,-10.189624786376953,10.189624786376953,60-74
40.0,37.280315,-2.719684600830078,2.719684600830078,30-44
78.0,64.71348,-13.286521911621094,13.286521911621094,75+
57.0,57.13261,0.13261032104492188,0.13261032104492188,45-59
59.0,58.730824,-0.2691764831542969,0.2691764831542969,45-59
42.0,40.19825,-1.8017501831054688,1.8017501831054688,30-44
23.0,38.550404,15.550403594970703,15.550403594970703,18-29
34.0,44.527885,10.527885437011719,10.527885437011719,30-44
17.0,22.10846,5.10845947265625,5.10845947265625,0-17
57.0,62.033833,5.033832550048828,5.033832550048828,45-59
69.0,70.58442,1.5844192504882812,1.5844192504882812,60-74
65.0,56.538433,-8.461566925048828,8.461566925048828,60-74
25.0,28.104988,3.1049880981445312,3.1049880981445312,18-29
17.0,16.557066,-0.4429340362548828,0.4429340362548828,0-17
42.0,51.588524,9.588523864746094,9.588523864746094,30-44
17.0,28.315569,11.315568923950195,11.315568923950195,0-17
28.0,34.58316,6.583160400390625,6.583160400390625,18-29
74.0,61.740982,-12.259017944335938,12.259017944335938,60-74
74.0,71.97226,-2.027740478515625,2.027740478515625,60-74
16.0,28.068441,12.068441390991211,12.068441390991211,0-17
46.0,46.612812,0.6128120422363281,0.6128120422363281,45-59
76.0,54.561768,-21.438232421875,21.438232421875,75+
14.0,12.969596,-1.0304040908813477,1.0304040908813477,0-17
31.0,31.28018,0.2801799774169922,0.2801799774169922,30-44
27.0,49.8445,22.844501495361328,22.844501495361328,18-29
14.0,44.165066,30.16506576538086,30.16506576538086,0-17
75.0,68.67033,-6.329673767089844,6.329673767089844,75+
14.0,10.066298,-3.9337024688720703,3.9337024688720703,0-17
25.0,23.930298,-1.0697021484375,1.0697021484375,18-29
70.0,65.18897,-4.811027526855469,4.811027526855469,60-74
64.0,54.68139,-9.318611145019531,9.318611145019531,60-74
41.0,56.22507,15.22507095336914,15.22507095336914,30-44
19.0,29.20954,10.209539413452148,10.209539413452148,18-29
66.0,64.792206,-1.207794189453125,1.207794189453125,60-74
18.0,28.423292,10.42329216003418,10.42329216003418,18-29
69.0,59.502903,-9.49709701538086,9.49709701538086,60-74
41.0,36.85493,-4.145069122314453,4.145069122314453,30-44
25.0,51.236393,26.236392974853516,26.236392974853516,18-29
15.0,18.99769,3.997690200805664,3.997690200805664,0-17
39.0,36.935307,-2.0646934509277344,2.0646934509277344,30-44
14.0,13.661111,-0.33888912200927734,0.33888912200927734,0-17
46.0,65.19865,19.198646545410156,19.198646545410156,45-59
36.0,29.224789,-6.775211334228516,6.775211334228516,30-44
30.0,39.806812,9.806812286376953,9.806812286376953,30-44
15.0,40.550396,25.550395965576172,25.550395965576172,0-17
38.0,22.306326,-15.693674087524414,15.693674087524414,30-44
46.0,51.037777,5.037776947021484,5.037776947021484,45-59
62.0,49.294296,-12.705703735351562,12.705703735351562,60-74
18.0,24.458164,6.458164215087891,6.458164215087891,18-29
62.0,67.09167,5.091667175292969,5.091667175292969,60-74
37.0,39.496567,2.4965667724609375,2.4965667724609375,30-44
49.0,79.66962,30.66961669921875,30.66961669921875,45-59
46.0,37.56077,-8.439231872558594,8.439231872558594,45-59
25.0,21.750353,-3.2496471405029297,3.2496471405029297,18-29
79.0,52.986565,-26.01343536376953,26.01343536376953,75+
85.0,42.705017,-42.29498291015625,42.29498291015625,75+
25.0,51.236393,26.236392974853516,26.236392974853516,18-29
57.0,53.00282,-3.997180938720703,3.997180938720703,45-59
42.0,39.363632,-2.6363677978515625,2.6363677978515625,30-44
13.0,21.358625,8.358625411987305,8.358625411987305,0-17
60.0,60.31428,0.3142814636230469,0.3142814636230469,60-74
68.0,53.018803,-14.981197357177734,14.981197357177734,60-74
33.0,30.022041,-2.9779586791992188,2.9779586791992188,30-44
62.0,59.483166,-2.516834259033203,2.516834259033203,60-74
56.0,52.30529,-3.6947097778320312,3.6947097778320312,45-59
76.0,57.36371,-18.63629150390625,18.63629150390625,75+
70.0,66.95328,-3.046722412109375,3.046722412109375,60-74
65.0,40.917953,-24.082046508789062,24.082046508789062,60-74
64.0,46.768963,-17.231037139892578,17.231037139892578,60-74
71.0,67.14246,-3.8575363159179688,3.8575363159179688,60-74
23.0,44.70893,21.70893096923828,21.70893096923828,18-29
51.0,49.309727,-1.6902732849121094,1.6902732849121094,45-59
12.0,10.117469,-1.8825311660766602,1.8825311660766602,0-17
53.0,52.76073,-0.23926925659179688,0.23926925659179688,45-59
66.0,51.99086,-14.009140014648438,14.009140014648438,60-74
32.0,24.134491,-7.865509033203125,7.865509033203125,30-44
13.0,12.486833,-0.5131673812866211,0.5131673812866211,0-17
16.0,26.309418,10.309417724609375,10.309417724609375,0-17
66.0,43.918423,-22.08157730102539,22.08157730102539,60-74
66.0,55.863697,-10.136302947998047,10.136302947998047,60-74
40.0,31.237877,-8.762123107910156,8.762123107910156,30-44
16.0,21.671515,5.671514511108398,5.671514511108398,0-17
53.0,55.097027,2.097026824951172,2.097026824951172,45-59
72.0,57.172554,-14.827445983886719,14.827445983886719,60-74
18.0,26.74115,8.74114990234375,8.74114990234375,18-29
48.0,36.30335,-11.696651458740234,11.696651458740234,45-59
65.0,66.02302,1.0230178833007812,1.0230178833007812,60-74
31.0,22.73366,-8.266340255737305,8.266340255737305,30-44
15.0,13.05911,-1.9408903121948242,1.9408903121948242,0-17
34.0,45.51142,11.511421203613281,11.511421203613281,30-44
74.0,48.625942,-25.37405776977539,25.37405776977539,60-74
41.0,33.238472,-7.761528015136719,7.761528015136719,30-44
23.0,34.47686,11.476860046386719,11.476860046386719,18-29
65.0,60.645924,-4.354076385498047,4.354076385498047,60-74
19.0,23.35584,4.355840682983398,4.355840682983398,18-29
21.0,23.795233,2.7952327728271484,2.7952327728271484,18-29
28.0,35.85499,7.854988098144531,7.854988098144531,18-29
24.0,25.606977,1.6069774627685547,1.6069774627685547,18-29
53.0,54.38845,1.3884506225585938,1.3884506225585938,45-59
23.0,35.02575,12.025749206542969,12.025749206542969,18-29
43.0,42.688595,-0.3114051818847656,0.3114051818847656,30-44
19.0,21.281792,2.2817916870117188,2.2817916870117188,18-29
76.0,42.402534,-33.59746551513672,33.59746551513672,75+
43.0,45.668266,2.6682662963867188,2.6682662963867188,30-44
43.0,50.521397,7.521396636962891,7.521396636962891,30-44
50.0,50.839012,0.8390121459960938,0.8390121459960938,45-59
77.0,57.327732,-19.67226791381836,19.67226791381836,75+
22.0,29.97711,7.977109909057617,7.977109909057617,18-29
72.0,68.85592,-3.1440811157226562,3.1440811157226562,60-74
56.0,49.258495,-6.741504669189453,6.741504669189453,45-59
70.0,66.14228,-3.8577194213867188,3.8577194213867188,60-74
85.0,70.24638,-14.753616333007812,14.753616333007812,75+
19.0,29.199934,10.199934005737305,10.199934005737305,18-29
81.0,65.063614,-15.936386108398438,15.936386108398438,75+
19.0,17.956545,-1.0434551239013672,1.0434551239013672,18-29
47.0,53.291588,6.291587829589844,6.291587829589844,45-59
42.0,42.81775,0.8177490234375,0.8177490234375,30-44
38.0,55.85565,17.85565185546875,17.85565185546875,30-44
54.0,57.80781,3.807811737060547,3.807811737060547,45-59
65.0,68.88454,3.8845367431640625,3.8845367431640625,60-74
68.0,53.834274,-14.165725708007812,14.165725708007812,60-74
23.0,31.445276,8.445276260375977,8.445276260375977,18-29
35.0,45.691845,10.691844940185547,10.691844940185547,30-44
58.0,67.10399,9.103988647460938,9.103988647460938,45-59
32.0,38.355145,6.355144500732422,6.355144500732422,30-44
50.0,53.38046,3.3804588317871094,3.3804588317871094,45-59
25.0,25.463058,0.4630584716796875,0.4630584716796875,18-29
19.0,19.98557,0.9855709075927734,0.9855709075927734,18-29
79.0,76.72808,-2.2719192504882812,2.2719192504882812,75+
51.0,51.244812,0.24481201171875,0.24481201171875,45-59
20.0,22.556978,2.556978225708008,2.556978225708008,18-29
45.0,57.432457,12.432456970214844,12.432456970214844,45-59
75.0,55.81179,-19.188209533691406,19.188209533691406,75+
34.0,36.328033,2.328033447265625,2.328033447265625,30-44
66.0,65.254486,-0.745513916015625,0.745513916015625,60-74
16.0,14.110636,-1.889364242553711,1.889364242553711,0-17
70.0,71.084625,1.084625244140625,1.084625244140625,60-74
55.0,43.357464,-11.642536163330078,11.642536163330078,45-59
16.0,14.338132,-1.6618680953979492,1.6618680953979492,0-17
40.0,38.616245,-1.3837547302246094,1.3837547302246094,30-44
57.0,47.358475,-9.641525268554688,9.641525268554688,45-59
60.0,47.392124,-12.60787582397461,12.60787582397461,60-74
12.0,12.497826,0.49782562255859375,0.49782562255859375,0-17
14.0,12.645245,-1.3547554016113281,1.3547554016113281,0-17
26.0,43.804874,17.804874420166016,17.804874420166016,18-29
39.0,21.066013,-17.93398666381836,17.93398666381836,30-44
22.0,44.621872,22.621871948242188,22.621871948242188,18-29
23.0,26.562113,3.562112808227539,3.562112808227539,18-29
50.0,48.595673,-1.404327392578125,1.404327392578125,45-59
29.0,33.051933,4.051933288574219,4.051933288574219,18-29
17.0,14.940478,-2.0595216751098633,2.0595216751098633,0-17
15.0,21.571802,6.571802139282227,6.571802139282227,0-17
46.0,41.024967,-4.975032806396484,4.975032806396484,45-59
22.0,25.258274,3.2582740783691406,3.2582740783691406,18-29
56.0,62.67163,6.671630859375,6.671630859375,45-59
31.0,27.64502,-3.35498046875,3.35498046875,30-44
75.0,73.96141,-1.0385894775390625,1.0385894775390625,75+
22.0,14.064309,-7.935690879821777,7.935690879821777,18-29
69.0,56.761257,-12.23874282836914,12.23874282836914,60-74
20.0,26.939066,6.939065933227539,6.939065933227539,18-29
51.0,31.487425,-19.512575149536133,19.512575149536133,45-59
34.0,34.73799,0.7379913330078125,0.7379913330078125,30-44
35.0,49.367943,14.367942810058594,14.367942810058594,30-44
73.0,69.63874,-3.3612594604492188,3.3612594604492188,60-74
52.0,53.18891,1.1889114379882812,1.1889114379882812,45-59
16.0,34.3941,18.394100189208984,18.394100189208984,0-17
74.0,62.394516,-11.605484008789062,11.605484008789062,60-74
50.0,60.582867,10.582866668701172,10.582866668701172,45-59
40.0,52.701603,12.701602935791016,12.701602935791016,30-44
15.0,18.016727,3.0167274475097656,3.0167274475097656,0-17
37.0,39.953587,2.9535865783691406,2.9535865783691406,30-44
39.0,59.136993,20.136993408203125,20.136993408203125,30-44
27.0,41.75619,14.75619125366211,14.75619125366211,18-29
37.0,37.3446,0.3446006774902344,0.3446006774902344,30-44
46.0,48.314053,2.3140525817871094,2.3140525817871094,45-59
62.0,28.728512,-33.271488189697266,33.271488189697266,60-74
35.0,48.936462,13.93646240234375,13.93646240234375,30-44
33.0,44.4239,11.423900604248047,11.423900604248047,30-44
68.0,65.84411,-2.1558914184570312,2.1558914184570312,60-74
28.0,46.349903,18.349903106689453,18.349903106689453,18-29
27.0,23.08327,-3.9167308807373047,3.9167308807373047,18-29
48.0,37.28882,-10.711181640625,10.711181640625,45-59
31.0,35.807415,4.807415008544922,4.807415008544922,30-44
28.0,30.863014,2.8630142211914062,2.8630142211914062,18-29
27.0,41.22093,14.220928192138672,14.220928192138672,18-29
38.0,50.525455,12.525455474853516,12.525455474853516,30-44
70.0,66.25651,-3.7434921264648438,3.7434921264648438,60-74
27.0,25.428022,-1.5719776153564453,1.5719776153564453,18-29
31.0,49.065086,18.065086364746094,18.065086364746094,30-44
20.0,26.168253,6.168252944946289,6.168252944946289,18-29
59.0,50.011242,-8.988758087158203,8.988758087158203,45-59
41.0,40.412495,-0.5875053405761719,0.5875053405761719,30-44
53.0,56.2644,3.2644004821777344,3.2644004821777344,45-59
42.0,44.84572,2.8457183837890625,2.8457183837890625,30-44
43.0,30.201748,-12.79825210571289,12.79825210571289,30-44
14.0,19.78572,5.7857208251953125,5.7857208251953125,0-17
34.0,32.759266,-1.2407341003417969,1.2407341003417969,30-44
55.0,56.972183,1.9721832275390625,1.9721832275390625,45-59
45.0,31.45369,-13.546310424804688,13.546310424804688,45-59
55.0,43.647278,-11.35272216796875,11.35272216796875,45-59
65.0,57.486656,-7.513343811035156,7.513343811035156,60-74
54.0,55.420307,1.4203071594238281,1.4203071594238281,45-59
46.0,45.17475,-0.8252487182617188,0.8252487182617188,45-59
37.0,30.268106,-6.731893539428711,6.731893539428711,30-44
32.0,29.159008,-2.840991973876953,2.840991973876953,30-44
29.0,48.467823,19.467823028564453,19.467823028564453,18-29
31.0,37.239616,6.239616394042969,6.239616394042969,30-44
47.0,48.340534,1.3405342102050781,1.3405342102050781,45-59
14.0,25.445717,11.445716857910156,11.445716857910156,0-17
65.0,57.21742,-7.782581329345703,7.782581329345703,60-74
16.0,31.049019,15.049018859863281,15.049018859863281,0-17
66.0,42.0745,-23.925498962402344,23.925498962402344,60-74
67.0,50.652008,-16.347991943359375,16.347991943359375,60-74
30.0,27.534058,-2.4659423828125,2.4659423828125,30-44
66.0,64.2838,-1.7162017822265625,1.7162017822265625,60-74
51.0,51.704037,0.7040367126464844,0.7040367126464844,45-59
14.0,42.016933,28.01693344116211,28.01693344116211,0-17
72.0,56.73005,-15.269950866699219,15.269950866699219,60-74
40.0,38.032185,-1.9678153991699219,1.9678153991699219,30-44
64.0,54.424545,-9.575454711914062,9.575454711914062,60-74
58.0,56.10587,-1.8941307067871094,1.8941307067871094,45-59
53.0,65.1223,12.122299194335938,12.122299194335938,45-59
13.0,15.684357,2.684356689453125,2.684356689453125,0-17
14.0,16.050303,2.050302505493164,2.050302505493164,0-17
40.0,39.923904,-0.0760955810546875,0.0760955810546875,30-44
64.0,54.68139,-9.318611145019531,9.318611145019531,60-74
61.0,45.98286,-15.017139434814453,15.017139434814453,60-74
14.0,27.684717,13.684717178344727,13.684717178344727,0-17
71.0,69.738335,-1.2616653442382812,1.2616653442382812,60-74
42.0,48.00502,6.0050201416015625,6.0050201416015625,30-44
37.0,30.943716,-6.056283950805664,6.056283950805664,30-44
70.0,50.344223,-19.655776977539062,19.655776977539062,60-74
22.0,47.106228,25.10622787475586,25.10622787475586,18-29
67.0,53.268337,-13.73166275024414,13.73166275024414,60-74
15.0,19.836853,4.83685302734375,4.83685302734375,0-17
37.0,40.355022,3.355022430419922,3.355022430419922,30-44
56.0,59.34437,3.344371795654297,3.344371795654297,45-59
18.0,21.352333,3.3523330688476562,3.3523330688476562,18-29
12.0,10.55969,-1.4403095245361328,1.4403095245361328,0-17
15.0,16.73317,1.7331695556640625,1.7331695556640625,0-17
63.0,24.85332,-38.14668083190918,38.14668083190918,60-74
59.0,71.94117,12.941169738769531,12.941169738769531,45-59
18.0,21.47678,3.4767799377441406,3.4767799377441406,18-29
39.0,47.41165,8.411651611328125,8.411651611328125,30-44
50.0,58.24377,8.243770599365234,8.243770599365234,45-59
17.0,29.754242,12.754241943359375,12.754241943359375,0-17
34.0,50.196594,16.19659423828125,16.19659423828125,30-44
32.0,41.847103,9.847103118896484,9.847103118896484,30-44
12.0,10.352356,-1.64764404296875,1.64764404296875,0-17
69.0,65.62587,-3.3741302490234375,3.3741302490234375,60-74
74.0,57.263847,-16.73615264892578,16.73615264892578,60-74
46.0,51.339615,5.3396148681640625,5.3396148681640625,45-59
64.0,36.210827,-27.789173126220703,27.789173126220703,60-74
40.0,40.152817,0.1528167724609375,0.1528167724609375,30-44
69.0,71.72547,2.7254714965820312,2.7254714965820312,60-74
63.0,61.16904,-1.8309593200683594,1.8309593200683594,60-74
37.0,41.510376,4.5103759765625,4.5103759765625,30-44
37.0,45.382748,8.382747650146484,8.382747650146484,30-44
71.0,71.2443,0.24430084228515625,0.24430084228515625,60-74
14.0,42.016933,28.01693344116211,28.01693344116211,0-17
15.0,19.118517,4.11851692199707,4.11851692199707,0-17
32.0,30.797453,-1.2025470733642578,1.2025470733642578,30-44
16.0,47.442486,31.442485809326172,31.442485809326172,0-17
41.0,39.576164,-1.4238357543945312,1.4238357543945312,30-44
71.0,49.700382,-21.299617767333984,21.299617767333984,60-74
62.0,57.671104,-4.328895568847656,4.328895568847656,60-74
49.0,48.524708,-0.4752922058105469,0.4752922058105469,45-59
48.0,37.620346,-10.379653930664062,10.379653930664062,45-59
61.0,48.226486,-12.773513793945312,12.773513793945312,60-74
49.0,31.308899,-17.69110107421875,17.69110107421875,45-59
18.0,24.198326,6.198326110839844,6.198326110839844,18-29
28.0,23.993952,-4.006048202514648,4.006048202514648,18-29
39.0,34.6801,-4.3199005126953125,4.3199005126953125,30-44
38.0,53.95223,15.952228546142578,15.952228546142578,30-44
13.0,26.347704,13.34770393371582,13.34770393371582,0-17
40.0,55.907867,15.907867431640625,15.907867431640625,30-44
79.0,63.13834,-15.86166000366211,15.86166000366211,75+
84.0,58.60694,-25.39305877685547,25.39305877685547,75+
60.0,58.18849,-1.8115081787109375,1.8115081787109375,60-74
62.0,63.18674,1.1867408752441406,1.1867408752441406,60-74
30.0,33.155823,3.15582275390625,3.15582275390625,30-44
49.0,53.07316,4.073158264160156,4.073158264160156,45-59
14.0,12.171552,-1.8284482955932617,1.8284482955932617,0-17
34.0,38.222755,4.222755432128906,4.222755432128906,30-44
56.0,59.067055,3.0670547485351562,3.0670547485351562,45-59
36.0,28.182316,-7.817684173583984,7.817684173583984,30-44
